candidate,replicate,linear_max,nonlinear_max,combined_max
rff24,1,0.1355985604283644,0.018305328483095906,0.1355985604283644
rff64,1,0.1355985604283644,0.014473014133981523,0.1355985604283644
rff128,1,0.1355985604283644,0.01652123274927296,0.1355985604283644
ensemble4x32,1,0.1355985604283644,0.015254112950095504,0.1355985604283644
rff24,2,0.14689126865560864,0.01891912353423845,0.14689126865560864
rff64,2,0.14689126865560864,0.017579821251331215,0.14689126865560864
rff128,2,0.14689126865560864,0.017129816652326216,0.14689126865560864
ensemble4x32,2,0.14689126865560864,0.01602055012851802,0.14689126865560864
rff24,3,0.1149242032520224,0.013541820837760322,0.1149242032520224
rff64,3,0.1149242032520224,0.011866928058201122,0.1149242032520224
rff128,3,0.1149242032520224,0.011706714229761418,0.1149242032520224
ensemble4x32,3,0.1149242032520224,0.010421196306862737,0.1149242032520224
rff24,4,0.1272887577356937,0.014447612945501849,0.1272887577356937
rff64,4,0.1272887577356937,0.013862538004068318,0.1272887577356937
rff128,4,0.1272887577356937,0.014607817054984967,0.1272887577356937
ensemble4x32,4,0.1272887577356937,0.013188525648719099,0.1272887577356937
rff24,5,0.10608742457545937,0.010898980807751979,0.10608742457545937
rff64,5,0.10608742457545937,0.010525094328232341,0.10608742457545937
rff128,5,0.10608742457545937,0.011515754116105106,0.10608742457545937
ensemble4x32,5,0.10608742457545937,0.011249689119222894,0.10608742457545937
rff24,6,0.1333523076745083,0.015106096404028513,0.1333523076745083
rff64,6,0.1333523076745083,0.012292936987312198,0.1333523076745083
rff128,6,0.1333523076745083,0.011548370906146072,0.1333523076745083
ensemble4x32,6,0.1333523076745083,0.011577616887849404,0.1333523076745083
rff24,7,0.12516409439576737,0.016326116590139512,0.12516409439576737
rff64,7,0.12516409439576737,0.015096083478906085,0.12516409439576737
rff128,7,0.12516409439576737,0.015329460629103715,0.12516409439576737
ensemble4x32,7,0.12516409439576737,0.01485991380487013,0.12516409439576737
rff24,8,0.127885514145616,0.011432159454472603,0.127885514145616
rff64,8,0.127885514145616,0.01227868784391355,0.127885514145616
rff128,8,0.127885514145616,0.011698334013619348,0.127885514145616
ensemble4x32,8,0.127885514145616,0.010812785051447973,0.127885514145616
rff24,9,0.11989214292556505,0.020551572919346853,0.11989214292556505
rff64,9,0.11989214292556505,0.019670477743845876,0.11989214292556505
rff128,9,0.11989214292556505,0.01990786383901573,0.11989214292556505
ensemble4x32,9,0.11989214292556505,0.018558780691961027,0.11989214292556505
rff24,10,0.15389680139829334,0.02042086701857816,0.15389680139829334
rff64,10,0.15389680139829334,0.019437535951789604,0.15389680139829334
rff128,10,0.15389680139829334,0.0223030644333679,0.15389680139829334
ensemble4x32,10,0.15389680139829334,0.018403707599768226,0.15389680139829334
rff24,11,0.12931296539655487,0.01274048409907358,0.12931296539655487
rff64,11,0.12931296539655487,0.015136556019455424,0.12931296539655487
rff128,11,0.12931296539655487,0.012968038820585549,0.12931296539655487
ensemble4x32,11,0.12931296539655487,0.013662640562148495,0.12931296539655487
rff24,12,0.1218066776967412,0.021148794980668673,0.1218066776967412
rff64,12,0.1218066776967412,0.016945242371705724,0.1218066776967412
rff128,12,0.1218066776967412,0.019872960538529813,0.1218066776967412
ensemble4x32,12,0.1218066776967412,0.01638864346850969,0.1218066776967412
rff24,13,0.12293057176467627,0.014531197728891797,0.12293057176467627
rff64,13,0.12293057176467627,0.016087280761186883,0.12293057176467627
rff128,13,0.12293057176467627,0.013754407092348025,0.12293057176467627
ensemble4x32,13,0.12293057176467627,0.013596197020183096,0.12293057176467627
rff24,14,0.10948628950111741,0.011934405694390379,0.10948628950111741
rff64,14,0.10948628950111741,0.014660966703986197,0.10948628950111741
rff128,14,0.10948628950111741,0.01829428720548491,0.10948628950111741
ensemble4x32,14,0.10948628950111741,0.012720285056455768,0.10948628950111741
rff24,15,0.12021620750721913,0.013552550127736634,0.12021620750721913
rff64,15,0.12021620750721913,0.013598446804780366,0.12021620750721913
rff128,15,0.12021620750721913,0.012792587012544727,0.12021620750721913
ensemble4x32,15,0.12021620750721913,0.013305917112604773,0.12021620750721913
rff24,16,0.12886249883551185,0.013189663659159684,0.12886249883551185
rff64,16,0.12886249883551185,0.012851448161573319,0.12886249883551185
rff128,16,0.12886249883551185,0.015870740814599944,0.12886249883551185
ensemble4x32,16,0.12886249883551185,0.011889150940290697,0.12886249883551185
rff24,17,0.1185980256555591,0.013131279834373987,0.1185980256555591
rff64,17,0.1185980256555591,0.013116330314842078,0.1185980256555591
rff128,17,0.1185980256555591,0.012816377748572267,0.1185980256555591
ensemble4x32,17,0.1185980256555591,0.012575561247347248,0.1185980256555591
rff24,18,0.16358560198351532,0.015488544628105524,0.16358560198351532
rff64,18,0.16358560198351532,0.015306132999405113,0.16358560198351532
rff128,18,0.16358560198351532,0.016211733319136022,0.16358560198351532
ensemble4x32,18,0.16358560198351532,0.0150598142021993,0.16358560198351532
rff24,19,0.12487223041781999,0.01639961684726439,0.12487223041781999
rff64,19,0.12487223041781999,0.017159888077986254,0.12487223041781999
rff128,19,0.12487223041781999,0.016176714034916596,0.12487223041781999
ensemble4x32,19,0.12487223041781999,0.01712526228404935,0.12487223041781999
rff24,20,0.1601587654851287,0.03660709833609119,0.1601587654851287
rff64,20,0.1601587654851287,0.03949835987695677,0.1601587654851287
rff128,20,0.1601587654851287,0.034406229311314575,0.1601587654851287
ensemble4x32,20,0.1601587654851287,0.041510645807887304,0.1601587654851287
rff24,21,0.14782502772660103,0.0122797466131167,0.14782502772660103
rff64,21,0.14782502772660103,0.01147130738967601,0.14782502772660103
rff128,21,0.14782502772660103,0.011074667726784546,0.14782502772660103
ensemble4x32,21,0.14782502772660103,0.010341811849359294,0.14782502772660103
rff24,22,0.12918269292123757,0.01603777487443591,0.12918269292123757
rff64,22,0.12918269292123757,0.018242278880583808,0.12918269292123757
rff128,22,0.12918269292123757,0.01856463190625008,0.12918269292123757
ensemble4x32,22,0.12918269292123757,0.015876343216700988,0.12918269292123757
rff24,23,0.17340140035987558,0.018660327390275677,0.17340140035987558
rff64,23,0.17340140035987558,0.01747192815654399,0.17340140035987558
rff128,23,0.17340140035987558,0.0166043071250679,0.17340140035987558
ensemble4x32,23,0.17340140035987558,0.015190166062144114,0.17340140035987558
rff24,24,0.09849750678839737,0.011663951752670328,0.09849750678839737
rff64,24,0.09849750678839737,0.010611538884239373,0.09849750678839737
rff128,24,0.09849750678839737,0.010658176287693086,0.09849750678839737
ensemble4x32,24,0.09849750678839737,0.009160210697729444,0.09849750678839737
rff24,25,0.11858375455767677,0.01765766834425992,0.11858375455767677
rff64,25,0.11858375455767677,0.01446908719832269,0.11858375455767677
rff128,25,0.11858375455767677,0.015569834995602065,0.11858375455767677
ensemble4x32,25,0.11858375455767677,0.015650096719765357,0.11858375455767677
rff24,26,0.16585224555163897,0.01857679155104235,0.16585224555163897
rff64,26,0.16585224555163897,0.01588174663481296,0.16585224555163897
rff128,26,0.16585224555163897,0.01921860873735393,0.16585224555163897
ensemble4x32,26,0.16585224555163897,0.015621873243799992,0.16585224555163897
rff24,27,0.1286591515337056,0.010175099945036938,0.1286591515337056
rff64,27,0.1286591515337056,0.016048365270298383,0.1286591515337056
rff128,27,0.1286591515337056,0.01292733119616709,0.1286591515337056
ensemble4x32,27,0.1286591515337056,0.011940293802281357,0.1286591515337056
rff24,28,0.15010913701172612,0.019171610205793,0.15010913701172612
rff64,28,0.15010913701172612,0.018268250201919963,0.15010913701172612
rff128,28,0.15010913701172612,0.019270642905907843,0.15010913701172612
ensemble4x32,28,0.15010913701172612,0.016270669831156593,0.15010913701172612
rff24,29,0.12196218814628941,0.016047428346160013,0.12196218814628941
rff64,29,0.12196218814628941,0.013945562857560208,0.12196218814628941
rff128,29,0.12196218814628941,0.015529798060418763,0.12196218814628941
ensemble4x32,29,0.12196218814628941,0.013068433034440958,0.12196218814628941
rff24,30,0.20977218840689482,0.03766791583250271,0.20977218840689482
rff64,30,0.20977218840689482,0.02838552894751702,0.20977218840689482
rff128,30,0.20977218840689482,0.0313569712298075,0.20977218840689482
ensemble4x32,30,0.20977218840689482,0.025689662796029765,0.20977218840689482
rff24,31,0.11970589953645419,0.01469676835400644,0.11970589953645419
rff64,31,0.11970589953645419,0.01591906547757845,0.11970589953645419
rff128,31,0.11970589953645419,0.01334085151852086,0.11970589953645419
ensemble4x32,31,0.11970589953645419,0.014475208556041229,0.11970589953645419
rff24,32,0.11793181206511298,0.020200213040096216,0.11793181206511298
rff64,32,0.11793181206511298,0.016892559405002255,0.11793181206511298
rff128,32,0.11793181206511298,0.01817034641859306,0.11793181206511298
ensemble4x32,32,0.11793181206511298,0.01581519030192923,0.11793181206511298
rff24,33,0.14833240564388075,0.017061749957119413,0.14833240564388075
rff64,33,0.14833240564388075,0.015597390685407534,0.14833240564388075
rff128,33,0.14833240564388075,0.015414707621826399,0.14833240564388075
ensemble4x32,33,0.14833240564388075,0.016202173341714688,0.14833240564388075
rff24,34,0.18547627926831642,0.022326401340997604,0.18547627926831642
rff64,34,0.18547627926831642,0.02190948977658639,0.18547627926831642
rff128,34,0.18547627926831642,0.02436404973105485,0.18547627926831642
ensemble4x32,34,0.18547627926831642,0.021940615153688663,0.18547627926831642
rff24,35,0.1310268599811919,0.023109319947526043,0.1310268599811919
rff64,35,0.1310268599811919,0.019912594188964947,0.1310268599811919
rff128,35,0.1310268599811919,0.021429104469017145,0.1310268599811919
ensemble4x32,35,0.1310268599811919,0.021958560595969838,0.1310268599811919
rff24,36,0.1186339906088748,0.018139752602831856,0.1186339906088748
rff64,36,0.1186339906088748,0.021224126751744475,0.1186339906088748
rff128,36,0.1186339906088748,0.01824024671053119,0.1186339906088748
ensemble4x32,36,0.1186339906088748,0.0160731223842541,0.1186339906088748
rff24,37,0.1340828336531651,0.011908081721265947,0.1340828336531651
rff64,37,0.1340828336531651,0.015784140783024033,0.1340828336531651
rff128,37,0.1340828336531651,0.014585059278978175,0.1340828336531651
ensemble4x32,37,0.1340828336531651,0.013596583213333253,0.1340828336531651
rff24,38,0.14022696787768427,0.02041598026786986,0.14022696787768427
rff64,38,0.14022696787768427,0.018525051747712306,0.14022696787768427
rff128,38,0.14022696787768427,0.01779610273035506,0.14022696787768427
ensemble4x32,38,0.14022696787768427,0.0164579023465244,0.14022696787768427
rff24,39,0.1326027508895759,0.0141922281095337,0.1326027508895759
rff64,39,0.1326027508895759,0.012774220757548164,0.1326027508895759
rff128,39,0.1326027508895759,0.012238383879490247,0.1326027508895759
ensemble4x32,39,0.1326027508895759,0.014106427807452393,0.1326027508895759
rff24,40,0.14598190708953412,0.014976072892303243,0.14598190708953412
rff64,40,0.14598190708953412,0.01454293328529025,0.14598190708953412
rff128,40,0.14598190708953412,0.01267108495155437,0.14598190708953412
ensemble4x32,40,0.14598190708953412,0.012311709314585983,0.14598190708953412
rff24,41,0.15629247509261157,0.01909083969406766,0.15629247509261157
rff64,41,0.15629247509261157,0.024434956462966593,0.15629247509261157
rff128,41,0.15629247509261157,0.017138478561913303,0.15629247509261157
ensemble4x32,41,0.15629247509261157,0.020009733478294215,0.15629247509261157
rff24,42,0.16960246601317405,0.014607150250932859,0.16960246601317405
rff64,42,0.16960246601317405,0.015506907711569609,0.16960246601317405
rff128,42,0.16960246601317405,0.015502158385955788,0.16960246601317405
ensemble4x32,42,0.16960246601317405,0.014343577400444282,0.16960246601317405
rff24,43,0.12319537204102128,0.01853034017243477,0.12319537204102128
rff64,43,0.12319537204102128,0.0185339957182026,0.12319537204102128
rff128,43,0.12319537204102128,0.02343184926912116,0.12319537204102128
ensemble4x32,43,0.12319537204102128,0.020188330398615395,0.12319537204102128
rff24,44,0.15411467067145856,0.019559795869874233,0.15411467067145856
rff64,44,0.15411467067145856,0.01925469500777423,0.15411467067145856
rff128,44,0.15411467067145856,0.020336768831296904,0.15411467067145856
ensemble4x32,44,0.15411467067145856,0.01926144644014338,0.15411467067145856
rff24,45,0.14057957224549678,0.0123391566228625,0.14057957224549678
rff64,45,0.14057957224549678,0.012808676017289999,0.14057957224549678
rff128,45,0.14057957224549678,0.01329138647307039,0.14057957224549678
ensemble4x32,45,0.14057957224549678,0.012351477831739918,0.14057957224549678
rff24,46,0.1165139807653076,0.017969335972036603,0.1165139807653076
rff64,46,0.1165139807653076,0.01616420051880803,0.1165139807653076
rff128,46,0.1165139807653076,0.017164177487478526,0.1165139807653076
ensemble4x32,46,0.1165139807653076,0.01475591987153774,0.1165139807653076
rff24,47,0.13075262952617964,0.014908664665546054,0.13075262952617964
rff64,47,0.13075262952617964,0.01910146340698085,0.13075262952617964
rff128,47,0.13075262952617964,0.01817298513192453,0.13075262952617964
ensemble4x32,47,0.13075262952617964,0.01596318489683341,0.13075262952617964
rff24,48,0.17781771788788026,0.02498914267418389,0.17781771788788026
rff64,48,0.17781771788788026,0.0247391093408865,0.17781771788788026
rff128,48,0.17781771788788026,0.0247700636134183,0.17781771788788026
ensemble4x32,48,0.17781771788788026,0.02526793562329636,0.17781771788788026
rff24,49,0.12900049897012802,0.014147208638070643,0.12900049897012802
rff64,49,0.12900049897012802,0.0180727351400005,0.12900049897012802
rff128,49,0.12900049897012802,0.01567829555341639,0.12900049897012802
ensemble4x32,49,0.12900049897012802,0.014481338340334824,0.12900049897012802
rff24,50,0.13350985315265043,0.016846992663145762,0.13350985315265043
rff64,50,0.13350985315265043,0.0157583077772218,0.13350985315265043
rff128,50,0.13350985315265043,0.016189451047578383,0.13350985315265043
ensemble4x32,50,0.13350985315265043,0.01722676479127449,0.13350985315265043
rff24,51,0.17941391048903477,0.02930769822734086,0.17941391048903477
rff64,51,0.17941391048903477,0.0227506991978089,0.17941391048903477
rff128,51,0.17941391048903477,0.024557908427527995,0.17941391048903477
ensemble4x32,51,0.17941391048903477,0.022636696490981024,0.17941391048903477
rff24,52,0.10051681566009768,0.013385285264480455,0.10051681566009768
rff64,52,0.10051681566009768,0.014548933359967445,0.10051681566009768
rff128,52,0.10051681566009768,0.0137494265436492,0.10051681566009768
ensemble4x32,52,0.10051681566009768,0.014224827924772013,0.10051681566009768
rff24,53,0.12149989705620276,0.013845291450922873,0.12149989705620276
rff64,53,0.12149989705620276,0.012171094671463826,0.12149989705620276
rff128,53,0.12149989705620276,0.014160367249293187,0.12149989705620276
ensemble4x32,53,0.12149989705620276,0.01517875189191403,0.12149989705620276
rff24,54,0.13440369965498272,0.021596688206352785,0.13440369965498272
rff64,54,0.13440369965498272,0.020080746126574955,0.13440369965498272
rff128,54,0.13440369965498272,0.01992953888346639,0.13440369965498272
ensemble4x32,54,0.13440369965498272,0.01869932595863148,0.13440369965498272
rff24,55,0.15359946742013644,0.01598114378683854,0.15359946742013644
rff64,55,0.15359946742013644,0.013650667859702209,0.15359946742013644
rff128,55,0.15359946742013644,0.014094267580470915,0.15359946742013644
ensemble4x32,55,0.15359946742013644,0.015133698220766535,0.15359946742013644
rff24,56,0.12577906792398894,0.015313576164824564,0.12577906792398894
rff64,56,0.12577906792398894,0.015299191567009242,0.12577906792398894
rff128,56,0.12577906792398894,0.015433723178970921,0.12577906792398894
ensemble4x32,56,0.12577906792398894,0.014775866313477057,0.12577906792398894
rff24,57,0.1684623862251223,0.013967636676444644,0.1684623862251223
rff64,57,0.1684623862251223,0.01254519134252746,0.1684623862251223
rff128,57,0.1684623862251223,0.015311532308363057,0.1684623862251223
ensemble4x32,57,0.1684623862251223,0.013397735520637678,0.1684623862251223
rff24,58,0.13206488555786566,0.016867255977025594,0.13206488555786566
rff64,58,0.13206488555786566,0.014888315361495454,0.13206488555786566
rff128,58,0.13206488555786566,0.015443305388314316,0.13206488555786566
ensemble4x32,58,0.13206488555786566,0.01356064108760292,0.13206488555786566
rff24,59,0.11782196492074418,0.019551025857430446,0.11782196492074418
rff64,59,0.11782196492074418,0.022078906206343903,0.11782196492074418
rff128,59,0.11782196492074418,0.02021327883644784,0.11782196492074418
ensemble4x32,59,0.11782196492074418,0.019019918935222518,0.11782196492074418
rff24,60,0.19005365606759045,0.024872033339051566,0.19005365606759045
rff64,60,0.19005365606759045,0.02978844669692705,0.19005365606759045
rff128,60,0.19005365606759045,0.022726326887612506,0.19005365606759045
ensemble4x32,60,0.19005365606759045,0.024112111048519104,0.19005365606759045
rff24,61,0.14142343786908176,0.018239025309470826,0.14142343786908176
rff64,61,0.14142343786908176,0.01827420208915097,0.14142343786908176
rff128,61,0.14142343786908176,0.01844016011039671,0.14142343786908176
ensemble4x32,61,0.14142343786908176,0.01558957073877703,0.14142343786908176
rff24,62,0.11542128913818935,0.01715013762388777,0.11542128913818935
rff64,62,0.11542128913818935,0.013393180067836952,0.11542128913818935
rff128,62,0.11542128913818935,0.01463931605322638,0.11542128913818935
ensemble4x32,62,0.11542128913818935,0.014197134765924522,0.11542128913818935
rff24,63,0.1293302256053434,0.011226943793223584,0.1293302256053434
rff64,63,0.1293302256053434,0.014860633599888717,0.1293302256053434
rff128,63,0.1293302256053434,0.012521527344239615,0.1293302256053434
ensemble4x32,63,0.1293302256053434,0.011463153011903312,0.1293302256053434
rff24,64,0.18697378640146076,0.024849248515813917,0.18697378640146076
rff64,64,0.18697378640146076,0.026884557682136587,0.18697378640146076
rff128,64,0.18697378640146076,0.0279100913693022,0.18697378640146076
ensemble4x32,64,0.18697378640146076,0.027109096026597126,0.18697378640146076
rff24,65,0.09851653240515745,0.022198241010597215,0.09851653240515745
rff64,65,0.09851653240515745,0.019203436555932606,0.09851653240515745
rff128,65,0.09851653240515745,0.019587396334799168,0.09851653240515745
ensemble4x32,65,0.09851653240515745,0.01621954660748507,0.09851653240515745
rff24,66,0.13480626921046812,0.014010635113732413,0.13480626921046812
rff64,66,0.13480626921046812,0.01380464591381114,0.13480626921046812
rff128,66,0.13480626921046812,0.014807563124463349,0.13480626921046812
ensemble4x32,66,0.13480626921046812,0.013643488833651848,0.13480626921046812
rff24,67,0.12737665302685394,0.021059291493839116,0.12737665302685394
rff64,67,0.12737665302685394,0.018612623603681166,0.12737665302685394
rff128,67,0.12737665302685394,0.0177050366499606,0.12737665302685394
ensemble4x32,67,0.12737665302685394,0.017185673920405493,0.12737665302685394
rff24,68,0.11544606963772537,0.0179694372961835,0.11544606963772537
rff64,68,0.11544606963772537,0.014771680320993246,0.11544606963772537
rff128,68,0.11544606963772537,0.017684388913742004,0.11544606963772537
ensemble4x32,68,0.11544606963772537,0.01491015592560271,0.11544606963772537
rff24,69,0.15751488222379995,0.02101578377143385,0.15751488222379995
rff64,69,0.15751488222379995,0.018945798468713557,0.15751488222379995
rff128,69,0.15751488222379995,0.021821989980141263,0.15751488222379995
ensemble4x32,69,0.15751488222379995,0.018375252011921996,0.15751488222379995
rff24,70,0.14576644413039408,0.01819823242894932,0.14576644413039408
rff64,70,0.14576644413039408,0.02267973000865369,0.14576644413039408
rff128,70,0.14576644413039408,0.019003015793117757,0.14576644413039408
ensemble4x32,70,0.14576644413039408,0.017931781519917783,0.14576644413039408
rff24,71,0.12731392916343678,0.011831311797137499,0.12731392916343678
rff64,71,0.12731392916343678,0.014085969132076905,0.12731392916343678
rff128,71,0.12731392916343678,0.01297358968761494,0.12731392916343678
ensemble4x32,71,0.12731392916343678,0.012177974854090591,0.12731392916343678
rff24,72,0.1273310299494602,0.012517434037849395,0.1273310299494602
rff64,72,0.1273310299494602,0.013316289395083676,0.1273310299494602
rff128,72,0.1273310299494602,0.01273679987130155,0.1273310299494602
ensemble4x32,72,0.1273310299494602,0.012703818161667274,0.1273310299494602
rff24,73,0.18120455938777755,0.02370756865378144,0.18120455938777755
rff64,73,0.18120455938777755,0.024731526600336964,0.18120455938777755
rff128,73,0.18120455938777755,0.025227883317677755,0.18120455938777755
ensemble4x32,73,0.18120455938777755,0.023075195878336653,0.18120455938777755
rff24,74,0.1419374998565298,0.014005211561633306,0.1419374998565298
rff64,74,0.1419374998565298,0.015058296680636114,0.1419374998565298
rff128,74,0.1419374998565298,0.015322104690708086,0.1419374998565298
ensemble4x32,74,0.1419374998565298,0.012551229463454416,0.1419374998565298
rff24,75,0.08361447135598368,0.012460872163107276,0.08361447135598368
rff64,75,0.08361447135598368,0.013550618739912673,0.08361447135598368
rff128,75,0.08361447135598368,0.013060006787453629,0.08361447135598368
ensemble4x32,75,0.08361447135598368,0.010901176267262638,0.08361447135598368
rff24,76,0.127466024508101,0.02488039897693137,0.127466024508101
rff64,76,0.127466024508101,0.024232519071911124,0.127466024508101
rff128,76,0.127466024508101,0.02446255714216367,0.127466024508101
ensemble4x32,76,0.127466024508101,0.02355132316663276,0.127466024508101
rff24,77,0.12924159893315854,0.017817282712999396,0.12924159893315854
rff64,77,0.12924159893315854,0.017415078190071105,0.12924159893315854
rff128,77,0.12924159893315854,0.0180068538617648,0.12924159893315854
ensemble4x32,77,0.12924159893315854,0.01696427585837722,0.12924159893315854
rff24,78,0.11827703918367204,0.013685185236265485,0.11827703918367204
rff64,78,0.11827703918367204,0.01202517026925629,0.11827703918367204
rff128,78,0.11827703918367204,0.013318550061615841,0.11827703918367204
ensemble4x32,78,0.11827703918367204,0.011603006685092988,0.11827703918367204
rff24,79,0.14773534412091352,0.014459957063201715,0.14773534412091352
rff64,79,0.14773534412091352,0.016169719900980966,0.14773534412091352
rff128,79,0.14773534412091352,0.013089403276757297,0.14773534412091352
ensemble4x32,79,0.14773534412091352,0.013053795346897773,0.14773534412091352
rff24,80,0.1498543515946745,0.017688348488278695,0.1498543515946745
rff64,80,0.1498543515946745,0.016360863527212787,0.1498543515946745
rff128,80,0.1498543515946745,0.019604326790280943,0.1498543515946745
ensemble4x32,80,0.1498543515946745,0.020425763701425965,0.1498543515946745
rff24,81,0.14364189573107344,0.02133349471189161,0.14364189573107344
rff64,81,0.14364189573107344,0.0170357481519709,0.14364189573107344
rff128,81,0.14364189573107344,0.019930129116683865,0.14364189573107344
ensemble4x32,81,0.14364189573107344,0.01760916882198857,0.14364189573107344
rff24,82,0.11918925946227836,0.01581647487809834,0.11918925946227836
rff64,82,0.11918925946227836,0.01653737585241905,0.11918925946227836
rff128,82,0.11918925946227836,0.015429126151426938,0.11918925946227836
ensemble4x32,82,0.11918925946227836,0.017414700473792472,0.11918925946227836
rff24,83,0.1356837530215569,0.022872564125567613,0.1356837530215569
rff64,83,0.1356837530215569,0.017918580258584636,0.1356837530215569
rff128,83,0.1356837530215569,0.017158641257560232,0.1356837530215569
ensemble4x32,83,0.1356837530215569,0.017886662710205933,0.1356837530215569
rff24,84,0.12527690960839033,0.011909794212947362,0.12527690960839033
rff64,84,0.12527690960839033,0.01134309192420061,0.12527690960839033
rff128,84,0.12527690960839033,0.011796122609890507,0.12527690960839033
ensemble4x32,84,0.12527690960839033,0.010594255075165303,0.12527690960839033
rff24,85,0.16875914053500246,0.017578796895064714,0.16875914053500246
rff64,85,0.16875914053500246,0.018942519542232056,0.16875914053500246
rff128,85,0.16875914053500246,0.017516781851963033,0.16875914053500246
ensemble4x32,85,0.16875914053500246,0.01838190796305096,0.16875914053500246
rff24,86,0.11205932790325913,0.012376483720240507,0.11205932790325913
rff64,86,0.11205932790325913,0.013362926961713973,0.11205932790325913
rff128,86,0.11205932790325913,0.010780989246921967,0.11205932790325913
ensemble4x32,86,0.11205932790325913,0.011966981817299289,0.11205932790325913
rff24,87,0.11846457600925016,0.022479720940133938,0.11846457600925016
rff64,87,0.11846457600925016,0.021591289296762194,0.11846457600925016
rff128,87,0.11846457600925016,0.018993125249508552,0.11846457600925016
ensemble4x32,87,0.11846457600925016,0.01926269089080885,0.11846457600925016
rff24,88,0.12117635908945983,0.01347927853505224,0.12117635908945983
rff64,88,0.12117635908945983,0.015739664698234478,0.12117635908945983
rff128,88,0.12117635908945983,0.015087762066320079,0.12117635908945983
ensemble4x32,88,0.12117635908945983,0.015377497474987163,0.12117635908945983
rff24,89,0.1237968720142617,0.013562279312547876,0.1237968720142617
rff64,89,0.1237968720142617,0.013551847815194546,0.1237968720142617
rff128,89,0.1237968720142617,0.013091212169499943,0.1237968720142617
ensemble4x32,89,0.1237968720142617,0.012272870158715393,0.1237968720142617
rff24,90,0.10884667623339613,0.014330253522716878,0.10884667623339613
rff64,90,0.10884667623339613,0.016549607978685463,0.10884667623339613
rff128,90,0.10884667623339613,0.016073940203276578,0.10884667623339613
ensemble4x32,90,0.10884667623339613,0.015736312976336667,0.10884667623339613
rff24,91,0.13915773687825858,0.012495214961101762,0.13915773687825858
rff64,91,0.13915773687825858,0.013545885151764714,0.13915773687825858
rff128,91,0.13915773687825858,0.011405506652265682,0.13915773687825858
ensemble4x32,91,0.13915773687825858,0.013043391248533034,0.13915773687825858
rff24,92,0.15938495508668152,0.028592871916648534,0.15938495508668152
rff64,92,0.15938495508668152,0.03497502054666888,0.15938495508668152
rff128,92,0.15938495508668152,0.02618877476677467,0.15938495508668152
ensemble4x32,92,0.15938495508668152,0.02442249273381449,0.15938495508668152
rff24,93,0.10779634119666222,0.013126794737455805,0.10779634119666222
rff64,93,0.10779634119666222,0.018650689113783446,0.10779634119666222
rff128,93,0.10779634119666222,0.014564371458236731,0.10779634119666222
ensemble4x32,93,0.10779634119666222,0.013724775749761765,0.10779634119666222
rff24,94,0.1415789225684869,0.021457261176970385,0.1415789225684869
rff64,94,0.1415789225684869,0.017558991919014454,0.1415789225684869
rff128,94,0.1415789225684869,0.020883296348968163,0.1415789225684869
ensemble4x32,94,0.1415789225684869,0.01803268735762563,0.1415789225684869
rff24,95,0.17113370783407697,0.01639631235663685,0.17113370783407697
rff64,95,0.17113370783407697,0.016326836389982884,0.17113370783407697
rff128,95,0.17113370783407697,0.013026210790309668,0.17113370783407697
ensemble4x32,95,0.17113370783407697,0.013505227197001604,0.17113370783407697
rff24,96,0.12003203146468341,0.024561756549369342,0.12003203146468341
rff64,96,0.12003203146468341,0.02325872884049341,0.12003203146468341
rff128,96,0.12003203146468341,0.027765232219954892,0.12003203146468341
ensemble4x32,96,0.12003203146468341,0.02757323437515691,0.12003203146468341
rff24,97,0.1344657908857396,0.017616975667359872,0.1344657908857396
rff64,97,0.1344657908857396,0.01995481407236812,0.1344657908857396
rff128,97,0.1344657908857396,0.02100248162298767,0.1344657908857396
ensemble4x32,97,0.1344657908857396,0.020715545067158777,0.1344657908857396
rff24,98,0.131320288185491,0.015579421252217745,0.131320288185491
rff64,98,0.131320288185491,0.01582284189962011,0.131320288185491
rff128,98,0.131320288185491,0.014293280283684696,0.131320288185491
ensemble4x32,98,0.131320288185491,0.014153076320923472,0.131320288185491
rff24,99,0.1575916810860893,0.01923295575491592,0.1575916810860893
rff64,99,0.1575916810860893,0.016035792703251815,0.1575916810860893
rff128,99,0.1575916810860893,0.016242878179747514,0.1575916810860893
ensemble4x32,99,0.1575916810860893,0.013797171194978171,0.1575916810860893
rff24,100,0.11752528245444063,0.012988599475402348,0.11752528245444063
rff64,100,0.11752528245444063,0.012465620116328216,0.11752528245444063
rff128,100,0.11752528245444063,0.011737672165366815,0.11752528245444063
ensemble4x32,100,0.11752528245444063,0.011059559685409838,0.11752528245444063
rff24,101,0.10227146959385992,0.012728478943056851,0.10227146959385992
rff64,101,0.10227146959385992,0.012207984455922447,0.10227146959385992
rff128,101,0.10227146959385992,0.011092091025171611,0.10227146959385992
ensemble4x32,101,0.10227146959385992,0.011390079265360394,0.10227146959385992
rff24,102,0.126984442198656,0.012094977425009923,0.126984442198656
rff64,102,0.126984442198656,0.011680427771394017,0.126984442198656
rff128,102,0.126984442198656,0.011640881588446918,0.126984442198656
ensemble4x32,102,0.126984442198656,0.012224008389863535,0.126984442198656
rff24,103,0.14263597986969992,0.020160713061589428,0.14263597986969992
rff64,103,0.14263597986969992,0.016652300509843104,0.14263597986969992
rff128,103,0.14263597986969992,0.018300309287538823,0.14263597986969992
ensemble4x32,103,0.14263597986969992,0.01845868895565367,0.14263597986969992
rff24,104,0.13069995663953543,0.012444324441676898,0.13069995663953543
rff64,104,0.13069995663953543,0.017256902557874987,0.13069995663953543
rff128,104,0.13069995663953543,0.014938973694875193,0.13069995663953543
ensemble4x32,104,0.13069995663953543,0.01502728587916952,0.13069995663953543
rff24,105,0.10778792808308545,0.012905019502934621,0.10778792808308545
rff64,105,0.10778792808308545,0.010408524194676656,0.10778792808308545
rff128,105,0.10778792808308545,0.011035371109652007,0.10778792808308545
ensemble4x32,105,0.10778792808308545,0.011073503637280834,0.10778792808308545
rff24,106,0.15372975587912888,0.014801539901463786,0.15372975587912888
rff64,106,0.15372975587912888,0.016152954294004297,0.15372975587912888
rff128,106,0.15372975587912888,0.018221919606550018,0.15372975587912888
ensemble4x32,106,0.15372975587912888,0.013128257049131144,0.15372975587912888
rff24,107,0.09849787553452166,0.009084329816440076,0.09849787553452166
rff64,107,0.09849787553452166,0.012035736991684936,0.09849787553452166
rff128,107,0.09849787553452166,0.01225156805467848,0.09849787553452166
ensemble4x32,107,0.09849787553452166,0.013313721438114424,0.09849787553452166
rff24,108,0.10512850539577717,0.010461739818111122,0.10512850539577717
rff64,108,0.10512850539577717,0.012047421026889356,0.10512850539577717
rff128,108,0.10512850539577717,0.012512533557481068,0.10512850539577717
ensemble4x32,108,0.10512850539577717,0.011535589043336248,0.10512850539577717
rff24,109,0.14559782567556764,0.01708430159316228,0.14559782567556764
rff64,109,0.14559782567556764,0.016291545564287847,0.14559782567556764
rff128,109,0.14559782567556764,0.018209918817878777,0.14559782567556764
ensemble4x32,109,0.14559782567556764,0.015657251425465073,0.14559782567556764
rff24,110,0.12922308593640167,0.020175349851518993,0.12922308593640167
rff64,110,0.12922308593640167,0.018374092288087677,0.12922308593640167
rff128,110,0.12922308593640167,0.01783838937875596,0.12922308593640167
ensemble4x32,110,0.12922308593640167,0.018875821402401453,0.12922308593640167
rff24,111,0.11072315840778149,0.012107691644175944,0.11072315840778149
rff64,111,0.11072315840778149,0.012708520566949683,0.11072315840778149
rff128,111,0.11072315840778149,0.013985186407862582,0.11072315840778149
ensemble4x32,111,0.11072315840778149,0.012414808057497248,0.11072315840778149
rff24,112,0.15321286668883474,0.016353163502913284,0.15321286668883474
rff64,112,0.15321286668883474,0.017347660367058294,0.15321286668883474
rff128,112,0.15321286668883474,0.016448956607429174,0.15321286668883474
ensemble4x32,112,0.15321286668883474,0.016928675088050328,0.15321286668883474
rff24,113,0.1300930701928769,0.012051978299806265,0.1300930701928769
rff64,113,0.1300930701928769,0.01224569825815277,0.1300930701928769
rff128,113,0.1300930701928769,0.0131602237662285,0.1300930701928769
ensemble4x32,113,0.1300930701928769,0.012987717926869941,0.1300930701928769
rff24,114,0.145930068596152,0.02333612446332297,0.145930068596152
rff64,114,0.145930068596152,0.0197703406688057,0.145930068596152
rff128,114,0.145930068596152,0.023017625057492545,0.145930068596152
ensemble4x32,114,0.145930068596152,0.022006017689527556,0.145930068596152
rff24,115,0.15130576365086976,0.018350698166862016,0.15130576365086976
rff64,115,0.15130576365086976,0.025344094833004673,0.15130576365086976
rff128,115,0.15130576365086976,0.018922552834118252,0.15130576365086976
ensemble4x32,115,0.15130576365086976,0.020593076897534066,0.15130576365086976
rff24,116,0.15778759873626685,0.013992230923448513,0.15778759873626685
rff64,116,0.15778759873626685,0.016450554454671553,0.15778759873626685
rff128,116,0.15778759873626685,0.016232396973770494,0.15778759873626685
ensemble4x32,116,0.15778759873626685,0.01816555832938317,0.15778759873626685
rff24,117,0.1594894944482292,0.0174347196834878,0.1594894944482292
rff64,117,0.1594894944482292,0.019328564867575424,0.1594894944482292
rff128,117,0.1594894944482292,0.019401196837991828,0.1594894944482292
ensemble4x32,117,0.1594894944482292,0.016879640198627546,0.1594894944482292
rff24,118,0.15388995395880298,0.016110226308664002,0.15388995395880298
rff64,118,0.15388995395880298,0.018015969489451007,0.15388995395880298
rff128,118,0.15388995395880298,0.017340565621139455,0.15388995395880298
ensemble4x32,118,0.15388995395880298,0.016891765851878092,0.15388995395880298
rff24,119,0.10100648049473987,0.01460764039031854,0.10100648049473987
rff64,119,0.10100648049473987,0.013258053605687305,0.10100648049473987
rff128,119,0.10100648049473987,0.014895211341496982,0.10100648049473987
ensemble4x32,119,0.10100648049473987,0.014531242372492138,0.10100648049473987
rff24,120,0.09847546273305262,0.01333692463568937,0.09847546273305262
rff64,120,0.09847546273305262,0.013538833438297744,0.09847546273305262
rff128,120,0.09847546273305262,0.014654957394084043,0.09847546273305262
ensemble4x32,120,0.09847546273305262,0.013585527560820905,0.09847546273305262
rff24,121,0.10655726001179265,0.011982503521412287,0.10655726001179265
rff64,121,0.10655726001179265,0.013026685361641416,0.10655726001179265
rff128,121,0.10655726001179265,0.013191401225063949,0.10655726001179265
ensemble4x32,121,0.10655726001179265,0.013014629341701837,0.10655726001179265
rff24,122,0.13380466801268956,0.018548547953118482,0.13380466801268956
rff64,122,0.13380466801268956,0.019386565670147602,0.13380466801268956
rff128,122,0.13380466801268956,0.02057481927714122,0.13380466801268956
ensemble4x32,122,0.13380466801268956,0.019871795385902648,0.13380466801268956
rff24,123,0.14601624601649763,0.019317406435738867,0.14601624601649763
rff64,123,0.14601624601649763,0.017886280040609197,0.14601624601649763
rff128,123,0.14601624601649763,0.01735053163800443,0.14601624601649763
ensemble4x32,123,0.14601624601649763,0.017496470499321917,0.14601624601649763
rff24,124,0.1466248802895786,0.012967980371941037,0.1466248802895786
rff64,124,0.1466248802895786,0.014159957895327846,0.1466248802895786
rff128,124,0.1466248802895786,0.01447366213011509,0.1466248802895786
ensemble4x32,124,0.1466248802895786,0.012475148639797247,0.1466248802895786
rff24,125,0.14254206420174853,0.01817065972154671,0.14254206420174853
rff64,125,0.14254206420174853,0.015676899115913474,0.14254206420174853
rff128,125,0.14254206420174853,0.018189620139508623,0.14254206420174853
ensemble4x32,125,0.14254206420174853,0.017309187999612514,0.14254206420174853
rff24,126,0.13261048284148486,0.018563472178886653,0.13261048284148486
rff64,126,0.13261048284148486,0.018822516487275485,0.13261048284148486
rff128,126,0.13261048284148486,0.02048470387657721,0.13261048284148486
ensemble4x32,126,0.13261048284148486,0.018897918760115887,0.13261048284148486
rff24,127,0.12310575745719982,0.016665683628154432,0.12310575745719982
rff64,127,0.12310575745719982,0.017340298573343203,0.12310575745719982
rff128,127,0.12310575745719982,0.016578071856780893,0.12310575745719982
ensemble4x32,127,0.12310575745719982,0.01722686371830671,0.12310575745719982
rff24,128,0.12936171421534773,0.014558012061730373,0.12936171421534773
rff64,128,0.12936171421534773,0.01713144520155863,0.12936171421534773
rff128,128,0.12936171421534773,0.01589342798516567,0.12936171421534773
ensemble4x32,128,0.12936171421534773,0.015392510967473199,0.12936171421534773
rff24,129,0.1595402019603704,0.01517510669286372,0.1595402019603704
rff64,129,0.1595402019603704,0.016165813503998507,0.1595402019603704
rff128,129,0.1595402019603704,0.01473280944789097,0.1595402019603704
ensemble4x32,129,0.1595402019603704,0.013310657202388174,0.1595402019603704
rff24,130,0.14495977433203566,0.014493126702652724,0.14495977433203566
rff64,130,0.14495977433203566,0.014353582342567771,0.14495977433203566
rff128,130,0.14495977433203566,0.012930629691093359,0.14495977433203566
ensemble4x32,130,0.14495977433203566,0.013347169982450065,0.14495977433203566
rff24,131,0.17081300237390082,0.01595188750508989,0.17081300237390082
rff64,131,0.17081300237390082,0.015000402463148006,0.17081300237390082
rff128,131,0.17081300237390082,0.016460511803619106,0.17081300237390082
ensemble4x32,131,0.17081300237390082,0.013193932235689711,0.17081300237390082
rff24,132,0.12204259618358443,0.0171060746677462,0.12204259618358443
rff64,132,0.12204259618358443,0.015332376748263148,0.12204259618358443
rff128,132,0.12204259618358443,0.017845633984863284,0.12204259618358443
ensemble4x32,132,0.12204259618358443,0.015013101655053486,0.12204259618358443
rff24,133,0.14187068755658724,0.020110532166164454,0.14187068755658724
rff64,133,0.14187068755658724,0.021754948493929616,0.14187068755658724
rff128,133,0.14187068755658724,0.021422888164682775,0.14187068755658724
ensemble4x32,133,0.14187068755658724,0.01750048643152116,0.14187068755658724
rff24,134,0.15177677438339118,0.020261249075920102,0.15177677438339118
rff64,134,0.15177677438339118,0.023333920523304748,0.15177677438339118
rff128,134,0.15177677438339118,0.023495856074378457,0.15177677438339118
ensemble4x32,134,0.15177677438339118,0.021464837779874013,0.15177677438339118
rff24,135,0.15116136259500443,0.013547547909525356,0.15116136259500443
rff64,135,0.15116136259500443,0.013193305764450991,0.15116136259500443
rff128,135,0.15116136259500443,0.013023029598657998,0.15116136259500443
ensemble4x32,135,0.15116136259500443,0.01258444275447031,0.15116136259500443
rff24,136,0.10756639059458821,0.012839776763757181,0.10756639059458821
rff64,136,0.10756639059458821,0.017240861522761722,0.10756639059458821
rff128,136,0.10756639059458821,0.016544855896998206,0.10756639059458821
ensemble4x32,136,0.10756639059458821,0.016333063683099468,0.10756639059458821
rff24,137,0.16170582948775633,0.01522811760237696,0.16170582948775633
rff64,137,0.16170582948775633,0.017895040920430604,0.16170582948775633
rff128,137,0.16170582948775633,0.018279924356983245,0.16170582948775633
ensemble4x32,137,0.16170582948775633,0.01687787003580243,0.16170582948775633
rff24,138,0.0939926040657937,0.013147434482212632,0.0939926040657937
rff64,138,0.0939926040657937,0.016098424115561612,0.0939926040657937
rff128,138,0.0939926040657937,0.014902433966604487,0.0939926040657937
ensemble4x32,138,0.0939926040657937,0.015592022052634928,0.0939926040657937
rff24,139,0.11517831133264078,0.010217817614315287,0.11517831133264078
rff64,139,0.11517831133264078,0.009812283987740523,0.11517831133264078
rff128,139,0.11517831133264078,0.01124773726023616,0.11517831133264078
ensemble4x32,139,0.11517831133264078,0.009688860710164029,0.11517831133264078
rff24,140,0.10395380379682828,0.013318217763802482,0.10395380379682828
rff64,140,0.10395380379682828,0.0134798030312867,0.10395380379682828
rff128,140,0.10395380379682828,0.013929318537425848,0.10395380379682828
ensemble4x32,140,0.10395380379682828,0.012804719776372521,0.10395380379682828
rff24,141,0.09732977928725785,0.016763489387983284,0.09732977928725785
rff64,141,0.09732977928725785,0.012320375909846686,0.09732977928725785
rff128,141,0.09732977928725785,0.018254688181815,0.09732977928725785
ensemble4x32,141,0.09732977928725785,0.014576221887292273,0.09732977928725785
rff24,142,0.17228526262986715,0.028302673922598824,0.17228526262986715
rff64,142,0.17228526262986715,0.022304743493247778,0.17228526262986715
rff128,142,0.17228526262986715,0.026729163683475395,0.17228526262986715
ensemble4x32,142,0.17228526262986715,0.022935088752888338,0.17228526262986715
rff24,143,0.1336429709375842,0.015610264847955494,0.1336429709375842
rff64,143,0.1336429709375842,0.016315348201370095,0.1336429709375842
rff128,143,0.1336429709375842,0.01461629320532262,0.1336429709375842
ensemble4x32,143,0.1336429709375842,0.013762808424929383,0.1336429709375842
rff24,144,0.11554049106675134,0.013787461692333372,0.11554049106675134
rff64,144,0.11554049106675134,0.009933992181603953,0.11554049106675134
rff128,144,0.11554049106675134,0.011460859310636517,0.11554049106675134
ensemble4x32,144,0.11554049106675134,0.010685403361165819,0.11554049106675134
rff24,145,0.12389176171518677,0.015435247971124038,0.12389176171518677
rff64,145,0.12389176171518677,0.014937947182158148,0.12389176171518677
rff128,145,0.12389176171518677,0.014474561344325527,0.12389176171518677
ensemble4x32,145,0.12389176171518677,0.012607133347308194,0.12389176171518677
rff24,146,0.15963298297227246,0.014798877497932869,0.15963298297227246
rff64,146,0.15963298297227246,0.013841010556257144,0.15963298297227246
rff128,146,0.15963298297227246,0.013354275263767569,0.15963298297227246
ensemble4x32,146,0.15963298297227246,0.013339404158521063,0.15963298297227246
rff24,147,0.10843545436567215,0.014108305488916936,0.10843545436567215
rff64,147,0.10843545436567215,0.02014587662181865,0.10843545436567215
rff128,147,0.10843545436567215,0.017977229319571384,0.10843545436567215
ensemble4x32,147,0.10843545436567215,0.013381903620671045,0.10843545436567215
rff24,148,0.13577365475438524,0.01767518863553155,0.13577365475438524
rff64,148,0.13577365475438524,0.021295901984311843,0.13577365475438524
rff128,148,0.13577365475438524,0.019884451564054065,0.13577365475438524
ensemble4x32,148,0.13577365475438524,0.017986798066973744,0.13577365475438524
rff24,149,0.14920570733957564,0.014815639358442977,0.14920570733957564
rff64,149,0.14920570733957564,0.01567297632251392,0.14920570733957564
rff128,149,0.14920570733957564,0.012807932196602168,0.14920570733957564
ensemble4x32,149,0.14920570733957564,0.011459377770287077,0.14920570733957564
rff24,150,0.13523503402637613,0.01815824170395811,0.13523503402637613
rff64,150,0.13523503402637613,0.016284545569794386,0.13523503402637613
rff128,150,0.13523503402637613,0.016045121417061475,0.13523503402637613
ensemble4x32,150,0.13523503402637613,0.01663982254341151,0.13523503402637613
rff24,151,0.12293860280917777,0.017867196007899037,0.12293860280917777
rff64,151,0.12293860280917777,0.015804844929887932,0.12293860280917777
rff128,151,0.12293860280917777,0.01838689541656127,0.12293860280917777
ensemble4x32,151,0.12293860280917777,0.017510017934865035,0.12293860280917777
rff24,152,0.12150989225427228,0.014741899443588207,0.12150989225427228
rff64,152,0.12150989225427228,0.016101036468029087,0.12150989225427228
rff128,152,0.12150989225427228,0.01599826967822838,0.12150989225427228
ensemble4x32,152,0.12150989225427228,0.013775447318099656,0.12150989225427228
rff24,153,0.17181366837745402,0.021898058147819963,0.17181366837745402
rff64,153,0.17181366837745402,0.020450699201690715,0.17181366837745402
rff128,153,0.17181366837745402,0.024104150826373724,0.17181366837745402
ensemble4x32,153,0.17181366837745402,0.022378151206005528,0.17181366837745402
rff24,154,0.15462455558522836,0.016251628965092704,0.15462455558522836
rff64,154,0.15462455558522836,0.019347152817527174,0.15462455558522836
rff128,154,0.15462455558522836,0.01653657050687749,0.15462455558522836
ensemble4x32,154,0.15462455558522836,0.016896488077104893,0.15462455558522836
rff24,155,0.16809985552725162,0.016567525225214198,0.16809985552725162
rff64,155,0.16809985552725162,0.014467413579805837,0.16809985552725162
rff128,155,0.16809985552725162,0.017655344153902165,0.16809985552725162
ensemble4x32,155,0.16809985552725162,0.01381960287512703,0.16809985552725162
rff24,156,0.14598402941419777,0.0192602583930828,0.14598402941419777
rff64,156,0.14598402941419777,0.017418803587944436,0.14598402941419777
rff128,156,0.14598402941419777,0.015329058382858625,0.14598402941419777
ensemble4x32,156,0.14598402941419777,0.0142557457782026,0.14598402941419777
rff24,157,0.10485936002277224,0.013012286674286673,0.10485936002277224
rff64,157,0.10485936002277224,0.012857352308739595,0.10485936002277224
rff128,157,0.10485936002277224,0.01293788569310188,0.10485936002277224
ensemble4x32,157,0.10485936002277224,0.012148370765493311,0.10485936002277224
rff24,158,0.14244133940856185,0.013234848322521581,0.14244133940856185
rff64,158,0.14244133940856185,0.01533115101565191,0.14244133940856185
rff128,158,0.14244133940856185,0.013782450077519074,0.14244133940856185
ensemble4x32,158,0.14244133940856185,0.01082155458670272,0.14244133940856185
rff24,159,0.11331795885826597,0.01401964353097683,0.11331795885826597
rff64,159,0.11331795885826597,0.019889152092547963,0.11331795885826597
rff128,159,0.11331795885826597,0.018835977681125934,0.11331795885826597
ensemble4x32,159,0.11331795885826597,0.018787028986543084,0.11331795885826597
rff24,160,0.12124418169508631,0.015444599409078181,0.12124418169508631
rff64,160,0.12124418169508631,0.013343883389526292,0.12124418169508631
rff128,160,0.12124418169508631,0.014334207102761619,0.12124418169508631
ensemble4x32,160,0.12124418169508631,0.014036736891553851,0.12124418169508631
rff24,161,0.10600682376262843,0.015179975628006563,0.10600682376262843
rff64,161,0.10600682376262843,0.013401348016399053,0.10600682376262843
rff128,161,0.10600682376262843,0.01591373683815398,0.10600682376262843
ensemble4x32,161,0.10600682376262843,0.013795119100958254,0.10600682376262843
rff24,162,0.12616491388131518,0.01637125280630129,0.12616491388131518
rff64,162,0.12616491388131518,0.019235331801435433,0.12616491388131518
rff128,162,0.12616491388131518,0.01552361866372491,0.12616491388131518
ensemble4x32,162,0.12616491388131518,0.016674120991078515,0.12616491388131518
rff24,163,0.12344545348343255,0.015151709641369806,0.12344545348343255
rff64,163,0.12344545348343255,0.016879037074828785,0.12344545348343255
rff128,163,0.12344545348343255,0.017143267176273364,0.12344545348343255
ensemble4x32,163,0.12344545348343255,0.01674295751482117,0.12344545348343255
rff24,164,0.11889849671535657,0.01286315675052342,0.11889849671535657
rff64,164,0.11889849671535657,0.01472303079187011,0.11889849671535657
rff128,164,0.11889849671535657,0.012550024370618095,0.11889849671535657
ensemble4x32,164,0.11889849671535657,0.012594152524883967,0.11889849671535657
rff24,165,0.10826323947272368,0.017316066346442015,0.10826323947272368
rff64,165,0.10826323947272368,0.016131320339794714,0.10826323947272368
rff128,165,0.10826323947272368,0.015776388574482283,0.10826323947272368
ensemble4x32,165,0.10826323947272368,0.01380558220084186,0.10826323947272368
rff24,166,0.1320240106062788,0.018304660193418375,0.1320240106062788
rff64,166,0.1320240106062788,0.015915345298830597,0.1320240106062788
rff128,166,0.1320240106062788,0.01688041044848852,0.1320240106062788
ensemble4x32,166,0.1320240106062788,0.015009440832794154,0.1320240106062788
rff24,167,0.10117095459529138,0.01609655413934755,0.10117095459529138
rff64,167,0.10117095459529138,0.013981081574166554,0.10117095459529138
rff128,167,0.10117095459529138,0.013026082632249154,0.10117095459529138
ensemble4x32,167,0.10117095459529138,0.01381079641079582,0.10117095459529138
rff24,168,0.149760998195861,0.016631022939987805,0.149760998195861
rff64,168,0.149760998195861,0.015817041968086715,0.149760998195861
rff128,168,0.149760998195861,0.016803452784762855,0.149760998195861
ensemble4x32,168,0.149760998195861,0.013762210627376332,0.149760998195861
rff24,169,0.13109340324218074,0.01856408061435064,0.13109340324218074
rff64,169,0.13109340324218074,0.018302894413092023,0.13109340324218074
rff128,169,0.13109340324218074,0.019845376375870666,0.13109340324218074
ensemble4x32,169,0.13109340324218074,0.019557400677255827,0.13109340324218074
rff24,170,0.1581028803700672,0.014490647004246519,0.1581028803700672
rff64,170,0.1581028803700672,0.01152098226521293,0.1581028803700672
rff128,170,0.1581028803700672,0.013793936120568808,0.1581028803700672
ensemble4x32,170,0.1581028803700672,0.012796568985431675,0.1581028803700672
rff24,171,0.1085506620885464,0.017797640117557238,0.1085506620885464
rff64,171,0.1085506620885464,0.013832066767698738,0.1085506620885464
rff128,171,0.1085506620885464,0.016331427666368095,0.1085506620885464
ensemble4x32,171,0.1085506620885464,0.015105539104483479,0.1085506620885464
rff24,172,0.11111617179959149,0.010684571991170738,0.11111617179959149
rff64,172,0.11111617179959149,0.012401222120112541,0.11111617179959149
rff128,172,0.11111617179959149,0.01125697734773794,0.11111617179959149
ensemble4x32,172,0.11111617179959149,0.010388713402175205,0.11111617179959149
rff24,173,0.12074117747326059,0.021128913084385356,0.12074117747326059
rff64,173,0.12074117747326059,0.022018138766960325,0.12074117747326059
rff128,173,0.12074117747326059,0.021604215306607447,0.12074117747326059
ensemble4x32,173,0.12074117747326059,0.018895710866882083,0.12074117747326059
rff24,174,0.13531190270813767,0.01695342992189797,0.13531190270813767
rff64,174,0.13531190270813767,0.01441583429471242,0.13531190270813767
rff128,174,0.13531190270813767,0.014141647413351504,0.13531190270813767
ensemble4x32,174,0.13531190270813767,0.016396253931227518,0.13531190270813767
rff24,175,0.12280047521368416,0.014708857257352959,0.12280047521368416
rff64,175,0.12280047521368416,0.017214658276002687,0.12280047521368416
rff128,175,0.12280047521368416,0.017307972741716443,0.12280047521368416
ensemble4x32,175,0.12280047521368416,0.014885094643946124,0.12280047521368416
rff24,176,0.11281126482914389,0.014482815868029134,0.11281126482914389
rff64,176,0.11281126482914389,0.014028376397145262,0.11281126482914389
rff128,176,0.11281126482914389,0.015251807011486398,0.11281126482914389
ensemble4x32,176,0.11281126482914389,0.01379711820031841,0.11281126482914389
rff24,177,0.15980609317618133,0.01584269042483963,0.15980609317618133
rff64,177,0.15980609317618133,0.017930457559320608,0.15980609317618133
rff128,177,0.15980609317618133,0.01755524892610765,0.15980609317618133
ensemble4x32,177,0.15980609317618133,0.020196301230201087,0.15980609317618133
rff24,178,0.12314115691598745,0.012215613637386557,0.12314115691598745
rff64,178,0.12314115691598745,0.010992821474307897,0.12314115691598745
rff128,178,0.12314115691598745,0.013589537151221931,0.12314115691598745
ensemble4x32,178,0.12314115691598745,0.012113126497204231,0.12314115691598745
rff24,179,0.14173011258931492,0.02202982131064987,0.14173011258931492
rff64,179,0.14173011258931492,0.019031764365372118,0.14173011258931492
rff128,179,0.14173011258931492,0.022776065616865147,0.14173011258931492
ensemble4x32,179,0.14173011258931492,0.020915856820216794,0.14173011258931492
rff24,180,0.17151635252887568,0.015421106611083321,0.17151635252887568
rff64,180,0.17151635252887568,0.01963119110944844,0.17151635252887568
rff128,180,0.17151635252887568,0.019181905109956203,0.17151635252887568
ensemble4x32,180,0.17151635252887568,0.015496863246690926,0.17151635252887568
rff24,181,0.1162218011222705,0.011397758047209675,0.1162218011222705
rff64,181,0.1162218011222705,0.0128010166873591,0.1162218011222705
rff128,181,0.1162218011222705,0.013456100087495333,0.1162218011222705
ensemble4x32,181,0.1162218011222705,0.012191324366709987,0.1162218011222705
rff24,182,0.1351108570447069,0.01980333955016532,0.1351108570447069
rff64,182,0.1351108570447069,0.02410747999167729,0.1351108570447069
rff128,182,0.1351108570447069,0.02014152837334761,0.1351108570447069
ensemble4x32,182,0.1351108570447069,0.018651992866037154,0.1351108570447069
rff24,183,0.10382952141625988,0.013694994615836101,0.10382952141625988
rff64,183,0.10382952141625988,0.00977675648817175,0.10382952141625988
rff128,183,0.10382952141625988,0.011193857712512292,0.10382952141625988
ensemble4x32,183,0.10382952141625988,0.010562751572270372,0.10382952141625988
rff24,184,0.12831112109749254,0.018862059016792113,0.12831112109749254
rff64,184,0.12831112109749254,0.020192916318767743,0.12831112109749254
rff128,184,0.12831112109749254,0.017968268499837466,0.12831112109749254
ensemble4x32,184,0.12831112109749254,0.0187669421563286,0.12831112109749254
rff24,185,0.1225136370334847,0.014850280351007467,0.1225136370334847
rff64,185,0.1225136370334847,0.017561119213430076,0.1225136370334847
rff128,185,0.1225136370334847,0.016992336773523273,0.1225136370334847
ensemble4x32,185,0.1225136370334847,0.015543806224475022,0.1225136370334847
rff24,186,0.13072089572207501,0.018727044233816686,0.13072089572207501
rff64,186,0.13072089572207501,0.018292791197723073,0.13072089572207501
rff128,186,0.13072089572207501,0.017400486526542476,0.13072089572207501
ensemble4x32,186,0.13072089572207501,0.016190381666130495,0.13072089572207501
rff24,187,0.12437680975035142,0.015124534320188164,0.12437680975035142
rff64,187,0.12437680975035142,0.015831641961918864,0.12437680975035142
rff128,187,0.12437680975035142,0.014195384020754966,0.12437680975035142
ensemble4x32,187,0.12437680975035142,0.015221889084735384,0.12437680975035142
rff24,188,0.14740900520932482,0.012551233352363628,0.14740900520932482
rff64,188,0.14740900520932482,0.014263553154337957,0.14740900520932482
rff128,188,0.14740900520932482,0.011168238378775836,0.14740900520932482
ensemble4x32,188,0.14740900520932482,0.012272212595721324,0.14740900520932482
rff24,189,0.12987007014302726,0.016342389810779206,0.12987007014302726
rff64,189,0.12987007014302726,0.013938775976130848,0.12987007014302726
rff128,189,0.12987007014302726,0.012228231920146724,0.12987007014302726
ensemble4x32,189,0.12987007014302726,0.012721580449092778,0.12987007014302726
rff24,190,0.1329806123243274,0.014574567408833176,0.1329806123243274
rff64,190,0.1329806123243274,0.012632734530281011,0.1329806123243274
rff128,190,0.1329806123243274,0.012678118524694132,0.1329806123243274
ensemble4x32,190,0.1329806123243274,0.01298629994457599,0.1329806123243274
rff24,191,0.13881967762364592,0.023628026258213853,0.13881967762364592
rff64,191,0.13881967762364592,0.03312880642171583,0.13881967762364592
rff128,191,0.13881967762364592,0.02984474848569274,0.13881967762364592
ensemble4x32,191,0.13881967762364592,0.02627268203074769,0.13881967762364592
rff24,192,0.1274380069606863,0.01809764676169967,0.1274380069606863
rff64,192,0.1274380069606863,0.01275715760755717,0.1274380069606863
rff128,192,0.1274380069606863,0.013874448093499999,0.1274380069606863
ensemble4x32,192,0.1274380069606863,0.015425264987943362,0.1274380069606863
rff24,193,0.13478465532424935,0.017359749678386237,0.13478465532424935
rff64,193,0.13478465532424935,0.01396738939563792,0.13478465532424935
rff128,193,0.13478465532424935,0.015399321355949552,0.13478465532424935
ensemble4x32,193,0.13478465532424935,0.015745838100240567,0.13478465532424935
rff24,194,0.12873046182680098,0.013519787038546723,0.12873046182680098
rff64,194,0.12873046182680098,0.01680711195613753,0.12873046182680098
rff128,194,0.12873046182680098,0.014294674119266904,0.12873046182680098
ensemble4x32,194,0.12873046182680098,0.01590812543837593,0.12873046182680098
rff24,195,0.11692895870557483,0.016248898393149067,0.11692895870557483
rff64,195,0.11692895870557483,0.014691531623593164,0.11692895870557483
rff128,195,0.11692895870557483,0.017085390027113335,0.11692895870557483
ensemble4x32,195,0.11692895870557483,0.014700866364372338,0.11692895870557483
rff24,196,0.14654803095989707,0.025458351816103127,0.14654803095989707
rff64,196,0.14654803095989707,0.023637675674572377,0.14654803095989707
rff128,196,0.14654803095989707,0.021470827446269724,0.14654803095989707
ensemble4x32,196,0.14654803095989707,0.021369579639296286,0.14654803095989707
rff24,197,0.14512299020928857,0.013877149595717782,0.14512299020928857
rff64,197,0.14512299020928857,0.02103604842609475,0.14512299020928857
rff128,197,0.14512299020928857,0.016096511059271672,0.14512299020928857
ensemble4x32,197,0.14512299020928857,0.014986436298225209,0.14512299020928857
rff24,198,0.18706129342176492,0.026793012472435717,0.18706129342176492
rff64,198,0.18706129342176492,0.027634976975780594,0.18706129342176492
rff128,198,0.18706129342176492,0.029532325003163648,0.18706129342176492
ensemble4x32,198,0.18706129342176492,0.022962817850365004,0.18706129342176492
rff24,199,0.13284621650935183,0.01637256356469942,0.13284621650935183
rff64,199,0.13284621650935183,0.014517619069346052,0.13284621650935183
rff128,199,0.13284621650935183,0.011522831857027589,0.13284621650935183
ensemble4x32,199,0.13284621650935183,0.013613714719366073,0.13284621650935183
rff24,200,0.1641708358744761,0.026329259801796328,0.1641708358744761
rff64,200,0.1641708358744761,0.029358056082069994,0.1641708358744761
rff128,200,0.1641708358744761,0.029382289163288035,0.1641708358744761
ensemble4x32,200,0.1641708358744761,0.026282199976608946,0.1641708358744761
rff24,201,0.18937693469826833,0.01842609856682835,0.18937693469826833
rff64,201,0.18937693469826833,0.014295052186937765,0.18937693469826833
rff128,201,0.18937693469826833,0.018134798600526872,0.18937693469826833
ensemble4x32,201,0.18937693469826833,0.016531416743218473,0.18937693469826833
rff24,202,0.11919452555610127,0.015296523940294628,0.11919452555610127
rff64,202,0.11919452555610127,0.014604029860115882,0.11919452555610127
rff128,202,0.11919452555610127,0.014823814645735494,0.11919452555610127
ensemble4x32,202,0.11919452555610127,0.016353316404822626,0.11919452555610127
rff24,203,0.14333176200140157,0.014697471607236405,0.14333176200140157
rff64,203,0.14333176200140157,0.013634539443631733,0.14333176200140157
rff128,203,0.14333176200140157,0.014842100291894183,0.14333176200140157
ensemble4x32,203,0.14333176200140157,0.014152168535693555,0.14333176200140157
rff24,204,0.1286476382945906,0.015388974821911447,0.1286476382945906
rff64,204,0.1286476382945906,0.01588626056301905,0.1286476382945906
rff128,204,0.1286476382945906,0.016390271304660257,0.1286476382945906
ensemble4x32,204,0.1286476382945906,0.01525243903923341,0.1286476382945906
rff24,205,0.1446237050876611,0.022465866681956315,0.1446237050876611
rff64,205,0.1446237050876611,0.017042728726259587,0.1446237050876611
rff128,205,0.1446237050876611,0.019960157748979593,0.1446237050876611
ensemble4x32,205,0.1446237050876611,0.019353719235430774,0.1446237050876611
rff24,206,0.13626180260904788,0.01730199080533603,0.13626180260904788
rff64,206,0.13626180260904788,0.012184576902597851,0.13626180260904788
rff128,206,0.13626180260904788,0.014342738527018435,0.13626180260904788
ensemble4x32,206,0.13626180260904788,0.015616904379219226,0.13626180260904788
rff24,207,0.13964154358260839,0.013281144851594493,0.13964154358260839
rff64,207,0.13964154358260839,0.014779613481558374,0.13964154358260839
rff128,207,0.13964154358260839,0.014450068499705714,0.13964154358260839
ensemble4x32,207,0.13964154358260839,0.012106288247564698,0.13964154358260839
rff24,208,0.1486378223524745,0.02005892071689849,0.1486378223524745
rff64,208,0.1486378223524745,0.0197532808725294,0.1486378223524745
rff128,208,0.1486378223524745,0.017411859475508173,0.1486378223524745
ensemble4x32,208,0.1486378223524745,0.01650880943280624,0.1486378223524745
rff24,209,0.15606725454712803,0.023887301219584368,0.15606725454712803
rff64,209,0.15606725454712803,0.024608462300950474,0.15606725454712803
rff128,209,0.15606725454712803,0.028794035715624958,0.15606725454712803
ensemble4x32,209,0.15606725454712803,0.02524881272695989,0.15606725454712803
rff24,210,0.12341664040858331,0.016260450153704878,0.12341664040858331
rff64,210,0.12341664040858331,0.017513085947697266,0.12341664040858331
rff128,210,0.12341664040858331,0.018432575801331626,0.12341664040858331
ensemble4x32,210,0.12341664040858331,0.016114373823504353,0.12341664040858331
rff24,211,0.137197966666782,0.018058303712863075,0.137197966666782
rff64,211,0.137197966666782,0.013963841058405526,0.137197966666782
rff128,211,0.137197966666782,0.017346335318608255,0.137197966666782
ensemble4x32,211,0.137197966666782,0.01689483508064899,0.137197966666782
rff24,212,0.2023177224044889,0.019577617842489275,0.2023177224044889
rff64,212,0.2023177224044889,0.017407013110674968,0.2023177224044889
rff128,212,0.2023177224044889,0.018607196467588318,0.2023177224044889
ensemble4x32,212,0.2023177224044889,0.014612236468534906,0.2023177224044889
rff24,213,0.1484683466973814,0.018192973817190147,0.1484683466973814
rff64,213,0.1484683466973814,0.01810209713745183,0.1484683466973814
rff128,213,0.1484683466973814,0.01654789091408958,0.1484683466973814
ensemble4x32,213,0.1484683466973814,0.019164743445943155,0.1484683466973814
rff24,214,0.16087976008473842,0.019792017386793925,0.16087976008473842
rff64,214,0.16087976008473842,0.02315761253631315,0.16087976008473842
rff128,214,0.16087976008473842,0.0257130745504346,0.16087976008473842
ensemble4x32,214,0.16087976008473842,0.0220845898803882,0.16087976008473842
rff24,215,0.1544747144064296,0.01834205180491209,0.1544747144064296
rff64,215,0.1544747144064296,0.021494812853058893,0.1544747144064296
rff128,215,0.1544747144064296,0.02027934410246773,0.1544747144064296
ensemble4x32,215,0.1544747144064296,0.01875669404899903,0.1544747144064296
rff24,216,0.12204035102574069,0.012474436377694968,0.12204035102574069
rff64,216,0.12204035102574069,0.012412825166825703,0.12204035102574069
rff128,216,0.12204035102574069,0.01156403601002396,0.12204035102574069
ensemble4x32,216,0.12204035102574069,0.01208912832123667,0.12204035102574069
rff24,217,0.14605270365224007,0.010291119443687897,0.14605270365224007
rff64,217,0.14605270365224007,0.009487785249396093,0.14605270365224007
rff128,217,0.14605270365224007,0.010214084266147002,0.14605270365224007
ensemble4x32,217,0.14605270365224007,0.010021638525862471,0.14605270365224007
rff24,218,0.12734705894250184,0.013530812802829912,0.12734705894250184
rff64,218,0.12734705894250184,0.014442626648191135,0.12734705894250184
rff128,218,0.12734705894250184,0.014398669618673084,0.12734705894250184
ensemble4x32,218,0.12734705894250184,0.014490930368050442,0.12734705894250184
rff24,219,0.14129559022023191,0.011187768911408952,0.14129559022023191
rff64,219,0.14129559022023191,0.013520418509476075,0.14129559022023191
rff128,219,0.14129559022023191,0.012106662516281086,0.14129559022023191
ensemble4x32,219,0.14129559022023191,0.012576789819843795,0.14129559022023191
rff24,220,0.12823941055405527,0.02578081442349508,0.12823941055405527
rff64,220,0.12823941055405527,0.02502410994281172,0.12823941055405527
rff128,220,0.12823941055405527,0.02618283521022144,0.12823941055405527
ensemble4x32,220,0.12823941055405527,0.025616246305786856,0.12823941055405527
rff24,221,0.1443052248358997,0.019459543267403876,0.1443052248358997
rff64,221,0.1443052248358997,0.01746777793955896,0.1443052248358997
rff128,221,0.1443052248358997,0.01806044484495541,0.1443052248358997
ensemble4x32,221,0.1443052248358997,0.016933822708824674,0.1443052248358997
rff24,222,0.17194150288830745,0.023990349509709533,0.17194150288830745
rff64,222,0.17194150288830745,0.027182106231668557,0.17194150288830745
rff128,222,0.17194150288830745,0.029399551113054097,0.17194150288830745
ensemble4x32,222,0.17194150288830745,0.025438886964327487,0.17194150288830745
rff24,223,0.19621268816901719,0.019922659304820498,0.19621268816901719
rff64,223,0.19621268816901719,0.017600903624584024,0.19621268816901719
rff128,223,0.19621268816901719,0.019438099429802087,0.19621268816901719
ensemble4x32,223,0.19621268816901719,0.01731149847010281,0.19621268816901719
rff24,224,0.13147185971591804,0.014558099982801925,0.13147185971591804
rff64,224,0.13147185971591804,0.016933898360672876,0.13147185971591804
rff128,224,0.13147185971591804,0.016763705244906738,0.13147185971591804
ensemble4x32,224,0.13147185971591804,0.015434602650493364,0.13147185971591804
rff24,225,0.11297304689867423,0.014554333426648738,0.11297304689867423
rff64,225,0.11297304689867423,0.014100067741325132,0.11297304689867423
rff128,225,0.11297304689867423,0.0145151109803835,0.11297304689867423
ensemble4x32,225,0.11297304689867423,0.01332353199140511,0.11297304689867423
rff24,226,0.10820540620561735,0.019756206450698647,0.10820540620561735
rff64,226,0.10820540620561735,0.018860589183097107,0.10820540620561735
rff128,226,0.10820540620561735,0.020721038177178394,0.10820540620561735
ensemble4x32,226,0.10820540620561735,0.02182194002296679,0.10820540620561735
rff24,227,0.13010838101558286,0.016001522150856776,0.13010838101558286
rff64,227,0.13010838101558286,0.015352149496186998,0.13010838101558286
rff128,227,0.13010838101558286,0.01461516764996554,0.13010838101558286
ensemble4x32,227,0.13010838101558286,0.013917681589757085,0.13010838101558286
rff24,228,0.14981663315771995,0.01632876767862277,0.14981663315771995
rff64,228,0.14981663315771995,0.017473470515966247,0.14981663315771995
rff128,228,0.14981663315771995,0.0182197360450744,0.14981663315771995
ensemble4x32,228,0.14981663315771995,0.01640889731584485,0.14981663315771995
rff24,229,0.12193669353318112,0.013623919175673599,0.12193669353318112
rff64,229,0.12193669353318112,0.014962912479028824,0.12193669353318112
rff128,229,0.12193669353318112,0.013311305331844034,0.12193669353318112
ensemble4x32,229,0.12193669353318112,0.015366547197559139,0.12193669353318112
rff24,230,0.1101710871596856,0.009781440509655364,0.1101710871596856
rff64,230,0.1101710871596856,0.01085271342137641,0.1101710871596856
rff128,230,0.1101710871596856,0.013625776926886433,0.1101710871596856
ensemble4x32,230,0.1101710871596856,0.012756624052683215,0.1101710871596856
rff24,231,0.13318223201408055,0.01719279616626529,0.13318223201408055
rff64,231,0.13318223201408055,0.022109169525464788,0.13318223201408055
rff128,231,0.13318223201408055,0.019320629359348116,0.13318223201408055
ensemble4x32,231,0.13318223201408055,0.019836672416355818,0.13318223201408055
rff24,232,0.16426188230376612,0.018188621986709366,0.16426188230376612
rff64,232,0.16426188230376612,0.01808335614193214,0.16426188230376612
rff128,232,0.16426188230376612,0.01883531437434132,0.16426188230376612
ensemble4x32,232,0.16426188230376612,0.016934369317611813,0.16426188230376612
rff24,233,0.14393208643365413,0.01359089082183602,0.14393208643365413
rff64,233,0.14393208643365413,0.016792853527502608,0.14393208643365413
rff128,233,0.14393208643365413,0.015418481890007026,0.14393208643365413
ensemble4x32,233,0.14393208643365413,0.01607624159896244,0.14393208643365413
rff24,234,0.13697041712189145,0.018179419876554595,0.13697041712189145
rff64,234,0.13697041712189145,0.020598039961688516,0.13697041712189145
rff128,234,0.13697041712189145,0.020747184210195866,0.13697041712189145
ensemble4x32,234,0.13697041712189145,0.018701487779036734,0.13697041712189145
rff24,235,0.12415968077970035,0.01666926807614094,0.12415968077970035
rff64,235,0.12415968077970035,0.01917806358810033,0.12415968077970035
rff128,235,0.12415968077970035,0.018999432342082196,0.12415968077970035
ensemble4x32,235,0.12415968077970035,0.01487209084486976,0.12415968077970035
rff24,236,0.15727758100568281,0.013287678907056334,0.15727758100568281
rff64,236,0.15727758100568281,0.013665215531679696,0.15727758100568281
rff128,236,0.15727758100568281,0.01561098037294573,0.15727758100568281
ensemble4x32,236,0.15727758100568281,0.014703475606909537,0.15727758100568281
rff24,237,0.12282151164339254,0.013494134492149222,0.12282151164339254
rff64,237,0.12282151164339254,0.010736129202507971,0.12282151164339254
rff128,237,0.12282151164339254,0.011384619835444396,0.12282151164339254
ensemble4x32,237,0.12282151164339254,0.01504559484915717,0.12282151164339254
rff24,238,0.13950746263348,0.010737584831898832,0.13950746263348
rff64,238,0.13950746263348,0.011416404045123583,0.13950746263348
rff128,238,0.13950746263348,0.014629482252046898,0.13950746263348
ensemble4x32,238,0.13950746263348,0.013365981484211283,0.13950746263348
rff24,239,0.1307792298108059,0.014512549246861654,0.1307792298108059
rff64,239,0.1307792298108059,0.016119535306254935,0.1307792298108059
rff128,239,0.1307792298108059,0.014855696687013118,0.1307792298108059
ensemble4x32,239,0.1307792298108059,0.014609058241539675,0.1307792298108059
rff24,240,0.13667713432689127,0.016613056326272618,0.13667713432689127
rff64,240,0.13667713432689127,0.013658271299901492,0.13667713432689127
rff128,240,0.13667713432689127,0.016187715291324147,0.13667713432689127
ensemble4x32,240,0.13667713432689127,0.013116544375435829,0.13667713432689127
rff24,241,0.12257259822751505,0.014720686476804662,0.12257259822751505
rff64,241,0.12257259822751505,0.014074702216592327,0.12257259822751505
rff128,241,0.12257259822751505,0.017371869141623413,0.12257259822751505
ensemble4x32,241,0.12257259822751505,0.016711164958128386,0.12257259822751505
rff24,242,0.11932566467008832,0.014081050818356276,0.11932566467008832
rff64,242,0.11932566467008832,0.019187971835742564,0.11932566467008832
rff128,242,0.11932566467008832,0.019186307256996143,0.11932566467008832
ensemble4x32,242,0.11932566467008832,0.018580645082754553,0.11932566467008832
rff24,243,0.1484181304459144,0.012427493135658217,0.1484181304459144
rff64,243,0.1484181304459144,0.012149221322686359,0.1484181304459144
rff128,243,0.1484181304459144,0.012185164618999982,0.1484181304459144
ensemble4x32,243,0.1484181304459144,0.012206034427500286,0.1484181304459144
rff24,244,0.15059431255070418,0.01712940375464034,0.15059431255070418
rff64,244,0.15059431255070418,0.018027278108383914,0.15059431255070418
rff128,244,0.15059431255070418,0.019197896491314193,0.15059431255070418
ensemble4x32,244,0.15059431255070418,0.01809843208723842,0.15059431255070418
rff24,245,0.12855195016920645,0.02279867059712032,0.12855195016920645
rff64,245,0.12855195016920645,0.021457495627158138,0.12855195016920645
rff128,245,0.12855195016920645,0.022373328957923738,0.12855195016920645
ensemble4x32,245,0.12855195016920645,0.020025301805106147,0.12855195016920645
rff24,246,0.09044096328698138,0.018293155808225606,0.09044096328698138
rff64,246,0.09044096328698138,0.014942613633804476,0.09044096328698138
rff128,246,0.09044096328698138,0.01628158587892156,0.09044096328698138
ensemble4x32,246,0.09044096328698138,0.01468668568184877,0.09044096328698138
rff24,247,0.14834952877724605,0.01715423086479238,0.14834952877724605
rff64,247,0.14834952877724605,0.01261404541881625,0.14834952877724605
rff128,247,0.14834952877724605,0.017145107811309786,0.14834952877724605
ensemble4x32,247,0.14834952877724605,0.01688216853154568,0.14834952877724605
rff24,248,0.10525559346599626,0.012578343130151262,0.10525559346599626
rff64,248,0.10525559346599626,0.01834668520979541,0.10525559346599626
rff128,248,0.10525559346599626,0.015575195125695456,0.10525559346599626
ensemble4x32,248,0.10525559346599626,0.015827270529434806,0.10525559346599626
rff24,249,0.1565938264736698,0.01959060113201086,0.1565938264736698
rff64,249,0.1565938264736698,0.02472503234013014,0.1565938264736698
rff128,249,0.1565938264736698,0.023743371491021147,0.1565938264736698
ensemble4x32,249,0.1565938264736698,0.018749218875253784,0.1565938264736698
rff24,250,0.15046949090427794,0.013443003061305048,0.15046949090427794
rff64,250,0.15046949090427794,0.01479400295394215,0.15046949090427794
rff128,250,0.15046949090427794,0.014686587892763526,0.15046949090427794
ensemble4x32,250,0.15046949090427794,0.013214049699804198,0.15046949090427794
rff24,251,0.11529567772592911,0.01136412753786447,0.11529567772592911
rff64,251,0.11529567772592911,0.01413685220070216,0.11529567772592911
rff128,251,0.11529567772592911,0.014740089098092109,0.11529567772592911
ensemble4x32,251,0.11529567772592911,0.013044471080743,0.11529567772592911
rff24,252,0.12129075739064744,0.019652226612975346,0.12129075739064744
rff64,252,0.12129075739064744,0.01791930401303633,0.12129075739064744
rff128,252,0.12129075739064744,0.018816860354614696,0.12129075739064744
ensemble4x32,252,0.12129075739064744,0.01485478271909845,0.12129075739064744
rff24,253,0.1398877918726627,0.02067628842351247,0.1398877918726627
rff64,253,0.1398877918726627,0.021451770002309172,0.1398877918726627
rff128,253,0.1398877918726627,0.020763517066706826,0.1398877918726627
ensemble4x32,253,0.1398877918726627,0.021992151053547494,0.1398877918726627
rff24,254,0.13250578388862125,0.019823544943314977,0.13250578388862125
rff64,254,0.13250578388862125,0.01939832199715572,0.13250578388862125
rff128,254,0.13250578388862125,0.021221966731582522,0.13250578388862125
ensemble4x32,254,0.13250578388862125,0.020220464407291604,0.13250578388862125
rff24,255,0.1345484585238479,0.018220757574631374,0.1345484585238479
rff64,255,0.1345484585238479,0.023282629234797743,0.1345484585238479
rff128,255,0.1345484585238479,0.01789462019327952,0.1345484585238479
ensemble4x32,255,0.1345484585238479,0.01819256958914474,0.1345484585238479
rff24,256,0.14692756903970713,0.01656089768892056,0.14692756903970713
rff64,256,0.14692756903970713,0.013413390963416583,0.14692756903970713
rff128,256,0.14692756903970713,0.01508048811838426,0.14692756903970713
ensemble4x32,256,0.14692756903970713,0.015290544370276712,0.14692756903970713
rff24,257,0.15962345587057228,0.024645696527799275,0.15962345587057228
rff64,257,0.15962345587057228,0.01816354137809109,0.15962345587057228
rff128,257,0.15962345587057228,0.02005261782510799,0.15962345587057228
ensemble4x32,257,0.15962345587057228,0.017296674161051837,0.15962345587057228
rff24,258,0.11025907312103173,0.011335716807147945,0.11025907312103173
rff64,258,0.11025907312103173,0.010966987030020142,0.11025907312103173
rff128,258,0.11025907312103173,0.011339923669078166,0.11025907312103173
ensemble4x32,258,0.11025907312103173,0.012833978517148495,0.11025907312103173
rff24,259,0.12016411393288104,0.0161305011880244,0.12016411393288104
rff64,259,0.12016411393288104,0.018287526605442105,0.12016411393288104
rff128,259,0.12016411393288104,0.022441008295883406,0.12016411393288104
ensemble4x32,259,0.12016411393288104,0.020322796040690577,0.12016411393288104
rff24,260,0.1613583261437479,0.019904721112807423,0.1613583261437479
rff64,260,0.1613583261437479,0.018392475216083417,0.1613583261437479
rff128,260,0.1613583261437479,0.023209333062745516,0.1613583261437479
ensemble4x32,260,0.1613583261437479,0.023043942879379234,0.1613583261437479
rff24,261,0.11253599399437589,0.014709991456833089,0.11253599399437589
rff64,261,0.11253599399437589,0.014916006041363858,0.11253599399437589
rff128,261,0.11253599399437589,0.0176253132487899,0.11253599399437589
ensemble4x32,261,0.11253599399437589,0.01599274122809751,0.11253599399437589
rff24,262,0.14622061672316175,0.012509580300077306,0.14622061672316175
rff64,262,0.14622061672316175,0.013529444704692738,0.14622061672316175
rff128,262,0.14622061672316175,0.014193077355240375,0.14622061672316175
ensemble4x32,262,0.14622061672316175,0.012946365149616593,0.14622061672316175
rff24,263,0.1333825805241698,0.015285321906825335,0.1333825805241698
rff64,263,0.1333825805241698,0.01508006711007772,0.1333825805241698
rff128,263,0.1333825805241698,0.01365118555628197,0.1333825805241698
ensemble4x32,263,0.1333825805241698,0.012173050363055188,0.1333825805241698
rff24,264,0.09590884229137864,0.012140122942296981,0.09590884229137864
rff64,264,0.09590884229137864,0.011086529865593848,0.09590884229137864
rff128,264,0.09590884229137864,0.014493897631131115,0.09590884229137864
ensemble4x32,264,0.09590884229137864,0.011854654021552467,0.09590884229137864
rff24,265,0.13572248185492708,0.016138772182259318,0.13572248185492708
rff64,265,0.13572248185492708,0.01742667468777798,0.13572248185492708
rff128,265,0.13572248185492708,0.01793948857409436,0.13572248185492708
ensemble4x32,265,0.13572248185492708,0.016283918581176532,0.13572248185492708
rff24,266,0.11490004847466274,0.014503418852091676,0.11490004847466274
rff64,266,0.11490004847466274,0.01177128140014102,0.11490004847466274
rff128,266,0.11490004847466274,0.015546456102970004,0.11490004847466274
ensemble4x32,266,0.11490004847466274,0.01246861026255062,0.11490004847466274
rff24,267,0.11773066699269923,0.013828984822554803,0.11773066699269923
rff64,267,0.11773066699269923,0.016257278623243828,0.11773066699269923
rff128,267,0.11773066699269923,0.016020274643286,0.11773066699269923
ensemble4x32,267,0.11773066699269923,0.014781962419881362,0.11773066699269923
rff24,268,0.11256269630183453,0.015407282345109408,0.11256269630183453
rff64,268,0.11256269630183453,0.013907091626654728,0.11256269630183453
rff128,268,0.11256269630183453,0.015205554705394558,0.11256269630183453
ensemble4x32,268,0.11256269630183453,0.0135349320504346,0.11256269630183453
rff24,269,0.10550741679746392,0.013387867643014539,0.10550741679746392
rff64,269,0.10550741679746392,0.012388031560707051,0.10550741679746392
rff128,269,0.10550741679746392,0.016489209001078965,0.10550741679746392
ensemble4x32,269,0.10550741679746392,0.012660068944370237,0.10550741679746392
rff24,270,0.1058234574251325,0.018957686201297504,0.1058234574251325
rff64,270,0.1058234574251325,0.015152136911044523,0.1058234574251325
rff128,270,0.1058234574251325,0.016245687475806844,0.1058234574251325
ensemble4x32,270,0.1058234574251325,0.016839862122701617,0.1058234574251325
rff24,271,0.11691158601435266,0.013482436380385618,0.11691158601435266
rff64,271,0.11691158601435266,0.013427515045157098,0.11691158601435266
rff128,271,0.11691158601435266,0.012217502265884703,0.11691158601435266
ensemble4x32,271,0.11691158601435266,0.011434669673121105,0.11691158601435266
rff24,272,0.13518821233311498,0.016057303287707263,0.13518821233311498
rff64,272,0.13518821233311498,0.02000956169244617,0.13518821233311498
rff128,272,0.13518821233311498,0.02193633341178656,0.13518821233311498
ensemble4x32,272,0.13518821233311498,0.02076338058744086,0.13518821233311498
rff24,273,0.13096707739958297,0.01683687766787292,0.13096707739958297
rff64,273,0.13096707739958297,0.015704202936165375,0.13096707739958297
rff128,273,0.13096707739958297,0.017281512384352885,0.13096707739958297
ensemble4x32,273,0.13096707739958297,0.01691750116734985,0.13096707739958297
rff24,274,0.14575884593555194,0.013846447978993974,0.14575884593555194
rff64,274,0.14575884593555194,0.01192288116246457,0.14575884593555194
rff128,274,0.14575884593555194,0.012446653403135704,0.14575884593555194
ensemble4x32,274,0.14575884593555194,0.014258540880441687,0.14575884593555194
rff24,275,0.14850694885742413,0.014895449465528112,0.14850694885742413
rff64,275,0.14850694885742413,0.014805123147853472,0.14850694885742413
rff128,275,0.14850694885742413,0.016852265972637986,0.14850694885742413
ensemble4x32,275,0.14850694885742413,0.016744324365461874,0.14850694885742413
rff24,276,0.15131294151308156,0.018004954570398184,0.15131294151308156
rff64,276,0.15131294151308156,0.019949567207381936,0.15131294151308156
rff128,276,0.15131294151308156,0.016381375078352006,0.15131294151308156
ensemble4x32,276,0.15131294151308156,0.015846410814753378,0.15131294151308156
rff24,277,0.11983728879729766,0.011223101141136308,0.11983728879729766
rff64,277,0.11983728879729766,0.01010907188876342,0.11983728879729766
rff128,277,0.11983728879729766,0.012015148274222953,0.11983728879729766
ensemble4x32,277,0.11983728879729766,0.009247956722888303,0.11983728879729766
rff24,278,0.12039440887494515,0.015915976608538978,0.12039440887494515
rff64,278,0.12039440887494515,0.017497922859896577,0.12039440887494515
rff128,278,0.12039440887494515,0.018734050457497986,0.12039440887494515
ensemble4x32,278,0.12039440887494515,0.01618161933896827,0.12039440887494515
rff24,279,0.11435159358053018,0.0142599727393052,0.11435159358053018
rff64,279,0.11435159358053018,0.010743707764092855,0.11435159358053018
rff128,279,0.11435159358053018,0.01286307490159156,0.11435159358053018
ensemble4x32,279,0.11435159358053018,0.012453163295144752,0.11435159358053018
rff24,280,0.18830052426348984,0.016827817186848313,0.18830052426348984
rff64,280,0.18830052426348984,0.019100606859007652,0.18830052426348984
rff128,280,0.18830052426348984,0.017593880745996618,0.18830052426348984
ensemble4x32,280,0.18830052426348984,0.018830387520117998,0.18830052426348984
rff24,281,0.15354420142534808,0.016533751019868044,0.15354420142534808
rff64,281,0.15354420142534808,0.023606795534796898,0.15354420142534808
rff128,281,0.15354420142534808,0.024280853436597676,0.15354420142534808
ensemble4x32,281,0.15354420142534808,0.021233026919214137,0.15354420142534808
rff24,282,0.15264749093628102,0.01980165116960279,0.15264749093628102
rff64,282,0.15264749093628102,0.02117828361467956,0.15264749093628102
rff128,282,0.15264749093628102,0.024660075326078213,0.15264749093628102
ensemble4x32,282,0.15264749093628102,0.02250369281042874,0.15264749093628102
rff24,283,0.1079010757393398,0.014425527604372818,0.1079010757393398
rff64,283,0.1079010757393398,0.018790291698045594,0.1079010757393398
rff128,283,0.1079010757393398,0.014850939576097602,0.1079010757393398
ensemble4x32,283,0.1079010757393398,0.012134206741762223,0.1079010757393398
rff24,284,0.1297688895810901,0.01119095427448709,0.1297688895810901
rff64,284,0.1297688895810901,0.010684246686259617,0.1297688895810901
rff128,284,0.1297688895810901,0.012140474392951822,0.1297688895810901
ensemble4x32,284,0.1297688895810901,0.012290903327420942,0.1297688895810901
rff24,285,0.1421478217680313,0.019141993111359883,0.1421478217680313
rff64,285,0.1421478217680313,0.020478369017217946,0.1421478217680313
rff128,285,0.1421478217680313,0.016073469511630058,0.1421478217680313
ensemble4x32,285,0.1421478217680313,0.018089048993167857,0.1421478217680313
rff24,286,0.12047155674695124,0.012658080229195286,0.12047155674695124
rff64,286,0.12047155674695124,0.013878265861466833,0.12047155674695124
rff128,286,0.12047155674695124,0.013065383090204727,0.12047155674695124
ensemble4x32,286,0.12047155674695124,0.011515724812041522,0.12047155674695124
rff24,287,0.11474942016999153,0.014109550467837947,0.11474942016999153
rff64,287,0.11474942016999153,0.014449324272347809,0.11474942016999153
rff128,287,0.11474942016999153,0.01602122831346912,0.11474942016999153
ensemble4x32,287,0.11474942016999153,0.014430027746152665,0.11474942016999153
rff24,288,0.10335367915091707,0.014839618643945895,0.10335367915091707
rff64,288,0.10335367915091707,0.014610420793712503,0.10335367915091707
rff128,288,0.10335367915091707,0.01741942421738251,0.10335367915091707
ensemble4x32,288,0.10335367915091707,0.016347732592178116,0.10335367915091707
rff24,289,0.14982003948600733,0.018082992167067134,0.14982003948600733
rff64,289,0.14982003948600733,0.01465132928137412,0.14982003948600733
rff128,289,0.14982003948600733,0.013192639304446375,0.14982003948600733
ensemble4x32,289,0.14982003948600733,0.015138115845861094,0.14982003948600733
rff24,290,0.13562471663644757,0.01780400578632596,0.13562471663644757
rff64,290,0.13562471663644757,0.019938480175783303,0.13562471663644757
rff128,290,0.13562471663644757,0.018657542143373423,0.13562471663644757
ensemble4x32,290,0.13562471663644757,0.014161737851342091,0.13562471663644757
rff24,291,0.1189654465085683,0.013022898365725883,0.1189654465085683
rff64,291,0.1189654465085683,0.012576818527988342,0.1189654465085683
rff128,291,0.1189654465085683,0.013460844929219435,0.1189654465085683
ensemble4x32,291,0.1189654465085683,0.013999279647698438,0.1189654465085683
rff24,292,0.11445068545499229,0.01610462721380157,0.11445068545499229
rff64,292,0.11445068545499229,0.020847195127818074,0.11445068545499229
rff128,292,0.11445068545499229,0.019034191324128126,0.11445068545499229
ensemble4x32,292,0.11445068545499229,0.017997903367686696,0.11445068545499229
rff24,293,0.11838137638245234,0.011943973854345862,0.11838137638245234
rff64,293,0.11838137638245234,0.012743686650797292,0.11838137638245234
rff128,293,0.11838137638245234,0.011527736821400677,0.11838137638245234
ensemble4x32,293,0.11838137638245234,0.011566273574057283,0.11838137638245234
rff24,294,0.112518749268306,0.015898703617291014,0.112518749268306
rff64,294,0.112518749268306,0.01247776771199876,0.112518749268306
rff128,294,0.112518749268306,0.015097137358386446,0.112518749268306
ensemble4x32,294,0.112518749268306,0.014848068122887349,0.112518749268306
rff24,295,0.12916657245233873,0.018750856734432744,0.12916657245233873
rff64,295,0.12916657245233873,0.013700904481812845,0.12916657245233873
rff128,295,0.12916657245233873,0.014720957047020753,0.12916657245233873
ensemble4x32,295,0.12916657245233873,0.015950230027495266,0.12916657245233873
rff24,296,0.1665009266988543,0.018324917980701388,0.1665009266988543
rff64,296,0.1665009266988543,0.016610326175789718,0.1665009266988543
rff128,296,0.1665009266988543,0.016715294656034167,0.1665009266988543
ensemble4x32,296,0.1665009266988543,0.016816871314681438,0.1665009266988543
rff24,297,0.12087412766727647,0.016919349660119428,0.12087412766727647
rff64,297,0.12087412766727647,0.017004593396886473,0.12087412766727647
rff128,297,0.12087412766727647,0.016765293387933918,0.12087412766727647
ensemble4x32,297,0.12087412766727647,0.016080555143118323,0.12087412766727647
rff24,298,0.13895520228850913,0.012205759877902478,0.13895520228850913
rff64,298,0.13895520228850913,0.012030453046955054,0.13895520228850913
rff128,298,0.13895520228850913,0.01321768004871104,0.13895520228850913
ensemble4x32,298,0.13895520228850913,0.012737537620185348,0.13895520228850913
rff24,299,0.14046019316716263,0.013490606205341536,0.14046019316716263
rff64,299,0.14046019316716263,0.013664370424150559,0.14046019316716263
rff128,299,0.14046019316716263,0.013514776655617289,0.14046019316716263
ensemble4x32,299,0.14046019316716263,0.012938706765048616,0.14046019316716263
rff24,300,0.1288583075842099,0.015270802999721651,0.1288583075842099
rff64,300,0.1288583075842099,0.014845403667527879,0.1288583075842099
rff128,300,0.1288583075842099,0.018347474458362253,0.1288583075842099
ensemble4x32,300,0.1288583075842099,0.01573045361472455,0.1288583075842099
rff24,301,0.10501757126265124,0.011838693396535918,0.10501757126265124
rff64,301,0.10501757126265124,0.015534905874075484,0.10501757126265124
rff128,301,0.10501757126265124,0.013030767970706503,0.10501757126265124
ensemble4x32,301,0.10501757126265124,0.013022737648530548,0.10501757126265124
rff24,302,0.14210408691957582,0.015387633783259651,0.14210408691957582
rff64,302,0.14210408691957582,0.013212602512859207,0.14210408691957582
rff128,302,0.14210408691957582,0.015330956074615796,0.14210408691957582
ensemble4x32,302,0.14210408691957582,0.013816776148825087,0.14210408691957582
rff24,303,0.12786586771479877,0.022897263890905916,0.12786586771479877
rff64,303,0.12786586771479877,0.024445294310178115,0.12786586771479877
rff128,303,0.12786586771479877,0.026233826049162072,0.12786586771479877
ensemble4x32,303,0.12786586771479877,0.02287599516839446,0.12786586771479877
rff24,304,0.12685171875897042,0.016679866219803538,0.12685171875897042
rff64,304,0.12685171875897042,0.018745576114619567,0.12685171875897042
rff128,304,0.12685171875897042,0.01784383132383508,0.12685171875897042
ensemble4x32,304,0.12685171875897042,0.0191978512893521,0.12685171875897042
rff24,305,0.14488750041738124,0.015432581875870027,0.14488750041738124
rff64,305,0.14488750041738124,0.0165609621203014,0.14488750041738124
rff128,305,0.14488750041738124,0.015739427564157492,0.14488750041738124
ensemble4x32,305,0.14488750041738124,0.014872605094339261,0.14488750041738124
rff24,306,0.11098857952415005,0.012009142126123296,0.11098857952415005
rff64,306,0.11098857952415005,0.01875351175262888,0.11098857952415005
rff128,306,0.11098857952415005,0.014999674580383936,0.11098857952415005
ensemble4x32,306,0.11098857952415005,0.014085909089035797,0.11098857952415005
rff24,307,0.12409859538625431,0.013458266031877456,0.12409859538625431
rff64,307,0.12409859538625431,0.014430165920559047,0.12409859538625431
rff128,307,0.12409859538625431,0.013562834831261706,0.12409859538625431
ensemble4x32,307,0.12409859538625431,0.012491029994141,0.12409859538625431
rff24,308,0.13152447586338864,0.01616807557613577,0.13152447586338864
rff64,308,0.13152447586338864,0.014516397806323385,0.13152447586338864
rff128,308,0.13152447586338864,0.019144349837250895,0.13152447586338864
ensemble4x32,308,0.13152447586338864,0.017184811734652833,0.13152447586338864
rff24,309,0.1254289466799896,0.014986229843693428,0.1254289466799896
rff64,309,0.1254289466799896,0.01736170774995895,0.1254289466799896
rff128,309,0.1254289466799896,0.014785336290112814,0.1254289466799896
ensemble4x32,309,0.1254289466799896,0.014018871253487228,0.1254289466799896
rff24,310,0.14435303114296427,0.013261853882721355,0.14435303114296427
rff64,310,0.14435303114296427,0.013373318507967783,0.14435303114296427
rff128,310,0.14435303114296427,0.017117455016564368,0.14435303114296427
ensemble4x32,310,0.14435303114296427,0.013635633805426279,0.14435303114296427
rff24,311,0.12205600832768987,0.01741181299730992,0.12205600832768987
rff64,311,0.12205600832768987,0.0173568269425697,0.12205600832768987
rff128,311,0.12205600832768987,0.01899848247193391,0.12205600832768987
ensemble4x32,311,0.12205600832768987,0.01921872208586677,0.12205600832768987
rff24,312,0.10699514136684123,0.01322382898796534,0.10699514136684123
rff64,312,0.10699514136684123,0.014541866340165936,0.10699514136684123
rff128,312,0.10699514136684123,0.016618955690934852,0.10699514136684123
ensemble4x32,312,0.10699514136684123,0.015538955299333327,0.10699514136684123
rff24,313,0.13160034258547224,0.01584602328964559,0.13160034258547224
rff64,313,0.13160034258547224,0.012940611345612073,0.13160034258547224
rff128,313,0.13160034258547224,0.012903338564580069,0.13160034258547224
ensemble4x32,313,0.13160034258547224,0.01209321276376776,0.13160034258547224
rff24,314,0.08218104366187128,0.010775124111490779,0.08218104366187128
rff64,314,0.08218104366187128,0.012150092896450464,0.08218104366187128
rff128,314,0.08218104366187128,0.01044415018796135,0.08218104366187128
ensemble4x32,314,0.08218104366187128,0.01063928995373873,0.08218104366187128
rff24,315,0.14498683115543778,0.012378886108633106,0.14498683115543778
rff64,315,0.14498683115543778,0.008878305831446793,0.14498683115543778
rff128,315,0.14498683115543778,0.011171490728721478,0.14498683115543778
ensemble4x32,315,0.14498683115543778,0.01161282223595779,0.14498683115543778
rff24,316,0.14018403618922484,0.014837853607084565,0.14018403618922484
rff64,316,0.14018403618922484,0.020960838815675703,0.14018403618922484
rff128,316,0.14018403618922484,0.02115460045948362,0.14018403618922484
ensemble4x32,316,0.14018403618922484,0.019229047411863338,0.14018403618922484
rff24,317,0.11181906852952393,0.014072989920606523,0.11181906852952393
rff64,317,0.11181906852952393,0.013995088573477258,0.11181906852952393
rff128,317,0.11181906852952393,0.013858746957379797,0.11181906852952393
ensemble4x32,317,0.11181906852952393,0.012904958658911381,0.11181906852952393
rff24,318,0.1413636176107549,0.015748415615149804,0.1413636176107549
rff64,318,0.1413636176107549,0.014869452598350779,0.1413636176107549
rff128,318,0.1413636176107549,0.013371271781601402,0.1413636176107549
ensemble4x32,318,0.1413636176107549,0.012836840921737175,0.1413636176107549
rff24,319,0.09801924491073971,0.019892667047039115,0.09801924491073971
rff64,319,0.09801924491073971,0.01628005347557075,0.09801924491073971
rff128,319,0.09801924491073971,0.01585219529208968,0.09801924491073971
ensemble4x32,319,0.09801924491073971,0.015824849434225522,0.09801924491073971
rff24,320,0.15457219379493964,0.020224442462111428,0.15457219379493964
rff64,320,0.15457219379493964,0.019506340734385154,0.15457219379493964
rff128,320,0.15457219379493964,0.01763895358912,0.15457219379493964
ensemble4x32,320,0.15457219379493964,0.017036622425757708,0.15457219379493964
rff24,321,0.10829112713803843,0.01612755752298507,0.10829112713803843
rff64,321,0.10829112713803843,0.013013176286136163,0.10829112713803843
rff128,321,0.10829112713803843,0.017932741596506055,0.10829112713803843
ensemble4x32,321,0.10829112713803843,0.017108238189401184,0.10829112713803843
rff24,322,0.10053620477801074,0.012318764519557346,0.10053620477801074
rff64,322,0.10053620477801074,0.010671720399092212,0.10053620477801074
rff128,322,0.10053620477801074,0.012164443236539986,0.10053620477801074
ensemble4x32,322,0.10053620477801074,0.010935055469743098,0.10053620477801074
rff24,323,0.14078840145276728,0.01929192672097168,0.14078840145276728
rff64,323,0.14078840145276728,0.017404008177811115,0.14078840145276728
rff128,323,0.14078840145276728,0.01716140371683261,0.14078840145276728
ensemble4x32,323,0.14078840145276728,0.01617966135536138,0.14078840145276728
rff24,324,0.13765846205817492,0.014763534009689817,0.13765846205817492
rff64,324,0.13765846205817492,0.01427984843418224,0.13765846205817492
rff128,324,0.13765846205817492,0.012983332300194156,0.13765846205817492
ensemble4x32,324,0.13765846205817492,0.01354427234930425,0.13765846205817492
rff24,325,0.14822206770711455,0.021560188741624096,0.14822206770711455
rff64,325,0.14822206770711455,0.023008436376431428,0.14822206770711455
rff128,325,0.14822206770711455,0.024122852033710368,0.14822206770711455
ensemble4x32,325,0.14822206770711455,0.02120833728915559,0.14822206770711455
rff24,326,0.10427391484651058,0.01428747389037386,0.10427391484651058
rff64,326,0.10427391484651058,0.014241856511622924,0.10427391484651058
rff128,326,0.10427391484651058,0.013461393650896644,0.10427391484651058
ensemble4x32,326,0.10427391484651058,0.012064560721285748,0.10427391484651058
rff24,327,0.11485928458438881,0.01179881520833655,0.11485928458438881
rff64,327,0.11485928458438881,0.013006123581365865,0.11485928458438881
rff128,327,0.11485928458438881,0.013029243477558324,0.11485928458438881
ensemble4x32,327,0.11485928458438881,0.011585729905113307,0.11485928458438881
rff24,328,0.18078300861438026,0.03191201057599703,0.18078300861438026
rff64,328,0.18078300861438026,0.029295643518494223,0.18078300861438026
rff128,328,0.18078300861438026,0.026783788624853554,0.18078300861438026
ensemble4x32,328,0.18078300861438026,0.02659493704053189,0.18078300861438026
rff24,329,0.14492885928680332,0.011758045104765557,0.14492885928680332
rff64,329,0.14492885928680332,0.014227533135611233,0.14492885928680332
rff128,329,0.14492885928680332,0.011800683164176264,0.14492885928680332
ensemble4x32,329,0.14492885928680332,0.012318313062732785,0.14492885928680332
rff24,330,0.11739742023313629,0.017024394008424298,0.11739742023313629
rff64,330,0.11739742023313629,0.021277984730424644,0.11739742023313629
rff128,330,0.11739742023313629,0.020808713169696787,0.11739742023313629
ensemble4x32,330,0.11739742023313629,0.02221575677938868,0.11739742023313629
rff24,331,0.13134878554055307,0.019394100902943412,0.13134878554055307
rff64,331,0.13134878554055307,0.01625151224752667,0.13134878554055307
rff128,331,0.13134878554055307,0.0172242670370765,0.13134878554055307
ensemble4x32,331,0.13134878554055307,0.013926583762429131,0.13134878554055307
rff24,332,0.15755546604923937,0.01898194247852887,0.15755546604923937
rff64,332,0.15755546604923937,0.021018378946480204,0.15755546604923937
rff128,332,0.15755546604923937,0.02019158282564868,0.15755546604923937
ensemble4x32,332,0.15755546604923937,0.015079447349712387,0.15755546604923937
rff24,333,0.11111212010310234,0.016908184948590144,0.11111212010310234
rff64,333,0.11111212010310234,0.019258716651933603,0.11111212010310234
rff128,333,0.11111212010310234,0.01718261373269868,0.11111212010310234
ensemble4x32,333,0.11111212010310234,0.017469451009518848,0.11111212010310234
rff24,334,0.15463293439053832,0.015445191875224383,0.15463293439053832
rff64,334,0.15463293439053832,0.013431290069915966,0.15463293439053832
rff128,334,0.15463293439053832,0.015133432952162917,0.15463293439053832
ensemble4x32,334,0.15463293439053832,0.014666969098240881,0.15463293439053832
rff24,335,0.11969218707524137,0.011021881968749212,0.11969218707524137
rff64,335,0.11969218707524137,0.01172634002374486,0.11969218707524137
rff128,335,0.11969218707524137,0.01169127679879121,0.11969218707524137
ensemble4x32,335,0.11969218707524137,0.010549889124619561,0.11969218707524137
rff24,336,0.16727689969187504,0.0137195659572663,0.16727689969187504
rff64,336,0.16727689969187504,0.016360342377274507,0.16727689969187504
rff128,336,0.16727689969187504,0.014864926613736985,0.16727689969187504
ensemble4x32,336,0.16727689969187504,0.013821948583430249,0.16727689969187504
rff24,337,0.13965416413632253,0.02459600142745833,0.13965416413632253
rff64,337,0.13965416413632253,0.022047905238664137,0.13965416413632253
rff128,337,0.13965416413632253,0.023378281908912737,0.13965416413632253
ensemble4x32,337,0.13965416413632253,0.01839353244917972,0.13965416413632253
rff24,338,0.13504258625053045,0.014894955038850655,0.13504258625053045
rff64,338,0.13504258625053045,0.012839682213712298,0.13504258625053045
rff128,338,0.13504258625053045,0.01254972719546235,0.13504258625053045
ensemble4x32,338,0.13504258625053045,0.012814221142118783,0.13504258625053045
rff24,339,0.10769464868164781,0.010835741615417421,0.10769464868164781
rff64,339,0.10769464868164781,0.014820298642105071,0.10769464868164781
rff128,339,0.10769464868164781,0.013361065628082232,0.10769464868164781
ensemble4x32,339,0.10769464868164781,0.013897919367663386,0.10769464868164781
rff24,340,0.11315497332874486,0.014561894406811694,0.11315497332874486
rff64,340,0.11315497332874486,0.010962602591947637,0.11315497332874486
rff128,340,0.11315497332874486,0.013102015101366016,0.11315497332874486
ensemble4x32,340,0.11315497332874486,0.011344794874277649,0.11315497332874486
rff24,341,0.11902169081288025,0.017492853390755212,0.11902169081288025
rff64,341,0.11902169081288025,0.013917244345167116,0.11902169081288025
rff128,341,0.11902169081288025,0.014717949768728028,0.11902169081288025
ensemble4x32,341,0.11902169081288025,0.01415772297169541,0.11902169081288025
rff24,342,0.14226191107580521,0.015224680084587706,0.14226191107580521
rff64,342,0.14226191107580521,0.012920156200130012,0.14226191107580521
rff128,342,0.14226191107580521,0.01571505165894969,0.14226191107580521
ensemble4x32,342,0.14226191107580521,0.012473240142525443,0.14226191107580521
rff24,343,0.1516536466792893,0.01295033361369933,0.1516536466792893
rff64,343,0.1516536466792893,0.013909537334339027,0.1516536466792893
rff128,343,0.1516536466792893,0.013796001269584395,0.1516536466792893
ensemble4x32,343,0.1516536466792893,0.011667164698916984,0.1516536466792893
rff24,344,0.13087935839638076,0.015134761804997532,0.13087935839638076
rff64,344,0.13087935839638076,0.01585865908572554,0.13087935839638076
rff128,344,0.13087935839638076,0.018110550645777317,0.13087935839638076
ensemble4x32,344,0.13087935839638076,0.016146179408503762,0.13087935839638076
rff24,345,0.14913721651785655,0.018911364270795684,0.14913721651785655
rff64,345,0.14913721651785655,0.020268660247841814,0.14913721651785655
rff128,345,0.14913721651785655,0.01923938043991985,0.14913721651785655
ensemble4x32,345,0.14913721651785655,0.02013021050390766,0.14913721651785655
rff24,346,0.13647776550734,0.01525828577539624,0.13647776550734
rff64,346,0.13647776550734,0.01578617561479131,0.13647776550734
rff128,346,0.13647776550734,0.01880741798816867,0.13647776550734
ensemble4x32,346,0.13647776550734,0.017385001949594914,0.13647776550734
rff24,347,0.17250539083265873,0.025918367479046203,0.17250539083265873
rff64,347,0.17250539083265873,0.022329622194054682,0.17250539083265873
rff128,347,0.17250539083265873,0.0209791135485438,0.17250539083265873
ensemble4x32,347,0.17250539083265873,0.01848801269176733,0.17250539083265873
rff24,348,0.14433516354361645,0.017729855065634677,0.14433516354361645
rff64,348,0.14433516354361645,0.01617612061002599,0.14433516354361645
rff128,348,0.14433516354361645,0.016524419409971767,0.14433516354361645
ensemble4x32,348,0.14433516354361645,0.014448545122008317,0.14433516354361645
rff24,349,0.11664985769901916,0.023353419976371453,0.11664985769901916
rff64,349,0.11664985769901916,0.02248456965569716,0.11664985769901916
rff128,349,0.11664985769901916,0.021944320617944147,0.11664985769901916
ensemble4x32,349,0.11664985769901916,0.019040376236874327,0.11664985769901916
rff24,350,0.14307235364893714,0.014476265632868994,0.14307235364893714
rff64,350,0.14307235364893714,0.01333124481179628,0.14307235364893714
rff128,350,0.14307235364893714,0.01439839155086422,0.14307235364893714
ensemble4x32,350,0.14307235364893714,0.011647429761862057,0.14307235364893714
rff24,351,0.11108377424506775,0.01505618309398906,0.11108377424506775
rff64,351,0.11108377424506775,0.014365985907569708,0.11108377424506775
rff128,351,0.11108377424506775,0.013525309258963997,0.11108377424506775
ensemble4x32,351,0.11108377424506775,0.012088278243208465,0.11108377424506775
rff24,352,0.15688930643558935,0.015408219925100572,0.15688930643558935
rff64,352,0.15688930643558935,0.017375688596916128,0.15688930643558935
rff128,352,0.15688930643558935,0.018913165632747465,0.15688930643558935
ensemble4x32,352,0.15688930643558935,0.01622695978487843,0.15688930643558935
rff24,353,0.16334274295827858,0.018439069938983234,0.16334274295827858
rff64,353,0.16334274295827858,0.01947443150114232,0.16334274295827858
rff128,353,0.16334274295827858,0.01806797027897084,0.16334274295827858
ensemble4x32,353,0.16334274295827858,0.01577854118306102,0.16334274295827858
rff24,354,0.13544800437982532,0.015263819829587147,0.13544800437982532
rff64,354,0.13544800437982532,0.01507719111892596,0.13544800437982532
rff128,354,0.13544800437982532,0.017583127653810947,0.13544800437982532
ensemble4x32,354,0.13544800437982532,0.01616104002394446,0.13544800437982532
rff24,355,0.14490027290412769,0.017702588429436346,0.14490027290412769
rff64,355,0.14490027290412769,0.014430818375793355,0.14490027290412769
rff128,355,0.14490027290412769,0.017498668018166526,0.14490027290412769
ensemble4x32,355,0.14490027290412769,0.017207373430722043,0.14490027290412769
rff24,356,0.1640995483529167,0.015447056547927256,0.1640995483529167
rff64,356,0.1640995483529167,0.013956473181195387,0.1640995483529167
rff128,356,0.1640995483529167,0.014179033515169167,0.1640995483529167
ensemble4x32,356,0.1640995483529167,0.014535903688652213,0.1640995483529167
rff24,357,0.14571491535792683,0.017451135302541936,0.14571491535792683
rff64,357,0.14571491535792683,0.012702523618714337,0.14571491535792683
rff128,357,0.14571491535792683,0.013592847788570487,0.14571491535792683
ensemble4x32,357,0.14571491535792683,0.013235660854112721,0.14571491535792683
rff24,358,0.1336323122044223,0.01349368115872427,0.1336323122044223
rff64,358,0.1336323122044223,0.01990074383697643,0.1336323122044223
rff128,358,0.1336323122044223,0.01713426262553501,0.1336323122044223
ensemble4x32,358,0.1336323122044223,0.01680296413471023,0.1336323122044223
rff24,359,0.1334146155226567,0.014403337348649516,0.1334146155226567
rff64,359,0.1334146155226567,0.019491224717655114,0.1334146155226567
rff128,359,0.1334146155226567,0.014848048237282124,0.1334146155226567
ensemble4x32,359,0.1334146155226567,0.016938276492321602,0.1334146155226567
rff24,360,0.14137665551424128,0.015285208879372545,0.14137665551424128
rff64,360,0.14137665551424128,0.01748244293793162,0.14137665551424128
rff128,360,0.14137665551424128,0.015199920017127824,0.14137665551424128
ensemble4x32,360,0.14137665551424128,0.016084477746210333,0.14137665551424128
rff24,361,0.1312886065156412,0.01892496222443507,0.1312886065156412
rff64,361,0.1312886065156412,0.020761202308239513,0.1312886065156412
rff128,361,0.1312886065156412,0.018619857753906052,0.1312886065156412
ensemble4x32,361,0.1312886065156412,0.017104608958984573,0.1312886065156412
rff24,362,0.1447301233408559,0.018192320493435808,0.1447301233408559
rff64,362,0.1447301233408559,0.018095557031500543,0.1447301233408559
rff128,362,0.1447301233408559,0.022202967912258623,0.1447301233408559
ensemble4x32,362,0.1447301233408559,0.016303603674271364,0.1447301233408559
rff24,363,0.12066012961240746,0.012357511997589322,0.12066012961240746
rff64,363,0.12066012961240746,0.013274438072169192,0.12066012961240746
rff128,363,0.12066012961240746,0.013591511450267338,0.12066012961240746
ensemble4x32,363,0.12066012961240746,0.01304796186261237,0.12066012961240746
rff24,364,0.15550688513211663,0.01588529505852128,0.15550688513211663
rff64,364,0.15550688513211663,0.013854585636370705,0.15550688513211663
rff128,364,0.15550688513211663,0.015684555415311233,0.15550688513211663
ensemble4x32,364,0.15550688513211663,0.015719389935425244,0.15550688513211663
rff24,365,0.1709247416482827,0.021363484036963042,0.1709247416482827
rff64,365,0.1709247416482827,0.015967454101292904,0.1709247416482827
rff128,365,0.1709247416482827,0.019712206201742837,0.1709247416482827
ensemble4x32,365,0.1709247416482827,0.019641157887983512,0.1709247416482827
rff24,366,0.11643506904130321,0.01803055559876598,0.11643506904130321
rff64,366,0.11643506904130321,0.015174887531666164,0.11643506904130321
rff128,366,0.11643506904130321,0.014660127253136679,0.11643506904130321
ensemble4x32,366,0.11643506904130321,0.014283211566433739,0.11643506904130321
rff24,367,0.1291745836842442,0.01498565173407185,0.1291745836842442
rff64,367,0.1291745836842442,0.013749086571370759,0.1291745836842442
rff128,367,0.1291745836842442,0.014807252104526058,0.1291745836842442
ensemble4x32,367,0.1291745836842442,0.013502352156173566,0.1291745836842442
rff24,368,0.1202998626820743,0.013915455444111336,0.1202998626820743
rff64,368,0.1202998626820743,0.013833246256966974,0.1202998626820743
rff128,368,0.1202998626820743,0.01557186587392845,0.1202998626820743
ensemble4x32,368,0.1202998626820743,0.01324479462857089,0.1202998626820743
rff24,369,0.15400056638679308,0.014075965371194835,0.15400056638679308
rff64,369,0.15400056638679308,0.01364049235387836,0.15400056638679308
rff128,369,0.15400056638679308,0.011834165171709422,0.15400056638679308
ensemble4x32,369,0.15400056638679308,0.012695853561210132,0.15400056638679308
rff24,370,0.09984891397387478,0.014581754681670812,0.09984891397387478
rff64,370,0.09984891397387478,0.013560326901926099,0.09984891397387478
rff128,370,0.09984891397387478,0.0140910532991702,0.09984891397387478
ensemble4x32,370,0.09984891397387478,0.013154796005217882,0.09984891397387478
rff24,371,0.12263436403576214,0.014135167508919848,0.12263436403576214
rff64,371,0.12263436403576214,0.01412733588915902,0.12263436403576214
rff128,371,0.12263436403576214,0.014036966572053845,0.12263436403576214
ensemble4x32,371,0.12263436403576214,0.016251984216001762,0.12263436403576214
rff24,372,0.12803591306281317,0.016517841581424286,0.12803591306281317
rff64,372,0.12803591306281317,0.01889399337384669,0.12803591306281317
rff128,372,0.12803591306281317,0.01749504784096313,0.12803591306281317
ensemble4x32,372,0.12803591306281317,0.017030548673097785,0.12803591306281317
rff24,373,0.12452035744840702,0.015878050433044907,0.12452035744840702
rff64,373,0.12452035744840702,0.016898751785426817,0.12452035744840702
rff128,373,0.12452035744840702,0.015744354861928895,0.12452035744840702
ensemble4x32,373,0.12452035744840702,0.015149876501092927,0.12452035744840702
rff24,374,0.12122279974728425,0.01611197165493337,0.12122279974728425
rff64,374,0.12122279974728425,0.01492830977636668,0.12122279974728425
rff128,374,0.12122279974728425,0.012579209276045633,0.12122279974728425
ensemble4x32,374,0.12122279974728425,0.012299737650632067,0.12122279974728425
rff24,375,0.12053312537832671,0.015344032795017082,0.12053312537832671
rff64,375,0.12053312537832671,0.01321215308094791,0.12053312537832671
rff128,375,0.12053312537832671,0.0149699596847616,0.12053312537832671
ensemble4x32,375,0.12053312537832671,0.013827398080281595,0.12053312537832671
rff24,376,0.1502767971575398,0.017996084228540512,0.1502767971575398
rff64,376,0.1502767971575398,0.016870499066604167,0.1502767971575398
rff128,376,0.1502767971575398,0.017395816135817886,0.1502767971575398
ensemble4x32,376,0.1502767971575398,0.016856406180573765,0.1502767971575398
rff24,377,0.11173934089229627,0.012421082454568478,0.11173934089229627
rff64,377,0.11173934089229627,0.012466059785343835,0.11173934089229627
rff128,377,0.11173934089229627,0.011484271576691029,0.11173934089229627
ensemble4x32,377,0.11173934089229627,0.01072166166244743,0.11173934089229627
rff24,378,0.1472446693219925,0.015793828024659288,0.1472446693219925
rff64,378,0.1472446693219925,0.02019679156201188,0.1472446693219925
rff128,378,0.1472446693219925,0.01832755791128984,0.1472446693219925
ensemble4x32,378,0.1472446693219925,0.018563499740503565,0.1472446693219925
rff24,379,0.14723823704456201,0.018248197147917405,0.14723823704456201
rff64,379,0.14723823704456201,0.015974836370655117,0.14723823704456201
rff128,379,0.14723823704456201,0.016922390557707914,0.14723823704456201
ensemble4x32,379,0.14723823704456201,0.0129709807827809,0.14723823704456201
rff24,380,0.12559588920709186,0.013976964517237747,0.12559588920709186
rff64,380,0.12559588920709186,0.021971604352714735,0.12559588920709186
rff128,380,0.12559588920709186,0.02128144172570963,0.12559588920709186
ensemble4x32,380,0.12559588920709186,0.02030901486618509,0.12559588920709186
rff24,381,0.12592243555939603,0.015452205087398502,0.12592243555939603
rff64,381,0.12592243555939603,0.013863657588266888,0.12592243555939603
rff128,381,0.12592243555939603,0.01560375979960837,0.12592243555939603
ensemble4x32,381,0.12592243555939603,0.014850795128895328,0.12592243555939603
rff24,382,0.15479833080354685,0.017920493399968065,0.15479833080354685
rff64,382,0.15479833080354685,0.019158245992354987,0.15479833080354685
rff128,382,0.15479833080354685,0.021802241468762924,0.15479833080354685
ensemble4x32,382,0.15479833080354685,0.019372709048192327,0.15479833080354685
rff24,383,0.1270112299937211,0.012673709111928682,0.1270112299937211
rff64,383,0.1270112299937211,0.011887424941619236,0.1270112299937211
rff128,383,0.1270112299937211,0.013465786770431152,0.1270112299937211
ensemble4x32,383,0.1270112299937211,0.0124056805334284,0.1270112299937211
rff24,384,0.1459034996579073,0.011301775568580382,0.1459034996579073
rff64,384,0.1459034996579073,0.012796255728655902,0.1459034996579073
rff128,384,0.1459034996579073,0.011953778033421838,0.1459034996579073
ensemble4x32,384,0.1459034996579073,0.010721965615740537,0.1459034996579073
rff24,385,0.1290332922023859,0.01088873209306351,0.1290332922023859
rff64,385,0.1290332922023859,0.014680088732311213,0.1290332922023859
rff128,385,0.1290332922023859,0.012533835858666827,0.1290332922023859
ensemble4x32,385,0.1290332922023859,0.011031278914351364,0.1290332922023859
rff24,386,0.10369118259520545,0.015569484539104336,0.10369118259520545
rff64,386,0.10369118259520545,0.013256685353259192,0.10369118259520545
rff128,386,0.10369118259520545,0.015108836749975334,0.10369118259520545
ensemble4x32,386,0.10369118259520545,0.016474384193413332,0.10369118259520545
rff24,387,0.12969184258386895,0.021712380674626733,0.12969184258386895
rff64,387,0.12969184258386895,0.018131059705100545,0.12969184258386895
rff128,387,0.12969184258386895,0.016415645818422236,0.12969184258386895
ensemble4x32,387,0.12969184258386895,0.01473100037297916,0.12969184258386895
rff24,388,0.1062844839398277,0.009699899344581722,0.1062844839398277
rff64,388,0.1062844839398277,0.012247758665512526,0.1062844839398277
rff128,388,0.1062844839398277,0.01178532861965826,0.1062844839398277
ensemble4x32,388,0.1062844839398277,0.009801861081815206,0.1062844839398277
rff24,389,0.13363083812327656,0.012412673012863605,0.13363083812327656
rff64,389,0.13363083812327656,0.010457375476155804,0.13363083812327656
rff128,389,0.13363083812327656,0.012090245691639896,0.13363083812327656
ensemble4x32,389,0.13363083812327656,0.011598111229860045,0.13363083812327656
rff24,390,0.13660642669790113,0.012778231835284759,0.13660642669790113
rff64,390,0.13660642669790113,0.015004732040378254,0.13660642669790113
rff128,390,0.13660642669790113,0.013406628143079172,0.13660642669790113
ensemble4x32,390,0.13660642669790113,0.012270803064320069,0.13660642669790113
rff24,391,0.1559597708545881,0.01564194354256492,0.1559597708545881
rff64,391,0.1559597708545881,0.016374161697180138,0.1559597708545881
rff128,391,0.1559597708545881,0.01505849230928005,0.1559597708545881
ensemble4x32,391,0.1559597708545881,0.0167308077887918,0.1559597708545881
rff24,392,0.11698271486707155,0.014952762063661711,0.11698271486707155
rff64,392,0.11698271486707155,0.012906744792798984,0.11698271486707155
rff128,392,0.11698271486707155,0.013554047492764894,0.11698271486707155
ensemble4x32,392,0.11698271486707155,0.014829563565158367,0.11698271486707155
rff24,393,0.11149964105467342,0.009973791144470313,0.11149964105467342
rff64,393,0.11149964105467342,0.008772963899329399,0.11149964105467342
rff128,393,0.11149964105467342,0.012231704730680509,0.11149964105467342
ensemble4x32,393,0.11149964105467342,0.011920857982099742,0.11149964105467342
rff24,394,0.1252073719176056,0.01591752723356982,0.1252073719176056
rff64,394,0.1252073719176056,0.012283842611982482,0.1252073719176056
rff128,394,0.1252073719176056,0.014614264682018503,0.1252073719176056
ensemble4x32,394,0.1252073719176056,0.012169801481538043,0.1252073719176056
rff24,395,0.14256284779451972,0.020383026782198718,0.14256284779451972
rff64,395,0.14256284779451972,0.01046808371450304,0.14256284779451972
rff128,395,0.14256284779451972,0.016016689026607592,0.14256284779451972
ensemble4x32,395,0.14256284779451972,0.012120004585388016,0.14256284779451972
rff24,396,0.17590305797426362,0.0178821480843283,0.17590305797426362
rff64,396,0.17590305797426362,0.024917563434335138,0.17590305797426362
rff128,396,0.17590305797426362,0.03020810318746834,0.17590305797426362
ensemble4x32,396,0.17590305797426362,0.029052620365528227,0.17590305797426362
rff24,397,0.13670566535019904,0.01914196443758305,0.13670566535019904
rff64,397,0.13670566535019904,0.026422832652766313,0.13670566535019904
rff128,397,0.13670566535019904,0.0196521500585077,0.13670566535019904
ensemble4x32,397,0.13670566535019904,0.02020139421314871,0.13670566535019904
rff24,398,0.15231128521770798,0.030930211483012324,0.15231128521770798
rff64,398,0.15231128521770798,0.025933106867596097,0.15231128521770798
rff128,398,0.15231128521770798,0.025106808433122782,0.15231128521770798
ensemble4x32,398,0.15231128521770798,0.027161333926007634,0.15231128521770798
rff24,399,0.13234111088333878,0.014577248933157122,0.13234111088333878
rff64,399,0.13234111088333878,0.014501165214653569,0.13234111088333878
rff128,399,0.13234111088333878,0.0157959810679037,0.13234111088333878
ensemble4x32,399,0.13234111088333878,0.011207368318130472,0.13234111088333878
rff24,400,0.13672997953463467,0.018193040024560857,0.13672997953463467
rff64,400,0.13672997953463467,0.016110077023308703,0.13672997953463467
rff128,400,0.13672997953463467,0.01765567054805863,0.13672997953463467
ensemble4x32,400,0.13672997953463467,0.014758087541775614,0.13672997953463467
rff24,401,0.14910549195847725,0.01647069904058706,0.14910549195847725
rff64,401,0.14910549195847725,0.021864517196632897,0.14910549195847725
rff128,401,0.14910549195847725,0.020695631794118232,0.14910549195847725
ensemble4x32,401,0.14910549195847725,0.01905751943964118,0.14910549195847725
rff24,402,0.12776261483070084,0.012531616565567982,0.12776261483070084
rff64,402,0.12776261483070084,0.013600611316532044,0.12776261483070084
rff128,402,0.12776261483070084,0.014073362740049717,0.12776261483070084
ensemble4x32,402,0.12776261483070084,0.012593946000762971,0.12776261483070084
rff24,403,0.11789056889054499,0.014400227505298619,0.11789056889054499
rff64,403,0.11789056889054499,0.015074426232875577,0.11789056889054499
rff128,403,0.11789056889054499,0.013420930652568153,0.11789056889054499
ensemble4x32,403,0.11789056889054499,0.013059388617766489,0.11789056889054499
rff24,404,0.14079594592520683,0.012831885364917885,0.14079594592520683
rff64,404,0.14079594592520683,0.0142076043848514,0.14079594592520683
rff128,404,0.14079594592520683,0.015322839739332527,0.14079594592520683
ensemble4x32,404,0.14079594592520683,0.014291178698010474,0.14079594592520683
rff24,405,0.13980656726896654,0.029651712323118033,0.13980656726896654
rff64,405,0.13980656726896654,0.028587615058698883,0.13980656726896654
rff128,405,0.13980656726896654,0.030288477719393428,0.13980656726896654
ensemble4x32,405,0.13980656726896654,0.028800345764292815,0.13980656726896654
rff24,406,0.12669122180049816,0.015396035247799825,0.12669122180049816
rff64,406,0.12669122180049816,0.014011368620061342,0.12669122180049816
rff128,406,0.12669122180049816,0.015170915641683259,0.12669122180049816
ensemble4x32,406,0.12669122180049816,0.013910013919961118,0.12669122180049816
rff24,407,0.12769110405615566,0.019393767490553708,0.12769110405615566
rff64,407,0.12769110405615566,0.01614236303163157,0.12769110405615566
rff128,407,0.12769110405615566,0.017729826759917765,0.12769110405615566
ensemble4x32,407,0.12769110405615566,0.016475959073854785,0.12769110405615566
rff24,408,0.12953291339949144,0.017506645158109128,0.12953291339949144
rff64,408,0.12953291339949144,0.02116101885417679,0.12953291339949144
rff128,408,0.12953291339949144,0.016894083601164043,0.12953291339949144
ensemble4x32,408,0.12953291339949144,0.015527472263234351,0.12953291339949144
rff24,409,0.1260341864787792,0.014497834550702521,0.1260341864787792
rff64,409,0.1260341864787792,0.01401133570449161,0.1260341864787792
rff128,409,0.1260341864787792,0.016023257530607113,0.1260341864787792
ensemble4x32,409,0.1260341864787792,0.014176682785817943,0.1260341864787792
rff24,410,0.09943523998516257,0.011255362411741044,0.09943523998516257
rff64,410,0.09943523998516257,0.011279933953323648,0.09943523998516257
rff128,410,0.09943523998516257,0.011212591459411461,0.09943523998516257
ensemble4x32,410,0.09943523998516257,0.0093676336759465,0.09943523998516257
rff24,411,0.1461942606811172,0.011403104857054555,0.1461942606811172
rff64,411,0.1461942606811172,0.01563517081666377,0.1461942606811172
rff128,411,0.1461942606811172,0.012076508715033712,0.1461942606811172
ensemble4x32,411,0.1461942606811172,0.011828993627928358,0.1461942606811172
rff24,412,0.166828248898923,0.021350444835399326,0.166828248898923
rff64,412,0.166828248898923,0.020173817355750193,0.166828248898923
rff128,412,0.166828248898923,0.020370635151173353,0.166828248898923
ensemble4x32,412,0.166828248898923,0.02105121266435873,0.166828248898923
rff24,413,0.10562719735482995,0.01212221237796893,0.10562719735482995
rff64,413,0.10562719735482995,0.014032539929207381,0.10562719735482995
rff128,413,0.10562719735482995,0.014804296991503027,0.10562719735482995
ensemble4x32,413,0.10562719735482995,0.012955536884651606,0.10562719735482995
rff24,414,0.13432310201043374,0.014117116800725284,0.13432310201043374
rff64,414,0.13432310201043374,0.013275571554707396,0.13432310201043374
rff128,414,0.13432310201043374,0.01283439207085141,0.13432310201043374
ensemble4x32,414,0.13432310201043374,0.010649835004265331,0.13432310201043374
rff24,415,0.15676820335835215,0.021982971889648577,0.15676820335835215
rff64,415,0.15676820335835215,0.020968379134195008,0.15676820335835215
rff128,415,0.15676820335835215,0.021266907486674414,0.15676820335835215
ensemble4x32,415,0.15676820335835215,0.019562120959603625,0.15676820335835215
rff24,416,0.13212011336744908,0.015288459703722048,0.13212011336744908
rff64,416,0.13212011336744908,0.012517993217481599,0.13212011336744908
rff128,416,0.13212011336744908,0.01286076085695408,0.13212011336744908
ensemble4x32,416,0.13212011336744908,0.012442750191869389,0.13212011336744908
rff24,417,0.1240296352815056,0.01740782228903486,0.1240296352815056
rff64,417,0.1240296352815056,0.016830193401330056,0.1240296352815056
rff128,417,0.1240296352815056,0.019600852110983825,0.1240296352815056
ensemble4x32,417,0.1240296352815056,0.018013012981440094,0.1240296352815056
rff24,418,0.11026909889570836,0.013762559207299739,0.11026909889570836
rff64,418,0.11026909889570836,0.014626830223913253,0.11026909889570836
rff128,418,0.11026909889570836,0.013594868670542975,0.11026909889570836
ensemble4x32,418,0.11026909889570836,0.012993766948193966,0.11026909889570836
rff24,419,0.10589828848633748,0.013260063590492917,0.10589828848633748
rff64,419,0.10589828848633748,0.013089489267500063,0.10589828848633748
rff128,419,0.10589828848633748,0.01874115941811452,0.10589828848633748
ensemble4x32,419,0.10589828848633748,0.015417890513085036,0.10589828848633748
rff24,420,0.14138907516037413,0.012550373855217246,0.14138907516037413
rff64,420,0.14138907516037413,0.013191715509313511,0.14138907516037413
rff128,420,0.14138907516037413,0.013983188383888921,0.14138907516037413
ensemble4x32,420,0.14138907516037413,0.014235158656214811,0.14138907516037413
rff24,421,0.1267104259804513,0.01304814771098585,0.1267104259804513
rff64,421,0.1267104259804513,0.01431834306949376,0.1267104259804513
rff128,421,0.1267104259804513,0.013911036233027458,0.1267104259804513
ensemble4x32,421,0.1267104259804513,0.012997280875554466,0.1267104259804513
rff24,422,0.10777890126936066,0.01295284311195634,0.10777890126936066
rff64,422,0.10777890126936066,0.013148186852894154,0.10777890126936066
rff128,422,0.10777890126936066,0.01389458382063102,0.10777890126936066
ensemble4x32,422,0.10777890126936066,0.012521952755337998,0.10777890126936066
rff24,423,0.12029781478432539,0.011093021349569753,0.12029781478432539
rff64,423,0.12029781478432539,0.010330536264712219,0.12029781478432539
rff128,423,0.12029781478432539,0.011229138414852704,0.12029781478432539
ensemble4x32,423,0.12029781478432539,0.012997541111553048,0.12029781478432539
rff24,424,0.1386513702958742,0.017204363209096348,0.1386513702958742
rff64,424,0.1386513702958742,0.013599123208178604,0.1386513702958742
rff128,424,0.1386513702958742,0.014814758752904646,0.1386513702958742
ensemble4x32,424,0.1386513702958742,0.0158910702298818,0.1386513702958742
rff24,425,0.16409346278986753,0.016769420931681767,0.16409346278986753
rff64,425,0.16409346278986753,0.01999193511126319,0.16409346278986753
rff128,425,0.16409346278986753,0.01939740395288966,0.16409346278986753
ensemble4x32,425,0.16409346278986753,0.019722129166001332,0.16409346278986753
rff24,426,0.12498365725849553,0.020041513916328132,0.12498365725849553
rff64,426,0.12498365725849553,0.020867932952376052,0.12498365725849553
rff128,426,0.12498365725849553,0.01849664729898588,0.12498365725849553
ensemble4x32,426,0.12498365725849553,0.017820920343221983,0.12498365725849553
rff24,427,0.11375511027607811,0.015776816983207445,0.11375511027607811
rff64,427,0.11375511027607811,0.01630108015128888,0.11375511027607811
rff128,427,0.11375511027607811,0.01573347595294052,0.11375511027607811
ensemble4x32,427,0.11375511027607811,0.013762806157709698,0.11375511027607811
rff24,428,0.15310908632158712,0.022667790728597443,0.15310908632158712
rff64,428,0.15310908632158712,0.020042872655140667,0.15310908632158712
rff128,428,0.15310908632158712,0.02397347096434764,0.15310908632158712
ensemble4x32,428,0.15310908632158712,0.01714108301622715,0.15310908632158712
rff24,429,0.13055052085768698,0.02073373924582827,0.13055052085768698
rff64,429,0.13055052085768698,0.014112565512612555,0.13055052085768698
rff128,429,0.13055052085768698,0.019422179184389425,0.13055052085768698
ensemble4x32,429,0.13055052085768698,0.016449218283540734,0.13055052085768698
rff24,430,0.12022741809462359,0.013075661688785354,0.12022741809462359
rff64,430,0.12022741809462359,0.008767744462858154,0.12022741809462359
rff128,430,0.12022741809462359,0.010622464800129627,0.12022741809462359
ensemble4x32,430,0.12022741809462359,0.00998201875286108,0.12022741809462359
rff24,431,0.160628691156355,0.023809927095119084,0.160628691156355
rff64,431,0.160628691156355,0.026345672352011226,0.160628691156355
rff128,431,0.160628691156355,0.024435271239300768,0.160628691156355
ensemble4x32,431,0.160628691156355,0.020612934798562334,0.160628691156355
rff24,432,0.16331424404476585,0.020797552818414035,0.16331424404476585
rff64,432,0.16331424404476585,0.019920694797098428,0.16331424404476585
rff128,432,0.16331424404476585,0.020662470019653385,0.16331424404476585
ensemble4x32,432,0.16331424404476585,0.019500271843312572,0.16331424404476585
rff24,433,0.13332506126698987,0.015096129916872378,0.13332506126698987
rff64,433,0.13332506126698987,0.01992989442018863,0.13332506126698987
rff128,433,0.13332506126698987,0.017223471697581403,0.13332506126698987
ensemble4x32,433,0.13332506126698987,0.016521454879761574,0.13332506126698987
rff24,434,0.14418111420026403,0.01620025529014236,0.14418111420026403
rff64,434,0.14418111420026403,0.017962122951491563,0.14418111420026403
rff128,434,0.14418111420026403,0.01300368449313279,0.14418111420026403
ensemble4x32,434,0.14418111420026403,0.013354295710605167,0.14418111420026403
rff24,435,0.1705196311211723,0.023243062860268254,0.1705196311211723
rff64,435,0.1705196311211723,0.02504566862082572,0.1705196311211723
rff128,435,0.1705196311211723,0.024608053369412637,0.1705196311211723
ensemble4x32,435,0.1705196311211723,0.022157991988859923,0.1705196311211723
rff24,436,0.11181921791256831,0.015766925662626215,0.11181921791256831
rff64,436,0.11181921791256831,0.013480039169916821,0.11181921791256831
rff128,436,0.11181921791256831,0.013756017910597095,0.11181921791256831
ensemble4x32,436,0.11181921791256831,0.01314929093547863,0.11181921791256831
rff24,437,0.11715909032153576,0.014674314563089434,0.11715909032153576
rff64,437,0.11715909032153576,0.015914840118157938,0.11715909032153576
rff128,437,0.11715909032153576,0.016784757063889728,0.11715909032153576
ensemble4x32,437,0.11715909032153576,0.017358715974975136,0.11715909032153576
rff24,438,0.13192771070735493,0.01628685321907403,0.13192771070735493
rff64,438,0.13192771070735493,0.015158768157023175,0.13192771070735493
rff128,438,0.13192771070735493,0.016707733812452913,0.13192771070735493
ensemble4x32,438,0.13192771070735493,0.012854202452525169,0.13192771070735493
rff24,439,0.13859161497689199,0.019958840926188964,0.13859161497689199
rff64,439,0.13859161497689199,0.022111547875334224,0.13859161497689199
rff128,439,0.13859161497689199,0.021053180981510072,0.13859161497689199
ensemble4x32,439,0.13859161497689199,0.02026387377597105,0.13859161497689199
rff24,440,0.12236812817956488,0.013925470756922017,0.12236812817956488
rff64,440,0.12236812817956488,0.011533248385276022,0.12236812817956488
rff128,440,0.12236812817956488,0.013936570892038112,0.12236812817956488
ensemble4x32,440,0.12236812817956488,0.01371313978174276,0.12236812817956488
rff24,441,0.1835382925549967,0.014202304279746102,0.1835382925549967
rff64,441,0.1835382925549967,0.017065867884934582,0.1835382925549967
rff128,441,0.1835382925549967,0.02098358866813755,0.1835382925549967
ensemble4x32,441,0.1835382925549967,0.018035197932058173,0.1835382925549967
rff24,442,0.13008407455570253,0.015217147900353537,0.13008407455570253
rff64,442,0.13008407455570253,0.01300913304436973,0.13008407455570253
rff128,442,0.13008407455570253,0.016452806890591577,0.13008407455570253
ensemble4x32,442,0.13008407455570253,0.01688130158777758,0.13008407455570253
rff24,443,0.12516695263426247,0.01635050328140652,0.12516695263426247
rff64,443,0.12516695263426247,0.016575561581362107,0.12516695263426247
rff128,443,0.12516695263426247,0.015305572621407753,0.12516695263426247
ensemble4x32,443,0.12516695263426247,0.013499661862295401,0.12516695263426247
rff24,444,0.13368049956480638,0.02043890224572235,0.13368049956480638
rff64,444,0.13368049956480638,0.020951851322737327,0.13368049956480638
rff128,444,0.13368049956480638,0.01881459679623522,0.13368049956480638
ensemble4x32,444,0.13368049956480638,0.021396832531116808,0.13368049956480638
rff24,445,0.17450176177546434,0.024745547501284042,0.17450176177546434
rff64,445,0.17450176177546434,0.021436453767211313,0.17450176177546434
rff128,445,0.17450176177546434,0.019491161049111718,0.17450176177546434
ensemble4x32,445,0.17450176177546434,0.019480598749166772,0.17450176177546434
rff24,446,0.15343260314112736,0.02322410035846484,0.15343260314112736
rff64,446,0.15343260314112736,0.015368126437429932,0.15343260314112736
rff128,446,0.15343260314112736,0.01731946803136408,0.15343260314112736
ensemble4x32,446,0.15343260314112736,0.014349937220040106,0.15343260314112736
rff24,447,0.13722283537876487,0.014188688063560473,0.13722283537876487
rff64,447,0.13722283537876487,0.014535807874257352,0.13722283537876487
rff128,447,0.13722283537876487,0.014361120157118504,0.13722283537876487
ensemble4x32,447,0.13722283537876487,0.014979347307036189,0.13722283537876487
rff24,448,0.09800954783370926,0.012768440807135377,0.09800954783370926
rff64,448,0.09800954783370926,0.012472009056931048,0.09800954783370926
rff128,448,0.09800954783370926,0.013794436332309985,0.09800954783370926
ensemble4x32,448,0.09800954783370926,0.010871904150790885,0.09800954783370926
rff24,449,0.11822261140026248,0.012062609592146974,0.11822261140026248
rff64,449,0.11822261140026248,0.01600559905286692,0.11822261140026248
rff128,449,0.11822261140026248,0.014829866389187445,0.11822261140026248
ensemble4x32,449,0.11822261140026248,0.013377679193151058,0.11822261140026248
rff24,450,0.1318967319107577,0.012885053027689192,0.1318967319107577
rff64,450,0.1318967319107577,0.016080745479815618,0.1318967319107577
rff128,450,0.1318967319107577,0.01654525520396736,0.1318967319107577
ensemble4x32,450,0.1318967319107577,0.012644512479691578,0.1318967319107577
rff24,451,0.11805928648424768,0.01562816226365419,0.11805928648424768
rff64,451,0.11805928648424768,0.016148487662152804,0.11805928648424768
rff128,451,0.11805928648424768,0.014197325879945084,0.11805928648424768
ensemble4x32,451,0.11805928648424768,0.013258670237920264,0.11805928648424768
rff24,452,0.14399102166641062,0.011808172524098779,0.14399102166641062
rff64,452,0.14399102166641062,0.013218157707224629,0.14399102166641062
rff128,452,0.14399102166641062,0.013056447412827262,0.14399102166641062
ensemble4x32,452,0.14399102166641062,0.011804606364399745,0.14399102166641062
rff24,453,0.1430462493593236,0.01357772259537883,0.1430462493593236
rff64,453,0.1430462493593236,0.013640637037996632,0.1430462493593236
rff128,453,0.1430462493593236,0.013659616399638943,0.1430462493593236
ensemble4x32,453,0.1430462493593236,0.01314822023004815,0.1430462493593236
rff24,454,0.19723916662394256,0.03679052888700496,0.19723916662394256
rff64,454,0.19723916662394256,0.03305661872644284,0.19723916662394256
rff128,454,0.19723916662394256,0.03654311564160028,0.19723916662394256
ensemble4x32,454,0.19723916662394256,0.03806374666113041,0.19723916662394256
rff24,455,0.16572562617608555,0.019938909204459704,0.16572562617608555
rff64,455,0.16572562617608555,0.016201422544753433,0.16572562617608555
rff128,455,0.16572562617608555,0.015821790645644977,0.16572562617608555
ensemble4x32,455,0.16572562617608555,0.014322101440919763,0.16572562617608555
rff24,456,0.11394233381875829,0.014274498077427731,0.11394233381875829
rff64,456,0.11394233381875829,0.014604467390912592,0.11394233381875829
rff128,456,0.11394233381875829,0.01564313965088365,0.11394233381875829
ensemble4x32,456,0.11394233381875829,0.013555939407160456,0.11394233381875829
rff24,457,0.13440019701105205,0.013642033815830058,0.13440019701105205
rff64,457,0.13440019701105205,0.013254045384876166,0.13440019701105205
rff128,457,0.13440019701105205,0.014802723357401583,0.13440019701105205
ensemble4x32,457,0.13440019701105205,0.012990807522069742,0.13440019701105205
rff24,458,0.13843733051459717,0.012855332956030063,0.13843733051459717
rff64,458,0.13843733051459717,0.017309294205018318,0.13843733051459717
rff128,458,0.13843733051459717,0.015768457025464658,0.13843733051459717
ensemble4x32,458,0.13843733051459717,0.014981183356707358,0.13843733051459717
rff24,459,0.10962365351727757,0.01349340356721724,0.10962365351727757
rff64,459,0.10962365351727757,0.01310730051975339,0.10962365351727757
rff128,459,0.10962365351727757,0.013317283115031307,0.10962365351727757
ensemble4x32,459,0.10962365351727757,0.01236881014508277,0.10962365351727757
rff24,460,0.13887982112984967,0.011936115338881599,0.13887982112984967
rff64,460,0.13887982112984967,0.014582192751466218,0.13887982112984967
rff128,460,0.13887982112984967,0.013947187879507196,0.13887982112984967
ensemble4x32,460,0.13887982112984967,0.012515457552542337,0.13887982112984967
rff24,461,0.10097732960343335,0.015570460919617193,0.10097732960343335
rff64,461,0.10097732960343335,0.013941402980423328,0.10097732960343335
rff128,461,0.10097732960343335,0.013483783181360313,0.10097732960343335
ensemble4x32,461,0.10097732960343335,0.012622088854401163,0.10097732960343335
rff24,462,0.15414145508861862,0.015296054529652412,0.15414145508861862
rff64,462,0.15414145508861862,0.017376411120309004,0.15414145508861862
rff128,462,0.15414145508861862,0.020129541179531144,0.15414145508861862
ensemble4x32,462,0.15414145508861862,0.01837291094022565,0.15414145508861862
rff24,463,0.13300478223875856,0.01582976928113729,0.13300478223875856
rff64,463,0.13300478223875856,0.013875426523079054,0.13300478223875856
rff128,463,0.13300478223875856,0.015201411740561542,0.13300478223875856
ensemble4x32,463,0.13300478223875856,0.014180448564335592,0.13300478223875856
rff24,464,0.11750503608808541,0.01858055908747763,0.11750503608808541
rff64,464,0.11750503608808541,0.01960190491878988,0.11750503608808541
rff128,464,0.11750503608808541,0.017021802725196763,0.11750503608808541
ensemble4x32,464,0.11750503608808541,0.016044502338696056,0.11750503608808541
rff24,465,0.1577664154371721,0.015381587359733218,0.1577664154371721
rff64,465,0.1577664154371721,0.01632684148071175,0.1577664154371721
rff128,465,0.1577664154371721,0.01592874596654739,0.1577664154371721
ensemble4x32,465,0.1577664154371721,0.014803366056856808,0.1577664154371721
rff24,466,0.13252032447870865,0.01648917598673004,0.13252032447870865
rff64,466,0.13252032447870865,0.01367824655328687,0.13252032447870865
rff128,466,0.13252032447870865,0.015563674377337475,0.13252032447870865
ensemble4x32,466,0.13252032447870865,0.012778105989672073,0.13252032447870865
rff24,467,0.11801083263553783,0.014368188821711337,0.11801083263553783
rff64,467,0.11801083263553783,0.018262037129530454,0.11801083263553783
rff128,467,0.11801083263553783,0.019258041368677287,0.11801083263553783
ensemble4x32,467,0.11801083263553783,0.018078031157680533,0.11801083263553783
rff24,468,0.13630886870315204,0.015922021976631073,0.13630886870315204
rff64,468,0.13630886870315204,0.014774316189946875,0.13630886870315204
rff128,468,0.13630886870315204,0.015283785499751157,0.13630886870315204
ensemble4x32,468,0.13630886870315204,0.013120523381225109,0.13630886870315204
rff24,469,0.13588982736840743,0.017145577206755153,0.13588982736840743
rff64,469,0.13588982736840743,0.014866661638173016,0.13588982736840743
rff128,469,0.13588982736840743,0.015258981448783846,0.13588982736840743
ensemble4x32,469,0.13588982736840743,0.015007813306451,0.13588982736840743
rff24,470,0.13162524735391584,0.016757030657669515,0.13162524735391584
rff64,470,0.13162524735391584,0.013931345321073232,0.13162524735391584
rff128,470,0.13162524735391584,0.012908952476187015,0.13162524735391584
ensemble4x32,470,0.13162524735391584,0.014774517112095834,0.13162524735391584
rff24,471,0.1323821215272614,0.028129934969330334,0.1323821215272614
rff64,471,0.1323821215272614,0.02431982608130948,0.1323821215272614
rff128,471,0.1323821215272614,0.030012142995409285,0.1323821215272614
ensemble4x32,471,0.1323821215272614,0.02308800808457843,0.1323821215272614
rff24,472,0.1450674652528279,0.012049200151393043,0.1450674652528279
rff64,472,0.1450674652528279,0.017026244186820094,0.1450674652528279
rff128,472,0.1450674652528279,0.01709034050580745,0.1450674652528279
ensemble4x32,472,0.1450674652528279,0.017261386021335895,0.1450674652528279
rff24,473,0.11041504104660742,0.015512299371400806,0.11041504104660742
rff64,473,0.11041504104660742,0.015001908962509162,0.11041504104660742
rff128,473,0.11041504104660742,0.01426204157449232,0.11041504104660742
ensemble4x32,473,0.11041504104660742,0.013870794215013603,0.11041504104660742
rff24,474,0.1484933935919904,0.01718500251586355,0.1484933935919904
rff64,474,0.1484933935919904,0.019182301583078744,0.1484933935919904
rff128,474,0.1484933935919904,0.01804513456597438,0.1484933935919904
ensemble4x32,474,0.1484933935919904,0.01562787860503674,0.1484933935919904
rff24,475,0.14526251712040228,0.0189182534662227,0.14526251712040228
rff64,475,0.14526251712040228,0.014454778446069154,0.14526251712040228
rff128,475,0.14526251712040228,0.017663606283832615,0.14526251712040228
ensemble4x32,475,0.14526251712040228,0.015940687010454768,0.14526251712040228
rff24,476,0.1272001871631459,0.019160858987947452,0.1272001871631459
rff64,476,0.1272001871631459,0.01852620503722133,0.1272001871631459
rff128,476,0.1272001871631459,0.01842029760500822,0.1272001871631459
ensemble4x32,476,0.1272001871631459,0.018788983345102386,0.1272001871631459
rff24,477,0.11870925861314874,0.015805682508297003,0.11870925861314874
rff64,477,0.11870925861314874,0.01706543448453736,0.11870925861314874
rff128,477,0.11870925861314874,0.014869830265921414,0.11870925861314874
ensemble4x32,477,0.11870925861314874,0.013746674156972068,0.11870925861314874
rff24,478,0.14230814911297734,0.02095549733896968,0.14230814911297734
rff64,478,0.14230814911297734,0.027556341938715784,0.14230814911297734
rff128,478,0.14230814911297734,0.029127923348488682,0.14230814911297734
ensemble4x32,478,0.14230814911297734,0.02455658867130526,0.14230814911297734
rff24,479,0.12075300459657354,0.013586747676301556,0.12075300459657354
rff64,479,0.12075300459657354,0.013148558554356144,0.12075300459657354
rff128,479,0.12075300459657354,0.013051104086329226,0.12075300459657354
ensemble4x32,479,0.12075300459657354,0.012851406576106209,0.12075300459657354
rff24,480,0.11794182908232373,0.01948668086286467,0.11794182908232373
rff64,480,0.11794182908232373,0.018252262298347286,0.11794182908232373
rff128,480,0.11794182908232373,0.017755319187906154,0.11794182908232373
ensemble4x32,480,0.11794182908232373,0.015356684011380923,0.11794182908232373
rff24,481,0.10266377710405454,0.017107804011265357,0.10266377710405454
rff64,481,0.10266377710405454,0.016190338416604954,0.10266377710405454
rff128,481,0.10266377710405454,0.0166862619323422,0.10266377710405454
ensemble4x32,481,0.10266377710405454,0.017278902620652382,0.10266377710405454
rff24,482,0.11305159624751991,0.01332246296263857,0.11305159624751991
rff64,482,0.11305159624751991,0.014066407923929507,0.11305159624751991
rff128,482,0.11305159624751991,0.019359664719329043,0.11305159624751991
ensemble4x32,482,0.11305159624751991,0.01418739608916465,0.11305159624751991
rff24,483,0.12989629160913876,0.01496080371560639,0.12989629160913876
rff64,483,0.12989629160913876,0.016710204682398717,0.12989629160913876
rff128,483,0.12989629160913876,0.016400697439596944,0.12989629160913876
ensemble4x32,483,0.12989629160913876,0.014977525012599512,0.12989629160913876
rff24,484,0.14607559173137719,0.014524229401895896,0.14607559173137719
rff64,484,0.14607559173137719,0.02108623785930354,0.14607559173137719
rff128,484,0.14607559173137719,0.01847749857223209,0.14607559173137719
ensemble4x32,484,0.14607559173137719,0.01773510676540639,0.14607559173137719
rff24,485,0.10637737251739376,0.01325075058467205,0.10637737251739376
rff64,485,0.10637737251739376,0.012649062897865375,0.10637737251739376
rff128,485,0.10637737251739376,0.013180850264674153,0.10637737251739376
ensemble4x32,485,0.10637737251739376,0.013640454083104138,0.10637737251739376
rff24,486,0.11995778755957054,0.01689881277762184,0.11995778755957054
rff64,486,0.11995778755957054,0.014121707006376187,0.11995778755957054
rff128,486,0.11995778755957054,0.01372060913278111,0.11995778755957054
ensemble4x32,486,0.11995778755957054,0.012983160312471707,0.11995778755957054
rff24,487,0.1404826959232692,0.015058364273106762,0.1404826959232692
rff64,487,0.1404826959232692,0.014922106634663063,0.1404826959232692
rff128,487,0.1404826959232692,0.013833005708405316,0.1404826959232692
ensemble4x32,487,0.1404826959232692,0.014488851936503191,0.1404826959232692
rff24,488,0.1334761028114069,0.012007700784698852,0.1334761028114069
rff64,488,0.1334761028114069,0.013000191595391394,0.1334761028114069
rff128,488,0.1334761028114069,0.012314747458431216,0.1334761028114069
ensemble4x32,488,0.1334761028114069,0.010773403360025913,0.1334761028114069
rff24,489,0.14822050485641022,0.015428020480489944,0.14822050485641022
rff64,489,0.14822050485641022,0.018053627589214482,0.14822050485641022
rff128,489,0.14822050485641022,0.013838742737911906,0.14822050485641022
ensemble4x32,489,0.14822050485641022,0.014591628382412085,0.14822050485641022
rff24,490,0.12004120204944109,0.012674410846824179,0.12004120204944109
rff64,490,0.12004120204944109,0.01813713345020645,0.12004120204944109
rff128,490,0.12004120204944109,0.01499821064511077,0.12004120204944109
ensemble4x32,490,0.12004120204944109,0.014328268032695038,0.12004120204944109
rff24,491,0.107454270710921,0.012165479931746385,0.107454270710921
rff64,491,0.107454270710921,0.015857575240199838,0.107454270710921
rff128,491,0.107454270710921,0.013778668942191943,0.107454270710921
ensemble4x32,491,0.107454270710921,0.011822382781763261,0.107454270710921
rff24,492,0.11854663316715738,0.014236351958086233,0.11854663316715738
rff64,492,0.11854663316715738,0.013112533703256492,0.11854663316715738
rff128,492,0.11854663316715738,0.012143570296749643,0.11854663316715738
ensemble4x32,492,0.11854663316715738,0.010918116723799118,0.11854663316715738
rff24,493,0.11698732124814819,0.013722227846170052,0.11698732124814819
rff64,493,0.11698732124814819,0.01120960659244517,0.11698732124814819
rff128,493,0.11698732124814819,0.013840129081401937,0.11698732124814819
ensemble4x32,493,0.11698732124814819,0.012074867028763647,0.11698732124814819
rff24,494,0.15631465102293227,0.0194158943775997,0.15631465102293227
rff64,494,0.15631465102293227,0.019646528666041167,0.15631465102293227
rff128,494,0.15631465102293227,0.018748143400904506,0.15631465102293227
ensemble4x32,494,0.15631465102293227,0.019061989629663312,0.15631465102293227
rff24,495,0.13834319625822467,0.013803336175274059,0.13834319625822467
rff64,495,0.13834319625822467,0.015813660869714065,0.13834319625822467
rff128,495,0.13834319625822467,0.01611493622883245,0.13834319625822467
ensemble4x32,495,0.13834319625822467,0.017921352782738507,0.13834319625822467
rff24,496,0.1176724509411746,0.013211069443098447,0.1176724509411746
rff64,496,0.1176724509411746,0.015323953825624603,0.1176724509411746
rff128,496,0.1176724509411746,0.012190855332510717,0.1176724509411746
ensemble4x32,496,0.1176724509411746,0.011745773477785045,0.1176724509411746
rff24,497,0.14599610906818944,0.020291109190712482,0.14599610906818944
rff64,497,0.14599610906818944,0.015741236665608695,0.14599610906818944
rff128,497,0.14599610906818944,0.01610346641251613,0.14599610906818944
ensemble4x32,497,0.14599610906818944,0.016508800532794535,0.14599610906818944
rff24,498,0.15828783810609454,0.020550574771897225,0.15828783810609454
rff64,498,0.15828783810609454,0.021645807233950837,0.15828783810609454
rff128,498,0.15828783810609454,0.021064223779282906,0.15828783810609454
ensemble4x32,498,0.15828783810609454,0.019730889906991005,0.15828783810609454
rff24,499,0.11857318651355254,0.02089082702001899,0.11857318651355254
rff64,499,0.11857318651355254,0.01578070508723905,0.11857318651355254
rff128,499,0.11857318651355254,0.016488322269211913,0.11857318651355254
ensemble4x32,499,0.11857318651355254,0.014590671480345405,0.11857318651355254
rff24,500,0.12387594826563432,0.018582501856814676,0.12387594826563432
rff64,500,0.12387594826563432,0.019405890453978725,0.12387594826563432
rff128,500,0.12387594826563432,0.02205316394102496,0.12387594826563432
ensemble4x32,500,0.12387594826563432,0.019094364358105513,0.12387594826563432
rff24,501,0.14006582891054503,0.012234306867645678,0.14006582891054503
rff64,501,0.14006582891054503,0.014469709829849067,0.14006582891054503
rff128,501,0.14006582891054503,0.016261257479703008,0.14006582891054503
ensemble4x32,501,0.14006582891054503,0.01310143405225973,0.14006582891054503
rff24,502,0.1322498209398776,0.017486343533411414,0.1322498209398776
rff64,502,0.1322498209398776,0.015780756699466367,0.1322498209398776
rff128,502,0.1322498209398776,0.013939594386881932,0.1322498209398776
ensemble4x32,502,0.1322498209398776,0.014771030420659671,0.1322498209398776
rff24,503,0.13858689901734497,0.02053071670966149,0.13858689901734497
rff64,503,0.13858689901734497,0.018639963990592822,0.13858689901734497
rff128,503,0.13858689901734497,0.021158978210782272,0.13858689901734497
ensemble4x32,503,0.13858689901734497,0.020876368836797277,0.13858689901734497
rff24,504,0.15068121871593076,0.01770438377729212,0.15068121871593076
rff64,504,0.15068121871593076,0.015886608146746913,0.15068121871593076
rff128,504,0.15068121871593076,0.01592495332415561,0.15068121871593076
ensemble4x32,504,0.15068121871593076,0.014876374720673918,0.15068121871593076
rff24,505,0.16524570577609188,0.017372697416920768,0.16524570577609188
rff64,505,0.16524570577609188,0.017803839158622294,0.16524570577609188
rff128,505,0.16524570577609188,0.018495452761661445,0.16524570577609188
ensemble4x32,505,0.16524570577609188,0.01696906134987442,0.16524570577609188
rff24,506,0.12254780616658077,0.01347418881298702,0.12254780616658077
rff64,506,0.12254780616658077,0.01694448338684582,0.12254780616658077
rff128,506,0.12254780616658077,0.014971267473165272,0.12254780616658077
ensemble4x32,506,0.12254780616658077,0.014525591332387375,0.12254780616658077
rff24,507,0.15362254063058645,0.014488682111802818,0.15362254063058645
rff64,507,0.15362254063058645,0.01528583692481842,0.15362254063058645
rff128,507,0.15362254063058645,0.016190711448249615,0.15362254063058645
ensemble4x32,507,0.15362254063058645,0.011535190866855321,0.15362254063058645
rff24,508,0.13802104787478048,0.012215877138115795,0.13802104787478048
rff64,508,0.13802104787478048,0.014924729340943575,0.13802104787478048
rff128,508,0.13802104787478048,0.014860013673368597,0.13802104787478048
ensemble4x32,508,0.13802104787478048,0.014189441536069464,0.13802104787478048
rff24,509,0.11682978201787039,0.028974183843274305,0.11682978201787039
rff64,509,0.11682978201787039,0.028362254515397645,0.11682978201787039
rff128,509,0.11682978201787039,0.029853213940372048,0.11682978201787039
ensemble4x32,509,0.11682978201787039,0.02697004744579084,0.11682978201787039
rff24,510,0.1097012582806788,0.01917042341238022,0.1097012582806788
rff64,510,0.1097012582806788,0.014894303204146649,0.1097012582806788
rff128,510,0.1097012582806788,0.017142556411971658,0.1097012582806788
ensemble4x32,510,0.1097012582806788,0.01667926412370083,0.1097012582806788
rff24,511,0.11287168187397982,0.015416258904872986,0.11287168187397982
rff64,511,0.11287168187397982,0.016008691346192844,0.11287168187397982
rff128,511,0.11287168187397982,0.013455834146404118,0.11287168187397982
ensemble4x32,511,0.11287168187397982,0.011916381072224501,0.11287168187397982
rff24,512,0.0999847106380159,0.017471933385985718,0.0999847106380159
rff64,512,0.0999847106380159,0.01830695186901304,0.0999847106380159
rff128,512,0.0999847106380159,0.017368656560405475,0.0999847106380159
ensemble4x32,512,0.0999847106380159,0.01622339038922638,0.0999847106380159
rff24,513,0.11235042630587094,0.014630323984775618,0.11235042630587094
rff64,513,0.11235042630587094,0.011552010913939459,0.11235042630587094
rff128,513,0.11235042630587094,0.014357572673173695,0.11235042630587094
ensemble4x32,513,0.11235042630587094,0.014728503460972998,0.11235042630587094
rff24,514,0.12440761227134457,0.010829484355929498,0.12440761227134457
rff64,514,0.12440761227134457,0.01268443178309376,0.12440761227134457
rff128,514,0.12440761227134457,0.012790010173804954,0.12440761227134457
ensemble4x32,514,0.12440761227134457,0.011553700739992886,0.12440761227134457
rff24,515,0.15848087892963494,0.020762136729123783,0.15848087892963494
rff64,515,0.15848087892963494,0.023311286465043823,0.15848087892963494
rff128,515,0.15848087892963494,0.019123751759552474,0.15848087892963494
ensemble4x32,515,0.15848087892963494,0.022458181823985016,0.15848087892963494
rff24,516,0.16738169120098684,0.020325731067612075,0.16738169120098684
rff64,516,0.16738169120098684,0.015589745320393344,0.16738169120098684
rff128,516,0.16738169120098684,0.01750971856333674,0.16738169120098684
ensemble4x32,516,0.16738169120098684,0.018876122348684094,0.16738169120098684
rff24,517,0.1835552829862066,0.015611020447184308,0.1835552829862066
rff64,517,0.1835552829862066,0.021792188241654416,0.1835552829862066
rff128,517,0.1835552829862066,0.020115903175634654,0.1835552829862066
ensemble4x32,517,0.1835552829862066,0.022008543422973908,0.1835552829862066
rff24,518,0.12407331117111527,0.012887960855598192,0.12407331117111527
rff64,518,0.12407331117111527,0.01622077678300693,0.12407331117111527
rff128,518,0.12407331117111527,0.015751693691699094,0.12407331117111527
ensemble4x32,518,0.12407331117111527,0.016650774684824725,0.12407331117111527
rff24,519,0.13869147280943495,0.015954887459361872,0.13869147280943495
rff64,519,0.13869147280943495,0.014517035828483228,0.13869147280943495
rff128,519,0.13869147280943495,0.017266902194666818,0.13869147280943495
ensemble4x32,519,0.13869147280943495,0.01660299034487011,0.13869147280943495
rff24,520,0.14562980367006298,0.015449002039059393,0.14562980367006298
rff64,520,0.14562980367006298,0.01771898956139892,0.14562980367006298
rff128,520,0.14562980367006298,0.016689621284956616,0.14562980367006298
ensemble4x32,520,0.14562980367006298,0.01718115549388026,0.14562980367006298
rff24,521,0.13199621724973315,0.013444957956094369,0.13199621724973315
rff64,521,0.13199621724973315,0.014590989949169837,0.13199621724973315
rff128,521,0.13199621724973315,0.014569974394118237,0.13199621724973315
ensemble4x32,521,0.13199621724973315,0.010836196099572351,0.13199621724973315
rff24,522,0.11286251820604311,0.01396911105614434,0.11286251820604311
rff64,522,0.11286251820604311,0.01415717237593754,0.11286251820604311
rff128,522,0.11286251820604311,0.01623702792207987,0.11286251820604311
ensemble4x32,522,0.11286251820604311,0.014196134383031175,0.11286251820604311
rff24,523,0.12064990759168777,0.013762073714763774,0.12064990759168777
rff64,523,0.12064990759168777,0.013099147558303121,0.12064990759168777
rff128,523,0.12064990759168777,0.013416927102874994,0.12064990759168777
ensemble4x32,523,0.12064990759168777,0.012749083561089124,0.12064990759168777
rff24,524,0.12503154822798992,0.018957612665547463,0.12503154822798992
rff64,524,0.12503154822798992,0.017352789684978845,0.12503154822798992
rff128,524,0.12503154822798992,0.019351478072842626,0.12503154822798992
ensemble4x32,524,0.12503154822798992,0.016748059851785298,0.12503154822798992
rff24,525,0.14790901293856867,0.01670868544156784,0.14790901293856867
rff64,525,0.14790901293856867,0.01367351398565918,0.14790901293856867
rff128,525,0.14790901293856867,0.017043129226321396,0.14790901293856867
ensemble4x32,525,0.14790901293856867,0.017288705935277704,0.14790901293856867
rff24,526,0.150984056107217,0.014194806815131944,0.150984056107217
rff64,526,0.150984056107217,0.014734407862791263,0.150984056107217
rff128,526,0.150984056107217,0.01749632166666601,0.150984056107217
ensemble4x32,526,0.150984056107217,0.01691913148599306,0.150984056107217
rff24,527,0.12517649806636355,0.010081764872436082,0.12517649806636355
rff64,527,0.12517649806636355,0.01147221620167289,0.12517649806636355
rff128,527,0.12517649806636355,0.011359582820134306,0.12517649806636355
ensemble4x32,527,0.12517649806636355,0.01039809263504909,0.12517649806636355
rff24,528,0.14859995361681694,0.013665832400485453,0.14859995361681694
rff64,528,0.14859995361681694,0.01710478205744472,0.14859995361681694
rff128,528,0.14859995361681694,0.018021627915925365,0.14859995361681694
ensemble4x32,528,0.14859995361681694,0.015436691560115949,0.14859995361681694
rff24,529,0.1380061768159372,0.018348346253238522,0.1380061768159372
rff64,529,0.1380061768159372,0.01472148747004497,0.1380061768159372
rff128,529,0.1380061768159372,0.015123143916967731,0.1380061768159372
ensemble4x32,529,0.1380061768159372,0.014563717774282494,0.1380061768159372
rff24,530,0.13106168191389414,0.01709877023807114,0.13106168191389414
rff64,530,0.13106168191389414,0.016141435820161403,0.13106168191389414
rff128,530,0.13106168191389414,0.017079627787015647,0.13106168191389414
ensemble4x32,530,0.13106168191389414,0.015330113095030302,0.13106168191389414
rff24,531,0.11109320234948832,0.0123335027094564,0.11109320234948832
rff64,531,0.11109320234948832,0.012136318708408025,0.11109320234948832
rff128,531,0.11109320234948832,0.010957880069454322,0.11109320234948832
ensemble4x32,531,0.11109320234948832,0.011622067213286041,0.11109320234948832
rff24,532,0.14568235713753389,0.018416782851876833,0.14568235713753389
rff64,532,0.14568235713753389,0.02133486925273254,0.14568235713753389
rff128,532,0.14568235713753389,0.025842007729096252,0.14568235713753389
ensemble4x32,532,0.14568235713753389,0.018406034846376703,0.14568235713753389
rff24,533,0.11903442352963706,0.013757161217366145,0.11903442352963706
rff64,533,0.11903442352963706,0.013488996024701298,0.11903442352963706
rff128,533,0.11903442352963706,0.015167179278192527,0.11903442352963706
ensemble4x32,533,0.11903442352963706,0.013663119662634941,0.11903442352963706
rff24,534,0.12205380387888852,0.0136727187801804,0.12205380387888852
rff64,534,0.12205380387888852,0.01625806882966444,0.12205380387888852
rff128,534,0.12205380387888852,0.012673460024695724,0.12205380387888852
ensemble4x32,534,0.12205380387888852,0.013458202167162796,0.12205380387888852
rff24,535,0.12788607337887592,0.019082151435066107,0.12788607337887592
rff64,535,0.12788607337887592,0.015770695218821996,0.12788607337887592
rff128,535,0.12788607337887592,0.013674940666085699,0.12788607337887592
ensemble4x32,535,0.12788607337887592,0.014036276182218557,0.12788607337887592
rff24,536,0.16011695354163374,0.014555547413767718,0.16011695354163374
rff64,536,0.16011695354163374,0.018060008241624688,0.16011695354163374
rff128,536,0.16011695354163374,0.01692030432541603,0.16011695354163374
ensemble4x32,536,0.16011695354163374,0.016797597852832566,0.16011695354163374
rff24,537,0.10524713300871025,0.012772990250255575,0.10524713300871025
rff64,537,0.10524713300871025,0.012673219873296929,0.10524713300871025
rff128,537,0.10524713300871025,0.010801236459010703,0.10524713300871025
ensemble4x32,537,0.10524713300871025,0.011023677162920862,0.10524713300871025
rff24,538,0.1351324414701958,0.01529336329327603,0.1351324414701958
rff64,538,0.1351324414701958,0.01355103133080532,0.1351324414701958
rff128,538,0.1351324414701958,0.01638736965414129,0.1351324414701958
ensemble4x32,538,0.1351324414701958,0.016698485452806406,0.1351324414701958
rff24,539,0.10486792489191223,0.014857029057113042,0.10486792489191223
rff64,539,0.10486792489191223,0.015266223556113578,0.10486792489191223
rff128,539,0.10486792489191223,0.012596349743737996,0.10486792489191223
ensemble4x32,539,0.10486792489191223,0.013982856437066291,0.10486792489191223
rff24,540,0.13435899734401974,0.018185569175067386,0.13435899734401974
rff64,540,0.13435899734401974,0.014423185010461588,0.13435899734401974
rff128,540,0.13435899734401974,0.015552061283195069,0.13435899734401974
ensemble4x32,540,0.13435899734401974,0.013454518409586948,0.13435899734401974
rff24,541,0.12264655760140156,0.016863134901194298,0.12264655760140156
rff64,541,0.12264655760140156,0.014331215401995723,0.12264655760140156
rff128,541,0.12264655760140156,0.014440459120442322,0.12264655760140156
ensemble4x32,541,0.12264655760140156,0.01410162934524199,0.12264655760140156
rff24,542,0.12476421798215809,0.01226647898431426,0.12476421798215809
rff64,542,0.12476421798215809,0.01865536841917879,0.12476421798215809
rff128,542,0.12476421798215809,0.015796768633717338,0.12476421798215809
ensemble4x32,542,0.12476421798215809,0.018037931254563936,0.12476421798215809
rff24,543,0.13255487151799858,0.019003821972011187,0.13255487151799858
rff64,543,0.13255487151799858,0.020158577644674668,0.13255487151799858
rff128,543,0.13255487151799858,0.019750783329146204,0.13255487151799858
ensemble4x32,543,0.13255487151799858,0.017950366118814776,0.13255487151799858
rff24,544,0.12790139673845538,0.013092214423274953,0.12790139673845538
rff64,544,0.12790139673845538,0.01651110232232625,0.12790139673845538
rff128,544,0.12790139673845538,0.015170688415157113,0.12790139673845538
ensemble4x32,544,0.12790139673845538,0.01177780478896215,0.12790139673845538
rff24,545,0.14886219284305985,0.020118649708478063,0.14886219284305985
rff64,545,0.14886219284305985,0.02046537298030144,0.14886219284305985
rff128,545,0.14886219284305985,0.022832575212301042,0.14886219284305985
ensemble4x32,545,0.14886219284305985,0.02075027253869252,0.14886219284305985
rff24,546,0.13910960736316846,0.01369609806962103,0.13910960736316846
rff64,546,0.13910960736316846,0.016322853569590873,0.13910960736316846
rff128,546,0.13910960736316846,0.015324225112986029,0.13910960736316846
ensemble4x32,546,0.13910960736316846,0.01313924033642637,0.13910960736316846
rff24,547,0.11470111821848787,0.011954760588765928,0.11470111821848787
rff64,547,0.11470111821848787,0.011724419857919896,0.11470111821848787
rff128,547,0.11470111821848787,0.013846459031837479,0.11470111821848787
ensemble4x32,547,0.11470111821848787,0.01307899843464351,0.11470111821848787
rff24,548,0.15040243831445685,0.014907543668504662,0.15040243831445685
rff64,548,0.15040243831445685,0.0125627697431392,0.15040243831445685
rff128,548,0.15040243831445685,0.015420400604601715,0.15040243831445685
ensemble4x32,548,0.15040243831445685,0.013442546126677772,0.15040243831445685
rff24,549,0.13324894910125157,0.015596356665223899,0.13324894910125157
rff64,549,0.13324894910125157,0.015777161684444027,0.13324894910125157
rff128,549,0.13324894910125157,0.015510736817394986,0.13324894910125157
ensemble4x32,549,0.13324894910125157,0.012781772147201397,0.13324894910125157
rff24,550,0.1280910800624354,0.015314245507032222,0.1280910800624354
rff64,550,0.1280910800624354,0.013956385994711933,0.1280910800624354
rff128,550,0.1280910800624354,0.014736364752172658,0.1280910800624354
ensemble4x32,550,0.1280910800624354,0.014504952340588767,0.1280910800624354
rff24,551,0.10908655986011598,0.013030413446961764,0.10908655986011598
rff64,551,0.10908655986011598,0.014837613460381979,0.10908655986011598
rff128,551,0.10908655986011598,0.013213187739211754,0.10908655986011598
ensemble4x32,551,0.10908655986011598,0.013121411264773224,0.10908655986011598
rff24,552,0.1473989922960548,0.015345480265295546,0.1473989922960548
rff64,552,0.1473989922960548,0.013990480724326985,0.1473989922960548
rff128,552,0.1473989922960548,0.015330658502503374,0.1473989922960548
ensemble4x32,552,0.1473989922960548,0.014609584938037436,0.1473989922960548
rff24,553,0.1285147101565942,0.015359941680985216,0.1285147101565942
rff64,553,0.1285147101565942,0.013260479795068288,0.1285147101565942
rff128,553,0.1285147101565942,0.013216556137378495,0.1285147101565942
ensemble4x32,553,0.1285147101565942,0.013768326056034907,0.1285147101565942
rff24,554,0.13505463685813732,0.02190015277394985,0.13505463685813732
rff64,554,0.13505463685813732,0.02066458034001009,0.13505463685813732
rff128,554,0.13505463685813732,0.020491508942999448,0.13505463685813732
ensemble4x32,554,0.13505463685813732,0.019248259743937915,0.13505463685813732
rff24,555,0.10905758468772049,0.012551120522625905,0.10905758468772049
rff64,555,0.10905758468772049,0.013670472313386549,0.10905758468772049
rff128,555,0.10905758468772049,0.0147139423556985,0.10905758468772049
ensemble4x32,555,0.10905758468772049,0.014397434582210576,0.10905758468772049
rff24,556,0.14861687904133095,0.01597878260494607,0.14861687904133095
rff64,556,0.14861687904133095,0.021118486085319875,0.14861687904133095
rff128,556,0.14861687904133095,0.017510934471374452,0.14861687904133095
ensemble4x32,556,0.14861687904133095,0.01675831558190772,0.14861687904133095
rff24,557,0.1594082820881315,0.01591211822114149,0.1594082820881315
rff64,557,0.1594082820881315,0.013592243721292049,0.1594082820881315
rff128,557,0.1594082820881315,0.01319250871061233,0.1594082820881315
ensemble4x32,557,0.1594082820881315,0.012053587373039182,0.1594082820881315
rff24,558,0.137642803146119,0.017259167736281885,0.137642803146119
rff64,558,0.137642803146119,0.017142013019684776,0.137642803146119
rff128,558,0.137642803146119,0.014044471325031416,0.137642803146119
ensemble4x32,558,0.137642803146119,0.016083101290337534,0.137642803146119
rff24,559,0.12229192386284463,0.013153492031941154,0.12229192386284463
rff64,559,0.12229192386284463,0.014631993623007268,0.12229192386284463
rff128,559,0.12229192386284463,0.015389947584873541,0.12229192386284463
ensemble4x32,559,0.12229192386284463,0.014464255858838319,0.12229192386284463
rff24,560,0.12302507471391,0.025007622540975303,0.12302507471391
rff64,560,0.12302507471391,0.025114087071487715,0.12302507471391
rff128,560,0.12302507471391,0.019619699364178338,0.12302507471391
ensemble4x32,560,0.12302507471391,0.02283498911791742,0.12302507471391
rff24,561,0.14875758118162521,0.017602496294915133,0.14875758118162521
rff64,561,0.14875758118162521,0.014129181140593076,0.14875758118162521
rff128,561,0.14875758118162521,0.01493464041862702,0.14875758118162521
ensemble4x32,561,0.14875758118162521,0.01437774507960168,0.14875758118162521
rff24,562,0.15346496047268252,0.016782043496572727,0.15346496047268252
rff64,562,0.15346496047268252,0.016453142389455958,0.15346496047268252
rff128,562,0.15346496047268252,0.01653575953884736,0.15346496047268252
ensemble4x32,562,0.15346496047268252,0.015121540485261846,0.15346496047268252
rff24,563,0.12710678048741306,0.019540466488276034,0.12710678048741306
rff64,563,0.12710678048741306,0.019064772370277844,0.12710678048741306
rff128,563,0.12710678048741306,0.021773539114845853,0.12710678048741306
ensemble4x32,563,0.12710678048741306,0.017463635832600924,0.12710678048741306
rff24,564,0.15091395730850796,0.01056366061325485,0.15091395730850796
rff64,564,0.15091395730850796,0.015026927756442845,0.15091395730850796
rff128,564,0.15091395730850796,0.013562856989353363,0.15091395730850796
ensemble4x32,564,0.15091395730850796,0.011634284601722607,0.15091395730850796
rff24,565,0.11870579292890734,0.01790336701550726,0.11870579292890734
rff64,565,0.11870579292890734,0.01891879112094479,0.11870579292890734
rff128,565,0.11870579292890734,0.0183358435274385,0.11870579292890734
ensemble4x32,565,0.11870579292890734,0.017175179823965308,0.11870579292890734
rff24,566,0.13548249906130264,0.014939610410173039,0.13548249906130264
rff64,566,0.13548249906130264,0.017558421520091606,0.13548249906130264
rff128,566,0.13548249906130264,0.017084357205689616,0.13548249906130264
ensemble4x32,566,0.13548249906130264,0.017108828324014495,0.13548249906130264
rff24,567,0.137380831736686,0.01872794576735336,0.137380831736686
rff64,567,0.137380831736686,0.01559167329203827,0.137380831736686
rff128,567,0.137380831736686,0.017691827236259557,0.137380831736686
ensemble4x32,567,0.137380831736686,0.01638744917474717,0.137380831736686
rff24,568,0.12607496647486138,0.012974021516496514,0.12607496647486138
rff64,568,0.12607496647486138,0.012692382130804182,0.12607496647486138
rff128,568,0.12607496647486138,0.013275866546586367,0.12607496647486138
ensemble4x32,568,0.12607496647486138,0.011597237838642591,0.12607496647486138
rff24,569,0.1629088792190023,0.015547756728858633,0.1629088792190023
rff64,569,0.1629088792190023,0.013402031439669365,0.1629088792190023
rff128,569,0.1629088792190023,0.014819705892799032,0.1629088792190023
ensemble4x32,569,0.1629088792190023,0.012001273227510488,0.1629088792190023
rff24,570,0.10540102110033948,0.015155244477257688,0.10540102110033948
rff64,570,0.10540102110033948,0.01373226589333411,0.10540102110033948
rff128,570,0.10540102110033948,0.015120588249092131,0.10540102110033948
ensemble4x32,570,0.10540102110033948,0.01304258615670188,0.10540102110033948
rff24,571,0.16597921172903446,0.01770592652470682,0.16597921172903446
rff64,571,0.16597921172903446,0.021034537583919224,0.16597921172903446
rff128,571,0.16597921172903446,0.019295176893422552,0.16597921172903446
ensemble4x32,571,0.16597921172903446,0.017970487425598203,0.16597921172903446
rff24,572,0.1245304809372867,0.012749995983226733,0.1245304809372867
rff64,572,0.1245304809372867,0.013239846303087827,0.1245304809372867
rff128,572,0.1245304809372867,0.014189245620857065,0.1245304809372867
ensemble4x32,572,0.1245304809372867,0.012688762829984795,0.1245304809372867
rff24,573,0.15919063708270553,0.012991176378005285,0.15919063708270553
rff64,573,0.15919063708270553,0.01431546541849609,0.15919063708270553
rff128,573,0.15919063708270553,0.0144164495052304,0.15919063708270553
ensemble4x32,573,0.15919063708270553,0.01203439523554059,0.15919063708270553
rff24,574,0.13319912051307334,0.025687313909672625,0.13319912051307334
rff64,574,0.13319912051307334,0.022486267967138165,0.13319912051307334
rff128,574,0.13319912051307334,0.019894989298055197,0.13319912051307334
ensemble4x32,574,0.13319912051307334,0.020508474167623844,0.13319912051307334
rff24,575,0.1407204009047351,0.013786000764188611,0.1407204009047351
rff64,575,0.1407204009047351,0.01975293906959002,0.1407204009047351
rff128,575,0.1407204009047351,0.015021989588610079,0.1407204009047351
ensemble4x32,575,0.1407204009047351,0.013735996363332044,0.1407204009047351
rff24,576,0.11172246783286549,0.014225718252709242,0.11172246783286549
rff64,576,0.11172246783286549,0.017169972233917644,0.11172246783286549
rff128,576,0.11172246783286549,0.01516511304350297,0.11172246783286549
ensemble4x32,576,0.11172246783286549,0.01430018311706573,0.11172246783286549
rff24,577,0.12608494983697544,0.0164807077779295,0.12608494983697544
rff64,577,0.12608494983697544,0.01646388025605994,0.12608494983697544
rff128,577,0.12608494983697544,0.013830600661089779,0.12608494983697544
ensemble4x32,577,0.12608494983697544,0.017152512913953817,0.12608494983697544
rff24,578,0.12645926821625406,0.013138956420001069,0.12645926821625406
rff64,578,0.12645926821625406,0.014801690660745674,0.12645926821625406
rff128,578,0.12645926821625406,0.012936068778029131,0.12645926821625406
ensemble4x32,578,0.12645926821625406,0.012869283801325512,0.12645926821625406
rff24,579,0.12209978683814114,0.014582693489072398,0.12209978683814114
rff64,579,0.12209978683814114,0.015004463116836822,0.12209978683814114
rff128,579,0.12209978683814114,0.014281449797819855,0.12209978683814114
ensemble4x32,579,0.12209978683814114,0.014007724240889696,0.12209978683814114
rff24,580,0.11915908294009024,0.021476489002465002,0.11915908294009024
rff64,580,0.11915908294009024,0.01487665412339708,0.11915908294009024
rff128,580,0.11915908294009024,0.020196301737349404,0.11915908294009024
ensemble4x32,580,0.11915908294009024,0.01705928896468732,0.11915908294009024
rff24,581,0.12804499793804638,0.011941307946596737,0.12804499793804638
rff64,581,0.12804499793804638,0.02050497880400074,0.12804499793804638
rff128,581,0.12804499793804638,0.015880821409349564,0.12804499793804638
ensemble4x32,581,0.12804499793804638,0.017055212638116768,0.12804499793804638
rff24,582,0.1657619285562286,0.01894990882621198,0.1657619285562286
rff64,582,0.1657619285562286,0.027035417315816445,0.1657619285562286
rff128,582,0.1657619285562286,0.025567873122362725,0.1657619285562286
ensemble4x32,582,0.1657619285562286,0.025908948122420873,0.1657619285562286
rff24,583,0.15217742126686795,0.019586233501207143,0.15217742126686795
rff64,583,0.15217742126686795,0.02127684131611533,0.15217742126686795
rff128,583,0.15217742126686795,0.0184682989767588,0.15217742126686795
ensemble4x32,583,0.15217742126686795,0.016637419530972447,0.15217742126686795
rff24,584,0.16348382339825523,0.014241557499242287,0.16348382339825523
rff64,584,0.16348382339825523,0.013459142725078862,0.16348382339825523
rff128,584,0.16348382339825523,0.01643935273828222,0.16348382339825523
ensemble4x32,584,0.16348382339825523,0.015840619826421553,0.16348382339825523
rff24,585,0.1502865616354651,0.0214613855373944,0.1502865616354651
rff64,585,0.1502865616354651,0.019213416977714184,0.1502865616354651
rff128,585,0.1502865616354651,0.02004245174717509,0.1502865616354651
ensemble4x32,585,0.1502865616354651,0.02258983423830189,0.1502865616354651
rff24,586,0.10295483861999856,0.01281430111220107,0.10295483861999856
rff64,586,0.10295483861999856,0.01559210887011952,0.10295483861999856
rff128,586,0.10295483861999856,0.0141899720909525,0.10295483861999856
ensemble4x32,586,0.10295483861999856,0.012447094506082052,0.10295483861999856
rff24,587,0.13804428214699863,0.01713365086157953,0.13804428214699863
rff64,587,0.13804428214699863,0.016061926040523825,0.13804428214699863
rff128,587,0.13804428214699863,0.016769139191902538,0.13804428214699863
ensemble4x32,587,0.13804428214699863,0.015468599634741783,0.13804428214699863
rff24,588,0.15022270189339548,0.013671707698807488,0.15022270189339548
rff64,588,0.15022270189339548,0.013118876592907636,0.15022270189339548
rff128,588,0.15022270189339548,0.017706988429439983,0.15022270189339548
ensemble4x32,588,0.15022270189339548,0.013815633800344866,0.15022270189339548
rff24,589,0.10962711401999328,0.01962522624559211,0.10962711401999328
rff64,589,0.10962711401999328,0.02351118385185862,0.10962711401999328
rff128,589,0.10962711401999328,0.023428625137778096,0.10962711401999328
ensemble4x32,589,0.10962711401999328,0.02301841954679746,0.10962711401999328
rff24,590,0.10304045241965099,0.011846832856874736,0.10304045241965099
rff64,590,0.10304045241965099,0.012518463055819187,0.10304045241965099
rff128,590,0.10304045241965099,0.01273354351924609,0.10304045241965099
ensemble4x32,590,0.10304045241965099,0.012145115949216278,0.10304045241965099
rff24,591,0.11435446030030824,0.01451683664343403,0.11435446030030824
rff64,591,0.11435446030030824,0.018996022561978566,0.11435446030030824
rff128,591,0.11435446030030824,0.015357064988786,0.11435446030030824
ensemble4x32,591,0.11435446030030824,0.014340466395577248,0.11435446030030824
rff24,592,0.1263792466107008,0.012171382949882499,0.1263792466107008
rff64,592,0.1263792466107008,0.0152315216742112,0.1263792466107008
rff128,592,0.1263792466107008,0.01365843868283617,0.1263792466107008
ensemble4x32,592,0.1263792466107008,0.013872041962224465,0.1263792466107008
rff24,593,0.16424702718370557,0.021306342452174925,0.16424702718370557
rff64,593,0.16424702718370557,0.023611089251423974,0.16424702718370557
rff128,593,0.16424702718370557,0.02058642477356692,0.16424702718370557
ensemble4x32,593,0.16424702718370557,0.021740025534657356,0.16424702718370557
rff24,594,0.12911705179909444,0.014326985442050461,0.12911705179909444
rff64,594,0.12911705179909444,0.016730431114243726,0.12911705179909444
rff128,594,0.12911705179909444,0.01623435143345688,0.12911705179909444
ensemble4x32,594,0.12911705179909444,0.016089076463951094,0.12911705179909444
rff24,595,0.11945636287350686,0.010730183312386298,0.11945636287350686
rff64,595,0.11945636287350686,0.01576913400289772,0.11945636287350686
rff128,595,0.11945636287350686,0.014233697809294813,0.11945636287350686
ensemble4x32,595,0.11945636287350686,0.015379887000273778,0.11945636287350686
rff24,596,0.13387600970665062,0.013294190836249208,0.13387600970665062
rff64,596,0.13387600970665062,0.017321139173901802,0.13387600970665062
rff128,596,0.13387600970665062,0.016293163631988277,0.13387600970665062
ensemble4x32,596,0.13387600970665062,0.016507183674328713,0.13387600970665062
rff24,597,0.10947095539432103,0.013338820870439633,0.10947095539432103
rff64,597,0.10947095539432103,0.015831225050249018,0.10947095539432103
rff128,597,0.10947095539432103,0.01614598833432956,0.10947095539432103
ensemble4x32,597,0.10947095539432103,0.014395000760034781,0.10947095539432103
rff24,598,0.13460221617090748,0.01745938860181725,0.13460221617090748
rff64,598,0.13460221617090748,0.01533454287414403,0.13460221617090748
rff128,598,0.13460221617090748,0.013196296517938074,0.13460221617090748
ensemble4x32,598,0.13460221617090748,0.014264117316392726,0.13460221617090748
rff24,599,0.13659347911752098,0.01961362001823809,0.13659347911752098
rff64,599,0.13659347911752098,0.020023361925658907,0.13659347911752098
rff128,599,0.13659347911752098,0.017452833939578624,0.13659347911752098
ensemble4x32,599,0.13659347911752098,0.01773901108814287,0.13659347911752098
rff24,600,0.12990423326795278,0.012734067962885722,0.12990423326795278
rff64,600,0.12990423326795278,0.01644888644353199,0.12990423326795278
rff128,600,0.12990423326795278,0.014893218908895106,0.12990423326795278
ensemble4x32,600,0.12990423326795278,0.012567314298312898,0.12990423326795278
rff24,601,0.12647676255153167,0.013264283165845905,0.12647676255153167
rff64,601,0.12647676255153167,0.011760350753456396,0.12647676255153167
rff128,601,0.12647676255153167,0.012581858300138521,0.12647676255153167
ensemble4x32,601,0.12647676255153167,0.01273668981210859,0.12647676255153167
rff24,602,0.14915543908684897,0.014289329601820852,0.14915543908684897
rff64,602,0.14915543908684897,0.01434303218616764,0.14915543908684897
rff128,602,0.14915543908684897,0.014657213591766026,0.14915543908684897
ensemble4x32,602,0.14915543908684897,0.013252527259991823,0.14915543908684897
rff24,603,0.1247093495226532,0.015934454471149554,0.1247093495226532
rff64,603,0.1247093495226532,0.016591714264735446,0.1247093495226532
rff128,603,0.1247093495226532,0.015447281183820657,0.1247093495226532
ensemble4x32,603,0.1247093495226532,0.014803005323151555,0.1247093495226532
rff24,604,0.145713266621124,0.011247450955214547,0.145713266621124
rff64,604,0.145713266621124,0.014112606116374622,0.145713266621124
rff128,604,0.145713266621124,0.012671460789012115,0.145713266621124
ensemble4x32,604,0.145713266621124,0.009858965925549861,0.145713266621124
rff24,605,0.14532150469330052,0.01649850412257333,0.14532150469330052
rff64,605,0.14532150469330052,0.01625177004997609,0.14532150469330052
rff128,605,0.14532150469330052,0.016057459742062515,0.14532150469330052
ensemble4x32,605,0.14532150469330052,0.014609120122874544,0.14532150469330052
rff24,606,0.14322352312908246,0.012182444110692046,0.14322352312908246
rff64,606,0.14322352312908246,0.012555709982296222,0.14322352312908246
rff128,606,0.14322352312908246,0.012601691374749154,0.14322352312908246
ensemble4x32,606,0.14322352312908246,0.012474341663195563,0.14322352312908246
rff24,607,0.14050396601267168,0.012563325677963647,0.14050396601267168
rff64,607,0.14050396601267168,0.011091611765146104,0.14050396601267168
rff128,607,0.14050396601267168,0.011832574000326264,0.14050396601267168
ensemble4x32,607,0.14050396601267168,0.010607079674385098,0.14050396601267168
rff24,608,0.14238736644193767,0.021630680940495108,0.14238736644193767
rff64,608,0.14238736644193767,0.02093255937507109,0.14238736644193767
rff128,608,0.14238736644193767,0.021176857295486188,0.14238736644193767
ensemble4x32,608,0.14238736644193767,0.02095930338131146,0.14238736644193767
rff24,609,0.1245252308737144,0.017060097574815632,0.1245252308737144
rff64,609,0.1245252308737144,0.020904742844122057,0.1245252308737144
rff128,609,0.1245252308737144,0.023500384354568492,0.1245252308737144
ensemble4x32,609,0.1245252308737144,0.020307935680905945,0.1245252308737144
rff24,610,0.10835894922792601,0.011264415056612806,0.10835894922792601
rff64,610,0.10835894922792601,0.013028872946906644,0.10835894922792601
rff128,610,0.10835894922792601,0.01121150938202784,0.10835894922792601
ensemble4x32,610,0.10835894922792601,0.011235754056832522,0.10835894922792601
rff24,611,0.13725547726313855,0.01755823287930456,0.13725547726313855
rff64,611,0.13725547726313855,0.016760062186622453,0.13725547726313855
rff128,611,0.13725547726313855,0.018458993409125806,0.13725547726313855
ensemble4x32,611,0.13725547726313855,0.015664262702289322,0.13725547726313855
rff24,612,0.13861555535113032,0.013664148808697844,0.13861555535113032
rff64,612,0.13861555535113032,0.014635778170255253,0.13861555535113032
rff128,612,0.13861555535113032,0.015435051945356,0.13861555535113032
ensemble4x32,612,0.13861555535113032,0.015001994111126288,0.13861555535113032
rff24,613,0.15169699729020178,0.023026890255882265,0.15169699729020178
rff64,613,0.15169699729020178,0.01769152878626743,0.15169699729020178
rff128,613,0.15169699729020178,0.016362993141151562,0.15169699729020178
ensemble4x32,613,0.15169699729020178,0.019315036709558135,0.15169699729020178
rff24,614,0.14566027564381817,0.01719119976434317,0.14566027564381817
rff64,614,0.14566027564381817,0.016729394841514637,0.14566027564381817
rff128,614,0.14566027564381817,0.016550003685369283,0.14566027564381817
ensemble4x32,614,0.14566027564381817,0.013399559288267863,0.14566027564381817
rff24,615,0.12880059519742112,0.01522376840483617,0.12880059519742112
rff64,615,0.12880059519742112,0.013056273178557952,0.12880059519742112
rff128,615,0.12880059519742112,0.014993692084402778,0.12880059519742112
ensemble4x32,615,0.12880059519742112,0.014501662611607688,0.12880059519742112
rff24,616,0.1206990202706619,0.011609183428253622,0.1206990202706619
rff64,616,0.1206990202706619,0.013569038815022525,0.1206990202706619
rff128,616,0.1206990202706619,0.013969937813727507,0.1206990202706619
ensemble4x32,616,0.1206990202706619,0.01203760188681477,0.1206990202706619
rff24,617,0.11133270101169922,0.019701847858060655,0.11133270101169922
rff64,617,0.11133270101169922,0.017004548570319668,0.11133270101169922
rff128,617,0.11133270101169922,0.013275242149713175,0.11133270101169922
ensemble4x32,617,0.11133270101169922,0.014843139241812827,0.11133270101169922
rff24,618,0.1725918619133171,0.01927653697486042,0.1725918619133171
rff64,618,0.1725918619133171,0.02328770236306707,0.1725918619133171
rff128,618,0.1725918619133171,0.02030010044393962,0.1725918619133171
ensemble4x32,618,0.1725918619133171,0.017212794132009913,0.1725918619133171
rff24,619,0.11069526674687899,0.012019957140934802,0.11069526674687899
rff64,619,0.11069526674687899,0.01106203443456101,0.11069526674687899
rff128,619,0.11069526674687899,0.010485452107498575,0.11069526674687899
ensemble4x32,619,0.11069526674687899,0.010982360185777642,0.11069526674687899
rff24,620,0.128037427503571,0.01828800940718436,0.128037427503571
rff64,620,0.128037427503571,0.021679041426388875,0.128037427503571
rff128,620,0.128037427503571,0.019693803065219243,0.128037427503571
ensemble4x32,620,0.128037427503571,0.01827897698022247,0.128037427503571
rff24,621,0.11428935516063751,0.013128003222681718,0.11428935516063751
rff64,621,0.11428935516063751,0.011641238676096297,0.11428935516063751
rff128,621,0.11428935516063751,0.011454109654635497,0.11428935516063751
ensemble4x32,621,0.11428935516063751,0.011270035060264253,0.11428935516063751
rff24,622,0.12223282177825419,0.014227326635802659,0.12223282177825419
rff64,622,0.12223282177825419,0.016344369296244735,0.12223282177825419
rff128,622,0.12223282177825419,0.015032981138781699,0.12223282177825419
ensemble4x32,622,0.12223282177825419,0.013484313617497273,0.12223282177825419
rff24,623,0.10482685050548093,0.017672431669254297,0.10482685050548093
rff64,623,0.10482685050548093,0.01781978261730573,0.10482685050548093
rff128,623,0.10482685050548093,0.01646842229240836,0.10482685050548093
ensemble4x32,623,0.10482685050548093,0.016312252749346428,0.10482685050548093
rff24,624,0.10675094936544594,0.011251253339026357,0.10675094936544594
rff64,624,0.10675094936544594,0.013335839543144656,0.10675094936544594
rff128,624,0.10675094936544594,0.013372884406395794,0.10675094936544594
ensemble4x32,624,0.10675094936544594,0.011901411419505088,0.10675094936544594
rff24,625,0.13396448713917264,0.01644069915783995,0.13396448713917264
rff64,625,0.13396448713917264,0.015872349408272517,0.13396448713917264
rff128,625,0.13396448713917264,0.012858460539952639,0.13396448713917264
ensemble4x32,625,0.13396448713917264,0.011989135814612627,0.13396448713917264
rff24,626,0.13800717569231655,0.010806380678553681,0.13800717569231655
rff64,626,0.13800717569231655,0.017871789065910443,0.13800717569231655
rff128,626,0.13800717569231655,0.01792679358649779,0.13800717569231655
ensemble4x32,626,0.13800717569231655,0.01670200316107398,0.13800717569231655
rff24,627,0.14093258326885255,0.015679338506015394,0.14093258326885255
rff64,627,0.14093258326885255,0.011856434682203047,0.14093258326885255
rff128,627,0.14093258326885255,0.01458344008568567,0.14093258326885255
ensemble4x32,627,0.14093258326885255,0.014314436961194001,0.14093258326885255
rff24,628,0.12561189863450278,0.01404471149065651,0.12561189863450278
rff64,628,0.12561189863450278,0.012890359205410006,0.12561189863450278
rff128,628,0.12561189863450278,0.013612065387240422,0.12561189863450278
ensemble4x32,628,0.12561189863450278,0.012820764934860871,0.12561189863450278
rff24,629,0.1127176007546632,0.011167808583318298,0.1127176007546632
rff64,629,0.1127176007546632,0.012130245476790103,0.1127176007546632
rff128,629,0.1127176007546632,0.014930965157545063,0.1127176007546632
ensemble4x32,629,0.1127176007546632,0.011687981603437543,0.1127176007546632
rff24,630,0.11248533392417819,0.018329100846697585,0.11248533392417819
rff64,630,0.11248533392417819,0.012823923011615192,0.11248533392417819
rff128,630,0.11248533392417819,0.017612396793219222,0.11248533392417819
ensemble4x32,630,0.11248533392417819,0.012829382641405913,0.11248533392417819
rff24,631,0.13073746370058195,0.02792274567518096,0.13073746370058195
rff64,631,0.13073746370058195,0.02411830341709434,0.13073746370058195
rff128,631,0.13073746370058195,0.027495878402499507,0.13073746370058195
ensemble4x32,631,0.13073746370058195,0.023170572012369405,0.13073746370058195
rff24,632,0.09973354512919452,0.015515961675652695,0.09973354512919452
rff64,632,0.09973354512919452,0.01886842568774678,0.09973354512919452
rff128,632,0.09973354512919452,0.016232830279975144,0.09973354512919452
ensemble4x32,632,0.09973354512919452,0.015394282383069276,0.09973354512919452
rff24,633,0.14492242302743316,0.01971278284974863,0.14492242302743316
rff64,633,0.14492242302743316,0.020233709562862266,0.14492242302743316
rff128,633,0.14492242302743316,0.017980306801341526,0.14492242302743316
ensemble4x32,633,0.14492242302743316,0.016150509737027967,0.14492242302743316
rff24,634,0.11370144358385245,0.011423359742104261,0.11370144358385245
rff64,634,0.11370144358385245,0.011566671153711376,0.11370144358385245
rff128,634,0.11370144358385245,0.011754067282300646,0.11370144358385245
ensemble4x32,634,0.11370144358385245,0.01118285074013122,0.11370144358385245
rff24,635,0.13392915243321712,0.01601947807949243,0.13392915243321712
rff64,635,0.13392915243321712,0.016324260900782154,0.13392915243321712
rff128,635,0.13392915243321712,0.015158530452346988,0.13392915243321712
ensemble4x32,635,0.13392915243321712,0.014492963791169785,0.13392915243321712
rff24,636,0.11690057479393932,0.015593133688043779,0.11690057479393932
rff64,636,0.11690057479393932,0.013601042846298098,0.11690057479393932
rff128,636,0.11690057479393932,0.01788258517705979,0.11690057479393932
ensemble4x32,636,0.11690057479393932,0.015250485266914963,0.11690057479393932
rff24,637,0.13292634581619192,0.014426744495852397,0.13292634581619192
rff64,637,0.13292634581619192,0.015866911097704963,0.13292634581619192
rff128,637,0.13292634581619192,0.016465241963379697,0.13292634581619192
ensemble4x32,637,0.13292634581619192,0.014507065807436837,0.13292634581619192
rff24,638,0.15216832612052308,0.014596379982186226,0.15216832612052308
rff64,638,0.15216832612052308,0.01871590821684008,0.15216832612052308
rff128,638,0.15216832612052308,0.017707129475729406,0.15216832612052308
ensemble4x32,638,0.15216832612052308,0.017110528493689665,0.15216832612052308
rff24,639,0.1642392465454593,0.02504248315059159,0.1642392465454593
rff64,639,0.1642392465454593,0.02165376760473177,0.1642392465454593
rff128,639,0.1642392465454593,0.023545496043561782,0.1642392465454593
ensemble4x32,639,0.1642392465454593,0.022328169303297198,0.1642392465454593
rff24,640,0.1519677990238259,0.01804113841301159,0.1519677990238259
rff64,640,0.1519677990238259,0.01913831711250401,0.1519677990238259
rff128,640,0.1519677990238259,0.024337121202275335,0.1519677990238259
ensemble4x32,640,0.1519677990238259,0.017809887033943168,0.1519677990238259
rff24,641,0.12179348199364128,0.01336961973776916,0.12179348199364128
rff64,641,0.12179348199364128,0.016177830252487452,0.12179348199364128
rff128,641,0.12179348199364128,0.0159798923927869,0.12179348199364128
ensemble4x32,641,0.12179348199364128,0.013577704929370516,0.12179348199364128
rff24,642,0.09127103166418475,0.012819940352777344,0.09127103166418475
rff64,642,0.09127103166418475,0.012604996918518227,0.09127103166418475
rff128,642,0.09127103166418475,0.014889005952503802,0.09127103166418475
ensemble4x32,642,0.09127103166418475,0.014613319772105287,0.09127103166418475
rff24,643,0.16395462452835532,0.01883500585843675,0.16395462452835532
rff64,643,0.16395462452835532,0.015918128900942977,0.16395462452835532
rff128,643,0.16395462452835532,0.016080232671581807,0.16395462452835532
ensemble4x32,643,0.16395462452835532,0.015635682459771868,0.16395462452835532
rff24,644,0.16023729332815817,0.0198513620330842,0.16023729332815817
rff64,644,0.16023729332815817,0.022530432615163316,0.16023729332815817
rff128,644,0.16023729332815817,0.020689011358444104,0.16023729332815817
ensemble4x32,644,0.16023729332815817,0.01986521801080918,0.16023729332815817
rff24,645,0.17550171645857046,0.016438092843667353,0.17550171645857046
rff64,645,0.17550171645857046,0.016343984094890997,0.17550171645857046
rff128,645,0.17550171645857046,0.01561282982754433,0.17550171645857046
ensemble4x32,645,0.17550171645857046,0.014598952458940967,0.17550171645857046
rff24,646,0.14560355000642586,0.021372857160819485,0.14560355000642586
rff64,646,0.14560355000642586,0.023598344014943203,0.14560355000642586
rff128,646,0.14560355000642586,0.020375312094012155,0.14560355000642586
ensemble4x32,646,0.14560355000642586,0.018846276152745714,0.14560355000642586
rff24,647,0.134541659472502,0.01224162432896952,0.134541659472502
rff64,647,0.134541659472502,0.013789989976307789,0.134541659472502
rff128,647,0.134541659472502,0.012282105095422841,0.134541659472502
ensemble4x32,647,0.134541659472502,0.011911126865865108,0.134541659472502
rff24,648,0.13181274421243722,0.014128004938965384,0.13181274421243722
rff64,648,0.13181274421243722,0.01325347171660331,0.13181274421243722
rff128,648,0.13181274421243722,0.013488772185478283,0.13181274421243722
ensemble4x32,648,0.13181274421243722,0.013281926631075042,0.13181274421243722
rff24,649,0.1056140937780267,0.011788145075008954,0.1056140937780267
rff64,649,0.1056140937780267,0.013100925189834847,0.1056140937780267
rff128,649,0.1056140937780267,0.011386916490032312,0.1056140937780267
ensemble4x32,649,0.1056140937780267,0.012094387174763355,0.1056140937780267
rff24,650,0.1033950135281183,0.01826119817086577,0.1033950135281183
rff64,650,0.1033950135281183,0.021833385989265448,0.1033950135281183
rff128,650,0.1033950135281183,0.020007131379055326,0.1033950135281183
ensemble4x32,650,0.1033950135281183,0.015644528276487844,0.1033950135281183
rff24,651,0.13390685450501671,0.01430476750935308,0.13390685450501671
rff64,651,0.13390685450501671,0.01545356335251073,0.13390685450501671
rff128,651,0.13390685450501671,0.015359381306054987,0.13390685450501671
ensemble4x32,651,0.13390685450501671,0.01301497909928553,0.13390685450501671
rff24,652,0.12248483150529571,0.01043432956312937,0.12248483150529571
rff64,652,0.12248483150529571,0.015880339316271103,0.12248483150529571
rff128,652,0.12248483150529571,0.012430591339243662,0.12248483150529571
ensemble4x32,652,0.12248483150529571,0.012693206849175786,0.12248483150529571
rff24,653,0.13079192684978727,0.014587408376971749,0.13079192684978727
rff64,653,0.13079192684978727,0.01641394422882771,0.13079192684978727
rff128,653,0.13079192684978727,0.017188985242821527,0.13079192684978727
ensemble4x32,653,0.13079192684978727,0.017411455703545797,0.13079192684978727
rff24,654,0.1755330646327751,0.02221797901281786,0.1755330646327751
rff64,654,0.1755330646327751,0.01881596172086546,0.1755330646327751
rff128,654,0.1755330646327751,0.023349245752466035,0.1755330646327751
ensemble4x32,654,0.1755330646327751,0.022730502621029543,0.1755330646327751
rff24,655,0.11362463213700591,0.013484993607818786,0.11362463213700591
rff64,655,0.11362463213700591,0.011769282844349737,0.11362463213700591
rff128,655,0.11362463213700591,0.012066818922648903,0.11362463213700591
ensemble4x32,655,0.11362463213700591,0.010966060332598834,0.11362463213700591
rff24,656,0.10535802092074427,0.015614232560913667,0.10535802092074427
rff64,656,0.10535802092074427,0.01614795081346328,0.10535802092074427
rff128,656,0.10535802092074427,0.015141923794975101,0.10535802092074427
ensemble4x32,656,0.10535802092074427,0.01363745559399387,0.10535802092074427
rff24,657,0.11536792897903761,0.012799498924809166,0.11536792897903761
rff64,657,0.11536792897903761,0.013508347634541045,0.11536792897903761
rff128,657,0.11536792897903761,0.01578596904724398,0.11536792897903761
ensemble4x32,657,0.11536792897903761,0.016444491140818522,0.11536792897903761
rff24,658,0.12430413389253478,0.015243484559967312,0.12430413389253478
rff64,658,0.12430413389253478,0.015487363413927051,0.12430413389253478
rff128,658,0.12430413389253478,0.016059286612392525,0.12430413389253478
ensemble4x32,658,0.12430413389253478,0.014931171973153287,0.12430413389253478
rff24,659,0.13721440332820387,0.02400579226345623,0.13721440332820387
rff64,659,0.13721440332820387,0.02371504447315804,0.13721440332820387
rff128,659,0.13721440332820387,0.02287895840009908,0.13721440332820387
ensemble4x32,659,0.13721440332820387,0.024324509522622134,0.13721440332820387
rff24,660,0.1367903627389146,0.022391711898068274,0.1367903627389146
rff64,660,0.1367903627389146,0.019094410986244592,0.1367903627389146
rff128,660,0.1367903627389146,0.02331438822150259,0.1367903627389146
ensemble4x32,660,0.1367903627389146,0.022533381547813952,0.1367903627389146
rff24,661,0.11354794259174317,0.02019769425486794,0.11354794259174317
rff64,661,0.11354794259174317,0.01979844863585851,0.11354794259174317
rff128,661,0.11354794259174317,0.016932264014895015,0.11354794259174317
ensemble4x32,661,0.11354794259174317,0.017901823489327753,0.11354794259174317
rff24,662,0.11692677570084446,0.020637694083961208,0.11692677570084446
rff64,662,0.11692677570084446,0.015777027840373575,0.11692677570084446
rff128,662,0.11692677570084446,0.019823745745263553,0.11692677570084446
ensemble4x32,662,0.11692677570084446,0.01708096009332299,0.11692677570084446
rff24,663,0.1370114375118878,0.015539066447608206,0.1370114375118878
rff64,663,0.1370114375118878,0.016669519378348523,0.1370114375118878
rff128,663,0.1370114375118878,0.018748154674915963,0.1370114375118878
ensemble4x32,663,0.1370114375118878,0.014618766291838278,0.1370114375118878
rff24,664,0.1103293919117458,0.016117507206008328,0.1103293919117458
rff64,664,0.1103293919117458,0.017986266764277007,0.1103293919117458
rff128,664,0.1103293919117458,0.017387016888778,0.1103293919117458
ensemble4x32,664,0.1103293919117458,0.013348436450968507,0.1103293919117458
rff24,665,0.15715922826951192,0.01385689415020702,0.15715922826951192
rff64,665,0.15715922826951192,0.010496504862235145,0.15715922826951192
rff128,665,0.15715922826951192,0.013127515762067098,0.15715922826951192
ensemble4x32,665,0.15715922826951192,0.013289051531876303,0.15715922826951192
rff24,666,0.16278788314329737,0.015912147123317885,0.16278788314329737
rff64,666,0.16278788314329737,0.016155247029733828,0.16278788314329737
rff128,666,0.16278788314329737,0.016165080785458277,0.16278788314329737
ensemble4x32,666,0.16278788314329737,0.014150976090840681,0.16278788314329737
rff24,667,0.1146748286249761,0.014782423615480305,0.1146748286249761
rff64,667,0.1146748286249761,0.01739938905478161,0.1146748286249761
rff128,667,0.1146748286249761,0.012478106713515989,0.1146748286249761
ensemble4x32,667,0.1146748286249761,0.012822791862814136,0.1146748286249761
rff24,668,0.1626736703942908,0.02798867095908063,0.1626736703942908
rff64,668,0.1626736703942908,0.023294181570270196,0.1626736703942908
rff128,668,0.1626736703942908,0.020627435995841294,0.1626736703942908
ensemble4x32,668,0.1626736703942908,0.019767733030050416,0.1626736703942908
rff24,669,0.1497352436435276,0.014227127015595267,0.1497352436435276
rff64,669,0.1497352436435276,0.02023980333521965,0.1497352436435276
rff128,669,0.1497352436435276,0.015931185273443702,0.1497352436435276
ensemble4x32,669,0.1497352436435276,0.018827406102928348,0.1497352436435276
rff24,670,0.09979255785521575,0.011129159342861251,0.09979255785521575
rff64,670,0.09979255785521575,0.010778746729368318,0.09979255785521575
rff128,670,0.09979255785521575,0.010199926311542293,0.09979255785521575
ensemble4x32,670,0.09979255785521575,0.013825753558211624,0.09979255785521575
rff24,671,0.0995417973750093,0.013273669237154145,0.0995417973750093
rff64,671,0.0995417973750093,0.017997470199247294,0.0995417973750093
rff128,671,0.0995417973750093,0.015460911070220134,0.0995417973750093
ensemble4x32,671,0.0995417973750093,0.014570474049528088,0.0995417973750093
rff24,672,0.11656379582024452,0.014106094095638011,0.11656379582024452
rff64,672,0.11656379582024452,0.019039133377942146,0.11656379582024452
rff128,672,0.11656379582024452,0.016417815858573617,0.11656379582024452
ensemble4x32,672,0.11656379582024452,0.017265493667515806,0.11656379582024452
rff24,673,0.1310885697840103,0.013333456068044008,0.1310885697840103
rff64,673,0.1310885697840103,0.01555235821668717,0.1310885697840103
rff128,673,0.1310885697840103,0.013890486111697308,0.1310885697840103
ensemble4x32,673,0.1310885697840103,0.013220471460576757,0.1310885697840103
rff24,674,0.1613629416873671,0.016287595202605053,0.1613629416873671
rff64,674,0.1613629416873671,0.014819512498604161,0.1613629416873671
rff128,674,0.1613629416873671,0.013790792523005933,0.1613629416873671
ensemble4x32,674,0.1613629416873671,0.01394585907245484,0.1613629416873671
rff24,675,0.12653543956234897,0.013764881320956287,0.12653543956234897
rff64,675,0.12653543956234897,0.016805729406487672,0.12653543956234897
rff128,675,0.12653543956234897,0.01568730426947845,0.12653543956234897
ensemble4x32,675,0.12653543956234897,0.012643045473891657,0.12653543956234897
rff24,676,0.1395657566435374,0.014142922208982047,0.1395657566435374
rff64,676,0.1395657566435374,0.013016714557596176,0.1395657566435374
rff128,676,0.1395657566435374,0.014742886879694432,0.1395657566435374
ensemble4x32,676,0.1395657566435374,0.013777195705765168,0.1395657566435374
rff24,677,0.1427765332434406,0.016697398862238512,0.1427765332434406
rff64,677,0.1427765332434406,0.017082723104105867,0.1427765332434406
rff128,677,0.1427765332434406,0.015049584796957775,0.1427765332434406
ensemble4x32,677,0.1427765332434406,0.015291358537255514,0.1427765332434406
rff24,678,0.14131908349914551,0.019021928548983658,0.14131908349914551
rff64,678,0.14131908349914551,0.01785002210880499,0.14131908349914551
rff128,678,0.14131908349914551,0.019532959656648117,0.14131908349914551
ensemble4x32,678,0.14131908349914551,0.01830516396621327,0.14131908349914551
rff24,679,0.14085793723737683,0.014327138111982714,0.14085793723737683
rff64,679,0.14085793723737683,0.013897488214320342,0.14085793723737683
rff128,679,0.14085793723737683,0.01567360354512071,0.14085793723737683
ensemble4x32,679,0.14085793723737683,0.013442018036825966,0.14085793723737683
rff24,680,0.11729017099971492,0.01271688771893672,0.11729017099971492
rff64,680,0.11729017099971492,0.013589426615787215,0.11729017099971492
rff128,680,0.11729017099971492,0.012670211349985071,0.11729017099971492
ensemble4x32,680,0.11729017099971492,0.011910059693770216,0.11729017099971492
rff24,681,0.18791140318061383,0.02793835965325114,0.18791140318061383
rff64,681,0.18791140318061383,0.024594866642769764,0.18791140318061383
rff128,681,0.18791140318061383,0.028915789512313408,0.18791140318061383
ensemble4x32,681,0.18791140318061383,0.030258658750420938,0.18791140318061383
rff24,682,0.10963094316156151,0.015134515171779772,0.10963094316156151
rff64,682,0.10963094316156151,0.017149934198831367,0.10963094316156151
rff128,682,0.10963094316156151,0.014223665658456144,0.10963094316156151
ensemble4x32,682,0.10963094316156151,0.014571923565615381,0.10963094316156151
rff24,683,0.10457938590658408,0.016140517068889266,0.10457938590658408
rff64,683,0.10457938590658408,0.015414614453984305,0.10457938590658408
rff128,683,0.10457938590658408,0.0150975460269816,0.10457938590658408
ensemble4x32,683,0.10457938590658408,0.01424758538510591,0.10457938590658408
rff24,684,0.11753430556475991,0.012628907393668563,0.11753430556475991
rff64,684,0.11753430556475991,0.019252022511324327,0.11753430556475991
rff128,684,0.11753430556475991,0.01952692915825434,0.11753430556475991
ensemble4x32,684,0.11753430556475991,0.01529057844846377,0.11753430556475991
rff24,685,0.13513371806183297,0.02329126463086756,0.13513371806183297
rff64,685,0.13513371806183297,0.023316098110148443,0.13513371806183297
rff128,685,0.13513371806183297,0.030267177128270262,0.13513371806183297
ensemble4x32,685,0.13513371806183297,0.022100856576414425,0.13513371806183297
rff24,686,0.13737527155079965,0.012301177667607185,0.13737527155079965
rff64,686,0.13737527155079965,0.01335556204635929,0.13737527155079965
rff128,686,0.13737527155079965,0.014176064783880013,0.13737527155079965
ensemble4x32,686,0.13737527155079965,0.011931630948694432,0.13737527155079965
rff24,687,0.1439723220394949,0.017715660423352157,0.1439723220394949
rff64,687,0.1439723220394949,0.017043402936869186,0.1439723220394949
rff128,687,0.1439723220394949,0.017118364450969252,0.1439723220394949
ensemble4x32,687,0.1439723220394949,0.015734529729228886,0.1439723220394949
rff24,688,0.1320975714762691,0.012628946648054666,0.1320975714762691
rff64,688,0.1320975714762691,0.013242554165720677,0.1320975714762691
rff128,688,0.1320975714762691,0.011615684994269404,0.1320975714762691
ensemble4x32,688,0.1320975714762691,0.011933184476518536,0.1320975714762691
rff24,689,0.12839163461369055,0.015723441487699375,0.12839163461369055
rff64,689,0.12839163461369055,0.014783126105786176,0.12839163461369055
rff128,689,0.12839163461369055,0.013307153932191939,0.12839163461369055
ensemble4x32,689,0.12839163461369055,0.015553703636322065,0.12839163461369055
rff24,690,0.15210838007629873,0.01393429855882848,0.15210838007629873
rff64,690,0.15210838007629873,0.017828976146377618,0.15210838007629873
rff128,690,0.15210838007629873,0.014087052150391919,0.15210838007629873
ensemble4x32,690,0.15210838007629873,0.013546050102931854,0.15210838007629873
rff24,691,0.14385109500058121,0.015802901199918024,0.14385109500058121
rff64,691,0.14385109500058121,0.013837454048708689,0.14385109500058121
rff128,691,0.14385109500058121,0.014032560918472698,0.14385109500058121
ensemble4x32,691,0.14385109500058121,0.014744790008821606,0.14385109500058121
rff24,692,0.11526132480577532,0.01845154988336146,0.11526132480577532
rff64,692,0.11526132480577532,0.020247801280456553,0.11526132480577532
rff128,692,0.11526132480577532,0.016674673259596578,0.11526132480577532
ensemble4x32,692,0.11526132480577532,0.017067839280206328,0.11526132480577532
rff24,693,0.13088964062323763,0.015606183997913747,0.13088964062323763
rff64,693,0.13088964062323763,0.015511341133424285,0.13088964062323763
rff128,693,0.13088964062323763,0.013993347770260602,0.13088964062323763
ensemble4x32,693,0.13088964062323763,0.014784336782435093,0.13088964062323763
rff24,694,0.11568183643695434,0.018590388277149855,0.11568183643695434
rff64,694,0.11568183643695434,0.01845400255357536,0.11568183643695434
rff128,694,0.11568183643695434,0.018128757225160105,0.11568183643695434
ensemble4x32,694,0.11568183643695434,0.018779897283652924,0.11568183643695434
rff24,695,0.11336448362536257,0.013524707279474593,0.11336448362536257
rff64,695,0.11336448362536257,0.014688864503979698,0.11336448362536257
rff128,695,0.11336448362536257,0.014151206068814762,0.11336448362536257
ensemble4x32,695,0.11336448362536257,0.01328520610279078,0.11336448362536257
rff24,696,0.16239760557570523,0.015865478985556687,0.16239760557570523
rff64,696,0.16239760557570523,0.01957418929413126,0.16239760557570523
rff128,696,0.16239760557570523,0.017347936944150363,0.16239760557570523
ensemble4x32,696,0.16239760557570523,0.017207948917157594,0.16239760557570523
rff24,697,0.1423969157956707,0.014940045584889247,0.1423969157956707
rff64,697,0.1423969157956707,0.016845923363274028,0.1423969157956707
rff128,697,0.1423969157956707,0.01617118580273244,0.1423969157956707
ensemble4x32,697,0.1423969157956707,0.014233266564430434,0.1423969157956707
rff24,698,0.15647462704091394,0.025785917655251088,0.15647462704091394
rff64,698,0.15647462704091394,0.02186795070122133,0.15647462704091394
rff128,698,0.15647462704091394,0.023070500927501812,0.15647462704091394
ensemble4x32,698,0.15647462704091394,0.018059987666099585,0.15647462704091394
rff24,699,0.14406388805333362,0.016925432557500692,0.14406388805333362
rff64,699,0.14406388805333362,0.018585087664355862,0.14406388805333362
rff128,699,0.14406388805333362,0.020464766159378926,0.14406388805333362
ensemble4x32,699,0.14406388805333362,0.01915899338682654,0.14406388805333362
rff24,700,0.09354078408424399,0.01191248635259525,0.09354078408424399
rff64,700,0.09354078408424399,0.012050352316381798,0.09354078408424399
rff128,700,0.09354078408424399,0.012578295772297502,0.09354078408424399
ensemble4x32,700,0.09354078408424399,0.011202590759060346,0.09354078408424399
rff24,701,0.12230399031237692,0.025723901582369015,0.12230399031237692
rff64,701,0.12230399031237692,0.019489358016885793,0.12230399031237692
rff128,701,0.12230399031237692,0.020911967751316218,0.12230399031237692
ensemble4x32,701,0.12230399031237692,0.021409158084049914,0.12230399031237692
rff24,702,0.11338285554756874,0.014471495235416472,0.11338285554756874
rff64,702,0.11338285554756874,0.013146533272303763,0.11338285554756874
rff128,702,0.11338285554756874,0.012457687200960492,0.11338285554756874
ensemble4x32,702,0.11338285554756874,0.01085751586137406,0.11338285554756874
rff24,703,0.16499627551363763,0.015851102228268913,0.16499627551363763
rff64,703,0.16499627551363763,0.017468466657897228,0.16499627551363763
rff128,703,0.16499627551363763,0.015354355739332564,0.16499627551363763
ensemble4x32,703,0.16499627551363763,0.015245746992794029,0.16499627551363763
rff24,704,0.11124750462531319,0.011248570896068245,0.11124750462531319
rff64,704,0.11124750462531319,0.013304650090054836,0.11124750462531319
rff128,704,0.11124750462531319,0.01445064583581441,0.11124750462531319
ensemble4x32,704,0.11124750462531319,0.01391466988174244,0.11124750462531319
rff24,705,0.11515223212071958,0.01746593305159297,0.11515223212071958
rff64,705,0.11515223212071958,0.011550615272383793,0.11515223212071958
rff128,705,0.11515223212071958,0.017244575095713744,0.11515223212071958
ensemble4x32,705,0.11515223212071958,0.014502207216687634,0.11515223212071958
rff24,706,0.11313463533381084,0.01612050385884319,0.11313463533381084
rff64,706,0.11313463533381084,0.018967620174073076,0.11313463533381084
rff128,706,0.11313463533381084,0.018654058052095815,0.11313463533381084
ensemble4x32,706,0.11313463533381084,0.018013374624171765,0.11313463533381084
rff24,707,0.1359864194598508,0.016440565186078466,0.1359864194598508
rff64,707,0.1359864194598508,0.014051231909169648,0.1359864194598508
rff128,707,0.1359864194598508,0.01580467056129645,0.1359864194598508
ensemble4x32,707,0.1359864194598508,0.015580969539561526,0.1359864194598508
rff24,708,0.20675076599457276,0.02217901674110446,0.20675076599457276
rff64,708,0.20675076599457276,0.022049027038396316,0.20675076599457276
rff128,708,0.20675076599457276,0.022019317768728727,0.20675076599457276
ensemble4x32,708,0.20675076599457276,0.019340281845882584,0.20675076599457276
rff24,709,0.1607153998894497,0.01669520919669745,0.1607153998894497
rff64,709,0.1607153998894497,0.017104278436885275,0.1607153998894497
rff128,709,0.1607153998894497,0.01573334526708956,0.1607153998894497
ensemble4x32,709,0.1607153998894497,0.01751704775055913,0.1607153998894497
rff24,710,0.11057635422443368,0.014863992007727667,0.11057635422443368
rff64,710,0.11057635422443368,0.014593596358041852,0.11057635422443368
rff128,710,0.11057635422443368,0.012967270700563848,0.11057635422443368
ensemble4x32,710,0.11057635422443368,0.014143150754493902,0.11057635422443368
rff24,711,0.16645564488476966,0.01626087457600576,0.16645564488476966
rff64,711,0.16645564488476966,0.018784306748793122,0.16645564488476966
rff128,711,0.16645564488476966,0.01669795220840263,0.16645564488476966
ensemble4x32,711,0.16645564488476966,0.01685608803555126,0.16645564488476966
rff24,712,0.11928851442659248,0.01346134881402498,0.11928851442659248
rff64,712,0.11928851442659248,0.012353002590637973,0.11928851442659248
rff128,712,0.11928851442659248,0.011831154223002528,0.11928851442659248
ensemble4x32,712,0.11928851442659248,0.011336259215809016,0.11928851442659248
rff24,713,0.1266472949158251,0.018482919833847394,0.1266472949158251
rff64,713,0.1266472949158251,0.018611538951981962,0.1266472949158251
rff128,713,0.1266472949158251,0.015814067484992048,0.1266472949158251
ensemble4x32,713,0.1266472949158251,0.01615489156552447,0.1266472949158251
rff24,714,0.11299902125306403,0.011257133307373173,0.11299902125306403
rff64,714,0.11299902125306403,0.010355809864770709,0.11299902125306403
rff128,714,0.11299902125306403,0.011042576623728559,0.11299902125306403
ensemble4x32,714,0.11299902125306403,0.009006564829993641,0.11299902125306403
rff24,715,0.1789559687543229,0.027352430600685162,0.1789559687543229
rff64,715,0.1789559687543229,0.026914766524661175,0.1789559687543229
rff128,715,0.1789559687543229,0.02805175608903195,0.1789559687543229
ensemble4x32,715,0.1789559687543229,0.025770747286124385,0.1789559687543229
rff24,716,0.13373185585106281,0.017159534296614824,0.13373185585106281
rff64,716,0.13373185585106281,0.012641829295284375,0.13373185585106281
rff128,716,0.13373185585106281,0.012048827934181995,0.13373185585106281
ensemble4x32,716,0.13373185585106281,0.012145337376466437,0.13373185585106281
rff24,717,0.11083147463788633,0.011317671583634713,0.11083147463788633
rff64,717,0.11083147463788633,0.013666768049168951,0.11083147463788633
rff128,717,0.11083147463788633,0.017039864234343966,0.11083147463788633
ensemble4x32,717,0.11083147463788633,0.01534241967565654,0.11083147463788633
rff24,718,0.14832884480775765,0.017697898248038198,0.14832884480775765
rff64,718,0.14832884480775765,0.019741178912846016,0.14832884480775765
rff128,718,0.14832884480775765,0.02054669454004871,0.14832884480775765
ensemble4x32,718,0.14832884480775765,0.019829387269168757,0.14832884480775765
rff24,719,0.12483421536720503,0.013833328532375701,0.12483421536720503
rff64,719,0.12483421536720503,0.01783697317763758,0.12483421536720503
rff128,719,0.12483421536720503,0.017030042749325566,0.12483421536720503
ensemble4x32,719,0.12483421536720503,0.017378980499789858,0.12483421536720503
rff24,720,0.11018071668989025,0.01744602914512126,0.11018071668989025
rff64,720,0.11018071668989025,0.012995091511070924,0.11018071668989025
rff128,720,0.11018071668989025,0.01578025120879063,0.11018071668989025
ensemble4x32,720,0.11018071668989025,0.01482737563493448,0.11018071668989025
rff24,721,0.1610014186524164,0.012572246731909164,0.1610014186524164
rff64,721,0.1610014186524164,0.015840702270412958,0.1610014186524164
rff128,721,0.1610014186524164,0.019290100827695916,0.1610014186524164
ensemble4x32,721,0.1610014186524164,0.015247939823347358,0.1610014186524164
rff24,722,0.1519919393549927,0.02376941581391523,0.1519919393549927
rff64,722,0.1519919393549927,0.021073814460815517,0.1519919393549927
rff128,722,0.1519919393549927,0.02342687417827248,0.1519919393549927
ensemble4x32,722,0.1519919393549927,0.01971971603851252,0.1519919393549927
rff24,723,0.1417067128182768,0.015563148833487115,0.1417067128182768
rff64,723,0.1417067128182768,0.01923005084975437,0.1417067128182768
rff128,723,0.1417067128182768,0.018799647272217,0.1417067128182768
ensemble4x32,723,0.1417067128182768,0.01432932584612415,0.1417067128182768
rff24,724,0.14758433331073587,0.013995829754647944,0.14758433331073587
rff64,724,0.14758433331073587,0.015036603924793373,0.14758433331073587
rff128,724,0.14758433331073587,0.014484478599938993,0.14758433331073587
ensemble4x32,724,0.14758433331073587,0.015027931920760183,0.14758433331073587
rff24,725,0.10890585229141284,0.014003995890284634,0.10890585229141284
rff64,725,0.10890585229141284,0.012366731215602004,0.10890585229141284
rff128,725,0.10890585229141284,0.0108955406145135,0.10890585229141284
ensemble4x32,725,0.10890585229141284,0.010952412351479245,0.10890585229141284
rff24,726,0.12291294767007784,0.01347141064414146,0.12291294767007784
rff64,726,0.12291294767007784,0.016470423035651036,0.12291294767007784
rff128,726,0.12291294767007784,0.015047890285866517,0.12291294767007784
ensemble4x32,726,0.12291294767007784,0.015557782015804843,0.12291294767007784
rff24,727,0.14174781515016374,0.02689732817834603,0.14174781515016374
rff64,727,0.14174781515016374,0.024062964490515926,0.14174781515016374
rff128,727,0.14174781515016374,0.021072157914611266,0.14174781515016374
ensemble4x32,727,0.14174781515016374,0.02012989218239875,0.14174781515016374
rff24,728,0.11881309393047858,0.025973626388326593,0.11881309393047858
rff64,728,0.11881309393047858,0.025618108455879175,0.11881309393047858
rff128,728,0.11881309393047858,0.025632104940378573,0.11881309393047858
ensemble4x32,728,0.11881309393047858,0.023781596424505478,0.11881309393047858
rff24,729,0.1414456097769942,0.013096146234488574,0.1414456097769942
rff64,729,0.1414456097769942,0.012633824322476131,0.1414456097769942
rff128,729,0.1414456097769942,0.01318170472467778,0.1414456097769942
ensemble4x32,729,0.1414456097769942,0.013496765426421638,0.1414456097769942
rff24,730,0.1449635023796006,0.020436889858309423,0.1449635023796006
rff64,730,0.1449635023796006,0.02246507478762785,0.1449635023796006
rff128,730,0.1449635023796006,0.020830286657721183,0.1449635023796006
ensemble4x32,730,0.1449635023796006,0.01744250606222219,0.1449635023796006
rff24,731,0.16062496468121412,0.02533615471115186,0.16062496468121412
rff64,731,0.16062496468121412,0.023003655662401756,0.16062496468121412
rff128,731,0.16062496468121412,0.023037130990840243,0.16062496468121412
ensemble4x32,731,0.16062496468121412,0.02067708594005661,0.16062496468121412
rff24,732,0.10802586444703023,0.01794266238711889,0.10802586444703023
rff64,732,0.10802586444703023,0.013619748905927223,0.10802586444703023
rff128,732,0.10802586444703023,0.013566349846967517,0.10802586444703023
ensemble4x32,732,0.10802586444703023,0.01572836694261677,0.10802586444703023
rff24,733,0.12714284838657966,0.011671821924924938,0.12714284838657966
rff64,733,0.12714284838657966,0.01231823788600324,0.12714284838657966
rff128,733,0.12714284838657966,0.011216937709795228,0.12714284838657966
ensemble4x32,733,0.12714284838657966,0.010897028335134437,0.12714284838657966
rff24,734,0.1172289651286112,0.01885797396053763,0.1172289651286112
rff64,734,0.1172289651286112,0.018564162616078368,0.1172289651286112
rff128,734,0.1172289651286112,0.021440742474898734,0.1172289651286112
ensemble4x32,734,0.1172289651286112,0.018731362332956365,0.1172289651286112
rff24,735,0.12704364433126367,0.015666329978549998,0.12704364433126367
rff64,735,0.12704364433126367,0.016586085536615,0.12704364433126367
rff128,735,0.12704364433126367,0.01638659494077229,0.12704364433126367
ensemble4x32,735,0.12704364433126367,0.017505508043237396,0.12704364433126367
rff24,736,0.10861278942665303,0.010679021571472186,0.10861278942665303
rff64,736,0.10861278942665303,0.010158869073584277,0.10861278942665303
rff128,736,0.10861278942665303,0.011459089018270481,0.10861278942665303
ensemble4x32,736,0.10861278942665303,0.011364776130677113,0.10861278942665303
rff24,737,0.11224475403811382,0.010915872636369416,0.11224475403811382
rff64,737,0.11224475403811382,0.017484999578460985,0.11224475403811382
rff128,737,0.11224475403811382,0.013823291446123731,0.11224475403811382
ensemble4x32,737,0.11224475403811382,0.016069807755575472,0.11224475403811382
rff24,738,0.13855716946694044,0.012968220645763095,0.13855716946694044
rff64,738,0.13855716946694044,0.012322804274923325,0.13855716946694044
rff128,738,0.13855716946694044,0.014221106784797937,0.13855716946694044
ensemble4x32,738,0.13855716946694044,0.01069445897778424,0.13855716946694044
rff24,739,0.16252467271769142,0.023302390887403147,0.16252467271769142
rff64,739,0.16252467271769142,0.022719689179351257,0.16252467271769142
rff128,739,0.16252467271769142,0.022165083934940686,0.16252467271769142
ensemble4x32,739,0.16252467271769142,0.0223693098211926,0.16252467271769142
rff24,740,0.13745289691687687,0.015898759333585633,0.13745289691687687
rff64,740,0.13745289691687687,0.01667831500111388,0.13745289691687687
rff128,740,0.13745289691687687,0.01743247387298275,0.13745289691687687
ensemble4x32,740,0.13745289691687687,0.015266413999358377,0.13745289691687687
rff24,741,0.1681608489009033,0.017000384226668885,0.1681608489009033
rff64,741,0.1681608489009033,0.01741523163717235,0.1681608489009033
rff128,741,0.1681608489009033,0.015150370673795831,0.1681608489009033
ensemble4x32,741,0.1681608489009033,0.013007296064320297,0.1681608489009033
rff24,742,0.10825988206372313,0.01036230183237764,0.10825988206372313
rff64,742,0.10825988206372313,0.011736325986478663,0.10825988206372313
rff128,742,0.10825988206372313,0.010824026605848304,0.10825988206372313
ensemble4x32,742,0.10825988206372313,0.01030020755770275,0.10825988206372313
rff24,743,0.1734795914253612,0.026529293082618248,0.1734795914253612
rff64,743,0.1734795914253612,0.02620450512366758,0.1734795914253612
rff128,743,0.1734795914253612,0.025112967394175158,0.1734795914253612
ensemble4x32,743,0.1734795914253612,0.02265031504514422,0.1734795914253612
rff24,744,0.13071356520095964,0.02119894628942467,0.13071356520095964
rff64,744,0.13071356520095964,0.024450172699000995,0.13071356520095964
rff128,744,0.13071356520095964,0.023678254793383206,0.13071356520095964
ensemble4x32,744,0.13071356520095964,0.019826580995425266,0.13071356520095964
rff24,745,0.1147090179954777,0.016324171012786198,0.1147090179954777
rff64,745,0.1147090179954777,0.018097521300088182,0.1147090179954777
rff128,745,0.1147090179954777,0.01640959054219089,0.1147090179954777
ensemble4x32,745,0.1147090179954777,0.015662660659507346,0.1147090179954777
rff24,746,0.11856729110499213,0.011915582558538081,0.11856729110499213
rff64,746,0.11856729110499213,0.014811612677640794,0.11856729110499213
rff128,746,0.11856729110499213,0.014746265988589398,0.11856729110499213
ensemble4x32,746,0.11856729110499213,0.014016697600980175,0.11856729110499213
rff24,747,0.11412259878740826,0.012357973944822792,0.11412259878740826
rff64,747,0.11412259878740826,0.015377930954080181,0.11412259878740826
rff128,747,0.11412259878740826,0.01523861363213335,0.11412259878740826
ensemble4x32,747,0.11412259878740826,0.013941656900389794,0.11412259878740826
rff24,748,0.11448000939075831,0.014486286444666369,0.11448000939075831
rff64,748,0.11448000939075831,0.01969659494193752,0.11448000939075831
rff128,748,0.11448000939075831,0.014939291825555623,0.11448000939075831
ensemble4x32,748,0.11448000939075831,0.013744469243029595,0.11448000939075831
rff24,749,0.12410278978097301,0.012205451631153802,0.12410278978097301
rff64,749,0.12410278978097301,0.010507161624189337,0.12410278978097301
rff128,749,0.12410278978097301,0.010937545017176498,0.12410278978097301
ensemble4x32,749,0.12410278978097301,0.010925597364155331,0.12410278978097301
rff24,750,0.09864771752003498,0.013798527695539103,0.09864771752003498
rff64,750,0.09864771752003498,0.012127233037278985,0.09864771752003498
rff128,750,0.09864771752003498,0.01194330203356748,0.09864771752003498
ensemble4x32,750,0.09864771752003498,0.012873865814407347,0.09864771752003498
rff24,751,0.15154899811923248,0.01962512556429238,0.15154899811923248
rff64,751,0.15154899811923248,0.02792876200768916,0.15154899811923248
rff128,751,0.15154899811923248,0.02275310880268454,0.15154899811923248
ensemble4x32,751,0.15154899811923248,0.019638602802068143,0.15154899811923248
rff24,752,0.20593375405221978,0.019304221482502437,0.20593375405221978
rff64,752,0.20593375405221978,0.019732643889926422,0.20593375405221978
rff128,752,0.20593375405221978,0.02258081894051457,0.20593375405221978
ensemble4x32,752,0.20593375405221978,0.018174643374652785,0.20593375405221978
rff24,753,0.13685788279465394,0.018551798733520673,0.13685788279465394
rff64,753,0.13685788279465394,0.015177958210733575,0.13685788279465394
rff128,753,0.13685788279465394,0.01676928185097464,0.13685788279465394
ensemble4x32,753,0.13685788279465394,0.01793801456093263,0.13685788279465394
rff24,754,0.14331601976857067,0.01328887151067357,0.14331601976857067
rff64,754,0.14331601976857067,0.016957507427358933,0.14331601976857067
rff128,754,0.14331601976857067,0.01884772708068267,0.14331601976857067
ensemble4x32,754,0.14331601976857067,0.015368867751360368,0.14331601976857067
rff24,755,0.15159101878774875,0.01965488879445064,0.15159101878774875
rff64,755,0.15159101878774875,0.015784069470834605,0.15159101878774875
rff128,755,0.15159101878774875,0.016638739700195936,0.15159101878774875
ensemble4x32,755,0.15159101878774875,0.017953458270773263,0.15159101878774875
rff24,756,0.1344249063262159,0.015887404864595285,0.1344249063262159
rff64,756,0.1344249063262159,0.01593196362654234,0.1344249063262159
rff128,756,0.1344249063262159,0.015480580473204983,0.1344249063262159
ensemble4x32,756,0.1344249063262159,0.014432765895535027,0.1344249063262159
rff24,757,0.13484400366237642,0.013903395655654082,0.13484400366237642
rff64,757,0.13484400366237642,0.01254087112913127,0.13484400366237642
rff128,757,0.13484400366237642,0.012852353359062041,0.13484400366237642
ensemble4x32,757,0.13484400366237642,0.01243270026374121,0.13484400366237642
rff24,758,0.1623916038384081,0.02496783615154782,0.1623916038384081
rff64,758,0.1623916038384081,0.020402258471929384,0.1623916038384081
rff128,758,0.1623916038384081,0.022554226031891993,0.1623916038384081
ensemble4x32,758,0.1623916038384081,0.022291035828295006,0.1623916038384081
rff24,759,0.10906820313622471,0.017279880175039543,0.10906820313622471
rff64,759,0.10906820313622471,0.020264153099221163,0.10906820313622471
rff128,759,0.10906820313622471,0.01763663306350478,0.10906820313622471
ensemble4x32,759,0.10906820313622471,0.017901827787570632,0.10906820313622471
rff24,760,0.11718989713985319,0.016621705191613687,0.11718989713985319
rff64,760,0.11718989713985319,0.015191306817079262,0.11718989713985319
rff128,760,0.11718989713985319,0.017176872710041934,0.11718989713985319
ensemble4x32,760,0.11718989713985319,0.014973632987197623,0.11718989713985319
rff24,761,0.11535270731506113,0.020398072577979577,0.11535270731506113
rff64,761,0.11535270731506113,0.02352267582730756,0.11535270731506113
rff128,761,0.11535270731506113,0.023362144555232743,0.11535270731506113
ensemble4x32,761,0.11535270731506113,0.020065627494828188,0.11535270731506113
rff24,762,0.1702213304209762,0.01508729374697523,0.1702213304209762
rff64,762,0.1702213304209762,0.01697788364656681,0.1702213304209762
rff128,762,0.1702213304209762,0.01721207566712751,0.1702213304209762
ensemble4x32,762,0.1702213304209762,0.017522341295620258,0.1702213304209762
rff24,763,0.13583909694856666,0.020680890274590115,0.13583909694856666
rff64,763,0.13583909694856666,0.02267407858009445,0.13583909694856666
rff128,763,0.13583909694856666,0.017379818292403426,0.13583909694856666
ensemble4x32,763,0.13583909694856666,0.019170532960079277,0.13583909694856666
rff24,764,0.12877491607906755,0.013577506449521335,0.12877491607906755
rff64,764,0.12877491607906755,0.015259109323188122,0.12877491607906755
rff128,764,0.12877491607906755,0.01622582564433447,0.12877491607906755
ensemble4x32,764,0.12877491607906755,0.014205709272968612,0.12877491607906755
rff24,765,0.1591137289987464,0.019511149132578773,0.1591137289987464
rff64,765,0.1591137289987464,0.014662710716678276,0.1591137289987464
rff128,765,0.1591137289987464,0.015507383083185491,0.1591137289987464
ensemble4x32,765,0.1591137289987464,0.012471428108011138,0.1591137289987464
rff24,766,0.1538940229888812,0.018372716974905997,0.1538940229888812
rff64,766,0.1538940229888812,0.018310457675441098,0.1538940229888812
rff128,766,0.1538940229888812,0.018930270423919742,0.1538940229888812
ensemble4x32,766,0.1538940229888812,0.017067100749940695,0.1538940229888812
rff24,767,0.12175479516825594,0.015324044861698954,0.12175479516825594
rff64,767,0.12175479516825594,0.012566648480351638,0.12175479516825594
rff128,767,0.12175479516825594,0.014592448595590293,0.12175479516825594
ensemble4x32,767,0.12175479516825594,0.015061974860830385,0.12175479516825594
rff24,768,0.14469837819987894,0.01892762888267066,0.14469837819987894
rff64,768,0.14469837819987894,0.02226052513937431,0.14469837819987894
rff128,768,0.14469837819987894,0.02096247424383515,0.14469837819987894
ensemble4x32,768,0.14469837819987894,0.023943267020051194,0.14469837819987894
rff24,769,0.12387358725799158,0.012728301761005253,0.12387358725799158
rff64,769,0.12387358725799158,0.013586209391199545,0.12387358725799158
rff128,769,0.12387358725799158,0.013132547307487226,0.12387358725799158
ensemble4x32,769,0.12387358725799158,0.012236149149874177,0.12387358725799158
rff24,770,0.12596167424431096,0.014877985794182242,0.12596167424431096
rff64,770,0.12596167424431096,0.012626645356273716,0.12596167424431096
rff128,770,0.12596167424431096,0.01558396611132554,0.12596167424431096
ensemble4x32,770,0.12596167424431096,0.012103155726340405,0.12596167424431096
rff24,771,0.12514785701683753,0.015701247865466415,0.12514785701683753
rff64,771,0.12514785701683753,0.016227859036574296,0.12514785701683753
rff128,771,0.12514785701683753,0.018003077530494044,0.12514785701683753
ensemble4x32,771,0.12514785701683753,0.015570401169284959,0.12514785701683753
rff24,772,0.18116106411981786,0.032012549163009954,0.18116106411981786
rff64,772,0.18116106411981786,0.025634961264064823,0.18116106411981786
rff128,772,0.18116106411981786,0.028291316948106517,0.18116106411981786
ensemble4x32,772,0.18116106411981786,0.022848807243116633,0.18116106411981786
rff24,773,0.11581069241227156,0.017432668744562937,0.11581069241227156
rff64,773,0.11581069241227156,0.020218636011606263,0.11581069241227156
rff128,773,0.11581069241227156,0.01783114121543064,0.11581069241227156
ensemble4x32,773,0.11581069241227156,0.016603624435260336,0.11581069241227156
rff24,774,0.12530434905921883,0.02178530603845215,0.12530434905921883
rff64,774,0.12530434905921883,0.01583563521763086,0.12530434905921883
rff128,774,0.12530434905921883,0.018469482254754765,0.12530434905921883
ensemble4x32,774,0.12530434905921883,0.018510500521428684,0.12530434905921883
rff24,775,0.14620666758866602,0.018576537404474427,0.14620666758866602
rff64,775,0.14620666758866602,0.018933617673198903,0.14620666758866602
rff128,775,0.14620666758866602,0.020461098276825494,0.14620666758866602
ensemble4x32,775,0.14620666758866602,0.018104274597772335,0.14620666758866602
rff24,776,0.14147246263122304,0.015688782792908498,0.14147246263122304
rff64,776,0.14147246263122304,0.016966310562743035,0.14147246263122304
rff128,776,0.14147246263122304,0.020111330316263387,0.14147246263122304
ensemble4x32,776,0.14147246263122304,0.018221718530683877,0.14147246263122304
rff24,777,0.1249227436211864,0.011729208141215563,0.1249227436211864
rff64,777,0.1249227436211864,0.012297719656219213,0.1249227436211864
rff128,777,0.1249227436211864,0.012928545073270126,0.1249227436211864
ensemble4x32,777,0.1249227436211864,0.011498295846220856,0.1249227436211864
rff24,778,0.13000481526749041,0.012103550648020898,0.13000481526749041
rff64,778,0.13000481526749041,0.014427486287144296,0.13000481526749041
rff128,778,0.13000481526749041,0.0159868285172469,0.13000481526749041
ensemble4x32,778,0.13000481526749041,0.015135307899665282,0.13000481526749041
rff24,779,0.15738038308562124,0.016135636578108754,0.15738038308562124
rff64,779,0.15738038308562124,0.018638587128969604,0.15738038308562124
rff128,779,0.15738038308562124,0.016526105472560542,0.15738038308562124
ensemble4x32,779,0.15738038308562124,0.01432512284667171,0.15738038308562124
rff24,780,0.09462307508403665,0.012433942872155284,0.09462307508403665
rff64,780,0.09462307508403665,0.012523777027173166,0.09462307508403665
rff128,780,0.09462307508403665,0.013491907909792121,0.09462307508403665
ensemble4x32,780,0.09462307508403665,0.014573832991656098,0.09462307508403665
rff24,781,0.1278422391163596,0.01824987686850579,0.1278422391163596
rff64,781,0.1278422391163596,0.016781595021721486,0.1278422391163596
rff128,781,0.1278422391163596,0.01737524217488286,0.1278422391163596
ensemble4x32,781,0.1278422391163596,0.017827811240371284,0.1278422391163596
rff24,782,0.12428771986965748,0.01465379883093671,0.12428771986965748
rff64,782,0.12428771986965748,0.013311468689701475,0.12428771986965748
rff128,782,0.12428771986965748,0.012651889495252377,0.12428771986965748
ensemble4x32,782,0.12428771986965748,0.014037835698479812,0.12428771986965748
rff24,783,0.12502187164278764,0.011922301854814677,0.12502187164278764
rff64,783,0.12502187164278764,0.012710750256111856,0.12502187164278764
rff128,783,0.12502187164278764,0.0123631598771708,0.12502187164278764
ensemble4x32,783,0.12502187164278764,0.011096507614662108,0.12502187164278764
rff24,784,0.13346719170333812,0.015909424420066955,0.13346719170333812
rff64,784,0.13346719170333812,0.01820263767427411,0.13346719170333812
rff128,784,0.13346719170333812,0.019266912205996734,0.13346719170333812
ensemble4x32,784,0.13346719170333812,0.015008793704222118,0.13346719170333812
rff24,785,0.11769496570657323,0.019659532205550632,0.11769496570657323
rff64,785,0.11769496570657323,0.01573455170912049,0.11769496570657323
rff128,785,0.11769496570657323,0.020549990474362526,0.11769496570657323
ensemble4x32,785,0.11769496570657323,0.01719698080020602,0.11769496570657323
rff24,786,0.18211530984304922,0.018998794793808907,0.18211530984304922
rff64,786,0.18211530984304922,0.01633869423162239,0.18211530984304922
rff128,786,0.18211530984304922,0.01612371606382069,0.18211530984304922
ensemble4x32,786,0.18211530984304922,0.019142285414997955,0.18211530984304922
rff24,787,0.18365315365122417,0.02823991301910675,0.18365315365122417
rff64,787,0.18365315365122417,0.026246229054590373,0.18365315365122417
rff128,787,0.18365315365122417,0.026038190443697283,0.18365315365122417
ensemble4x32,787,0.18365315365122417,0.02354455459225902,0.18365315365122417
rff24,788,0.10580601131316632,0.009628825296176407,0.10580601131316632
rff64,788,0.10580601131316632,0.012467108184035638,0.10580601131316632
rff128,788,0.10580601131316632,0.01412504002120317,0.10580601131316632
ensemble4x32,788,0.10580601131316632,0.012431288855867766,0.10580601131316632
rff24,789,0.11420231434919138,0.013822433915903475,0.11420231434919138
rff64,789,0.11420231434919138,0.012968843732284404,0.11420231434919138
rff128,789,0.11420231434919138,0.0124899554542531,0.11420231434919138
ensemble4x32,789,0.11420231434919138,0.011801830761422166,0.11420231434919138
rff24,790,0.13785782543828673,0.014465119740520331,0.13785782543828673
rff64,790,0.13785782543828673,0.01421050299689277,0.13785782543828673
rff128,790,0.13785782543828673,0.013506451209192792,0.13785782543828673
ensemble4x32,790,0.13785782543828673,0.012392547710855864,0.13785782543828673
rff24,791,0.09670818508253409,0.013334045707002569,0.09670818508253409
rff64,791,0.09670818508253409,0.016154838945427095,0.09670818508253409
rff128,791,0.09670818508253409,0.014116017051972624,0.09670818508253409
ensemble4x32,791,0.09670818508253409,0.012068129019472134,0.09670818508253409
rff24,792,0.13566056155947467,0.012216079440983374,0.13566056155947467
rff64,792,0.13566056155947467,0.01266630333275153,0.13566056155947467
rff128,792,0.13566056155947467,0.01198387701157439,0.13566056155947467
ensemble4x32,792,0.13566056155947467,0.013039791516596084,0.13566056155947467
rff24,793,0.14210328507925035,0.01725498823002523,0.14210328507925035
rff64,793,0.14210328507925035,0.02031144497957178,0.14210328507925035
rff128,793,0.14210328507925035,0.018063525019909266,0.14210328507925035
ensemble4x32,793,0.14210328507925035,0.020916354211871387,0.14210328507925035
rff24,794,0.11879945226857112,0.013315291747530659,0.11879945226857112
rff64,794,0.11879945226857112,0.01240928807456334,0.11879945226857112
rff128,794,0.11879945226857112,0.013586267754666816,0.11879945226857112
ensemble4x32,794,0.11879945226857112,0.013272128641127486,0.11879945226857112
rff24,795,0.13895025327774543,0.01071535333279144,0.13895025327774543
rff64,795,0.13895025327774543,0.010829766119946745,0.13895025327774543
rff128,795,0.13895025327774543,0.010215805132482528,0.13895025327774543
ensemble4x32,795,0.13895025327774543,0.010586390956563609,0.13895025327774543
rff24,796,0.11224110637434609,0.011355472521184736,0.11224110637434609
rff64,796,0.11224110637434609,0.014778024187761224,0.11224110637434609
rff128,796,0.11224110637434609,0.014276438050931702,0.11224110637434609
ensemble4x32,796,0.11224110637434609,0.01572964426584919,0.11224110637434609
rff24,797,0.13792572839279432,0.02107232901520697,0.13792572839279432
rff64,797,0.13792572839279432,0.016560087226546224,0.13792572839279432
rff128,797,0.13792572839279432,0.017174004093268302,0.13792572839279432
ensemble4x32,797,0.13792572839279432,0.01629058910999473,0.13792572839279432
rff24,798,0.09930884583986833,0.018064540180192233,0.09930884583986833
rff64,798,0.09930884583986833,0.015964086773415244,0.09930884583986833
rff128,798,0.09930884583986833,0.014498854895122948,0.09930884583986833
ensemble4x32,798,0.09930884583986833,0.014820510747390301,0.09930884583986833
rff24,799,0.13421499983434212,0.02011800100862004,0.13421499983434212
rff64,799,0.13421499983434212,0.021530795938853035,0.13421499983434212
rff128,799,0.13421499983434212,0.020585615172978234,0.13421499983434212
ensemble4x32,799,0.13421499983434212,0.019859351289710225,0.13421499983434212
rff24,800,0.1334249012572977,0.010834126440924309,0.1334249012572977
rff64,800,0.1334249012572977,0.011651667426013267,0.1334249012572977
rff128,800,0.1334249012572977,0.013088211162968665,0.1334249012572977
ensemble4x32,800,0.1334249012572977,0.01279365219265956,0.1334249012572977
rff24,801,0.14996402903177486,0.01831061399816639,0.14996402903177486
rff64,801,0.14996402903177486,0.01773864892567035,0.14996402903177486
rff128,801,0.14996402903177486,0.018321814061009207,0.14996402903177486
ensemble4x32,801,0.14996402903177486,0.014899584730503106,0.14996402903177486
rff24,802,0.109051950475345,0.015438905070393489,0.109051950475345
rff64,802,0.109051950475345,0.018540021539875676,0.109051950475345
rff128,802,0.109051950475345,0.016366170328567055,0.109051950475345
ensemble4x32,802,0.109051950475345,0.016620140104530043,0.109051950475345
rff24,803,0.1116682654945968,0.012549873069427954,0.1116682654945968
rff64,803,0.1116682654945968,0.010467072924238527,0.1116682654945968
rff128,803,0.1116682654945968,0.012038985478977825,0.1116682654945968
ensemble4x32,803,0.1116682654945968,0.010478119116036506,0.1116682654945968
rff24,804,0.12213267174981683,0.010544081742214448,0.12213267174981683
rff64,804,0.12213267174981683,0.010821007686486419,0.12213267174981683
rff128,804,0.12213267174981683,0.010827289091682476,0.12213267174981683
ensemble4x32,804,0.12213267174981683,0.00994794541877254,0.12213267174981683
rff24,805,0.15089293813092805,0.01876812062733246,0.15089293813092805
rff64,805,0.15089293813092805,0.021406140559402185,0.15089293813092805
rff128,805,0.15089293813092805,0.017895722685056254,0.15089293813092805
ensemble4x32,805,0.15089293813092805,0.01795099379363492,0.15089293813092805
rff24,806,0.13595953503932154,0.011831239480763433,0.13595953503932154
rff64,806,0.13595953503932154,0.014065453937444013,0.13595953503932154
rff128,806,0.13595953503932154,0.013334444847137238,0.13595953503932154
ensemble4x32,806,0.13595953503932154,0.012223950380157805,0.13595953503932154
rff24,807,0.11504703707541984,0.01056481989187729,0.11504703707541984
rff64,807,0.11504703707541984,0.010998448592218402,0.11504703707541984
rff128,807,0.11504703707541984,0.011683152473883138,0.11504703707541984
ensemble4x32,807,0.11504703707541984,0.010093970094972751,0.11504703707541984
rff24,808,0.10419446505668957,0.016531344632961204,0.10419446505668957
rff64,808,0.10419446505668957,0.01676507043814891,0.10419446505668957
rff128,808,0.10419446505668957,0.014221365914994715,0.10419446505668957
ensemble4x32,808,0.10419446505668957,0.014880715171485513,0.10419446505668957
rff24,809,0.1225870358904221,0.01949939450809885,0.1225870358904221
rff64,809,0.1225870358904221,0.01702823641717826,0.1225870358904221
rff128,809,0.1225870358904221,0.017904794272967185,0.1225870358904221
ensemble4x32,809,0.1225870358904221,0.019559882050365344,0.1225870358904221
rff24,810,0.1270545875419447,0.014680537153264258,0.1270545875419447
rff64,810,0.1270545875419447,0.014897176462940254,0.1270545875419447
rff128,810,0.1270545875419447,0.014244439408453864,0.1270545875419447
ensemble4x32,810,0.1270545875419447,0.014209882724150634,0.1270545875419447
rff24,811,0.15742075288648671,0.017053901728126035,0.15742075288648671
rff64,811,0.15742075288648671,0.01879464373910416,0.15742075288648671
rff128,811,0.15742075288648671,0.016682525409242373,0.15742075288648671
ensemble4x32,811,0.15742075288648671,0.01820407488782653,0.15742075288648671
rff24,812,0.12843010142313732,0.01426343735430541,0.12843010142313732
rff64,812,0.12843010142313732,0.015120499283051514,0.12843010142313732
rff128,812,0.12843010142313732,0.01304173732480013,0.12843010142313732
ensemble4x32,812,0.12843010142313732,0.011431734531884152,0.12843010142313732
rff24,813,0.12280364284728534,0.01147529460813585,0.12280364284728534
rff64,813,0.12280364284728534,0.011511311195083668,0.12280364284728534
rff128,813,0.12280364284728534,0.010026831389900672,0.12280364284728534
ensemble4x32,813,0.12280364284728534,0.008999865386528496,0.12280364284728534
rff24,814,0.12052907442648038,0.014270901973375587,0.12052907442648038
rff64,814,0.12052907442648038,0.01727388800629319,0.12052907442648038
rff128,814,0.12052907442648038,0.017694594724738624,0.12052907442648038
ensemble4x32,814,0.12052907442648038,0.016170928136285463,0.12052907442648038
rff24,815,0.13845911434881367,0.01508130277903061,0.13845911434881367
rff64,815,0.13845911434881367,0.01304447107349132,0.13845911434881367
rff128,815,0.13845911434881367,0.014172276204149507,0.13845911434881367
ensemble4x32,815,0.13845911434881367,0.013667178451137973,0.13845911434881367
rff24,816,0.12751322339616109,0.010412143765809824,0.12751322339616109
rff64,816,0.12751322339616109,0.014065056979130434,0.12751322339616109
rff128,816,0.12751322339616109,0.012681943422348284,0.12751322339616109
ensemble4x32,816,0.12751322339616109,0.011776388518132268,0.12751322339616109
rff24,817,0.11390193833652738,0.01463369045462547,0.11390193833652738
rff64,817,0.11390193833652738,0.01192604857021825,0.11390193833652738
rff128,817,0.11390193833652738,0.0107627725203944,0.11390193833652738
ensemble4x32,817,0.11390193833652738,0.011855942733828846,0.11390193833652738
rff24,818,0.12067202472095438,0.014828694859289587,0.12067202472095438
rff64,818,0.12067202472095438,0.012623717917885293,0.12067202472095438
rff128,818,0.12067202472095438,0.012214702741320327,0.12067202472095438
ensemble4x32,818,0.12067202472095438,0.01308762782589918,0.12067202472095438
rff24,819,0.13994415366146692,0.018824508433681914,0.13994415366146692
rff64,819,0.13994415366146692,0.015655950460179462,0.13994415366146692
rff128,819,0.13994415366146692,0.016190991486668894,0.13994415366146692
ensemble4x32,819,0.13994415366146692,0.01575315862118607,0.13994415366146692
rff24,820,0.11775891923106689,0.010760455340515914,0.11775891923106689
rff64,820,0.11775891923106689,0.011888051217206914,0.11775891923106689
rff128,820,0.11775891923106689,0.011275728459975286,0.11775891923106689
ensemble4x32,820,0.11775891923106689,0.011563810516105286,0.11775891923106689
rff24,821,0.14371044326506152,0.016493778359907417,0.14371044326506152
rff64,821,0.14371044326506152,0.01789813479541361,0.14371044326506152
rff128,821,0.14371044326506152,0.013886380872974504,0.14371044326506152
ensemble4x32,821,0.14371044326506152,0.014942863552392544,0.14371044326506152
rff24,822,0.1515727128436279,0.026368254464868554,0.1515727128436279
rff64,822,0.1515727128436279,0.022504082589583994,0.1515727128436279
rff128,822,0.1515727128436279,0.025402692619624,0.1515727128436279
ensemble4x32,822,0.1515727128436279,0.02582720024997705,0.1515727128436279
rff24,823,0.12282170376509813,0.013881310371327662,0.12282170376509813
rff64,823,0.12282170376509813,0.013076804961390855,0.12282170376509813
rff128,823,0.12282170376509813,0.014751149352365593,0.12282170376509813
ensemble4x32,823,0.12282170376509813,0.012111621646320646,0.12282170376509813
rff24,824,0.1057603829347842,0.01733108696259402,0.1057603829347842
rff64,824,0.1057603829347842,0.01660932554057967,0.1057603829347842
rff128,824,0.1057603829347842,0.016255750705662333,0.1057603829347842
ensemble4x32,824,0.1057603829347842,0.01515592486660047,0.1057603829347842
rff24,825,0.1549784492261828,0.021082188588211093,0.1549784492261828
rff64,825,0.1549784492261828,0.023788733716844434,0.1549784492261828
rff128,825,0.1549784492261828,0.018671037587024358,0.1549784492261828
ensemble4x32,825,0.1549784492261828,0.019015598808159343,0.1549784492261828
rff24,826,0.1413522410075953,0.014704650264097655,0.1413522410075953
rff64,826,0.1413522410075953,0.011128868371943726,0.1413522410075953
rff128,826,0.1413522410075953,0.013302098636095524,0.1413522410075953
ensemble4x32,826,0.1413522410075953,0.01218295790237744,0.1413522410075953
rff24,827,0.16077148688003254,0.022974439087318548,0.16077148688003254
rff64,827,0.16077148688003254,0.024336516268984268,0.16077148688003254
rff128,827,0.16077148688003254,0.027211413577406855,0.16077148688003254
ensemble4x32,827,0.16077148688003254,0.023984209493997648,0.16077148688003254
rff24,828,0.13735751645410083,0.011313091447515527,0.13735751645410083
rff64,828,0.13735751645410083,0.012803819924910368,0.13735751645410083
rff128,828,0.13735751645410083,0.015048096941180105,0.13735751645410083
ensemble4x32,828,0.13735751645410083,0.01226110155919341,0.13735751645410083
rff24,829,0.12987881907883525,0.014692595065602835,0.12987881907883525
rff64,829,0.12987881907883525,0.015755513939118355,0.12987881907883525
rff128,829,0.12987881907883525,0.015583887577559206,0.12987881907883525
ensemble4x32,829,0.12987881907883525,0.014321341589822121,0.12987881907883525
rff24,830,0.1033000009034279,0.009424750749485733,0.1033000009034279
rff64,830,0.1033000009034279,0.010448121649880415,0.1033000009034279
rff128,830,0.1033000009034279,0.009888292554314693,0.1033000009034279
ensemble4x32,830,0.1033000009034279,0.009076329401778448,0.1033000009034279
rff24,831,0.17870829435829583,0.01974235746028205,0.17870829435829583
rff64,831,0.17870829435829583,0.02448375088166728,0.17870829435829583
rff128,831,0.17870829435829583,0.027042492283276272,0.17870829435829583
ensemble4x32,831,0.17870829435829583,0.021095652564439446,0.17870829435829583
rff24,832,0.1665010693700383,0.014092908659553195,0.1665010693700383
rff64,832,0.1665010693700383,0.011344449277827068,0.1665010693700383
rff128,832,0.1665010693700383,0.01345930382464646,0.1665010693700383
ensemble4x32,832,0.1665010693700383,0.011631188672995476,0.1665010693700383
rff24,833,0.13437942769740008,0.017802072060708312,0.13437942769740008
rff64,833,0.13437942769740008,0.017061307800634563,0.13437942769740008
rff128,833,0.13437942769740008,0.01614671228530138,0.13437942769740008
ensemble4x32,833,0.13437942769740008,0.018631961481283533,0.13437942769740008
rff24,834,0.11270762802108959,0.018204969106313,0.11270762802108959
rff64,834,0.11270762802108959,0.016410702064761036,0.11270762802108959
rff128,834,0.11270762802108959,0.018499129588990384,0.11270762802108959
ensemble4x32,834,0.11270762802108959,0.013639158957717975,0.11270762802108959
rff24,835,0.10981086685342946,0.00922574297471133,0.10981086685342946
rff64,835,0.10981086685342946,0.010328043782652981,0.10981086685342946
rff128,835,0.10981086685342946,0.00918321977723182,0.10981086685342946
ensemble4x32,835,0.10981086685342946,0.008368333425245948,0.10981086685342946
rff24,836,0.11857827262060733,0.011341269522672993,0.11857827262060733
rff64,836,0.11857827262060733,0.014074729506075228,0.11857827262060733
rff128,836,0.11857827262060733,0.011906572880444001,0.11857827262060733
ensemble4x32,836,0.11857827262060733,0.010326090791164196,0.11857827262060733
rff24,837,0.16459945013528152,0.01715364770926584,0.16459945013528152
rff64,837,0.16459945013528152,0.018218114445197664,0.16459945013528152
rff128,837,0.16459945013528152,0.021176011577867408,0.16459945013528152
ensemble4x32,837,0.16459945013528152,0.018354899941257205,0.16459945013528152
rff24,838,0.13431399263727506,0.016297978160920747,0.13431399263727506
rff64,838,0.13431399263727506,0.01418499997127412,0.13431399263727506
rff128,838,0.13431399263727506,0.01561028036193349,0.13431399263727506
ensemble4x32,838,0.13431399263727506,0.014442420202756885,0.13431399263727506
rff24,839,0.11788789590144606,0.01550549782621617,0.11788789590144606
rff64,839,0.11788789590144606,0.01600582934914887,0.11788789590144606
rff128,839,0.11788789590144606,0.015982443606482963,0.11788789590144606
ensemble4x32,839,0.11788789590144606,0.014842106186535317,0.11788789590144606
rff24,840,0.12043230271294805,0.014268516087218169,0.12043230271294805
rff64,840,0.12043230271294805,0.015394831602482837,0.12043230271294805
rff128,840,0.12043230271294805,0.014848585184945823,0.12043230271294805
ensemble4x32,840,0.12043230271294805,0.014161800426799615,0.12043230271294805
rff24,841,0.1324282458943437,0.014084247716981498,0.1324282458943437
rff64,841,0.1324282458943437,0.016329795548364553,0.1324282458943437
rff128,841,0.1324282458943437,0.01654560817015754,0.1324282458943437
ensemble4x32,841,0.1324282458943437,0.014136669901824547,0.1324282458943437
rff24,842,0.1699245358655761,0.013742444181501154,0.1699245358655761
rff64,842,0.1699245358655761,0.016701432218648237,0.1699245358655761
rff128,842,0.1699245358655761,0.01642615928010468,0.1699245358655761
ensemble4x32,842,0.1699245358655761,0.014491990419107242,0.1699245358655761
rff24,843,0.15749084621202142,0.0193836812395518,0.15749084621202142
rff64,843,0.15749084621202142,0.022084986377290835,0.15749084621202142
rff128,843,0.15749084621202142,0.0195783191408548,0.15749084621202142
ensemble4x32,843,0.15749084621202142,0.018932493877992194,0.15749084621202142
rff24,844,0.17258692079128804,0.01393532261347088,0.17258692079128804
rff64,844,0.17258692079128804,0.01742702990565409,0.17258692079128804
rff128,844,0.17258692079128804,0.017931807723241655,0.17258692079128804
ensemble4x32,844,0.17258692079128804,0.01817846365335325,0.17258692079128804
rff24,845,0.1508239520950566,0.019279037010095198,0.1508239520950566
rff64,845,0.1508239520950566,0.022824825509555568,0.1508239520950566
rff128,845,0.1508239520950566,0.021869559209986393,0.1508239520950566
ensemble4x32,845,0.1508239520950566,0.019029581987840206,0.1508239520950566
rff24,846,0.1306497836850436,0.015546134393327478,0.1306497836850436
rff64,846,0.1306497836850436,0.01150732034437684,0.1306497836850436
rff128,846,0.1306497836850436,0.013848155255471358,0.1306497836850436
ensemble4x32,846,0.1306497836850436,0.011304329676118208,0.1306497836850436
rff24,847,0.10627961058119716,0.01692166627565234,0.10627961058119716
rff64,847,0.10627961058119716,0.0159681399787462,0.10627961058119716
rff128,847,0.10627961058119716,0.014032807856474669,0.10627961058119716
ensemble4x32,847,0.10627961058119716,0.015648616895063708,0.10627961058119716
rff24,848,0.1261353629587313,0.013229824654789928,0.1261353629587313
rff64,848,0.1261353629587313,0.013898799643041417,0.1261353629587313
rff128,848,0.1261353629587313,0.011740460345338075,0.1261353629587313
ensemble4x32,848,0.1261353629587313,0.012132621613181694,0.1261353629587313
rff24,849,0.12290123878224996,0.01555358497388943,0.12290123878224996
rff64,849,0.12290123878224996,0.016263322920438448,0.12290123878224996
rff128,849,0.12290123878224996,0.015482799799959646,0.12290123878224996
ensemble4x32,849,0.12290123878224996,0.0140657033093014,0.12290123878224996
rff24,850,0.14686032692810003,0.0206546396076073,0.14686032692810003
rff64,850,0.14686032692810003,0.01730469951974982,0.14686032692810003
rff128,850,0.14686032692810003,0.02120912571201242,0.14686032692810003
ensemble4x32,850,0.14686032692810003,0.020964874365781563,0.14686032692810003
rff24,851,0.13672152565213777,0.01626018815056292,0.13672152565213777
rff64,851,0.13672152565213777,0.01802498146261913,0.13672152565213777
rff128,851,0.13672152565213777,0.017655961317478073,0.13672152565213777
ensemble4x32,851,0.13672152565213777,0.015689811726276863,0.13672152565213777
rff24,852,0.14601890000516224,0.0118856695422425,0.14601890000516224
rff64,852,0.14601890000516224,0.01183430451819433,0.14601890000516224
rff128,852,0.14601890000516224,0.014502337544560833,0.14601890000516224
ensemble4x32,852,0.14601890000516224,0.013417087298698463,0.14601890000516224
rff24,853,0.16417992924358327,0.019198362979713533,0.16417992924358327
rff64,853,0.16417992924358327,0.024460357627581426,0.16417992924358327
rff128,853,0.16417992924358327,0.026943573046171346,0.16417992924358327
ensemble4x32,853,0.16417992924358327,0.025127548297202578,0.16417992924358327
rff24,854,0.14247675678849822,0.01455087176273722,0.14247675678849822
rff64,854,0.14247675678849822,0.017128326555624004,0.14247675678849822
rff128,854,0.14247675678849822,0.015181385262994616,0.14247675678849822
ensemble4x32,854,0.14247675678849822,0.014684343146468234,0.14247675678849822
rff24,855,0.13138067594544853,0.01674200486029956,0.13138067594544853
rff64,855,0.13138067594544853,0.015171623159589052,0.13138067594544853
rff128,855,0.13138067594544853,0.016087793158892,0.13138067594544853
ensemble4x32,855,0.13138067594544853,0.016467484124084115,0.13138067594544853
rff24,856,0.1448797365642382,0.017473649510525793,0.1448797365642382
rff64,856,0.1448797365642382,0.01695308543402554,0.1448797365642382
rff128,856,0.1448797365642382,0.01599292765461688,0.1448797365642382
ensemble4x32,856,0.1448797365642382,0.013858114555831393,0.1448797365642382
rff24,857,0.11529365023889603,0.014746261615777797,0.11529365023889603
rff64,857,0.11529365023889603,0.01502765732175921,0.11529365023889603
rff128,857,0.11529365023889603,0.01425010997514457,0.11529365023889603
ensemble4x32,857,0.11529365023889603,0.012951208204285063,0.11529365023889603
rff24,858,0.14520731779846285,0.0197534161790059,0.14520731779846285
rff64,858,0.14520731779846285,0.016742142828610813,0.14520731779846285
rff128,858,0.14520731779846285,0.015978146727733514,0.14520731779846285
ensemble4x32,858,0.14520731779846285,0.016122569572523622,0.14520731779846285
rff24,859,0.10587444910703801,0.010921459073519992,0.10587444910703801
rff64,859,0.10587444910703801,0.014430137184271035,0.10587444910703801
rff128,859,0.10587444910703801,0.012628393593230881,0.10587444910703801
ensemble4x32,859,0.10587444910703801,0.012391254124676539,0.10587444910703801
rff24,860,0.12399542192856015,0.015284776196854574,0.12399542192856015
rff64,860,0.12399542192856015,0.015011856975655154,0.12399542192856015
rff128,860,0.12399542192856015,0.01405171856173769,0.12399542192856015
ensemble4x32,860,0.12399542192856015,0.012123483927931045,0.12399542192856015
rff24,861,0.1511870641641647,0.020305466885211725,0.1511870641641647
rff64,861,0.1511870641641647,0.020552957500883273,0.1511870641641647
rff128,861,0.1511870641641647,0.017672437263521593,0.1511870641641647
ensemble4x32,861,0.1511870641641647,0.017378884013169338,0.1511870641641647
rff24,862,0.09539019624607979,0.017300047474294658,0.09539019624607979
rff64,862,0.09539019624607979,0.014319472714817575,0.09539019624607979
rff128,862,0.09539019624607979,0.016196007811727236,0.09539019624607979
ensemble4x32,862,0.09539019624607979,0.01742997486864864,0.09539019624607979
rff24,863,0.19973394157128996,0.036902853981087946,0.19973394157128996
rff64,863,0.19973394157128996,0.028378550270983037,0.19973394157128996
rff128,863,0.19973394157128996,0.0313860063458544,0.19973394157128996
ensemble4x32,863,0.19973394157128996,0.034506650941336856,0.19973394157128996
rff24,864,0.14980717017737918,0.01612621109065031,0.14980717017737918
rff64,864,0.14980717017737918,0.013948322840977018,0.14980717017737918
rff128,864,0.14980717017737918,0.015345490193114826,0.14980717017737918
ensemble4x32,864,0.14980717017737918,0.014950484316850301,0.14980717017737918
rff24,865,0.18385055629095284,0.023542079620683935,0.18385055629095284
rff64,865,0.18385055629095284,0.030081506006782985,0.18385055629095284
rff128,865,0.18385055629095284,0.026687607451008677,0.18385055629095284
ensemble4x32,865,0.18385055629095284,0.0248744175209484,0.18385055629095284
rff24,866,0.1540023505182016,0.017669848546209257,0.1540023505182016
rff64,866,0.1540023505182016,0.019347034601383206,0.1540023505182016
rff128,866,0.1540023505182016,0.019465601006574875,0.1540023505182016
ensemble4x32,866,0.1540023505182016,0.017567919418322725,0.1540023505182016
rff24,867,0.13610769582134027,0.013164724905475772,0.13610769582134027
rff64,867,0.13610769582134027,0.01567245700196942,0.13610769582134027
rff128,867,0.13610769582134027,0.015321146650195957,0.13610769582134027
ensemble4x32,867,0.13610769582134027,0.012191627531031642,0.13610769582134027
rff24,868,0.11581362579549741,0.013549274173275491,0.11581362579549741
rff64,868,0.11581362579549741,0.012720562761095452,0.11581362579549741
rff128,868,0.11581362579549741,0.01368116517250747,0.11581362579549741
ensemble4x32,868,0.11581362579549741,0.014207402203320972,0.11581362579549741
rff24,869,0.13160156206967336,0.011942874466820323,0.13160156206967336
rff64,869,0.13160156206967336,0.011800765876062196,0.13160156206967336
rff128,869,0.13160156206967336,0.012166510731729908,0.13160156206967336
ensemble4x32,869,0.13160156206967336,0.011947072215776976,0.13160156206967336
rff24,870,0.10490737528465047,0.011238333271674394,0.10490737528465047
rff64,870,0.10490737528465047,0.010221247168339997,0.10490737528465047
rff128,870,0.10490737528465047,0.011261186849150827,0.10490737528465047
ensemble4x32,870,0.10490737528465047,0.012417946222000157,0.10490737528465047
rff24,871,0.13386925418057066,0.01912643876145108,0.13386925418057066
rff64,871,0.13386925418057066,0.017986779743514807,0.13386925418057066
rff128,871,0.13386925418057066,0.0188917783646878,0.13386925418057066
ensemble4x32,871,0.13386925418057066,0.020071122809566688,0.13386925418057066
rff24,872,0.13808886580507923,0.013663661683006884,0.13808886580507923
rff64,872,0.13808886580507923,0.012259235421621894,0.13808886580507923
rff128,872,0.13808886580507923,0.014728419828590359,0.13808886580507923
ensemble4x32,872,0.13808886580507923,0.012423057894341618,0.13808886580507923
rff24,873,0.1067729532649559,0.013769903674169491,0.1067729532649559
rff64,873,0.1067729532649559,0.015470202553724166,0.1067729532649559
rff128,873,0.1067729532649559,0.014766526903272525,0.1067729532649559
ensemble4x32,873,0.1067729532649559,0.013454780920158475,0.1067729532649559
rff24,874,0.15330472411988924,0.014485925280177857,0.15330472411988924
rff64,874,0.15330472411988924,0.015894474828489158,0.15330472411988924
rff128,874,0.15330472411988924,0.015735241972834324,0.15330472411988924
ensemble4x32,874,0.15330472411988924,0.0156427546735315,0.15330472411988924
rff24,875,0.1285240617611076,0.018796201528154234,0.1285240617611076
rff64,875,0.1285240617611076,0.020672271261811852,0.1285240617611076
rff128,875,0.1285240617611076,0.019134885612793653,0.1285240617611076
ensemble4x32,875,0.1285240617611076,0.020043440399759305,0.1285240617611076
rff24,876,0.1478297658253232,0.014353572853147336,0.1478297658253232
rff64,876,0.1478297658253232,0.012597526996370087,0.1478297658253232
rff128,876,0.1478297658253232,0.013195957898225828,0.1478297658253232
ensemble4x32,876,0.1478297658253232,0.010655693698410068,0.1478297658253232
rff24,877,0.16877300922476185,0.023096325153553164,0.16877300922476185
rff64,877,0.16877300922476185,0.023587684916147728,0.16877300922476185
rff128,877,0.16877300922476185,0.023657502076361525,0.16877300922476185
ensemble4x32,877,0.16877300922476185,0.019867727205106295,0.16877300922476185
rff24,878,0.11108122214165264,0.010341007361123849,0.11108122214165264
rff64,878,0.11108122214165264,0.011182163644264833,0.11108122214165264
rff128,878,0.11108122214165264,0.013009123245596822,0.11108122214165264
ensemble4x32,878,0.11108122214165264,0.010993246159601365,0.11108122214165264
rff24,879,0.12664180768415284,0.010426922926258651,0.12664180768415284
rff64,879,0.12664180768415284,0.015486087913559321,0.12664180768415284
rff128,879,0.12664180768415284,0.012392544680572834,0.12664180768415284
ensemble4x32,879,0.12664180768415284,0.01389457923047019,0.12664180768415284
rff24,880,0.13533056700947826,0.015333027197991305,0.13533056700947826
rff64,880,0.13533056700947826,0.019667258284399598,0.13533056700947826
rff128,880,0.13533056700947826,0.018561502040785185,0.13533056700947826
ensemble4x32,880,0.13533056700947826,0.01940602876967839,0.13533056700947826
rff24,881,0.14294136197357662,0.015997514268583465,0.14294136197357662
rff64,881,0.14294136197357662,0.017113919168773476,0.14294136197357662
rff128,881,0.14294136197357662,0.01718913877899251,0.14294136197357662
ensemble4x32,881,0.14294136197357662,0.0179536723931672,0.14294136197357662
rff24,882,0.11449528903262608,0.019008408825220098,0.11449528903262608
rff64,882,0.11449528903262608,0.017321051771705655,0.11449528903262608
rff128,882,0.11449528903262608,0.015466871943165353,0.11449528903262608
ensemble4x32,882,0.11449528903262608,0.015068387727285136,0.11449528903262608
rff24,883,0.12801679629680204,0.014148356229205909,0.12801679629680204
rff64,883,0.12801679629680204,0.012517648005564501,0.12801679629680204
rff128,883,0.12801679629680204,0.015724270767435454,0.12801679629680204
ensemble4x32,883,0.12801679629680204,0.014813256082332006,0.12801679629680204
rff24,884,0.13351401905169683,0.013156542357734658,0.13351401905169683
rff64,884,0.13351401905169683,0.011093459156901703,0.13351401905169683
rff128,884,0.13351401905169683,0.013077404760101871,0.13351401905169683
ensemble4x32,884,0.13351401905169683,0.012256236411345049,0.13351401905169683
rff24,885,0.1493295937825899,0.0174669606764021,0.1493295937825899
rff64,885,0.1493295937825899,0.01896571460571387,0.1493295937825899
rff128,885,0.1493295937825899,0.019721350707345094,0.1493295937825899
ensemble4x32,885,0.1493295937825899,0.015446684770461443,0.1493295937825899
rff24,886,0.13556267069993166,0.018424530147169216,0.13556267069993166
rff64,886,0.13556267069993166,0.015217982078862583,0.13556267069993166
rff128,886,0.13556267069993166,0.014929970890761323,0.13556267069993166
ensemble4x32,886,0.13556267069993166,0.015442021889058646,0.13556267069993166
rff24,887,0.10426080289771994,0.011632834545222811,0.10426080289771994
rff64,887,0.10426080289771994,0.012432186370577124,0.10426080289771994
rff128,887,0.10426080289771994,0.010839397472386509,0.10426080289771994
ensemble4x32,887,0.10426080289771994,0.012481555598479417,0.10426080289771994
rff24,888,0.10853188438307311,0.010518365269049123,0.10853188438307311
rff64,888,0.10853188438307311,0.010886136600956896,0.10853188438307311
rff128,888,0.10853188438307311,0.012003834524196066,0.10853188438307311
ensemble4x32,888,0.10853188438307311,0.01105538832925246,0.10853188438307311
rff24,889,0.11078476466585221,0.010936540728337066,0.11078476466585221
rff64,889,0.11078476466585221,0.01221925179922375,0.11078476466585221
rff128,889,0.11078476466585221,0.011809992137432316,0.11078476466585221
ensemble4x32,889,0.11078476466585221,0.012699981820105804,0.11078476466585221
rff24,890,0.15122312203683935,0.018728459682598113,0.15122312203683935
rff64,890,0.15122312203683935,0.016997640255393777,0.15122312203683935
rff128,890,0.15122312203683935,0.018885809504649267,0.15122312203683935
ensemble4x32,890,0.15122312203683935,0.017246602285658285,0.15122312203683935
rff24,891,0.11063342154823311,0.017444969173633862,0.11063342154823311
rff64,891,0.11063342154823311,0.018759191992471096,0.11063342154823311
rff128,891,0.11063342154823311,0.018791137338630422,0.11063342154823311
ensemble4x32,891,0.11063342154823311,0.015021873250437285,0.11063342154823311
rff24,892,0.14942399432938613,0.012694808672064342,0.14942399432938613
rff64,892,0.14942399432938613,0.014248317295912874,0.14942399432938613
rff128,892,0.14942399432938613,0.013395642104064659,0.14942399432938613
ensemble4x32,892,0.14942399432938613,0.012403001344713624,0.14942399432938613
rff24,893,0.12994373461727918,0.020891647771242593,0.12994373461727918
rff64,893,0.12994373461727918,0.019129859265685584,0.12994373461727918
rff128,893,0.12994373461727918,0.01681024751586921,0.12994373461727918
ensemble4x32,893,0.12994373461727918,0.01902414119286234,0.12994373461727918
rff24,894,0.11279765453426004,0.017385669400430452,0.11279765453426004
rff64,894,0.11279765453426004,0.021440048172412265,0.11279765453426004
rff128,894,0.11279765453426004,0.014591099428020395,0.11279765453426004
ensemble4x32,894,0.11279765453426004,0.014441797968444981,0.11279765453426004
rff24,895,0.09880773958246705,0.01524779266514357,0.09880773958246705
rff64,895,0.09880773958246705,0.016807838362419808,0.09880773958246705
rff128,895,0.09880773958246705,0.01596307533290087,0.09880773958246705
ensemble4x32,895,0.09880773958246705,0.015715471288589418,0.09880773958246705
rff24,896,0.1172693782635334,0.01820103084964338,0.1172693782635334
rff64,896,0.1172693782635334,0.018503159692118947,0.1172693782635334
rff128,896,0.1172693782635334,0.01723212513401155,0.1172693782635334
ensemble4x32,896,0.1172693782635334,0.014952088108793485,0.1172693782635334
rff24,897,0.11975711528519757,0.013876664587425808,0.11975711528519757
rff64,897,0.11975711528519757,0.01584427409728752,0.11975711528519757
rff128,897,0.11975711528519757,0.01694801531587906,0.11975711528519757
ensemble4x32,897,0.11975711528519757,0.013926677157205426,0.11975711528519757
rff24,898,0.12208446194467838,0.013330773831904626,0.12208446194467838
rff64,898,0.12208446194467838,0.013150111183881071,0.12208446194467838
rff128,898,0.12208446194467838,0.01509134841126566,0.12208446194467838
ensemble4x32,898,0.12208446194467838,0.01234098168306387,0.12208446194467838
rff24,899,0.1408156732174098,0.02256788821379372,0.1408156732174098
rff64,899,0.1408156732174098,0.017603815207678262,0.1408156732174098
rff128,899,0.1408156732174098,0.020164982063088272,0.1408156732174098
ensemble4x32,899,0.1408156732174098,0.017773693012432156,0.1408156732174098
rff24,900,0.14540195846921247,0.02073758363771754,0.14540195846921247
rff64,900,0.14540195846921247,0.01935667316678092,0.14540195846921247
rff128,900,0.14540195846921247,0.020789407217128106,0.14540195846921247
ensemble4x32,900,0.14540195846921247,0.020655104165808957,0.14540195846921247
rff24,901,0.12404373508080932,0.013497429674466146,0.12404373508080932
rff64,901,0.12404373508080932,0.01782672344909942,0.12404373508080932
rff128,901,0.12404373508080932,0.01742274102747783,0.12404373508080932
ensemble4x32,901,0.12404373508080932,0.01564046772464385,0.12404373508080932
rff24,902,0.10881347398384168,0.01820392052676687,0.10881347398384168
rff64,902,0.10881347398384168,0.014067168729011766,0.10881347398384168
rff128,902,0.10881347398384168,0.017333015784804538,0.10881347398384168
ensemble4x32,902,0.10881347398384168,0.018190980884188995,0.10881347398384168
rff24,903,0.14593635282590633,0.013764375021032699,0.14593635282590633
rff64,903,0.14593635282590633,0.012170692077421415,0.14593635282590633
rff128,903,0.14593635282590633,0.012605397553818664,0.14593635282590633
ensemble4x32,903,0.14593635282590633,0.011316860639120248,0.14593635282590633
rff24,904,0.1377591941401941,0.015248310397332442,0.1377591941401941
rff64,904,0.1377591941401941,0.014949762662961484,0.1377591941401941
rff128,904,0.1377591941401941,0.016529999426228455,0.1377591941401941
ensemble4x32,904,0.1377591941401941,0.015359097629215217,0.1377591941401941
rff24,905,0.11912541894735328,0.01539608447412878,0.11912541894735328
rff64,905,0.11912541894735328,0.01640657709090867,0.11912541894735328
rff128,905,0.11912541894735328,0.017124250824990674,0.11912541894735328
ensemble4x32,905,0.11912541894735328,0.015195539129472226,0.11912541894735328
rff24,906,0.12160915770681222,0.018518234223342415,0.12160915770681222
rff64,906,0.12160915770681222,0.02099976976638524,0.12160915770681222
rff128,906,0.12160915770681222,0.017233262267717278,0.12160915770681222
ensemble4x32,906,0.12160915770681222,0.018268261584052977,0.12160915770681222
rff24,907,0.12712262877902455,0.01356092235194897,0.12712262877902455
rff64,907,0.12712262877902455,0.011116223104007004,0.12712262877902455
rff128,907,0.12712262877902455,0.010205484274223988,0.12712262877902455
ensemble4x32,907,0.12712262877902455,0.010049210205316385,0.12712262877902455
rff24,908,0.1167495999140678,0.014588800389586607,0.1167495999140678
rff64,908,0.1167495999140678,0.017220718805042112,0.1167495999140678
rff128,908,0.1167495999140678,0.015339512725696931,0.1167495999140678
ensemble4x32,908,0.1167495999140678,0.016284283756229426,0.1167495999140678
rff24,909,0.13674197787271725,0.0194946113880192,0.13674197787271725
rff64,909,0.13674197787271725,0.01873375568143907,0.13674197787271725
rff128,909,0.13674197787271725,0.018354719022318885,0.13674197787271725
ensemble4x32,909,0.13674197787271725,0.015961571115798785,0.13674197787271725
rff24,910,0.13243585883363954,0.016493687168403416,0.13243585883363954
rff64,910,0.13243585883363954,0.014798933175491243,0.13243585883363954
rff128,910,0.13243585883363954,0.01612053699950069,0.13243585883363954
ensemble4x32,910,0.13243585883363954,0.01666691268911245,0.13243585883363954
rff24,911,0.1701344585795111,0.022849145654570403,0.1701344585795111
rff64,911,0.1701344585795111,0.0184688156709711,0.1701344585795111
rff128,911,0.1701344585795111,0.020918952423225654,0.1701344585795111
ensemble4x32,911,0.1701344585795111,0.0206483335161949,0.1701344585795111
rff24,912,0.144610084474977,0.021646189766579546,0.144610084474977
rff64,912,0.144610084474977,0.017961111504594174,0.144610084474977
rff128,912,0.144610084474977,0.01975861251523549,0.144610084474977
ensemble4x32,912,0.144610084474977,0.01550785283510711,0.144610084474977
rff24,913,0.13578125751788653,0.016132520222492504,0.13578125751788653
rff64,913,0.13578125751788653,0.013600102005640402,0.13578125751788653
rff128,913,0.13578125751788653,0.013221955611341513,0.13578125751788653
ensemble4x32,913,0.13578125751788653,0.01259206900621147,0.13578125751788653
rff24,914,0.14140812487807386,0.01784107287471517,0.14140812487807386
rff64,914,0.14140812487807386,0.015780253039793662,0.14140812487807386
rff128,914,0.14140812487807386,0.012950677937490189,0.14140812487807386
ensemble4x32,914,0.14140812487807386,0.015433774508620606,0.14140812487807386
rff24,915,0.15931812619770516,0.02530023776981149,0.15931812619770516
rff64,915,0.15931812619770516,0.019680186559095036,0.15931812619770516
rff128,915,0.15931812619770516,0.021617748776126107,0.15931812619770516
ensemble4x32,915,0.15931812619770516,0.01863595189882382,0.15931812619770516
rff24,916,0.13791415985501382,0.016871440411284015,0.13791415985501382
rff64,916,0.13791415985501382,0.023304190961047896,0.13791415985501382
rff128,916,0.13791415985501382,0.020409055473670192,0.13791415985501382
ensemble4x32,916,0.13791415985501382,0.019761583251668824,0.13791415985501382
rff24,917,0.09600851072140436,0.009890042864967082,0.09600851072140436
rff64,917,0.09600851072140436,0.01067928771561073,0.09600851072140436
rff128,917,0.09600851072140436,0.010466432724314797,0.09600851072140436
ensemble4x32,917,0.09600851072140436,0.012330206073449337,0.09600851072140436
rff24,918,0.14886235001376452,0.01838154991287101,0.14886235001376452
rff64,918,0.14886235001376452,0.021501481870011892,0.14886235001376452
rff128,918,0.14886235001376452,0.019695885388890468,0.14886235001376452
ensemble4x32,918,0.14886235001376452,0.017773030715038884,0.14886235001376452
rff24,919,0.12238988899520989,0.01325775870219658,0.12238988899520989
rff64,919,0.12238988899520989,0.015514884607853876,0.12238988899520989
rff128,919,0.12238988899520989,0.01456579621504933,0.12238988899520989
ensemble4x32,919,0.12238988899520989,0.013851100182544353,0.12238988899520989
rff24,920,0.12764706192374106,0.015052744965828747,0.12764706192374106
rff64,920,0.12764706192374106,0.01695076671998035,0.12764706192374106
rff128,920,0.12764706192374106,0.017038406320738345,0.12764706192374106
ensemble4x32,920,0.12764706192374106,0.015251420828533133,0.12764706192374106
rff24,921,0.14530664258998865,0.013544267208218174,0.14530664258998865
rff64,921,0.14530664258998865,0.016753585060799474,0.14530664258998865
rff128,921,0.14530664258998865,0.020210992700739634,0.14530664258998865
ensemble4x32,921,0.14530664258998865,0.014875900885848758,0.14530664258998865
rff24,922,0.13292587297599778,0.013829165004208544,0.13292587297599778
rff64,922,0.13292587297599778,0.012259343074350936,0.13292587297599778
rff128,922,0.13292587297599778,0.011286869464183346,0.13292587297599778
ensemble4x32,922,0.13292587297599778,0.010247281817437776,0.13292587297599778
rff24,923,0.1104699499316765,0.01748623816995885,0.1104699499316765
rff64,923,0.1104699499316765,0.0159089298638173,0.1104699499316765
rff128,923,0.1104699499316765,0.014807297248842416,0.1104699499316765
ensemble4x32,923,0.1104699499316765,0.014367119568882649,0.1104699499316765
rff24,924,0.12254001950494148,0.013069794582725482,0.12254001950494148
rff64,924,0.12254001950494148,0.015924849835478566,0.12254001950494148
rff128,924,0.12254001950494148,0.014941441573045715,0.12254001950494148
ensemble4x32,924,0.12254001950494148,0.01465703445550313,0.12254001950494148
rff24,925,0.12639971776839673,0.014383981738249979,0.12639971776839673
rff64,925,0.12639971776839673,0.01461713051913471,0.12639971776839673
rff128,925,0.12639971776839673,0.015184005747612072,0.12639971776839673
ensemble4x32,925,0.12639971776839673,0.01326959633414146,0.12639971776839673
rff24,926,0.17802760766954362,0.014752044401999167,0.17802760766954362
rff64,926,0.17802760766954362,0.013496008014479501,0.17802760766954362
rff128,926,0.17802760766954362,0.012647870906659597,0.17802760766954362
ensemble4x32,926,0.17802760766954362,0.012131163029185044,0.17802760766954362
rff24,927,0.13329066324641128,0.019229410229552768,0.13329066324641128
rff64,927,0.13329066324641128,0.017909040516204212,0.13329066324641128
rff128,927,0.13329066324641128,0.01896323058141657,0.13329066324641128
ensemble4x32,927,0.13329066324641128,0.018474223461391714,0.13329066324641128
rff24,928,0.12095447495577046,0.016596888899819317,0.12095447495577046
rff64,928,0.12095447495577046,0.01678928944824306,0.12095447495577046
rff128,928,0.12095447495577046,0.018109068902614607,0.12095447495577046
ensemble4x32,928,0.12095447495577046,0.017374274191528156,0.12095447495577046
rff24,929,0.15983884384673974,0.01769392068730854,0.15983884384673974
rff64,929,0.15983884384673974,0.015685644849377567,0.15983884384673974
rff128,929,0.15983884384673974,0.01686816698885356,0.15983884384673974
ensemble4x32,929,0.15983884384673974,0.014944668477133988,0.15983884384673974
rff24,930,0.141939542055801,0.015543065395538494,0.141939542055801
rff64,930,0.141939542055801,0.013787064526637223,0.141939542055801
rff128,930,0.141939542055801,0.015001025862373903,0.141939542055801
ensemble4x32,930,0.141939542055801,0.014802691609800338,0.141939542055801
rff24,931,0.1371732593084282,0.014582277200222088,0.1371732593084282
rff64,931,0.1371732593084282,0.014437530268250728,0.1371732593084282
rff128,931,0.1371732593084282,0.015420066789929987,0.1371732593084282
ensemble4x32,931,0.1371732593084282,0.013954714010577903,0.1371732593084282
rff24,932,0.10659396853882387,0.014446947233535592,0.10659396853882387
rff64,932,0.10659396853882387,0.013533681950658578,0.10659396853882387
rff128,932,0.10659396853882387,0.014160022591799938,0.10659396853882387
ensemble4x32,932,0.10659396853882387,0.014019103543410738,0.10659396853882387
rff24,933,0.11241718093959507,0.013541868998822882,0.11241718093959507
rff64,933,0.11241718093959507,0.013748844334130504,0.11241718093959507
rff128,933,0.11241718093959507,0.013397644535376514,0.11241718093959507
ensemble4x32,933,0.11241718093959507,0.014668895363238298,0.11241718093959507
rff24,934,0.13400365316009819,0.013879869309925522,0.13400365316009819
rff64,934,0.13400365316009819,0.014002804113201544,0.13400365316009819
rff128,934,0.13400365316009819,0.014877530146694216,0.13400365316009819
ensemble4x32,934,0.13400365316009819,0.013963419958232283,0.13400365316009819
rff24,935,0.1375881300879018,0.01803745380530991,0.1375881300879018
rff64,935,0.1375881300879018,0.019254236475406063,0.1375881300879018
rff128,935,0.1375881300879018,0.01827235835102438,0.1375881300879018
ensemble4x32,935,0.1375881300879018,0.01907587358736125,0.1375881300879018
rff24,936,0.11387826291444536,0.01760198516423457,0.11387826291444536
rff64,936,0.11387826291444536,0.01789433912315565,0.11387826291444536
rff128,936,0.11387826291444536,0.016416859469808844,0.11387826291444536
ensemble4x32,936,0.11387826291444536,0.015541790771180578,0.11387826291444536
rff24,937,0.1114042563070202,0.018625440056894132,0.1114042563070202
rff64,937,0.1114042563070202,0.015713569332638025,0.1114042563070202
rff128,937,0.1114042563070202,0.020415831108605228,0.1114042563070202
ensemble4x32,937,0.1114042563070202,0.016472640346883075,0.1114042563070202
rff24,938,0.12129752779752019,0.012036302261925239,0.12129752779752019
rff64,938,0.12129752779752019,0.016713060762938107,0.12129752779752019
rff128,938,0.12129752779752019,0.019102762785809514,0.12129752779752019
ensemble4x32,938,0.12129752779752019,0.014480208317450264,0.12129752779752019
rff24,939,0.1048708270678837,0.008803444658492865,0.1048708270678837
rff64,939,0.1048708270678837,0.013074251539417983,0.1048708270678837
rff128,939,0.1048708270678837,0.009782367668698734,0.1048708270678837
ensemble4x32,939,0.1048708270678837,0.010585023864683352,0.1048708270678837
rff24,940,0.1260902616025581,0.012199258257642702,0.1260902616025581
rff64,940,0.1260902616025581,0.013489358225273286,0.1260902616025581
rff128,940,0.1260902616025581,0.013314491667394766,0.1260902616025581
ensemble4x32,940,0.1260902616025581,0.014674861981870103,0.1260902616025581
rff24,941,0.14817529545724256,0.01553707269927529,0.14817529545724256
rff64,941,0.14817529545724256,0.013511076563016387,0.14817529545724256
rff128,941,0.14817529545724256,0.014425739998891515,0.14817529545724256
ensemble4x32,941,0.14817529545724256,0.014074848655565887,0.14817529545724256
rff24,942,0.13283629031007582,0.013779491428100855,0.13283629031007582
rff64,942,0.13283629031007582,0.014963171709456003,0.13283629031007582
rff128,942,0.13283629031007582,0.013892285090742749,0.13283629031007582
ensemble4x32,942,0.13283629031007582,0.014579125976626958,0.13283629031007582
rff24,943,0.12864847339464452,0.010977656923898892,0.12864847339464452
rff64,943,0.12864847339464452,0.012902070213280858,0.12864847339464452
rff128,943,0.12864847339464452,0.00990514203313533,0.12864847339464452
ensemble4x32,943,0.12864847339464452,0.010678101870961363,0.12864847339464452
rff24,944,0.11263900013408981,0.012149766675877801,0.11263900013408981
rff64,944,0.11263900013408981,0.012338812440660853,0.11263900013408981
rff128,944,0.11263900013408981,0.01347761919390117,0.11263900013408981
ensemble4x32,944,0.11263900013408981,0.013341656751194761,0.11263900013408981
rff24,945,0.1227919858123785,0.015650345606456798,0.1227919858123785
rff64,945,0.1227919858123785,0.020101818843112768,0.1227919858123785
rff128,945,0.1227919858123785,0.021493783779437926,0.1227919858123785
ensemble4x32,945,0.1227919858123785,0.01952044451787776,0.1227919858123785
rff24,946,0.14178944353805448,0.020633329111639863,0.14178944353805448
rff64,946,0.14178944353805448,0.018774549111689912,0.14178944353805448
rff128,946,0.14178944353805448,0.01792982164944421,0.14178944353805448
ensemble4x32,946,0.14178944353805448,0.01993430782299179,0.14178944353805448
rff24,947,0.1526401109077345,0.014416762879429956,0.1526401109077345
rff64,947,0.1526401109077345,0.017814901688548296,0.1526401109077345
rff128,947,0.1526401109077345,0.01662285540001528,0.1526401109077345
ensemble4x32,947,0.1526401109077345,0.015727552574545476,0.1526401109077345
rff24,948,0.09768888568086835,0.015457515234874777,0.09768888568086835
rff64,948,0.09768888568086835,0.014709714171819094,0.09768888568086835
rff128,948,0.09768888568086835,0.013104186741105736,0.09768888568086835
ensemble4x32,948,0.09768888568086835,0.015298181069280138,0.09768888568086835
rff24,949,0.1342403777328471,0.020985865540466275,0.1342403777328471
rff64,949,0.1342403777328471,0.01767958432242603,0.1342403777328471
rff128,949,0.1342403777328471,0.017199053556598228,0.1342403777328471
ensemble4x32,949,0.1342403777328471,0.018420213971783277,0.1342403777328471
rff24,950,0.1558374339122876,0.01782968812425213,0.1558374339122876
rff64,950,0.1558374339122876,0.01855709802269968,0.1558374339122876
rff128,950,0.1558374339122876,0.02173281825323322,0.1558374339122876
ensemble4x32,950,0.1558374339122876,0.017657250561178,0.1558374339122876
rff24,951,0.14459785421657204,0.01278661250073936,0.14459785421657204
rff64,951,0.14459785421657204,0.01661175173769494,0.14459785421657204
rff128,951,0.14459785421657204,0.015834072799438163,0.14459785421657204
ensemble4x32,951,0.14459785421657204,0.014727208911518531,0.14459785421657204
rff24,952,0.13165499759226904,0.013065205568083148,0.13165499759226904
rff64,952,0.13165499759226904,0.013686187732726365,0.13165499759226904
rff128,952,0.13165499759226904,0.011681146032485112,0.13165499759226904
ensemble4x32,952,0.13165499759226904,0.011668775945711491,0.13165499759226904
rff24,953,0.12338160820452863,0.012094341267949215,0.12338160820452863
rff64,953,0.12338160820452863,0.012804014323929209,0.12338160820452863
rff128,953,0.12338160820452863,0.01268509989202803,0.12338160820452863
ensemble4x32,953,0.12338160820452863,0.011637901464484419,0.12338160820452863
rff24,954,0.11295634111365807,0.01256408861707904,0.11295634111365807
rff64,954,0.11295634111365807,0.010950038293651064,0.11295634111365807
rff128,954,0.11295634111365807,0.012079175990237539,0.11295634111365807
ensemble4x32,954,0.11295634111365807,0.011471682137670714,0.11295634111365807
rff24,955,0.10865646603465683,0.014060904292514552,0.10865646603465683
rff64,955,0.10865646603465683,0.01639055518741003,0.10865646603465683
rff128,955,0.10865646603465683,0.015221980017253047,0.10865646603465683
ensemble4x32,955,0.10865646603465683,0.016067112053404727,0.10865646603465683
rff24,956,0.12527800792381807,0.016350783450213808,0.12527800792381807
rff64,956,0.12527800792381807,0.018463029831337508,0.12527800792381807
rff128,956,0.12527800792381807,0.01705975499112048,0.12527800792381807
ensemble4x32,956,0.12527800792381807,0.01590808453038452,0.12527800792381807
rff24,957,0.14031182840549017,0.013071562664252153,0.14031182840549017
rff64,957,0.14031182840549017,0.02014273888126406,0.14031182840549017
rff128,957,0.14031182840549017,0.01641121792833635,0.14031182840549017
ensemble4x32,957,0.14031182840549017,0.01602663895705703,0.14031182840549017
rff24,958,0.1238181671488815,0.013349448530640167,0.1238181671488815
rff64,958,0.1238181671488815,0.014048586971681412,0.1238181671488815
rff128,958,0.1238181671488815,0.012642108966921105,0.1238181671488815
ensemble4x32,958,0.1238181671488815,0.01441879983990328,0.1238181671488815
rff24,959,0.10805810166167581,0.015635446942359292,0.10805810166167581
rff64,959,0.10805810166167581,0.014754808969588421,0.10805810166167581
rff128,959,0.10805810166167581,0.017155620989454706,0.10805810166167581
ensemble4x32,959,0.10805810166167581,0.017054978657513153,0.10805810166167581
rff24,960,0.14020963433955216,0.016735596575828862,0.14020963433955216
rff64,960,0.14020963433955216,0.022090715510463328,0.14020963433955216
rff128,960,0.14020963433955216,0.016722603175405443,0.14020963433955216
ensemble4x32,960,0.14020963433955216,0.017211976831502843,0.14020963433955216
rff24,961,0.19162935203271922,0.028381545672947237,0.19162935203271922
rff64,961,0.19162935203271922,0.021865623642248977,0.19162935203271922
rff128,961,0.19162935203271922,0.024539109906271443,0.19162935203271922
ensemble4x32,961,0.19162935203271922,0.025047832398287697,0.19162935203271922
rff24,962,0.1271776866422512,0.012342812473020045,0.1271776866422512
rff64,962,0.1271776866422512,0.013638636683076868,0.1271776866422512
rff128,962,0.1271776866422512,0.01578998819423247,0.1271776866422512
ensemble4x32,962,0.1271776866422512,0.014890672983097236,0.1271776866422512
rff24,963,0.14673216674748354,0.01984995398154284,0.14673216674748354
rff64,963,0.14673216674748354,0.01996750792077156,0.14673216674748354
rff128,963,0.14673216674748354,0.021735941307187263,0.14673216674748354
ensemble4x32,963,0.14673216674748354,0.019534492877508053,0.14673216674748354
rff24,964,0.14684244947996086,0.01795332266059147,0.14684244947996086
rff64,964,0.14684244947996086,0.02135221902593329,0.14684244947996086
rff128,964,0.14684244947996086,0.022121307600548173,0.14684244947996086
ensemble4x32,964,0.14684244947996086,0.021065773465949157,0.14684244947996086
rff24,965,0.12706219236664976,0.022993341856697175,0.12706219236664976
rff64,965,0.12706219236664976,0.023580096341947823,0.12706219236664976
rff128,965,0.12706219236664976,0.02022057513064172,0.12706219236664976
ensemble4x32,965,0.12706219236664976,0.020157665382140526,0.12706219236664976
rff24,966,0.1276180937731356,0.013238734540857161,0.1276180937731356
rff64,966,0.1276180937731356,0.013375236583370287,0.1276180937731356
rff128,966,0.1276180937731356,0.013928757130842543,0.1276180937731356
ensemble4x32,966,0.1276180937731356,0.013516580140724366,0.1276180937731356
rff24,967,0.15564275107336975,0.014345410739021807,0.15564275107336975
rff64,967,0.15564275107336975,0.018429884871393378,0.15564275107336975
rff128,967,0.15564275107336975,0.015514067798792545,0.15564275107336975
ensemble4x32,967,0.15564275107336975,0.015383439721754042,0.15564275107336975
rff24,968,0.13443556033076495,0.012118500295346082,0.13443556033076495
rff64,968,0.13443556033076495,0.017099363368401555,0.13443556033076495
rff128,968,0.13443556033076495,0.014648004970064615,0.13443556033076495
ensemble4x32,968,0.13443556033076495,0.01282100691326503,0.13443556033076495
rff24,969,0.11858585217386931,0.01389039961714944,0.11858585217386931
rff64,969,0.11858585217386931,0.016233219482021898,0.11858585217386931
rff128,969,0.11858585217386931,0.013336066536072713,0.11858585217386931
ensemble4x32,969,0.11858585217386931,0.0129731862251524,0.11858585217386931
rff24,970,0.13192250846405826,0.01460506068130856,0.13192250846405826
rff64,970,0.13192250846405826,0.016717614020087784,0.13192250846405826
rff128,970,0.13192250846405826,0.016407665282728683,0.13192250846405826
ensemble4x32,970,0.13192250846405826,0.015203138378098207,0.13192250846405826
rff24,971,0.15293893651947335,0.026012319975475345,0.15293893651947335
rff64,971,0.15293893651947335,0.023547720402319804,0.15293893651947335
rff128,971,0.15293893651947335,0.023561374535222657,0.15293893651947335
ensemble4x32,971,0.15293893651947335,0.019960956963807404,0.15293893651947335
rff24,972,0.14302270756960206,0.015737271314596644,0.14302270756960206
rff64,972,0.14302270756960206,0.01320656418000856,0.14302270756960206
rff128,972,0.14302270756960206,0.013761713990102863,0.14302270756960206
ensemble4x32,972,0.14302270756960206,0.011644340743058243,0.14302270756960206
rff24,973,0.10662769276429682,0.015355758930338937,0.10662769276429682
rff64,973,0.10662769276429682,0.013055677552672165,0.10662769276429682
rff128,973,0.10662769276429682,0.013928757412802355,0.10662769276429682
ensemble4x32,973,0.10662769276429682,0.011331540296793207,0.10662769276429682
rff24,974,0.14272629483195828,0.01699692397826446,0.14272629483195828
rff64,974,0.14272629483195828,0.018958241567847048,0.14272629483195828
rff128,974,0.14272629483195828,0.01738395024178644,0.14272629483195828
ensemble4x32,974,0.14272629483195828,0.017052839976491305,0.14272629483195828
rff24,975,0.1363117754896706,0.014567990972500618,0.1363117754896706
rff64,975,0.1363117754896706,0.015582384673913407,0.1363117754896706
rff128,975,0.1363117754896706,0.015083703151391865,0.1363117754896706
ensemble4x32,975,0.1363117754896706,0.013540931577430169,0.1363117754896706
rff24,976,0.15083645137834553,0.018338393458054995,0.15083645137834553
rff64,976,0.15083645137834553,0.016703444807046944,0.15083645137834553
rff128,976,0.15083645137834553,0.01625465850189899,0.15083645137834553
ensemble4x32,976,0.15083645137834553,0.016962357047082592,0.15083645137834553
rff24,977,0.1566481703523664,0.020429024337065293,0.1566481703523664
rff64,977,0.1566481703523664,0.01680378479406411,0.1566481703523664
rff128,977,0.1566481703523664,0.018803237154751594,0.1566481703523664
ensemble4x32,977,0.1566481703523664,0.016648401301417592,0.1566481703523664
rff24,978,0.136999031874892,0.01627470141614297,0.136999031874892
rff64,978,0.136999031874892,0.01773128962210596,0.136999031874892
rff128,978,0.136999031874892,0.017205028532692866,0.136999031874892
ensemble4x32,978,0.136999031874892,0.016987792775585188,0.136999031874892
rff24,979,0.12336771021721574,0.013843404793873838,0.12336771021721574
rff64,979,0.12336771021721574,0.017179666987567645,0.12336771021721574
rff128,979,0.12336771021721574,0.01663180105658736,0.12336771021721574
ensemble4x32,979,0.12336771021721574,0.015374476040555893,0.12336771021721574
rff24,980,0.12855701624289875,0.012902378728025226,0.12855701624289875
rff64,980,0.12855701624289875,0.01305478487899466,0.12855701624289875
rff128,980,0.12855701624289875,0.011936675951449446,0.12855701624289875
ensemble4x32,980,0.12855701624289875,0.011215768405822429,0.12855701624289875
rff24,981,0.1133354494287577,0.012564885487583829,0.1133354494287577
rff64,981,0.1133354494287577,0.015082033852980011,0.1133354494287577
rff128,981,0.1133354494287577,0.015269309843173052,0.1133354494287577
ensemble4x32,981,0.1133354494287577,0.0148668806542697,0.1133354494287577
rff24,982,0.10970340389453775,0.01617473341809033,0.10970340389453775
rff64,982,0.10970340389453775,0.014096900445822845,0.10970340389453775
rff128,982,0.10970340389453775,0.01621798041060644,0.10970340389453775
ensemble4x32,982,0.10970340389453775,0.016339100170417176,0.10970340389453775
rff24,983,0.13710974107194077,0.017980175760676762,0.13710974107194077
rff64,983,0.13710974107194077,0.01649833258118726,0.13710974107194077
rff128,983,0.13710974107194077,0.01863479576451457,0.13710974107194077
ensemble4x32,983,0.13710974107194077,0.017016231751620727,0.13710974107194077
rff24,984,0.1268577184663062,0.01397948163401543,0.1268577184663062
rff64,984,0.1268577184663062,0.016212467898713962,0.1268577184663062
rff128,984,0.1268577184663062,0.015181154172169512,0.1268577184663062
ensemble4x32,984,0.1268577184663062,0.014561505808244283,0.1268577184663062
rff24,985,0.16901344927204168,0.02236181627028817,0.16901344927204168
rff64,985,0.16901344927204168,0.02484442352467869,0.16901344927204168
rff128,985,0.16901344927204168,0.023078757044700436,0.16901344927204168
ensemble4x32,985,0.16901344927204168,0.023214111469222483,0.16901344927204168
rff24,986,0.1312374575416149,0.016581111464248708,0.1312374575416149
rff64,986,0.1312374575416149,0.014990860380471467,0.1312374575416149
rff128,986,0.1312374575416149,0.015573169819382289,0.1312374575416149
ensemble4x32,986,0.1312374575416149,0.013785444627199463,0.1312374575416149
rff24,987,0.13035068809124442,0.016873417187034313,0.13035068809124442
rff64,987,0.13035068809124442,0.015851097128815408,0.13035068809124442
rff128,987,0.13035068809124442,0.018034274351559472,0.13035068809124442
ensemble4x32,987,0.13035068809124442,0.015197521456681006,0.13035068809124442
rff24,988,0.1939929815688839,0.020865305644453637,0.1939929815688839
rff64,988,0.1939929815688839,0.019002314894441687,0.1939929815688839
rff128,988,0.1939929815688839,0.019587718783241555,0.1939929815688839
ensemble4x32,988,0.1939929815688839,0.025423099218642952,0.1939929815688839
rff24,989,0.13568190468853145,0.01781484506325755,0.13568190468853145
rff64,989,0.13568190468853145,0.02238832421309385,0.13568190468853145
rff128,989,0.13568190468853145,0.0197754433263004,0.13568190468853145
ensemble4x32,989,0.13568190468853145,0.01802460169568333,0.13568190468853145
rff24,990,0.12967721086580042,0.01636203326821114,0.12967721086580042
rff64,990,0.12967721086580042,0.01607695997640205,0.12967721086580042
rff128,990,0.12967721086580042,0.015819626917197665,0.12967721086580042
ensemble4x32,990,0.12967721086580042,0.0158110081263442,0.12967721086580042
rff24,991,0.15663659686537557,0.015378311164533118,0.15663659686537557
rff64,991,0.15663659686537557,0.01625550005655992,0.15663659686537557
rff128,991,0.15663659686537557,0.0134961034149435,0.15663659686537557
ensemble4x32,991,0.15663659686537557,0.014223685626870833,0.15663659686537557
rff24,992,0.13277265843075697,0.015943759407714156,0.13277265843075697
rff64,992,0.13277265843075697,0.01955287618500855,0.13277265843075697
rff128,992,0.13277265843075697,0.01935593970003853,0.13277265843075697
ensemble4x32,992,0.13277265843075697,0.01901182191277797,0.13277265843075697
rff24,993,0.1326172596108488,0.018423683718708266,0.1326172596108488
rff64,993,0.1326172596108488,0.02135920528288275,0.1326172596108488
rff128,993,0.1326172596108488,0.017738026059301814,0.1326172596108488
ensemble4x32,993,0.1326172596108488,0.01680047177119792,0.1326172596108488
rff24,994,0.11624926920375891,0.012765817386581339,0.11624926920375891
rff64,994,0.11624926920375891,0.011064987739454087,0.11624926920375891
rff128,994,0.11624926920375891,0.011052101846324913,0.11624926920375891
ensemble4x32,994,0.11624926920375891,0.012991764717101381,0.11624926920375891
rff24,995,0.11962353501963302,0.018876026327806075,0.11962353501963302
rff64,995,0.11962353501963302,0.018759561706674907,0.11962353501963302
rff128,995,0.11962353501963302,0.020371410893210377,0.11962353501963302
ensemble4x32,995,0.11962353501963302,0.019786420373301267,0.11962353501963302
rff24,996,0.11119935403410598,0.010669024759995057,0.11119935403410598
rff64,996,0.11119935403410598,0.011754846803381307,0.11119935403410598
rff128,996,0.11119935403410598,0.010928830226493649,0.11119935403410598
ensemble4x32,996,0.11119935403410598,0.010184698221033121,0.11119935403410598
rff24,997,0.16463005724712493,0.019586558514855978,0.16463005724712493
rff64,997,0.16463005724712493,0.020159523995397974,0.16463005724712493
rff128,997,0.16463005724712493,0.02360399167981805,0.16463005724712493
ensemble4x32,997,0.16463005724712493,0.022323469421571075,0.16463005724712493
rff24,998,0.11208669613943625,0.02165302851801102,0.11208669613943625
rff64,998,0.11208669613943625,0.015390865846157252,0.11208669613943625
rff128,998,0.11208669613943625,0.017592142312906133,0.11208669613943625
ensemble4x32,998,0.11208669613943625,0.015663968210597366,0.11208669613943625
rff24,999,0.11806242868320989,0.017376993936646115,0.11806242868320989
rff64,999,0.11806242868320989,0.01930009080332595,0.11806242868320989
rff128,999,0.11806242868320989,0.020178201043955794,0.11806242868320989
ensemble4x32,999,0.11806242868320989,0.017031763762249137,0.11806242868320989
rff24,1000,0.11787246806181174,0.01828197139599246,0.11787246806181174
rff64,1000,0.11787246806181174,0.01691976869795643,0.11787246806181174
rff128,1000,0.11787246806181174,0.01856593574936299,0.11787246806181174
ensemble4x32,1000,0.11787246806181174,0.016061288416682903,0.11787246806181174
rff24,1001,0.11083702531643641,0.013573521518657863,0.11083702531643641
rff64,1001,0.11083702531643641,0.012897286347259175,0.11083702531643641
rff128,1001,0.11083702531643641,0.013866550919137145,0.11083702531643641
ensemble4x32,1001,0.11083702531643641,0.01323230357905816,0.11083702531643641
rff24,1002,0.09143400263748475,0.012727664015250863,0.09143400263748475
rff64,1002,0.09143400263748475,0.012035478436766101,0.09143400263748475
rff128,1002,0.09143400263748475,0.0120037214393199,0.09143400263748475
ensemble4x32,1002,0.09143400263748475,0.010291828208914066,0.09143400263748475
rff24,1003,0.13758943436285762,0.029509331512876547,0.13758943436285762
rff64,1003,0.13758943436285762,0.02621916209603012,0.13758943436285762
rff128,1003,0.13758943436285762,0.030190622482338527,0.13758943436285762
ensemble4x32,1003,0.13758943436285762,0.023907373300602865,0.13758943436285762
rff24,1004,0.13375596635670675,0.019089052142497103,0.13375596635670675
rff64,1004,0.13375596635670675,0.014201998248413046,0.13375596635670675
rff128,1004,0.13375596635670675,0.016587582625056278,0.13375596635670675
ensemble4x32,1004,0.13375596635670675,0.016244295979439785,0.13375596635670675
rff24,1005,0.10165841665808167,0.0128925892643023,0.10165841665808167
rff64,1005,0.10165841665808167,0.013129872754800395,0.10165841665808167
rff128,1005,0.10165841665808167,0.013805263195577774,0.10165841665808167
ensemble4x32,1005,0.10165841665808167,0.012158018992731206,0.10165841665808167
rff24,1006,0.10208170542768127,0.012527845602743833,0.10208170542768127
rff64,1006,0.10208170542768127,0.01251160436551248,0.10208170542768127
rff128,1006,0.10208170542768127,0.014003340201324571,0.10208170542768127
ensemble4x32,1006,0.10208170542768127,0.013013450713805512,0.10208170542768127
rff24,1007,0.14583847520843715,0.010972065072395142,0.14583847520843715
rff64,1007,0.14583847520843715,0.013820039233993721,0.14583847520843715
rff128,1007,0.14583847520843715,0.013329387836564352,0.14583847520843715
ensemble4x32,1007,0.14583847520843715,0.010074842146567991,0.14583847520843715
rff24,1008,0.13538982559838458,0.013946830986571653,0.13538982559838458
rff64,1008,0.13538982559838458,0.014636207440649755,0.13538982559838458
rff128,1008,0.13538982559838458,0.014438743783278927,0.13538982559838458
ensemble4x32,1008,0.13538982559838458,0.013747877374381759,0.13538982559838458
rff24,1009,0.2246674661932545,0.03564788105420767,0.2246674661932545
rff64,1009,0.2246674661932545,0.026587787180801507,0.2246674661932545
rff128,1009,0.2246674661932545,0.023682618201415845,0.2246674661932545
ensemble4x32,1009,0.2246674661932545,0.020499318739143284,0.2246674661932545
rff24,1010,0.14295726385784488,0.02476252648447659,0.14295726385784488
rff64,1010,0.14295726385784488,0.02168144620294669,0.14295726385784488
rff128,1010,0.14295726385784488,0.02281022269293408,0.14295726385784488
ensemble4x32,1010,0.14295726385784488,0.019701820787998946,0.14295726385784488
rff24,1011,0.12140932740226051,0.013271640646169452,0.12140932740226051
rff64,1011,0.12140932740226051,0.01603484007636835,0.12140932740226051
rff128,1011,0.12140932740226051,0.014090750876231233,0.12140932740226051
ensemble4x32,1011,0.12140932740226051,0.012400309965547519,0.12140932740226051
rff24,1012,0.12972312561912713,0.017885207606713714,0.12972312561912713
rff64,1012,0.12972312561912713,0.013652393102732736,0.12972312561912713
rff128,1012,0.12972312561912713,0.013376126199496846,0.12972312561912713
ensemble4x32,1012,0.12972312561912713,0.011842828849457645,0.12972312561912713
rff24,1013,0.19166183038240425,0.02360665420894056,0.19166183038240425
rff64,1013,0.19166183038240425,0.02478060521566579,0.19166183038240425
rff128,1013,0.19166183038240425,0.026045041764500742,0.19166183038240425
ensemble4x32,1013,0.19166183038240425,0.027950873901335285,0.19166183038240425
rff24,1014,0.12167998180806158,0.014894948594275911,0.12167998180806158
rff64,1014,0.12167998180806158,0.0174462875491628,0.12167998180806158
rff128,1014,0.12167998180806158,0.015828120598855116,0.12167998180806158
ensemble4x32,1014,0.12167998180806158,0.017292477565925037,0.12167998180806158
rff24,1015,0.13495692770797757,0.01589146399165986,0.13495692770797757
rff64,1015,0.13495692770797757,0.016907557997939315,0.13495692770797757
rff128,1015,0.13495692770797757,0.015749935530437232,0.13495692770797757
ensemble4x32,1015,0.13495692770797757,0.012893219413788515,0.13495692770797757
rff24,1016,0.1334949636623118,0.0175886953268553,0.1334949636623118
rff64,1016,0.1334949636623118,0.021329363524052222,0.1334949636623118
rff128,1016,0.1334949636623118,0.022927743175863283,0.1334949636623118
ensemble4x32,1016,0.1334949636623118,0.023872836972367972,0.1334949636623118
rff24,1017,0.1403816879727427,0.024485942484663854,0.1403816879727427
rff64,1017,0.1403816879727427,0.021558070449342763,0.1403816879727427
rff128,1017,0.1403816879727427,0.022887579170932395,0.1403816879727427
ensemble4x32,1017,0.1403816879727427,0.021815010695251054,0.1403816879727427
rff24,1018,0.14066019585284337,0.018412418497636775,0.14066019585284337
rff64,1018,0.14066019585284337,0.017117963096820673,0.14066019585284337
rff128,1018,0.14066019585284337,0.017085493737625586,0.14066019585284337
ensemble4x32,1018,0.14066019585284337,0.01640602020193635,0.14066019585284337
rff24,1019,0.12214820928017352,0.012441557459268001,0.12214820928017352
rff64,1019,0.12214820928017352,0.011683391000683175,0.12214820928017352
rff128,1019,0.12214820928017352,0.01191062408378181,0.12214820928017352
ensemble4x32,1019,0.12214820928017352,0.011168754490999829,0.12214820928017352
rff24,1020,0.11708561834195848,0.013156304702246456,0.11708561834195848
rff64,1020,0.11708561834195848,0.01296035686947283,0.11708561834195848
rff128,1020,0.11708561834195848,0.01354726698739192,0.11708561834195848
ensemble4x32,1020,0.11708561834195848,0.012317337183281683,0.11708561834195848
rff24,1021,0.14341945737367376,0.02149899524939002,0.14341945737367376
rff64,1021,0.14341945737367376,0.02485140621148428,0.14341945737367376
rff128,1021,0.14341945737367376,0.022951369918765306,0.14341945737367376
ensemble4x32,1021,0.14341945737367376,0.01939475252117483,0.14341945737367376
rff24,1022,0.10648397750406383,0.010025442889261557,0.10648397750406383
rff64,1022,0.10648397750406383,0.0117855135407208,0.10648397750406383
rff128,1022,0.10648397750406383,0.010186111186115907,0.10648397750406383
ensemble4x32,1022,0.10648397750406383,0.011159032914034068,0.10648397750406383
rff24,1023,0.15774688017168184,0.024713547717693966,0.15774688017168184
rff64,1023,0.15774688017168184,0.02298087211117119,0.15774688017168184
rff128,1023,0.15774688017168184,0.026544463500058377,0.15774688017168184
ensemble4x32,1023,0.15774688017168184,0.023819392268211607,0.15774688017168184
rff24,1024,0.13227593291351303,0.016494302469690903,0.13227593291351303
rff64,1024,0.13227593291351303,0.01688208444659389,0.13227593291351303
rff128,1024,0.13227593291351303,0.016336653317760737,0.13227593291351303
ensemble4x32,1024,0.13227593291351303,0.013545748995272432,0.13227593291351303
rff24,1025,0.23464228791482086,0.04822584419132036,0.23464228791482086
rff64,1025,0.23464228791482086,0.039776425239407796,0.23464228791482086
rff128,1025,0.23464228791482086,0.04099132283420912,0.23464228791482086
ensemble4x32,1025,0.23464228791482086,0.04291626246113633,0.23464228791482086
rff24,1026,0.12359025977363024,0.016056849042268312,0.12359025977363024
rff64,1026,0.12359025977363024,0.014344359285403872,0.12359025977363024
rff128,1026,0.12359025977363024,0.012388749013925638,0.12359025977363024
ensemble4x32,1026,0.12359025977363024,0.011826261798931951,0.12359025977363024
rff24,1027,0.11335547634871573,0.022239174678358287,0.11335547634871573
rff64,1027,0.11335547634871573,0.023535286312740853,0.11335547634871573
rff128,1027,0.11335547634871573,0.020086060980892266,0.11335547634871573
ensemble4x32,1027,0.11335547634871573,0.020886679201250903,0.11335547634871573
rff24,1028,0.15946641542206563,0.014207288410070917,0.15946641542206563
rff64,1028,0.15946641542206563,0.016023597895929702,0.15946641542206563
rff128,1028,0.15946641542206563,0.01306752453359639,0.15946641542206563
ensemble4x32,1028,0.15946641542206563,0.01450285543667854,0.15946641542206563
rff24,1029,0.11140835626425967,0.01387266438516873,0.11140835626425967
rff64,1029,0.11140835626425967,0.019286555648342717,0.11140835626425967
rff128,1029,0.11140835626425967,0.016341035532494542,0.11140835626425967
ensemble4x32,1029,0.11140835626425967,0.01558339276821586,0.11140835626425967
rff24,1030,0.10946777967205008,0.01533724383386328,0.10946777967205008
rff64,1030,0.10946777967205008,0.016832515756277866,0.10946777967205008
rff128,1030,0.10946777967205008,0.015314922329049758,0.10946777967205008
ensemble4x32,1030,0.10946777967205008,0.014357922459893051,0.10946777967205008
rff24,1031,0.12100952605695996,0.010451960873616606,0.12100952605695996
rff64,1031,0.12100952605695996,0.012825129934262772,0.12100952605695996
rff128,1031,0.12100952605695996,0.0124423866899364,0.12100952605695996
ensemble4x32,1031,0.12100952605695996,0.012042669288628599,0.12100952605695996
rff24,1032,0.12205222061229291,0.013404482040400952,0.12205222061229291
rff64,1032,0.12205222061229291,0.01105820782547325,0.12205222061229291
rff128,1032,0.12205222061229291,0.01236546047040493,0.12205222061229291
ensemble4x32,1032,0.12205222061229291,0.011403322788774444,0.12205222061229291
rff24,1033,0.13325968394862636,0.017803985961152784,0.13325968394862636
rff64,1033,0.13325968394862636,0.015272577661214584,0.13325968394862636
rff128,1033,0.13325968394862636,0.014718850053552796,0.13325968394862636
ensemble4x32,1033,0.13325968394862636,0.016529764686413775,0.13325968394862636
rff24,1034,0.11237061730577916,0.016055826335372465,0.11237061730577916
rff64,1034,0.11237061730577916,0.014041235853378612,0.11237061730577916
rff128,1034,0.11237061730577916,0.01740337774673041,0.11237061730577916
ensemble4x32,1034,0.11237061730577916,0.015508011605157263,0.11237061730577916
rff24,1035,0.1526211290920398,0.013784833586801543,0.1526211290920398
rff64,1035,0.1526211290920398,0.018095028733019394,0.1526211290920398
rff128,1035,0.1526211290920398,0.017813485743714563,0.1526211290920398
ensemble4x32,1035,0.1526211290920398,0.014051767530684853,0.1526211290920398
rff24,1036,0.15447698586456113,0.017459897457925755,0.15447698586456113
rff64,1036,0.15447698586456113,0.014315206190974447,0.15447698586456113
rff128,1036,0.15447698586456113,0.01457987688899971,0.15447698586456113
ensemble4x32,1036,0.15447698586456113,0.014675545936372743,0.15447698586456113
rff24,1037,0.14058424173230485,0.010651299682781808,0.14058424173230485
rff64,1037,0.14058424173230485,0.015595021460605846,0.14058424173230485
rff128,1037,0.14058424173230485,0.01414903025586337,0.14058424173230485
ensemble4x32,1037,0.14058424173230485,0.013094182396846538,0.14058424173230485
rff24,1038,0.11646569848069226,0.019654798620352295,0.11646569848069226
rff64,1038,0.11646569848069226,0.013313840534304101,0.11646569848069226
rff128,1038,0.11646569848069226,0.016473940414220366,0.11646569848069226
ensemble4x32,1038,0.11646569848069226,0.014111356111946452,0.11646569848069226
rff24,1039,0.1629192138099929,0.017466178771066508,0.1629192138099929
rff64,1039,0.1629192138099929,0.018966925883123518,0.1629192138099929
rff128,1039,0.1629192138099929,0.013460672820867775,0.1629192138099929
ensemble4x32,1039,0.1629192138099929,0.011570736672328113,0.1629192138099929
rff24,1040,0.10814831049399568,0.013938297581584824,0.10814831049399568
rff64,1040,0.10814831049399568,0.012609984725268813,0.10814831049399568
rff128,1040,0.10814831049399568,0.0116256903054299,0.10814831049399568
ensemble4x32,1040,0.10814831049399568,0.011209888952381796,0.10814831049399568
rff24,1041,0.1336694359357517,0.015133753491647759,0.1336694359357517
rff64,1041,0.1336694359357517,0.014804593268261921,0.1336694359357517
rff128,1041,0.1336694359357517,0.013344562659787756,0.1336694359357517
ensemble4x32,1041,0.1336694359357517,0.013237016399233473,0.1336694359357517
rff24,1042,0.1744145071031967,0.019361141838772005,0.1744145071031967
rff64,1042,0.1744145071031967,0.022137218043388564,0.1744145071031967
rff128,1042,0.1744145071031967,0.02102571231802845,0.1744145071031967
ensemble4x32,1042,0.1744145071031967,0.017019577596689366,0.1744145071031967
rff24,1043,0.12035407801484659,0.014689271627799417,0.12035407801484659
rff64,1043,0.12035407801484659,0.018109128703878426,0.12035407801484659
rff128,1043,0.12035407801484659,0.017021393846639664,0.12035407801484659
ensemble4x32,1043,0.12035407801484659,0.01620903642209025,0.12035407801484659
rff24,1044,0.11957640593236135,0.01397708391050037,0.11957640593236135
rff64,1044,0.11957640593236135,0.017582178451601704,0.11957640593236135
rff128,1044,0.11957640593236135,0.01521968072993476,0.11957640593236135
ensemble4x32,1044,0.11957640593236135,0.012910226731018912,0.11957640593236135
rff24,1045,0.10281460067058833,0.017697098827152955,0.10281460067058833
rff64,1045,0.10281460067058833,0.016981415256109317,0.10281460067058833
rff128,1045,0.10281460067058833,0.017218649860952374,0.10281460067058833
ensemble4x32,1045,0.10281460067058833,0.01608249158244164,0.10281460067058833
rff24,1046,0.1102049894709388,0.012429334794956165,0.1102049894709388
rff64,1046,0.1102049894709388,0.014943817366693247,0.1102049894709388
rff128,1046,0.1102049894709388,0.013603529642590918,0.1102049894709388
ensemble4x32,1046,0.1102049894709388,0.014754188424444318,0.1102049894709388
rff24,1047,0.10869268935395304,0.01303677687497641,0.10869268935395304
rff64,1047,0.10869268935395304,0.012274956133135343,0.10869268935395304
rff128,1047,0.10869268935395304,0.015567659333021518,0.10869268935395304
ensemble4x32,1047,0.10869268935395304,0.011401757536483932,0.10869268935395304
rff24,1048,0.1259781843823629,0.012570468696598447,0.1259781843823629
rff64,1048,0.1259781843823629,0.014149123561186592,0.1259781843823629
rff128,1048,0.1259781843823629,0.013217723281553028,0.1259781843823629
ensemble4x32,1048,0.1259781843823629,0.012536376478488358,0.1259781843823629
rff24,1049,0.13176362466757782,0.011440173933391393,0.13176362466757782
rff64,1049,0.13176362466757782,0.011310732747833622,0.13176362466757782
rff128,1049,0.13176362466757782,0.011943547604845823,0.13176362466757782
ensemble4x32,1049,0.13176362466757782,0.010618580689650155,0.13176362466757782
rff24,1050,0.12213438235211153,0.012992580416928749,0.12213438235211153
rff64,1050,0.12213438235211153,0.012582743874653444,0.12213438235211153
rff128,1050,0.12213438235211153,0.013214105491421093,0.12213438235211153
ensemble4x32,1050,0.12213438235211153,0.01011106746194611,0.12213438235211153
rff24,1051,0.11998102055951858,0.014675631852235645,0.11998102055951858
rff64,1051,0.11998102055951858,0.013305688735976541,0.11998102055951858
rff128,1051,0.11998102055951858,0.012746689367921614,0.11998102055951858
ensemble4x32,1051,0.11998102055951858,0.012416868203489625,0.11998102055951858
rff24,1052,0.11907103678473856,0.015938086501847814,0.11907103678473856
rff64,1052,0.11907103678473856,0.016417119406801618,0.11907103678473856
rff128,1052,0.11907103678473856,0.015087896842584863,0.11907103678473856
ensemble4x32,1052,0.11907103678473856,0.01570013988234338,0.11907103678473856
rff24,1053,0.11812553094488432,0.012180503764898461,0.11812553094488432
rff64,1053,0.11812553094488432,0.014021844273680882,0.11812553094488432
rff128,1053,0.11812553094488432,0.011404752172001627,0.11812553094488432
ensemble4x32,1053,0.11812553094488432,0.013152735234124815,0.11812553094488432
rff24,1054,0.1179716653810939,0.01764813209211977,0.1179716653810939
rff64,1054,0.1179716653810939,0.015364928341461671,0.1179716653810939
rff128,1054,0.1179716653810939,0.015968584171823667,0.1179716653810939
ensemble4x32,1054,0.1179716653810939,0.014699228778152518,0.1179716653810939
rff24,1055,0.16928946093132466,0.02875638236429552,0.16928946093132466
rff64,1055,0.16928946093132466,0.02820172478039232,0.16928946093132466
rff128,1055,0.16928946093132466,0.02754579627738103,0.16928946093132466
ensemble4x32,1055,0.16928946093132466,0.02340974119072654,0.16928946093132466
rff24,1056,0.15440244943739836,0.0282425005586594,0.15440244943739836
rff64,1056,0.15440244943739836,0.023347426469310723,0.15440244943739836
rff128,1056,0.15440244943739836,0.02590783315467539,0.15440244943739836
ensemble4x32,1056,0.15440244943739836,0.025542419841924333,0.15440244943739836
rff24,1057,0.1207332105809124,0.014183154117467575,0.1207332105809124
rff64,1057,0.1207332105809124,0.013384956014865175,0.1207332105809124
rff128,1057,0.1207332105809124,0.013861767737408456,0.1207332105809124
ensemble4x32,1057,0.1207332105809124,0.012038745855743712,0.1207332105809124
rff24,1058,0.13691507903990227,0.015372219608200415,0.13691507903990227
rff64,1058,0.13691507903990227,0.019205536111990846,0.13691507903990227
rff128,1058,0.13691507903990227,0.01781114712424049,0.13691507903990227
ensemble4x32,1058,0.13691507903990227,0.0173450805642257,0.13691507903990227
rff24,1059,0.15149044924160565,0.020346549153590902,0.15149044924160565
rff64,1059,0.15149044924160565,0.019409918692738403,0.15149044924160565
rff128,1059,0.15149044924160565,0.018575020880549735,0.15149044924160565
ensemble4x32,1059,0.15149044924160565,0.018603390616102194,0.15149044924160565
rff24,1060,0.10049984223717075,0.013681928366216607,0.10049984223717075
rff64,1060,0.10049984223717075,0.015193961583854956,0.10049984223717075
rff128,1060,0.10049984223717075,0.014864890890885447,0.10049984223717075
ensemble4x32,1060,0.10049984223717075,0.012112927173573176,0.10049984223717075
rff24,1061,0.11997996537368572,0.012282868251489156,0.11997996537368572
rff64,1061,0.11997996537368572,0.011635317183603625,0.11997996537368572
rff128,1061,0.11997996537368572,0.011144333446177246,0.11997996537368572
ensemble4x32,1061,0.11997996537368572,0.010769229149517334,0.11997996537368572
rff24,1062,0.15699991677116865,0.02191197656526675,0.15699991677116865
rff64,1062,0.15699991677116865,0.019480813164249846,0.15699991677116865
rff128,1062,0.15699991677116865,0.01829626022367908,0.15699991677116865
ensemble4x32,1062,0.15699991677116865,0.01824415781448699,0.15699991677116865
rff24,1063,0.1264729047995254,0.015857024007794245,0.1264729047995254
rff64,1063,0.1264729047995254,0.01344766079516824,0.1264729047995254
rff128,1063,0.1264729047995254,0.012765725513033285,0.1264729047995254
ensemble4x32,1063,0.1264729047995254,0.011374487176102939,0.1264729047995254
rff24,1064,0.1417627688699611,0.015158248270153944,0.1417627688699611
rff64,1064,0.1417627688699611,0.016931303919487883,0.1417627688699611
rff128,1064,0.1417627688699611,0.017345260073790322,0.1417627688699611
ensemble4x32,1064,0.1417627688699611,0.014978945325821945,0.1417627688699611
rff24,1065,0.1153239890975223,0.012710884018577827,0.1153239890975223
rff64,1065,0.1153239890975223,0.01636124088852872,0.1153239890975223
rff128,1065,0.1153239890975223,0.012930293883020343,0.1153239890975223
ensemble4x32,1065,0.1153239890975223,0.015025888403255017,0.1153239890975223
rff24,1066,0.09963484977007585,0.014460753324195,0.09963484977007585
rff64,1066,0.09963484977007585,0.014450982577163853,0.09963484977007585
rff128,1066,0.09963484977007585,0.013831793596013572,0.09963484977007585
ensemble4x32,1066,0.09963484977007585,0.01243049499980201,0.09963484977007585
rff24,1067,0.09200987616680767,0.012111070072718739,0.09200987616680767
rff64,1067,0.09200987616680767,0.01285778215421418,0.09200987616680767
rff128,1067,0.09200987616680767,0.013550978947501655,0.09200987616680767
ensemble4x32,1067,0.09200987616680767,0.013951718278741556,0.09200987616680767
rff24,1068,0.10028257230631733,0.013393325362311012,0.10028257230631733
rff64,1068,0.10028257230631733,0.01589672691997377,0.10028257230631733
rff128,1068,0.10028257230631733,0.01950023025522272,0.10028257230631733
ensemble4x32,1068,0.10028257230631733,0.014667820556986493,0.10028257230631733
rff24,1069,0.15340637546778227,0.015287868941275946,0.15340637546778227
rff64,1069,0.15340637546778227,0.017522489906105162,0.15340637546778227
rff128,1069,0.15340637546778227,0.016859510869650065,0.15340637546778227
ensemble4x32,1069,0.15340637546778227,0.01635646809956238,0.15340637546778227
rff24,1070,0.14751635790187126,0.02264781110831382,0.14751635790187126
rff64,1070,0.14751635790187126,0.01791147214168471,0.14751635790187126
rff128,1070,0.14751635790187126,0.018431320195071547,0.14751635790187126
ensemble4x32,1070,0.14751635790187126,0.018471114681625832,0.14751635790187126
rff24,1071,0.12163224513405836,0.016684219913148855,0.12163224513405836
rff64,1071,0.12163224513405836,0.019774174783028464,0.12163224513405836
rff128,1071,0.12163224513405836,0.018020543027342895,0.12163224513405836
ensemble4x32,1071,0.12163224513405836,0.015305310977212492,0.12163224513405836
rff24,1072,0.1289308862916231,0.017982919894897635,0.1289308862916231
rff64,1072,0.1289308862916231,0.015427097096296642,0.1289308862916231
rff128,1072,0.1289308862916231,0.016580483625613866,0.1289308862916231
ensemble4x32,1072,0.1289308862916231,0.015030516266308726,0.1289308862916231
rff24,1073,0.14456805157604394,0.012869132223835842,0.14456805157604394
rff64,1073,0.14456805157604394,0.015214395469086935,0.14456805157604394
rff128,1073,0.14456805157604394,0.015545409688862283,0.14456805157604394
ensemble4x32,1073,0.14456805157604394,0.012969574137522151,0.14456805157604394
rff24,1074,0.1264929276817042,0.01684812156057656,0.1264929276817042
rff64,1074,0.1264929276817042,0.017773604038598442,0.1264929276817042
rff128,1074,0.1264929276817042,0.01897115587949784,0.1264929276817042
ensemble4x32,1074,0.1264929276817042,0.014325638342891934,0.1264929276817042
rff24,1075,0.11525191745253639,0.011337367586453295,0.11525191745253639
rff64,1075,0.11525191745253639,0.012159437200486074,0.11525191745253639
rff128,1075,0.11525191745253639,0.011281984558953212,0.11525191745253639
ensemble4x32,1075,0.11525191745253639,0.01107038053903333,0.11525191745253639
rff24,1076,0.11267934197308142,0.014574000614711922,0.11267934197308142
rff64,1076,0.11267934197308142,0.0136328260283776,0.11267934197308142
rff128,1076,0.11267934197308142,0.01855922849449199,0.11267934197308142
ensemble4x32,1076,0.11267934197308142,0.014891806199395095,0.11267934197308142
rff24,1077,0.10239627507991911,0.01849908695694417,0.10239627507991911
rff64,1077,0.10239627507991911,0.018076068336100957,0.10239627507991911
rff128,1077,0.10239627507991911,0.01974088071223033,0.10239627507991911
ensemble4x32,1077,0.10239627507991911,0.018051731496597938,0.10239627507991911
rff24,1078,0.13392252276501546,0.012771040589323263,0.13392252276501546
rff64,1078,0.13392252276501546,0.017651637614556934,0.13392252276501546
rff128,1078,0.13392252276501546,0.015708385664392827,0.13392252276501546
ensemble4x32,1078,0.13392252276501546,0.013245899224786395,0.13392252276501546
rff24,1079,0.1522301924862509,0.014705686246128535,0.1522301924862509
rff64,1079,0.1522301924862509,0.01568266859062835,0.1522301924862509
rff128,1079,0.1522301924862509,0.014537811976721536,0.1522301924862509
ensemble4x32,1079,0.1522301924862509,0.013420090105879023,0.1522301924862509
rff24,1080,0.1460472910178117,0.01887724250516504,0.1460472910178117
rff64,1080,0.1460472910178117,0.023755024416238172,0.1460472910178117
rff128,1080,0.1460472910178117,0.02195329126258618,0.1460472910178117
ensemble4x32,1080,0.1460472910178117,0.019956302157560557,0.1460472910178117
rff24,1081,0.1414689143084071,0.025049866696489752,0.1414689143084071
rff64,1081,0.1414689143084071,0.028338703647107454,0.1414689143084071
rff128,1081,0.1414689143084071,0.026510461183748203,0.1414689143084071
ensemble4x32,1081,0.1414689143084071,0.022995369094660673,0.1414689143084071
rff24,1082,0.162449071655693,0.0177141985184522,0.162449071655693
rff64,1082,0.162449071655693,0.020165301428642233,0.162449071655693
rff128,1082,0.162449071655693,0.01872036968421211,0.162449071655693
ensemble4x32,1082,0.162449071655693,0.01624925875825532,0.162449071655693
rff24,1083,0.14271884062324633,0.017952496280015915,0.14271884062324633
rff64,1083,0.14271884062324633,0.018355223017331113,0.14271884062324633
rff128,1083,0.14271884062324633,0.019756052220024443,0.14271884062324633
ensemble4x32,1083,0.14271884062324633,0.018465491043233757,0.14271884062324633
rff24,1084,0.1301098471489362,0.015644839574874513,0.1301098471489362
rff64,1084,0.1301098471489362,0.017167665407546703,0.1301098471489362
rff128,1084,0.1301098471489362,0.014924730626265469,0.1301098471489362
ensemble4x32,1084,0.1301098471489362,0.013466906256922248,0.1301098471489362
rff24,1085,0.12953690379023136,0.016476619639506137,0.12953690379023136
rff64,1085,0.12953690379023136,0.013887491199009496,0.12953690379023136
rff128,1085,0.12953690379023136,0.013418885161188242,0.12953690379023136
ensemble4x32,1085,0.12953690379023136,0.014815959380691331,0.12953690379023136
rff24,1086,0.1241962444680905,0.016505510273622053,0.1241962444680905
rff64,1086,0.1241962444680905,0.01580832699518304,0.1241962444680905
rff128,1086,0.1241962444680905,0.017152812299469303,0.1241962444680905
ensemble4x32,1086,0.1241962444680905,0.014819228298999286,0.1241962444680905
rff24,1087,0.12541815627561836,0.012759100817183492,0.12541815627561836
rff64,1087,0.12541815627561836,0.015335591449975029,0.12541815627561836
rff128,1087,0.12541815627561836,0.013560669055468958,0.12541815627561836
ensemble4x32,1087,0.12541815627561836,0.011069396718927552,0.12541815627561836
rff24,1088,0.10170706663969446,0.013790554225583443,0.10170706663969446
rff64,1088,0.10170706663969446,0.012659912039828828,0.10170706663969446
rff128,1088,0.10170706663969446,0.015168996808332808,0.10170706663969446
ensemble4x32,1088,0.10170706663969446,0.012796679564242033,0.10170706663969446
rff24,1089,0.1359981651423416,0.013154102136958301,0.1359981651423416
rff64,1089,0.1359981651423416,0.013047426633508852,0.1359981651423416
rff128,1089,0.1359981651423416,0.01270975887064809,0.1359981651423416
ensemble4x32,1089,0.1359981651423416,0.011572112978011726,0.1359981651423416
rff24,1090,0.11195383227159503,0.01708317448292804,0.11195383227159503
rff64,1090,0.11195383227159503,0.01577505854141951,0.11195383227159503
rff128,1090,0.11195383227159503,0.017353320221213206,0.11195383227159503
ensemble4x32,1090,0.11195383227159503,0.016947783061366434,0.11195383227159503
rff24,1091,0.11070167914499925,0.010924529560146522,0.11070167914499925
rff64,1091,0.11070167914499925,0.012747571749091245,0.11070167914499925
rff128,1091,0.11070167914499925,0.01284990420823815,0.11070167914499925
ensemble4x32,1091,0.11070167914499925,0.010989489901013704,0.11070167914499925
rff24,1092,0.11158706366258772,0.011735168152536406,0.11158706366258772
rff64,1092,0.11158706366258772,0.014439472217426226,0.11158706366258772
rff128,1092,0.11158706366258772,0.013942208069528226,0.11158706366258772
ensemble4x32,1092,0.11158706366258772,0.013933038950245055,0.11158706366258772
rff24,1093,0.12555929703383897,0.012890802779464125,0.12555929703383897
rff64,1093,0.12555929703383897,0.013104922688993445,0.12555929703383897
rff128,1093,0.12555929703383897,0.015382282840778048,0.12555929703383897
ensemble4x32,1093,0.12555929703383897,0.012860639424672415,0.12555929703383897
rff24,1094,0.11188361939268457,0.013868842053373083,0.11188361939268457
rff64,1094,0.11188361939268457,0.013199698854829328,0.11188361939268457
rff128,1094,0.11188361939268457,0.016292152618803398,0.11188361939268457
ensemble4x32,1094,0.11188361939268457,0.014242789978229906,0.11188361939268457
rff24,1095,0.12262639345281198,0.014632360030262775,0.12262639345281198
rff64,1095,0.12262639345281198,0.015496530332358073,0.12262639345281198
rff128,1095,0.12262639345281198,0.014481021066744116,0.12262639345281198
ensemble4x32,1095,0.12262639345281198,0.016728436916004924,0.12262639345281198
rff24,1096,0.1911640016027737,0.02229940078300987,0.1911640016027737
rff64,1096,0.1911640016027737,0.02643296217169159,0.1911640016027737
rff128,1096,0.1911640016027737,0.02239485395345397,0.1911640016027737
ensemble4x32,1096,0.1911640016027737,0.021239291665172858,0.1911640016027737
rff24,1097,0.11179000841666623,0.01097647431505393,0.11179000841666623
rff64,1097,0.11179000841666623,0.013522969301930508,0.11179000841666623
rff128,1097,0.11179000841666623,0.013709412995147845,0.11179000841666623
ensemble4x32,1097,0.11179000841666623,0.013592659029865842,0.11179000841666623
rff24,1098,0.12931531451601586,0.011727891847403903,0.12931531451601586
rff64,1098,0.12931531451601586,0.0116435525554004,0.12931531451601586
rff128,1098,0.12931531451601586,0.013371785228513518,0.12931531451601586
ensemble4x32,1098,0.12931531451601586,0.011533835283712058,0.12931531451601586
rff24,1099,0.18719112162048218,0.010891689177499497,0.18719112162048218
rff64,1099,0.18719112162048218,0.018324379170387636,0.18719112162048218
rff128,1099,0.18719112162048218,0.020246658781364613,0.18719112162048218
ensemble4x32,1099,0.18719112162048218,0.018001707805802823,0.18719112162048218
rff24,1100,0.141884327833748,0.01907041977725586,0.141884327833748
rff64,1100,0.141884327833748,0.014567975235609704,0.141884327833748
rff128,1100,0.141884327833748,0.016621636101336122,0.141884327833748
ensemble4x32,1100,0.141884327833748,0.017096016373684117,0.141884327833748
rff24,1101,0.1318261148952871,0.009575830537099747,0.1318261148952871
rff64,1101,0.1318261148952871,0.010623263657781308,0.1318261148952871
rff128,1101,0.1318261148952871,0.012404618260268615,0.1318261148952871
ensemble4x32,1101,0.1318261148952871,0.011832856946438822,0.1318261148952871
rff24,1102,0.11067477042598983,0.017409914503783642,0.11067477042598983
rff64,1102,0.11067477042598983,0.011236663387605763,0.11067477042598983
rff128,1102,0.11067477042598983,0.012991781802888906,0.11067477042598983
ensemble4x32,1102,0.11067477042598983,0.012196564235303726,0.11067477042598983
rff24,1103,0.17020072865104977,0.02941726117031435,0.17020072865104977
rff64,1103,0.17020072865104977,0.026419084686679292,0.17020072865104977
rff128,1103,0.17020072865104977,0.02823049990776372,0.17020072865104977
ensemble4x32,1103,0.17020072865104977,0.0259325948037838,0.17020072865104977
rff24,1104,0.16943514686222616,0.020932923968458347,0.16943514686222616
rff64,1104,0.16943514686222616,0.019001388094659625,0.16943514686222616
rff128,1104,0.16943514686222616,0.018522650323730728,0.16943514686222616
ensemble4x32,1104,0.16943514686222616,0.017545960068219207,0.16943514686222616
rff24,1105,0.12884812677527988,0.013963026244640311,0.12884812677527988
rff64,1105,0.12884812677527988,0.012410380265280047,0.12884812677527988
rff128,1105,0.12884812677527988,0.014618603997832835,0.12884812677527988
ensemble4x32,1105,0.12884812677527988,0.013419551038425391,0.12884812677527988
rff24,1106,0.13610990524281316,0.013237927616815295,0.13610990524281316
rff64,1106,0.13610990524281316,0.011411291627983827,0.13610990524281316
rff128,1106,0.13610990524281316,0.011910888065586418,0.13610990524281316
ensemble4x32,1106,0.13610990524281316,0.01187083443167482,0.13610990524281316
rff24,1107,0.09888864929204955,0.013120338369058302,0.09888864929204955
rff64,1107,0.09888864929204955,0.01454570668589449,0.09888864929204955
rff128,1107,0.09888864929204955,0.014462832028103454,0.09888864929204955
ensemble4x32,1107,0.09888864929204955,0.01603980175186444,0.09888864929204955
rff24,1108,0.15063037053466202,0.014966507206944585,0.15063037053466202
rff64,1108,0.15063037053466202,0.01675407102952162,0.15063037053466202
rff128,1108,0.15063037053466202,0.017494871167355135,0.15063037053466202
ensemble4x32,1108,0.15063037053466202,0.016363451483630963,0.15063037053466202
rff24,1109,0.16420127173070595,0.011756205829609408,0.16420127173070595
rff64,1109,0.16420127173070595,0.012961720448221931,0.16420127173070595
rff128,1109,0.16420127173070595,0.011956350566547036,0.16420127173070595
ensemble4x32,1109,0.16420127173070595,0.0113290055771901,0.16420127173070595
rff24,1110,0.1381534094756701,0.02070031916016833,0.1381534094756701
rff64,1110,0.1381534094756701,0.02201325378941358,0.1381534094756701
rff128,1110,0.1381534094756701,0.024296133861111426,0.1381534094756701
ensemble4x32,1110,0.1381534094756701,0.020162762134707253,0.1381534094756701
rff24,1111,0.14896543654470018,0.010569835726541214,0.14896543654470018
rff64,1111,0.14896543654470018,0.012424835341222828,0.14896543654470018
rff128,1111,0.14896543654470018,0.013148326822509805,0.14896543654470018
ensemble4x32,1111,0.14896543654470018,0.013214581238098292,0.14896543654470018
rff24,1112,0.14639246061146377,0.019779319412303993,0.14639246061146377
rff64,1112,0.14639246061146377,0.02618177503533583,0.14639246061146377
rff128,1112,0.14639246061146377,0.027223862849821884,0.14639246061146377
ensemble4x32,1112,0.14639246061146377,0.027848225261551465,0.14639246061146377
rff24,1113,0.14535320046419817,0.014541906494935867,0.14535320046419817
rff64,1113,0.14535320046419817,0.014958123149457886,0.14535320046419817
rff128,1113,0.14535320046419817,0.013691584866915938,0.14535320046419817
ensemble4x32,1113,0.14535320046419817,0.013349052638938104,0.14535320046419817
rff24,1114,0.14149104855565053,0.01318071778911381,0.14149104855565053
rff64,1114,0.14149104855565053,0.011605654251413623,0.14149104855565053
rff128,1114,0.14149104855565053,0.012011870201108946,0.14149104855565053
ensemble4x32,1114,0.14149104855565053,0.010309127409948961,0.14149104855565053
rff24,1115,0.14165116927435722,0.015825784828509576,0.14165116927435722
rff64,1115,0.14165116927435722,0.014402575715561338,0.14165116927435722
rff128,1115,0.14165116927435722,0.014597658228547297,0.14165116927435722
ensemble4x32,1115,0.14165116927435722,0.01260994970945395,0.14165116927435722
rff24,1116,0.12512946831815866,0.01172602337612308,0.12512946831815866
rff64,1116,0.12512946831815866,0.010260155155849694,0.12512946831815866
rff128,1116,0.12512946831815866,0.01163753210004141,0.12512946831815866
ensemble4x32,1116,0.12512946831815866,0.011050159539375907,0.12512946831815866
rff24,1117,0.11375241982279882,0.013951074859850096,0.11375241982279882
rff64,1117,0.11375241982279882,0.012857051045627628,0.11375241982279882
rff128,1117,0.11375241982279882,0.01623753361098932,0.11375241982279882
ensemble4x32,1117,0.11375241982279882,0.011699779585430335,0.11375241982279882
rff24,1118,0.11162885462604019,0.013584512004337565,0.11162885462604019
rff64,1118,0.11162885462604019,0.012678984998119187,0.11162885462604019
rff128,1118,0.11162885462604019,0.014646120084122435,0.11162885462604019
ensemble4x32,1118,0.11162885462604019,0.01392531061364838,0.11162885462604019
rff24,1119,0.1056501743852308,0.015078606154145916,0.1056501743852308
rff64,1119,0.1056501743852308,0.013752711412096599,0.1056501743852308
rff128,1119,0.1056501743852308,0.014337121328426008,0.1056501743852308
ensemble4x32,1119,0.1056501743852308,0.012551647107330149,0.1056501743852308
rff24,1120,0.09175440769587072,0.00959538381171463,0.09175440769587072
rff64,1120,0.09175440769587072,0.012116282980594802,0.09175440769587072
rff128,1120,0.09175440769587072,0.009682647127151865,0.09175440769587072
ensemble4x32,1120,0.09175440769587072,0.01020441143193668,0.09175440769587072
rff24,1121,0.14869250124666136,0.01688684287736621,0.14869250124666136
rff64,1121,0.14869250124666136,0.015770285494510053,0.14869250124666136
rff128,1121,0.14869250124666136,0.015639974597639276,0.14869250124666136
ensemble4x32,1121,0.14869250124666136,0.01415982411952781,0.14869250124666136
rff24,1122,0.1444953912632707,0.01602019619143306,0.1444953912632707
rff64,1122,0.1444953912632707,0.016346015711932324,0.1444953912632707
rff128,1122,0.1444953912632707,0.017863598881318853,0.1444953912632707
ensemble4x32,1122,0.1444953912632707,0.015547421797596672,0.1444953912632707
rff24,1123,0.1661158584983751,0.02211658273461366,0.1661158584983751
rff64,1123,0.1661158584983751,0.020386844326341788,0.1661158584983751
rff128,1123,0.1661158584983751,0.021884810113826595,0.1661158584983751
ensemble4x32,1123,0.1661158584983751,0.01983403217974209,0.1661158584983751
rff24,1124,0.11798312140311636,0.01512463229201472,0.11798312140311636
rff64,1124,0.11798312140311636,0.01462119622679782,0.11798312140311636
rff128,1124,0.11798312140311636,0.014643677559784763,0.11798312140311636
ensemble4x32,1124,0.11798312140311636,0.015274958331935536,0.11798312140311636
rff24,1125,0.11385703971102454,0.020433204260035788,0.11385703971102454
rff64,1125,0.11385703971102454,0.019083380737839415,0.11385703971102454
rff128,1125,0.11385703971102454,0.017850497151858977,0.11385703971102454
ensemble4x32,1125,0.11385703971102454,0.01901284682281456,0.11385703971102454
rff24,1126,0.1261788038355622,0.013726711131167498,0.1261788038355622
rff64,1126,0.1261788038355622,0.016040602297857205,0.1261788038355622
rff128,1126,0.1261788038355622,0.016599133999942076,0.1261788038355622
ensemble4x32,1126,0.1261788038355622,0.01580409973539737,0.1261788038355622
rff24,1127,0.13786031717438535,0.01705189281241963,0.13786031717438535
rff64,1127,0.13786031717438535,0.020507517141197928,0.13786031717438535
rff128,1127,0.13786031717438535,0.019138591752921173,0.13786031717438535
ensemble4x32,1127,0.13786031717438535,0.020017113151818165,0.13786031717438535
rff24,1128,0.12393753260786308,0.015556354595374201,0.12393753260786308
rff64,1128,0.12393753260786308,0.01635420853226988,0.12393753260786308
rff128,1128,0.12393753260786308,0.015713494317650584,0.12393753260786308
ensemble4x32,1128,0.12393753260786308,0.012620508342808177,0.12393753260786308
rff24,1129,0.10966060604689506,0.012598318692645258,0.10966060604689506
rff64,1129,0.10966060604689506,0.01725288996261345,0.10966060604689506
rff128,1129,0.10966060604689506,0.01748649229834008,0.10966060604689506
ensemble4x32,1129,0.10966060604689506,0.014675920948659563,0.10966060604689506
rff24,1130,0.13185553628899138,0.01261829020074673,0.13185553628899138
rff64,1130,0.13185553628899138,0.012011123413609779,0.13185553628899138
rff128,1130,0.13185553628899138,0.01226270188177976,0.13185553628899138
ensemble4x32,1130,0.13185553628899138,0.01176695984802177,0.13185553628899138
rff24,1131,0.12860702402550114,0.01775894203858483,0.12860702402550114
rff64,1131,0.12860702402550114,0.024835155578660555,0.12860702402550114
rff128,1131,0.12860702402550114,0.020436274272462248,0.12860702402550114
ensemble4x32,1131,0.12860702402550114,0.018484609936153786,0.12860702402550114
rff24,1132,0.13402332215234175,0.013228919597358217,0.13402332215234175
rff64,1132,0.13402332215234175,0.013540485723501085,0.13402332215234175
rff128,1132,0.13402332215234175,0.013069263299309051,0.13402332215234175
ensemble4x32,1132,0.13402332215234175,0.012891229286148095,0.13402332215234175
rff24,1133,0.12424541979687707,0.017587463840285023,0.12424541979687707
rff64,1133,0.12424541979687707,0.012519581662936978,0.12424541979687707
rff128,1133,0.12424541979687707,0.013517292492098732,0.12424541979687707
ensemble4x32,1133,0.12424541979687707,0.01427357173985033,0.12424541979687707
rff24,1134,0.09887575526554772,0.01098768665937725,0.09887575526554772
rff64,1134,0.09887575526554772,0.011572122613610113,0.09887575526554772
rff128,1134,0.09887575526554772,0.011062003575674386,0.09887575526554772
ensemble4x32,1134,0.09887575526554772,0.011702152515209098,0.09887575526554772
rff24,1135,0.1703126017910931,0.02228805628433993,0.1703126017910931
rff64,1135,0.1703126017910931,0.025681350795547824,0.1703126017910931
rff128,1135,0.1703126017910931,0.01919668269263422,0.1703126017910931
ensemble4x32,1135,0.1703126017910931,0.018567055040112142,0.1703126017910931
rff24,1136,0.12367793083820545,0.01283630941484904,0.12367793083820545
rff64,1136,0.12367793083820545,0.011861897527822829,0.12367793083820545
rff128,1136,0.12367793083820545,0.01199179908839414,0.12367793083820545
ensemble4x32,1136,0.12367793083820545,0.010426858799708168,0.12367793083820545
rff24,1137,0.12633365469111715,0.013338970008663804,0.12633365469111715
rff64,1137,0.12633365469111715,0.013689707389830089,0.12633365469111715
rff128,1137,0.12633365469111715,0.012308677851023256,0.12633365469111715
ensemble4x32,1137,0.12633365469111715,0.012046139088398591,0.12633365469111715
rff24,1138,0.12296895746194039,0.02077677796769705,0.12296895746194039
rff64,1138,0.12296895746194039,0.01976310972510931,0.12296895746194039
rff128,1138,0.12296895746194039,0.025901304900899157,0.12296895746194039
ensemble4x32,1138,0.12296895746194039,0.02204275208379225,0.12296895746194039
rff24,1139,0.12485022302019516,0.016249022869649146,0.12485022302019516
rff64,1139,0.12485022302019516,0.01637711450834779,0.12485022302019516
rff128,1139,0.12485022302019516,0.016831847478517528,0.12485022302019516
ensemble4x32,1139,0.12485022302019516,0.01773684008437368,0.12485022302019516
rff24,1140,0.13840738717925202,0.026407265078067087,0.13840738717925202
rff64,1140,0.13840738717925202,0.01981085518415627,0.13840738717925202
rff128,1140,0.13840738717925202,0.021640199816534228,0.13840738717925202
ensemble4x32,1140,0.13840738717925202,0.021869615814243366,0.13840738717925202
rff24,1141,0.1136346953151178,0.012931423390843287,0.1136346953151178
rff64,1141,0.1136346953151178,0.01256360886630782,0.1136346953151178
rff128,1141,0.1136346953151178,0.013646401197633795,0.1136346953151178
ensemble4x32,1141,0.1136346953151178,0.013488465290092105,0.1136346953151178
rff24,1142,0.15217706716966714,0.017055950900222792,0.15217706716966714
rff64,1142,0.15217706716966714,0.02156104647730857,0.15217706716966714
rff128,1142,0.15217706716966714,0.020805149062620605,0.15217706716966714
ensemble4x32,1142,0.15217706716966714,0.02039715831027783,0.15217706716966714
rff24,1143,0.11629184651697963,0.01688633406361243,0.11629184651697963
rff64,1143,0.11629184651697963,0.016413723335228867,0.11629184651697963
rff128,1143,0.11629184651697963,0.017547204040655132,0.11629184651697963
ensemble4x32,1143,0.11629184651697963,0.015446329352187269,0.11629184651697963
rff24,1144,0.13195418892774022,0.015374623997154405,0.13195418892774022
rff64,1144,0.13195418892774022,0.014486676045562771,0.13195418892774022
rff128,1144,0.13195418892774022,0.01646005496085038,0.13195418892774022
ensemble4x32,1144,0.13195418892774022,0.015602775473606896,0.13195418892774022
rff24,1145,0.11894288925157363,0.014124624292115775,0.11894288925157363
rff64,1145,0.11894288925157363,0.014416508959097386,0.11894288925157363
rff128,1145,0.11894288925157363,0.012386922296725524,0.11894288925157363
ensemble4x32,1145,0.11894288925157363,0.014196695329371635,0.11894288925157363
rff24,1146,0.11424849753734273,0.013089267392715183,0.11424849753734273
rff64,1146,0.11424849753734273,0.014442486792452032,0.11424849753734273
rff128,1146,0.11424849753734273,0.012503621729508797,0.11424849753734273
ensemble4x32,1146,0.11424849753734273,0.010996554679541082,0.11424849753734273
rff24,1147,0.13459102984432586,0.01182022652175743,0.13459102984432586
rff64,1147,0.13459102984432586,0.014790186233290275,0.13459102984432586
rff128,1147,0.13459102984432586,0.015656670793361256,0.13459102984432586
ensemble4x32,1147,0.13459102984432586,0.014895090173258263,0.13459102984432586
rff24,1148,0.09523265780514178,0.009877935818662252,0.09523265780514178
rff64,1148,0.09523265780514178,0.010221997983781587,0.09523265780514178
rff128,1148,0.09523265780514178,0.010287341444670396,0.09523265780514178
ensemble4x32,1148,0.09523265780514178,0.010559022541802007,0.09523265780514178
rff24,1149,0.10973022806622987,0.020086196165048673,0.10973022806622987
rff64,1149,0.10973022806622987,0.018240979976772154,0.10973022806622987
rff128,1149,0.10973022806622987,0.017262997330731528,0.10973022806622987
ensemble4x32,1149,0.10973022806622987,0.01688232000156191,0.10973022806622987
rff24,1150,0.10827903319036507,0.015592168354660416,0.10827903319036507
rff64,1150,0.10827903319036507,0.019188911354014744,0.10827903319036507
rff128,1150,0.10827903319036507,0.018665289558312984,0.10827903319036507
ensemble4x32,1150,0.10827903319036507,0.01794704296726101,0.10827903319036507
rff24,1151,0.13616400604498566,0.016881211253534437,0.13616400604498566
rff64,1151,0.13616400604498566,0.020921247793315872,0.13616400604498566
rff128,1151,0.13616400604498566,0.01978754189949457,0.13616400604498566
ensemble4x32,1151,0.13616400604498566,0.017509871994519064,0.13616400604498566
rff24,1152,0.11237550455179976,0.015485349196919653,0.11237550455179976
rff64,1152,0.11237550455179976,0.01839458557549876,0.11237550455179976
rff128,1152,0.11237550455179976,0.018543741661667213,0.11237550455179976
ensemble4x32,1152,0.11237550455179976,0.017380765981394083,0.11237550455179976
rff24,1153,0.15063288756427395,0.014485702981503845,0.15063288756427395
rff64,1153,0.15063288756427395,0.012157530397801024,0.15063288756427395
rff128,1153,0.15063288756427395,0.014251570044239234,0.15063288756427395
ensemble4x32,1153,0.15063288756427395,0.013244290361798606,0.15063288756427395
rff24,1154,0.1571577574447265,0.025908644637786367,0.1571577574447265
rff64,1154,0.1571577574447265,0.026896214191857004,0.1571577574447265
rff128,1154,0.1571577574447265,0.02768024863986878,0.1571577574447265
ensemble4x32,1154,0.1571577574447265,0.023608366056956716,0.1571577574447265
rff24,1155,0.15079208324914278,0.017531295914886596,0.15079208324914278
rff64,1155,0.15079208324914278,0.018646077931569353,0.15079208324914278
rff128,1155,0.15079208324914278,0.01763149318603742,0.15079208324914278
ensemble4x32,1155,0.15079208324914278,0.01671513009082142,0.15079208324914278
rff24,1156,0.10295362466593937,0.020119323810967944,0.10295362466593937
rff64,1156,0.10295362466593937,0.022014472131110817,0.10295362466593937
rff128,1156,0.10295362466593937,0.018146070799815787,0.10295362466593937
ensemble4x32,1156,0.10295362466593937,0.01771295117730994,0.10295362466593937
rff24,1157,0.09467601025612804,0.014133571056482497,0.09467601025612804
rff64,1157,0.09467601025612804,0.013882186585598285,0.09467601025612804
rff128,1157,0.09467601025612804,0.010224674155439145,0.09467601025612804
ensemble4x32,1157,0.09467601025612804,0.014389694215201854,0.09467601025612804
rff24,1158,0.14186610027687788,0.01278679148446278,0.14186610027687788
rff64,1158,0.14186610027687788,0.016431359017571742,0.14186610027687788
rff128,1158,0.14186610027687788,0.018158146665936344,0.14186610027687788
ensemble4x32,1158,0.14186610027687788,0.01683161553159604,0.14186610027687788
rff24,1159,0.11925718505704891,0.010384291071001183,0.11925718505704891
rff64,1159,0.11925718505704891,0.011675728007165913,0.11925718505704891
rff128,1159,0.11925718505704891,0.014080343478824678,0.11925718505704891
ensemble4x32,1159,0.11925718505704891,0.011742802138207761,0.11925718505704891
rff24,1160,0.13226747355563,0.015256005157348457,0.13226747355563
rff64,1160,0.13226747355563,0.014182375284089322,0.13226747355563
rff128,1160,0.13226747355563,0.014246553201832244,0.13226747355563
ensemble4x32,1160,0.13226747355563,0.01164086386650551,0.13226747355563
rff24,1161,0.1537623005620085,0.016718632432504,0.1537623005620085
rff64,1161,0.1537623005620085,0.01627715643320713,0.1537623005620085
rff128,1161,0.1537623005620085,0.019515899291994033,0.1537623005620085
ensemble4x32,1161,0.1537623005620085,0.017484076771224655,0.1537623005620085
rff24,1162,0.1476619684362237,0.0138485956750245,0.1476619684362237
rff64,1162,0.1476619684362237,0.014689285021242934,0.1476619684362237
rff128,1162,0.1476619684362237,0.015068632921142815,0.1476619684362237
ensemble4x32,1162,0.1476619684362237,0.015231009453894202,0.1476619684362237
rff24,1163,0.11833954827533219,0.013689175064780275,0.11833954827533219
rff64,1163,0.11833954827533219,0.01280975616329655,0.11833954827533219
rff128,1163,0.11833954827533219,0.013921731839849957,0.11833954827533219
ensemble4x32,1163,0.11833954827533219,0.013825882336499923,0.11833954827533219
rff24,1164,0.13912216545745565,0.014414429963518454,0.13912216545745565
rff64,1164,0.13912216545745565,0.01549620929898449,0.13912216545745565
rff128,1164,0.13912216545745565,0.015691144268559963,0.13912216545745565
ensemble4x32,1164,0.13912216545745565,0.013440529338976754,0.13912216545745565
rff24,1165,0.13062762246081316,0.01594649666604306,0.13062762246081316
rff64,1165,0.13062762246081316,0.020635439768031037,0.13062762246081316
rff128,1165,0.13062762246081316,0.015611299500595952,0.13062762246081316
ensemble4x32,1165,0.13062762246081316,0.014913156090256025,0.13062762246081316
rff24,1166,0.13778502616500235,0.020426837171863457,0.13778502616500235
rff64,1166,0.13778502616500235,0.021780031728986085,0.13778502616500235
rff128,1166,0.13778502616500235,0.019373890793577216,0.13778502616500235
ensemble4x32,1166,0.13778502616500235,0.018366179341865532,0.13778502616500235
rff24,1167,0.12835730456291466,0.017927467974835833,0.12835730456291466
rff64,1167,0.12835730456291466,0.014078231152823596,0.12835730456291466
rff128,1167,0.12835730456291466,0.017067310242929398,0.12835730456291466
ensemble4x32,1167,0.12835730456291466,0.014160902122899926,0.12835730456291466
rff24,1168,0.11907906235042483,0.0163390677880095,0.11907906235042483
rff64,1168,0.11907906235042483,0.01751208381459006,0.11907906235042483
rff128,1168,0.11907906235042483,0.017202884102486334,0.11907906235042483
ensemble4x32,1168,0.11907906235042483,0.016548531524786952,0.11907906235042483
rff24,1169,0.13702329389920542,0.016443904020511605,0.13702329389920542
rff64,1169,0.13702329389920542,0.023653887420824714,0.13702329389920542
rff128,1169,0.13702329389920542,0.020096583501094813,0.13702329389920542
ensemble4x32,1169,0.13702329389920542,0.018779050934370028,0.13702329389920542
rff24,1170,0.1406112281367061,0.021105570223478073,0.1406112281367061
rff64,1170,0.1406112281367061,0.017967541399429156,0.1406112281367061
rff128,1170,0.1406112281367061,0.020107811530948445,0.1406112281367061
ensemble4x32,1170,0.1406112281367061,0.018965203598719248,0.1406112281367061
rff24,1171,0.1252654081343461,0.012670566379027012,0.1252654081343461
rff64,1171,0.1252654081343461,0.01011565750938778,0.1252654081343461
rff128,1171,0.1252654081343461,0.010957387451510647,0.1252654081343461
ensemble4x32,1171,0.1252654081343461,0.010932773020875416,0.1252654081343461
rff24,1172,0.16597706854811384,0.02349286240714669,0.16597706854811384
rff64,1172,0.16597706854811384,0.01829740962334806,0.16597706854811384
rff128,1172,0.16597706854811384,0.02148500049454018,0.16597706854811384
ensemble4x32,1172,0.16597706854811384,0.02352989106079032,0.16597706854811384
rff24,1173,0.1350217754920864,0.01658565466787347,0.1350217754920864
rff64,1173,0.1350217754920864,0.015708217273929046,0.1350217754920864
rff128,1173,0.1350217754920864,0.018055669962962612,0.1350217754920864
ensemble4x32,1173,0.1350217754920864,0.016142227266959693,0.1350217754920864
rff24,1174,0.11660534506381867,0.012213743465983492,0.11660534506381867
rff64,1174,0.11660534506381867,0.01161470248592422,0.11660534506381867
rff128,1174,0.11660534506381867,0.009424715845887808,0.11660534506381867
ensemble4x32,1174,0.11660534506381867,0.009706500199622341,0.11660534506381867
rff24,1175,0.11111411155635975,0.014586478175218034,0.11111411155635975
rff64,1175,0.11111411155635975,0.01331397626730481,0.11111411155635975
rff128,1175,0.11111411155635975,0.01196880070390988,0.11111411155635975
ensemble4x32,1175,0.11111411155635975,0.012491007672000464,0.11111411155635975
rff24,1176,0.1635378678528685,0.013572129202551539,0.1635378678528685
rff64,1176,0.1635378678528685,0.016812773567863485,0.1635378678528685
rff128,1176,0.1635378678528685,0.01690469850204915,0.1635378678528685
ensemble4x32,1176,0.1635378678528685,0.015768576360728054,0.1635378678528685
rff24,1177,0.13709116637662366,0.015011812116197308,0.13709116637662366
rff64,1177,0.13709116637662366,0.016213912067598642,0.13709116637662366
rff128,1177,0.13709116637662366,0.017611084084528633,0.13709116637662366
ensemble4x32,1177,0.13709116637662366,0.015362226916986615,0.13709116637662366
rff24,1178,0.14936033319647052,0.01708114966685513,0.14936033319647052
rff64,1178,0.14936033319647052,0.016223992764952587,0.14936033319647052
rff128,1178,0.14936033319647052,0.015614119661973236,0.14936033319647052
ensemble4x32,1178,0.14936033319647052,0.0148547678045329,0.14936033319647052
rff24,1179,0.12711463769758408,0.012997782678766197,0.12711463769758408
rff64,1179,0.12711463769758408,0.016149351853753317,0.12711463769758408
rff128,1179,0.12711463769758408,0.015689900220008567,0.12711463769758408
ensemble4x32,1179,0.12711463769758408,0.0169914834967477,0.12711463769758408
rff24,1180,0.13659809897045402,0.016049307700694373,0.13659809897045402
rff64,1180,0.13659809897045402,0.016987135625342972,0.13659809897045402
rff128,1180,0.13659809897045402,0.01601437558539658,0.13659809897045402
ensemble4x32,1180,0.13659809897045402,0.01439808229235833,0.13659809897045402
rff24,1181,0.16343274060590038,0.020025019561035896,0.16343274060590038
rff64,1181,0.16343274060590038,0.01512832928703478,0.16343274060590038
rff128,1181,0.16343274060590038,0.017795702254662593,0.16343274060590038
ensemble4x32,1181,0.16343274060590038,0.012851762476731064,0.16343274060590038
rff24,1182,0.10333974800093,0.012337618080020577,0.10333974800093
rff64,1182,0.10333974800093,0.010579567329232575,0.10333974800093
rff128,1182,0.10333974800093,0.014255198652579673,0.10333974800093
ensemble4x32,1182,0.10333974800093,0.012723252614611704,0.10333974800093
rff24,1183,0.12385844712961434,0.013713077935773591,0.12385844712961434
rff64,1183,0.12385844712961434,0.013317849911687586,0.12385844712961434
rff128,1183,0.12385844712961434,0.0195746223220093,0.12385844712961434
ensemble4x32,1183,0.12385844712961434,0.012774861108376265,0.12385844712961434
rff24,1184,0.11334204485129762,0.013510620322833579,0.11334204485129762
rff64,1184,0.11334204485129762,0.013628254675143885,0.11334204485129762
rff128,1184,0.11334204485129762,0.016007252170642642,0.11334204485129762
ensemble4x32,1184,0.11334204485129762,0.015942355695268893,0.11334204485129762
rff24,1185,0.14363957697184146,0.025194691155484297,0.14363957697184146
rff64,1185,0.14363957697184146,0.018526525338960306,0.14363957697184146
rff128,1185,0.14363957697184146,0.020742600406218295,0.14363957697184146
ensemble4x32,1185,0.14363957697184146,0.017958409699635518,0.14363957697184146
rff24,1186,0.13068384235542452,0.01864063243719518,0.13068384235542452
rff64,1186,0.13068384235542452,0.015345560177478353,0.13068384235542452
rff128,1186,0.13068384235542452,0.015871769971907108,0.13068384235542452
ensemble4x32,1186,0.13068384235542452,0.015005919872102657,0.13068384235542452
rff24,1187,0.09844339792054062,0.014049426147369115,0.09844339792054062
rff64,1187,0.09844339792054062,0.01088355062374166,0.09844339792054062
rff128,1187,0.09844339792054062,0.010841493497224894,0.09844339792054062
ensemble4x32,1187,0.09844339792054062,0.010111002378381539,0.09844339792054062
rff24,1188,0.11671417553191638,0.016086182247083244,0.11671417553191638
rff64,1188,0.11671417553191638,0.022086921763787227,0.11671417553191638
rff128,1188,0.11671417553191638,0.020536688407030462,0.11671417553191638
ensemble4x32,1188,0.11671417553191638,0.018936152814770547,0.11671417553191638
rff24,1189,0.15519001335355484,0.015534423747256183,0.15519001335355484
rff64,1189,0.15519001335355484,0.020046628612599166,0.15519001335355484
rff128,1189,0.15519001335355484,0.017095346635237957,0.15519001335355484
ensemble4x32,1189,0.15519001335355484,0.016484109550365382,0.15519001335355484
rff24,1190,0.13650938869787535,0.013173068565791856,0.13650938869787535
rff64,1190,0.13650938869787535,0.014648420040754203,0.13650938869787535
rff128,1190,0.13650938869787535,0.017966463909507235,0.13650938869787535
ensemble4x32,1190,0.13650938869787535,0.01628549686148763,0.13650938869787535
rff24,1191,0.15305725636264814,0.024039228446666602,0.15305725636264814
rff64,1191,0.15305725636264814,0.02246145496322993,0.15305725636264814
rff128,1191,0.15305725636264814,0.020402668787078127,0.15305725636264814
ensemble4x32,1191,0.15305725636264814,0.020731530758840638,0.15305725636264814
rff24,1192,0.1757158190315074,0.020713706581886992,0.1757158190315074
rff64,1192,0.1757158190315074,0.020685006903031662,0.1757158190315074
rff128,1192,0.1757158190315074,0.018417608767989903,0.1757158190315074
ensemble4x32,1192,0.1757158190315074,0.017922552780476594,0.1757158190315074
rff24,1193,0.12210656045030402,0.01680037531485922,0.12210656045030402
rff64,1193,0.12210656045030402,0.018869279800104763,0.12210656045030402
rff128,1193,0.12210656045030402,0.01770704386084121,0.12210656045030402
ensemble4x32,1193,0.12210656045030402,0.01626405996983125,0.12210656045030402
rff24,1194,0.11810390087651874,0.017885972200477017,0.11810390087651874
rff64,1194,0.11810390087651874,0.0203580344775584,0.11810390087651874
rff128,1194,0.11810390087651874,0.016478014464429088,0.11810390087651874
ensemble4x32,1194,0.11810390087651874,0.018418211698013547,0.11810390087651874
rff24,1195,0.1153606381534158,0.019948720540057436,0.1153606381534158
rff64,1195,0.1153606381534158,0.01872837759202445,0.1153606381534158
rff128,1195,0.1153606381534158,0.018050443758005415,0.1153606381534158
ensemble4x32,1195,0.1153606381534158,0.016721238122819983,0.1153606381534158
rff24,1196,0.1264537603560094,0.014275939948143749,0.1264537603560094
rff64,1196,0.1264537603560094,0.016942411766611373,0.1264537603560094
rff128,1196,0.1264537603560094,0.015490002768483706,0.1264537603560094
ensemble4x32,1196,0.1264537603560094,0.015560685917703442,0.1264537603560094
rff24,1197,0.16571960804820204,0.023491314693631308,0.16571960804820204
rff64,1197,0.16571960804820204,0.01955789294565168,0.16571960804820204
rff128,1197,0.16571960804820204,0.01906147392960848,0.16571960804820204
ensemble4x32,1197,0.16571960804820204,0.01894871388617573,0.16571960804820204
rff24,1198,0.20317585537470803,0.02215878277755274,0.20317585537470803
rff64,1198,0.20317585537470803,0.020632805591063844,0.20317585537470803
rff128,1198,0.20317585537470803,0.02467644376080106,0.20317585537470803
ensemble4x32,1198,0.20317585537470803,0.023299799020461448,0.20317585537470803
rff24,1199,0.14918386939975553,0.02816658492581839,0.14918386939975553
rff64,1199,0.14918386939975553,0.029689693448828033,0.14918386939975553
rff128,1199,0.14918386939975553,0.033224133732965705,0.14918386939975553
ensemble4x32,1199,0.14918386939975553,0.028747454281691186,0.14918386939975553
rff24,1200,0.12996345697518127,0.01269715330802024,0.12996345697518127
rff64,1200,0.12996345697518127,0.022635778046628367,0.12996345697518127
rff128,1200,0.12996345697518127,0.020944553090922385,0.12996345697518127
ensemble4x32,1200,0.12996345697518127,0.020972999291906443,0.12996345697518127
rff24,1201,0.14436721119204785,0.01628543905454305,0.14436721119204785
rff64,1201,0.14436721119204785,0.01862230447864496,0.14436721119204785
rff128,1201,0.14436721119204785,0.018915965096387804,0.14436721119204785
ensemble4x32,1201,0.14436721119204785,0.016176643858881536,0.14436721119204785
rff24,1202,0.16136643420215827,0.012725973104199132,0.16136643420215827
rff64,1202,0.16136643420215827,0.013637373577818314,0.16136643420215827
rff128,1202,0.16136643420215827,0.014715659623322387,0.16136643420215827
ensemble4x32,1202,0.16136643420215827,0.014232990328499177,0.16136643420215827
rff24,1203,0.1452751943734711,0.013169396858909315,0.1452751943734711
rff64,1203,0.1452751943734711,0.014227395841262336,0.1452751943734711
rff128,1203,0.1452751943734711,0.017392719348459026,0.1452751943734711
ensemble4x32,1203,0.1452751943734711,0.014697659574265434,0.1452751943734711
rff24,1204,0.1534384828653881,0.026243964219263963,0.1534384828653881
rff64,1204,0.1534384828653881,0.02448486965862784,0.1534384828653881
rff128,1204,0.1534384828653881,0.02445638093783194,0.1534384828653881
ensemble4x32,1204,0.1534384828653881,0.025625984727806857,0.1534384828653881
rff24,1205,0.13722887681511517,0.02116630976288445,0.13722887681511517
rff64,1205,0.13722887681511517,0.02336185520399032,0.13722887681511517
rff128,1205,0.13722887681511517,0.020414293383811313,0.13722887681511517
ensemble4x32,1205,0.13722887681511517,0.020041755152453482,0.13722887681511517
rff24,1206,0.11236409264767294,0.015895123259004877,0.11236409264767294
rff64,1206,0.11236409264767294,0.013173497921179797,0.11236409264767294
rff128,1206,0.11236409264767294,0.015612561841051923,0.11236409264767294
ensemble4x32,1206,0.11236409264767294,0.012679998101082831,0.11236409264767294
rff24,1207,0.17231602443460292,0.02517543931307604,0.17231602443460292
rff64,1207,0.17231602443460292,0.02755021146159362,0.17231602443460292
rff128,1207,0.17231602443460292,0.026952850771930024,0.17231602443460292
ensemble4x32,1207,0.17231602443460292,0.025505558246143686,0.17231602443460292
rff24,1208,0.14487074631731003,0.022361394260947087,0.14487074631731003
rff64,1208,0.14487074631731003,0.017629112612212294,0.14487074631731003
rff128,1208,0.14487074631731003,0.01754088861841763,0.14487074631731003
ensemble4x32,1208,0.14487074631731003,0.01749110968550715,0.14487074631731003
rff24,1209,0.15694739864752708,0.015768925472955175,0.15694739864752708
rff64,1209,0.15694739864752708,0.01108352620434161,0.15694739864752708
rff128,1209,0.15694739864752708,0.013797213756991852,0.15694739864752708
ensemble4x32,1209,0.15694739864752708,0.011612896779724442,0.15694739864752708
rff24,1210,0.11798549327290381,0.018685068061426755,0.11798549327290381
rff64,1210,0.11798549327290381,0.02533662079724659,0.11798549327290381
rff128,1210,0.11798549327290381,0.017937863140908082,0.11798549327290381
ensemble4x32,1210,0.11798549327290381,0.01794637099808661,0.11798549327290381
rff24,1211,0.14672009593703925,0.021844672716961045,0.14672009593703925
rff64,1211,0.14672009593703925,0.014714527505204196,0.14672009593703925
rff128,1211,0.14672009593703925,0.01580270398575232,0.14672009593703925
ensemble4x32,1211,0.14672009593703925,0.015308225635342697,0.14672009593703925
rff24,1212,0.11756184038170078,0.0212462870502692,0.11756184038170078
rff64,1212,0.11756184038170078,0.016605866069255536,0.11756184038170078
rff128,1212,0.11756184038170078,0.015695824058291438,0.11756184038170078
ensemble4x32,1212,0.11756184038170078,0.0163063384749064,0.11756184038170078
rff24,1213,0.12075543944515062,0.019582400548301036,0.12075543944515062
rff64,1213,0.12075543944515062,0.018227936068325755,0.12075543944515062
rff128,1213,0.12075543944515062,0.018574507090836728,0.12075543944515062
ensemble4x32,1213,0.12075543944515062,0.017745040790255507,0.12075543944515062
rff24,1214,0.11000272438201032,0.013535679160075404,0.11000272438201032
rff64,1214,0.11000272438201032,0.012455760047434022,0.11000272438201032
rff128,1214,0.11000272438201032,0.015308897063775096,0.11000272438201032
ensemble4x32,1214,0.11000272438201032,0.014853050352677671,0.11000272438201032
rff24,1215,0.1754596122422104,0.017812560514505364,0.1754596122422104
rff64,1215,0.1754596122422104,0.023693459722444667,0.1754596122422104
rff128,1215,0.1754596122422104,0.020593863678741834,0.1754596122422104
ensemble4x32,1215,0.1754596122422104,0.01906084679204951,0.1754596122422104
rff24,1216,0.1169837695961836,0.013581185381081997,0.1169837695961836
rff64,1216,0.1169837695961836,0.011902673004481418,0.1169837695961836
rff128,1216,0.1169837695961836,0.01231262854305011,0.1169837695961836
ensemble4x32,1216,0.1169837695961836,0.011113113190346493,0.1169837695961836
rff24,1217,0.1322495032920306,0.010619796378062594,0.1322495032920306
rff64,1217,0.1322495032920306,0.010136446266675554,0.1322495032920306
rff128,1217,0.1322495032920306,0.010195156486420187,0.1322495032920306
ensemble4x32,1217,0.1322495032920306,0.009682662773641472,0.1322495032920306
rff24,1218,0.13380109907641466,0.016498487968502177,0.13380109907641466
rff64,1218,0.13380109907641466,0.016516773087353016,0.13380109907641466
rff128,1218,0.13380109907641466,0.017033112479757837,0.13380109907641466
ensemble4x32,1218,0.13380109907641466,0.01738977584346072,0.13380109907641466
rff24,1219,0.14092498201733236,0.01703899478229391,0.14092498201733236
rff64,1219,0.14092498201733236,0.013833071394949464,0.14092498201733236
rff128,1219,0.14092498201733236,0.014556148453292764,0.14092498201733236
ensemble4x32,1219,0.14092498201733236,0.013578115864627321,0.14092498201733236
rff24,1220,0.13408310831447384,0.017065491441259115,0.13408310831447384
rff64,1220,0.13408310831447384,0.011114259855266127,0.13408310831447384
rff128,1220,0.13408310831447384,0.0122053954853948,0.13408310831447384
ensemble4x32,1220,0.13408310831447384,0.013098344221475926,0.13408310831447384
rff24,1221,0.1374395693261759,0.01563832741333231,0.1374395693261759
rff64,1221,0.1374395693261759,0.018640974718759216,0.1374395693261759
rff128,1221,0.1374395693261759,0.017503664259533577,0.1374395693261759
ensemble4x32,1221,0.1374395693261759,0.01655519723734532,0.1374395693261759
rff24,1222,0.13168764262413157,0.01531430587497096,0.13168764262413157
rff64,1222,0.13168764262413157,0.013092115170812635,0.13168764262413157
rff128,1222,0.13168764262413157,0.015429834787727466,0.13168764262413157
ensemble4x32,1222,0.13168764262413157,0.013707045885625683,0.13168764262413157
rff24,1223,0.16920938077176167,0.02385483346577638,0.16920938077176167
rff64,1223,0.16920938077176167,0.018718241932989054,0.16920938077176167
rff128,1223,0.16920938077176167,0.0212886818724579,0.16920938077176167
ensemble4x32,1223,0.16920938077176167,0.021991222788418065,0.16920938077176167
rff24,1224,0.11755508802906421,0.01423009484654123,0.11755508802906421
rff64,1224,0.11755508802906421,0.013479301095158604,0.11755508802906421
rff128,1224,0.11755508802906421,0.012850927486241831,0.11755508802906421
ensemble4x32,1224,0.11755508802906421,0.012345334261470753,0.11755508802906421
rff24,1225,0.0879695794381548,0.013304834713869586,0.0879695794381548
rff64,1225,0.0879695794381548,0.009878263082341078,0.0879695794381548
rff128,1225,0.0879695794381548,0.010643823121051877,0.0879695794381548
ensemble4x32,1225,0.0879695794381548,0.010570535652712229,0.0879695794381548
rff24,1226,0.10142959793134795,0.013175995424597537,0.10142959793134795
rff64,1226,0.10142959793134795,0.01310919854518524,0.10142959793134795
rff128,1226,0.10142959793134795,0.01143642426665024,0.10142959793134795
ensemble4x32,1226,0.10142959793134795,0.01129130707596327,0.10142959793134795
rff24,1227,0.15399481183560226,0.018071674210112187,0.15399481183560226
rff64,1227,0.15399481183560226,0.019491727189479818,0.15399481183560226
rff128,1227,0.15399481183560226,0.023370183660883052,0.15399481183560226
ensemble4x32,1227,0.15399481183560226,0.015767715585835014,0.15399481183560226
rff24,1228,0.103217316406538,0.01244886649260632,0.103217316406538
rff64,1228,0.103217316406538,0.014627186676092079,0.103217316406538
rff128,1228,0.103217316406538,0.014780420008450593,0.103217316406538
ensemble4x32,1228,0.103217316406538,0.012687672605504375,0.103217316406538
rff24,1229,0.1317285701771963,0.011128157386560523,0.1317285701771963
rff64,1229,0.1317285701771963,0.012639066396955811,0.1317285701771963
rff128,1229,0.1317285701771963,0.014336901532246489,0.1317285701771963
ensemble4x32,1229,0.1317285701771963,0.010543311530649555,0.1317285701771963
rff24,1230,0.1291180450510442,0.011644606130314164,0.1291180450510442
rff64,1230,0.1291180450510442,0.0182938456545388,0.1291180450510442
rff128,1230,0.1291180450510442,0.01504195878609442,0.1291180450510442
ensemble4x32,1230,0.1291180450510442,0.014496500934624882,0.1291180450510442
rff24,1231,0.13439184687444963,0.014108993830684794,0.13439184687444963
rff64,1231,0.13439184687444963,0.016438388030873136,0.13439184687444963
rff128,1231,0.13439184687444963,0.012751935403514023,0.13439184687444963
ensemble4x32,1231,0.13439184687444963,0.011954537586368576,0.13439184687444963
rff24,1232,0.1322911058223671,0.015516758872857247,0.1322911058223671
rff64,1232,0.1322911058223671,0.01510718410039136,0.1322911058223671
rff128,1232,0.1322911058223671,0.015168331824678749,0.1322911058223671
ensemble4x32,1232,0.1322911058223671,0.015956087240123262,0.1322911058223671
rff24,1233,0.09875675359791616,0.010808178711737755,0.09875675359791616
rff64,1233,0.09875675359791616,0.01305117443333238,0.09875675359791616
rff128,1233,0.09875675359791616,0.01198942877953107,0.09875675359791616
ensemble4x32,1233,0.09875675359791616,0.012827590766143374,0.09875675359791616
rff24,1234,0.10825585881512659,0.011922376605310215,0.10825585881512659
rff64,1234,0.10825585881512659,0.01427280366376744,0.10825585881512659
rff128,1234,0.10825585881512659,0.0142035354675942,0.10825585881512659
ensemble4x32,1234,0.10825585881512659,0.01390440619785223,0.10825585881512659
rff24,1235,0.12207589832503803,0.01727806148037797,0.12207589832503803
rff64,1235,0.12207589832503803,0.01498602042147557,0.12207589832503803
rff128,1235,0.12207589832503803,0.015224192424842265,0.12207589832503803
ensemble4x32,1235,0.12207589832503803,0.01312864246935689,0.12207589832503803
rff24,1236,0.10908716302390908,0.017984129143714864,0.10908716302390908
rff64,1236,0.10908716302390908,0.012548224578040794,0.10908716302390908
rff128,1236,0.10908716302390908,0.012254912143352645,0.10908716302390908
ensemble4x32,1236,0.10908716302390908,0.011710103524817102,0.10908716302390908
rff24,1237,0.13784250783940763,0.015384092356124524,0.13784250783940763
rff64,1237,0.13784250783940763,0.011784571959075084,0.13784250783940763
rff128,1237,0.13784250783940763,0.015146905180191876,0.13784250783940763
ensemble4x32,1237,0.13784250783940763,0.014615304942490533,0.13784250783940763
rff24,1238,0.13991187110701522,0.019458212772698085,0.13991187110701522
rff64,1238,0.13991187110701522,0.01666219276559477,0.13991187110701522
rff128,1238,0.13991187110701522,0.01944398316100688,0.13991187110701522
ensemble4x32,1238,0.13991187110701522,0.01787142675821932,0.13991187110701522
rff24,1239,0.1165312282304307,0.014643468359347291,0.1165312282304307
rff64,1239,0.1165312282304307,0.013163054796912385,0.1165312282304307
rff128,1239,0.1165312282304307,0.013604568669351792,0.1165312282304307
ensemble4x32,1239,0.1165312282304307,0.013966924841845129,0.1165312282304307
rff24,1240,0.14230331854182937,0.0135341100578785,0.14230331854182937
rff64,1240,0.14230331854182937,0.011345398608444654,0.14230331854182937
rff128,1240,0.14230331854182937,0.014101711874686134,0.14230331854182937
ensemble4x32,1240,0.14230331854182937,0.014454755624328481,0.14230331854182937
rff24,1241,0.11834851925016689,0.013799992185289659,0.11834851925016689
rff64,1241,0.11834851925016689,0.011873844964120231,0.11834851925016689
rff128,1241,0.11834851925016689,0.011628901306747383,0.11834851925016689
ensemble4x32,1241,0.11834851925016689,0.010413945856390168,0.11834851925016689
rff24,1242,0.0951882723056317,0.019848912623063604,0.0951882723056317
rff64,1242,0.0951882723056317,0.01660893923429994,0.0951882723056317
rff128,1242,0.0951882723056317,0.018054917422578257,0.0951882723056317
ensemble4x32,1242,0.0951882723056317,0.014437710949708134,0.0951882723056317
rff24,1243,0.14149638891354493,0.013613906218382875,0.14149638891354493
rff64,1243,0.14149638891354493,0.014623000269742049,0.14149638891354493
rff128,1243,0.14149638891354493,0.01661210673313806,0.14149638891354493
ensemble4x32,1243,0.14149638891354493,0.01634217639164184,0.14149638891354493
rff24,1244,0.14876029830237242,0.017314213815263563,0.14876029830237242
rff64,1244,0.14876029830237242,0.015547892310298806,0.14876029830237242
rff128,1244,0.14876029830237242,0.01912576500229523,0.14876029830237242
ensemble4x32,1244,0.14876029830237242,0.01628794048365533,0.14876029830237242
rff24,1245,0.1336063275217601,0.015072803462327056,0.1336063275217601
rff64,1245,0.1336063275217601,0.017433491302490323,0.1336063275217601
rff128,1245,0.1336063275217601,0.018601711966162376,0.1336063275217601
ensemble4x32,1245,0.1336063275217601,0.018752731228107958,0.1336063275217601
rff24,1246,0.10790040733989317,0.016296480393275838,0.10790040733989317
rff64,1246,0.10790040733989317,0.01628669359542589,0.10790040733989317
rff128,1246,0.10790040733989317,0.014900778145773242,0.10790040733989317
ensemble4x32,1246,0.10790040733989317,0.0127233691256106,0.10790040733989317
rff24,1247,0.12237485232156171,0.013353704942098412,0.12237485232156171
rff64,1247,0.12237485232156171,0.016689992296989545,0.12237485232156171
rff128,1247,0.12237485232156171,0.014948398984609522,0.12237485232156171
ensemble4x32,1247,0.12237485232156171,0.016051210918844264,0.12237485232156171
rff24,1248,0.1442963386741218,0.016424150568138257,0.1442963386741218
rff64,1248,0.1442963386741218,0.014485410634798232,0.1442963386741218
rff128,1248,0.1442963386741218,0.016390043989121843,0.1442963386741218
ensemble4x32,1248,0.1442963386741218,0.016474704897546207,0.1442963386741218
rff24,1249,0.1433924707775894,0.022690292335872393,0.1433924707775894
rff64,1249,0.1433924707775894,0.017775927943625435,0.1433924707775894
rff128,1249,0.1433924707775894,0.020137201134396557,0.1433924707775894
ensemble4x32,1249,0.1433924707775894,0.01845714350678733,0.1433924707775894
rff24,1250,0.11725675349190179,0.011202979019872892,0.11725675349190179
rff64,1250,0.11725675349190179,0.011812133802041219,0.11725675349190179
rff128,1250,0.11725675349190179,0.01174679823411849,0.11725675349190179
ensemble4x32,1250,0.11725675349190179,0.010525840122740843,0.11725675349190179
rff24,1251,0.14380812884301827,0.014094876079151669,0.14380812884301827
rff64,1251,0.14380812884301827,0.01354305368109942,0.14380812884301827
rff128,1251,0.14380812884301827,0.013408163328598304,0.14380812884301827
ensemble4x32,1251,0.14380812884301827,0.0115734332163953,0.14380812884301827
rff24,1252,0.1062041950335505,0.010277285932351604,0.1062041950335505
rff64,1252,0.1062041950335505,0.011472515420491594,0.1062041950335505
rff128,1252,0.1062041950335505,0.01094263333276208,0.1062041950335505
ensemble4x32,1252,0.1062041950335505,0.012341231981383576,0.1062041950335505
rff24,1253,0.17864059250054082,0.017660492594388216,0.17864059250054082
rff64,1253,0.17864059250054082,0.014653912078626678,0.17864059250054082
rff128,1253,0.17864059250054082,0.014950264013250607,0.17864059250054082
ensemble4x32,1253,0.17864059250054082,0.013992934770589499,0.17864059250054082
rff24,1254,0.10588982116392559,0.012055716079588233,0.10588982116392559
rff64,1254,0.10588982116392559,0.01563674329710484,0.10588982116392559
rff128,1254,0.10588982116392559,0.014654242625510747,0.10588982116392559
ensemble4x32,1254,0.10588982116392559,0.012569809983530291,0.10588982116392559
rff24,1255,0.13843091275111458,0.01742281476170579,0.13843091275111458
rff64,1255,0.13843091275111458,0.014545653536560737,0.13843091275111458
rff128,1255,0.13843091275111458,0.016423539123371075,0.13843091275111458
ensemble4x32,1255,0.13843091275111458,0.013574841945816344,0.13843091275111458
rff24,1256,0.1228979141581626,0.01521072868932151,0.1228979141581626
rff64,1256,0.1228979141581626,0.013484498393560576,0.1228979141581626
rff128,1256,0.1228979141581626,0.01543824150917258,0.1228979141581626
ensemble4x32,1256,0.1228979141581626,0.013664755826005546,0.1228979141581626
rff24,1257,0.12931348195926837,0.014431034062545575,0.12931348195926837
rff64,1257,0.12931348195926837,0.014819755013530564,0.12931348195926837
rff128,1257,0.12931348195926837,0.017276935773416997,0.12931348195926837
ensemble4x32,1257,0.12931348195926837,0.015145502366889807,0.12931348195926837
rff24,1258,0.14933708751515062,0.013140136229675496,0.14933708751515062
rff64,1258,0.14933708751515062,0.014116742931608224,0.14933708751515062
rff128,1258,0.14933708751515062,0.015643108248357265,0.14933708751515062
ensemble4x32,1258,0.14933708751515062,0.014516996707434164,0.14933708751515062
rff24,1259,0.11044976233004329,0.014031461982817068,0.11044976233004329
rff64,1259,0.11044976233004329,0.013309442098743282,0.11044976233004329
rff128,1259,0.11044976233004329,0.013962431901082652,0.11044976233004329
ensemble4x32,1259,0.11044976233004329,0.012127890725696429,0.11044976233004329
rff24,1260,0.14694881481958577,0.016488707339241158,0.14694881481958577
rff64,1260,0.14694881481958577,0.013179208195822934,0.14694881481958577
rff128,1260,0.14694881481958577,0.016083284922193606,0.14694881481958577
ensemble4x32,1260,0.14694881481958577,0.016873304651598513,0.14694881481958577
rff24,1261,0.1231449260983154,0.017609248311009663,0.1231449260983154
rff64,1261,0.1231449260983154,0.021399547642034854,0.1231449260983154
rff128,1261,0.1231449260983154,0.01962907697416105,0.1231449260983154
ensemble4x32,1261,0.1231449260983154,0.018511849627068103,0.1231449260983154
rff24,1262,0.13649645299461324,0.0196310059243786,0.13649645299461324
rff64,1262,0.13649645299461324,0.017047999510444313,0.13649645299461324
rff128,1262,0.13649645299461324,0.01973896698214473,0.13649645299461324
ensemble4x32,1262,0.13649645299461324,0.017582372822384354,0.13649645299461324
rff24,1263,0.1581883553054143,0.023952188384861,0.1581883553054143
rff64,1263,0.1581883553054143,0.022255976228284024,0.1581883553054143
rff128,1263,0.1581883553054143,0.02355458264431075,0.1581883553054143
ensemble4x32,1263,0.1581883553054143,0.022947499873126744,0.1581883553054143
rff24,1264,0.0934715592440014,0.011726736585134357,0.0934715592440014
rff64,1264,0.0934715592440014,0.010971199460813446,0.0934715592440014
rff128,1264,0.0934715592440014,0.012957768329917295,0.0934715592440014
ensemble4x32,1264,0.0934715592440014,0.013601935600320463,0.0934715592440014
rff24,1265,0.10585066940481011,0.010053346493286387,0.10585066940481011
rff64,1265,0.10585066940481011,0.013960479594684046,0.10585066940481011
rff128,1265,0.10585066940481011,0.011908076379689405,0.10585066940481011
ensemble4x32,1265,0.10585066940481011,0.010210472204806913,0.10585066940481011
rff24,1266,0.13806667360195635,0.014300575681888833,0.13806667360195635
rff64,1266,0.13806667360195635,0.012366386680801684,0.13806667360195635
rff128,1266,0.13806667360195635,0.01462227417663724,0.13806667360195635
ensemble4x32,1266,0.13806667360195635,0.014569414638414414,0.13806667360195635
rff24,1267,0.1559842127988084,0.02686587451673299,0.1559842127988084
rff64,1267,0.1559842127988084,0.024719431683055015,0.1559842127988084
rff128,1267,0.1559842127988084,0.02547282471979054,0.1559842127988084
ensemble4x32,1267,0.1559842127988084,0.022342745199205764,0.1559842127988084
rff24,1268,0.12808223669521318,0.015480833932394363,0.12808223669521318
rff64,1268,0.12808223669521318,0.01250500075042075,0.12808223669521318
rff128,1268,0.12808223669521318,0.01105117092818762,0.12808223669521318
ensemble4x32,1268,0.12808223669521318,0.010795800611419217,0.12808223669521318
rff24,1269,0.16560827122039368,0.02018629302673405,0.16560827122039368
rff64,1269,0.16560827122039368,0.01927455104838337,0.16560827122039368
rff128,1269,0.16560827122039368,0.020852618149474766,0.16560827122039368
ensemble4x32,1269,0.16560827122039368,0.02023259166080618,0.16560827122039368
rff24,1270,0.14948479900580425,0.015267803367969483,0.14948479900580425
rff64,1270,0.14948479900580425,0.01961714170325869,0.14948479900580425
rff128,1270,0.14948479900580425,0.019941327757439516,0.14948479900580425
ensemble4x32,1270,0.14948479900580425,0.016766173185255872,0.14948479900580425
rff24,1271,0.1391012442226521,0.017378125165611862,0.1391012442226521
rff64,1271,0.1391012442226521,0.02034092479464524,0.1391012442226521
rff128,1271,0.1391012442226521,0.02047021394184449,0.1391012442226521
ensemble4x32,1271,0.1391012442226521,0.016638861899250814,0.1391012442226521
rff24,1272,0.12467361042962312,0.01527958534764256,0.12467361042962312
rff64,1272,0.12467361042962312,0.021427486535246135,0.12467361042962312
rff128,1272,0.12467361042962312,0.021689464839926204,0.12467361042962312
ensemble4x32,1272,0.12467361042962312,0.016932593951042598,0.12467361042962312
rff24,1273,0.12619400055213584,0.016979376938141545,0.12619400055213584
rff64,1273,0.12619400055213584,0.013569616359326568,0.12619400055213584
rff128,1273,0.12619400055213584,0.01277683843901618,0.12619400055213584
ensemble4x32,1273,0.12619400055213584,0.01136552340508494,0.12619400055213584
rff24,1274,0.12140259344566383,0.017485789604113795,0.12140259344566383
rff64,1274,0.12140259344566383,0.017568844984821665,0.12140259344566383
rff128,1274,0.12140259344566383,0.017114670392668903,0.12140259344566383
ensemble4x32,1274,0.12140259344566383,0.019118726509178514,0.12140259344566383
rff24,1275,0.14196262853981412,0.017800697997967067,0.14196262853981412
rff64,1275,0.14196262853981412,0.01763698416785392,0.14196262853981412
rff128,1275,0.14196262853981412,0.01788328875665751,0.14196262853981412
ensemble4x32,1275,0.14196262853981412,0.01864747168353784,0.14196262853981412
rff24,1276,0.13388535473763685,0.013843130351984846,0.13388535473763685
rff64,1276,0.13388535473763685,0.013989884032283847,0.13388535473763685
rff128,1276,0.13388535473763685,0.01679778253634742,0.13388535473763685
ensemble4x32,1276,0.13388535473763685,0.014129151752464805,0.13388535473763685
rff24,1277,0.12306001380103197,0.012339813289167114,0.12306001380103197
rff64,1277,0.12306001380103197,0.01221989333595202,0.12306001380103197
rff128,1277,0.12306001380103197,0.012743104248755324,0.12306001380103197
ensemble4x32,1277,0.12306001380103197,0.012088979053488248,0.12306001380103197
rff24,1278,0.12681368708378354,0.01013620568928555,0.12681368708378354
rff64,1278,0.12681368708378354,0.010139952849241008,0.12681368708378354
rff128,1278,0.12681368708378354,0.009650290427161678,0.12681368708378354
ensemble4x32,1278,0.12681368708378354,0.009608344380033947,0.12681368708378354
rff24,1279,0.1534844464330928,0.01787276255764173,0.1534844464330928
rff64,1279,0.1534844464330928,0.02083585803483003,0.1534844464330928
rff128,1279,0.1534844464330928,0.01825917668188868,0.1534844464330928
ensemble4x32,1279,0.1534844464330928,0.01735576986501918,0.1534844464330928
rff24,1280,0.12171037790066407,0.011597722435538483,0.12171037790066407
rff64,1280,0.12171037790066407,0.012233491758139158,0.12171037790066407
rff128,1280,0.12171037790066407,0.012065147974540596,0.12171037790066407
ensemble4x32,1280,0.12171037790066407,0.012223877220129529,0.12171037790066407
rff24,1281,0.15499305320531082,0.021294204750411147,0.15499305320531082
rff64,1281,0.15499305320531082,0.025106254137564187,0.15499305320531082
rff128,1281,0.15499305320531082,0.027181298286931325,0.15499305320531082
ensemble4x32,1281,0.15499305320531082,0.023976740026991114,0.15499305320531082
rff24,1282,0.13521220258616048,0.012758574543821798,0.13521220258616048
rff64,1282,0.13521220258616048,0.015872674837893522,0.13521220258616048
rff128,1282,0.13521220258616048,0.014343608264856813,0.13521220258616048
ensemble4x32,1282,0.13521220258616048,0.014990728010012796,0.13521220258616048
rff24,1283,0.1966945743236614,0.0196131771060679,0.1966945743236614
rff64,1283,0.1966945743236614,0.026257275667200267,0.1966945743236614
rff128,1283,0.1966945743236614,0.024392046764260194,0.1966945743236614
ensemble4x32,1283,0.1966945743236614,0.024540280573064004,0.1966945743236614
rff24,1284,0.11479820934461962,0.01372223384773981,0.11479820934461962
rff64,1284,0.11479820934461962,0.019306224424926976,0.11479820934461962
rff128,1284,0.11479820934461962,0.016583147915756068,0.11479820934461962
ensemble4x32,1284,0.11479820934461962,0.017084616597144817,0.11479820934461962
rff24,1285,0.13047828902107442,0.026110659430680465,0.13047828902107442
rff64,1285,0.13047828902107442,0.028944494876891932,0.13047828902107442
rff128,1285,0.13047828902107442,0.026439626262474186,0.13047828902107442
ensemble4x32,1285,0.13047828902107442,0.025401231798380327,0.13047828902107442
rff24,1286,0.18727708956982853,0.022815203092428682,0.18727708956982853
rff64,1286,0.18727708956982853,0.02211374103030887,0.18727708956982853
rff128,1286,0.18727708956982853,0.02870429138649815,0.18727708956982853
ensemble4x32,1286,0.18727708956982853,0.026277962942456413,0.18727708956982853
rff24,1287,0.1992918413525355,0.023205998502047426,0.1992918413525355
rff64,1287,0.1992918413525355,0.024058228127219555,0.1992918413525355
rff128,1287,0.1992918413525355,0.02281797616476621,0.1992918413525355
ensemble4x32,1287,0.1992918413525355,0.02311319564531617,0.1992918413525355
rff24,1288,0.12952956272517874,0.014628683845924655,0.12952956272517874
rff64,1288,0.12952956272517874,0.014824513244096973,0.12952956272517874
rff128,1288,0.12952956272517874,0.012716460704126556,0.12952956272517874
ensemble4x32,1288,0.12952956272517874,0.013419478888717067,0.12952956272517874
rff24,1289,0.11254537308503526,0.013190259979885087,0.11254537308503526
rff64,1289,0.11254537308503526,0.013039676464860293,0.11254537308503526
rff128,1289,0.11254537308503526,0.015276184863128142,0.11254537308503526
ensemble4x32,1289,0.11254537308503526,0.016569391527819326,0.11254537308503526
rff24,1290,0.12865217887077246,0.013274148837013257,0.12865217887077246
rff64,1290,0.12865217887077246,0.015350502320071747,0.12865217887077246
rff128,1290,0.12865217887077246,0.013853434041433611,0.12865217887077246
ensemble4x32,1290,0.12865217887077246,0.014461708346010783,0.12865217887077246
rff24,1291,0.11995537036325607,0.018274012414755198,0.11995537036325607
rff64,1291,0.11995537036325607,0.01814577121296644,0.11995537036325607
rff128,1291,0.11995537036325607,0.01854468819469374,0.11995537036325607
ensemble4x32,1291,0.11995537036325607,0.01772902533583483,0.11995537036325607
rff24,1292,0.1283123805861491,0.017163947788415797,0.1283123805861491
rff64,1292,0.1283123805861491,0.015659147964090174,0.1283123805861491
rff128,1292,0.1283123805861491,0.015677612591889586,0.1283123805861491
ensemble4x32,1292,0.1283123805861491,0.014880411779906982,0.1283123805861491
rff24,1293,0.09813556751489476,0.017257441767426426,0.09813556751489476
rff64,1293,0.09813556751489476,0.015281423452852612,0.09813556751489476
rff128,1293,0.09813556751489476,0.014873790092676972,0.09813556751489476
ensemble4x32,1293,0.09813556751489476,0.013294517107098794,0.09813556751489476
rff24,1294,0.12332291313779614,0.01525844736217053,0.12332291313779614
rff64,1294,0.12332291313779614,0.012955225186621218,0.12332291313779614
rff128,1294,0.12332291313779614,0.011986012879779786,0.12332291313779614
ensemble4x32,1294,0.12332291313779614,0.01275696335998791,0.12332291313779614
rff24,1295,0.14629042473435996,0.019232696091627345,0.14629042473435996
rff64,1295,0.14629042473435996,0.01611193572387298,0.14629042473435996
rff128,1295,0.14629042473435996,0.016706703331224534,0.14629042473435996
ensemble4x32,1295,0.14629042473435996,0.01611602835481635,0.14629042473435996
rff24,1296,0.15563402381179192,0.022433006537900122,0.15563402381179192
rff64,1296,0.15563402381179192,0.018292412338056584,0.15563402381179192
rff128,1296,0.15563402381179192,0.017815054265429713,0.15563402381179192
ensemble4x32,1296,0.15563402381179192,0.017995225780523726,0.15563402381179192
rff24,1297,0.13788481923301724,0.019868658979477982,0.13788481923301724
rff64,1297,0.13788481923301724,0.015127291423761685,0.13788481923301724
rff128,1297,0.13788481923301724,0.018915069256401806,0.13788481923301724
ensemble4x32,1297,0.13788481923301724,0.018234238626084382,0.13788481923301724
rff24,1298,0.17186340761047075,0.01580596042705245,0.17186340761047075
rff64,1298,0.17186340761047075,0.01703489229554945,0.17186340761047075
rff128,1298,0.17186340761047075,0.017550062573065055,0.17186340761047075
ensemble4x32,1298,0.17186340761047075,0.01623079340095781,0.17186340761047075
rff24,1299,0.1667129150354542,0.026121167303628665,0.1667129150354542
rff64,1299,0.1667129150354542,0.027606851143301882,0.1667129150354542
rff128,1299,0.1667129150354542,0.036247829237722955,0.1667129150354542
ensemble4x32,1299,0.1667129150354542,0.028809363351497974,0.1667129150354542
rff24,1300,0.11802146973383794,0.01288735184942798,0.11802146973383794
rff64,1300,0.11802146973383794,0.014666492631811636,0.11802146973383794
rff128,1300,0.11802146973383794,0.014246545876775686,0.11802146973383794
ensemble4x32,1300,0.11802146973383794,0.013710645215268599,0.11802146973383794
rff24,1301,0.1066995661025562,0.013913766140185873,0.1066995661025562
rff64,1301,0.1066995661025562,0.013815661257429994,0.1066995661025562
rff128,1301,0.1066995661025562,0.014527379674796415,0.1066995661025562
ensemble4x32,1301,0.1066995661025562,0.01306776249379087,0.1066995661025562
rff24,1302,0.19290051982766168,0.019663901574747338,0.19290051982766168
rff64,1302,0.19290051982766168,0.017323374119192863,0.19290051982766168
rff128,1302,0.19290051982766168,0.018384107331173814,0.19290051982766168
ensemble4x32,1302,0.19290051982766168,0.016844422396907338,0.19290051982766168
rff24,1303,0.10440430418308369,0.014710296573037804,0.10440430418308369
rff64,1303,0.10440430418308369,0.01639091904159608,0.10440430418308369
rff128,1303,0.10440430418308369,0.01604419105356184,0.10440430418308369
ensemble4x32,1303,0.10440430418308369,0.016574980685009195,0.10440430418308369
rff24,1304,0.12368023836319049,0.01566714872358286,0.12368023836319049
rff64,1304,0.12368023836319049,0.014315827879669656,0.12368023836319049
rff128,1304,0.12368023836319049,0.012358043640924698,0.12368023836319049
ensemble4x32,1304,0.12368023836319049,0.014638884997866536,0.12368023836319049
rff24,1305,0.13515959094381635,0.02679954962736793,0.13515959094381635
rff64,1305,0.13515959094381635,0.03049408744999107,0.13515959094381635
rff128,1305,0.13515959094381635,0.025296597436847954,0.13515959094381635
ensemble4x32,1305,0.13515959094381635,0.028478828662903355,0.13515959094381635
rff24,1306,0.15806023877816108,0.016754917705530142,0.15806023877816108
rff64,1306,0.15806023877816108,0.017994535690439042,0.15806023877816108
rff128,1306,0.15806023877816108,0.01591793493040545,0.15806023877816108
ensemble4x32,1306,0.15806023877816108,0.014694963568673329,0.15806023877816108
rff24,1307,0.12078548485798735,0.016898521981196568,0.12078548485798735
rff64,1307,0.12078548485798735,0.01351668538109186,0.12078548485798735
rff128,1307,0.12078548485798735,0.01544613271691985,0.12078548485798735
ensemble4x32,1307,0.12078548485798735,0.01647319004644304,0.12078548485798735
rff24,1308,0.13862126760338186,0.018642611887063478,0.13862126760338186
rff64,1308,0.13862126760338186,0.01789562260605816,0.13862126760338186
rff128,1308,0.13862126760338186,0.01651890065042047,0.13862126760338186
ensemble4x32,1308,0.13862126760338186,0.01775053585429875,0.13862126760338186
rff24,1309,0.09603073433563852,0.019623740385191584,0.09603073433563852
rff64,1309,0.09603073433563852,0.016984140719811806,0.09603073433563852
rff128,1309,0.09603073433563852,0.014828025424961866,0.09603073433563852
ensemble4x32,1309,0.09603073433563852,0.014525362218469375,0.09603073433563852
rff24,1310,0.1649136198039634,0.015974415125874775,0.1649136198039634
rff64,1310,0.1649136198039634,0.016210168068561317,0.1649136198039634
rff128,1310,0.1649136198039634,0.01787336661412822,0.1649136198039634
ensemble4x32,1310,0.1649136198039634,0.0171855531698046,0.1649136198039634
rff24,1311,0.14962283170874127,0.015847058745918186,0.14962283170874127
rff64,1311,0.14962283170874127,0.016649490074410075,0.14962283170874127
rff128,1311,0.14962283170874127,0.016214865267273438,0.14962283170874127
ensemble4x32,1311,0.14962283170874127,0.016623426491711196,0.14962283170874127
rff24,1312,0.23295143887508662,0.0399401563471428,0.23295143887508662
rff64,1312,0.23295143887508662,0.030242106096848426,0.23295143887508662
rff128,1312,0.23295143887508662,0.03392431317416205,0.23295143887508662
ensemble4x32,1312,0.23295143887508662,0.031027857325546762,0.23295143887508662
rff24,1313,0.2015362034121714,0.018153435168220832,0.2015362034121714
rff64,1313,0.2015362034121714,0.019638427367243735,0.2015362034121714
rff128,1313,0.2015362034121714,0.02061602186244099,0.2015362034121714
ensemble4x32,1313,0.2015362034121714,0.018976761753200937,0.2015362034121714
rff24,1314,0.11162691653999007,0.01794566518187604,0.11162691653999007
rff64,1314,0.11162691653999007,0.016783741904035532,0.11162691653999007
rff128,1314,0.11162691653999007,0.01693912483504903,0.11162691653999007
ensemble4x32,1314,0.11162691653999007,0.014226000711573194,0.11162691653999007
rff24,1315,0.11880774024278784,0.014711643575068975,0.11880774024278784
rff64,1315,0.11880774024278784,0.015753788989522666,0.11880774024278784
rff128,1315,0.11880774024278784,0.014107643911591024,0.11880774024278784
ensemble4x32,1315,0.11880774024278784,0.012768041052756295,0.11880774024278784
rff24,1316,0.1314764215186547,0.013118593803140028,0.1314764215186547
rff64,1316,0.1314764215186547,0.01399007457523635,0.1314764215186547
rff128,1316,0.1314764215186547,0.01300229546888198,0.1314764215186547
ensemble4x32,1316,0.1314764215186547,0.013251948807440165,0.1314764215186547
rff24,1317,0.12455913766082799,0.020371259601531366,0.12455913766082799
rff64,1317,0.12455913766082799,0.016850795435763444,0.12455913766082799
rff128,1317,0.12455913766082799,0.02136743759825399,0.12455913766082799
ensemble4x32,1317,0.12455913766082799,0.02057953260700196,0.12455913766082799
rff24,1318,0.141902384249854,0.01298797066765473,0.141902384249854
rff64,1318,0.141902384249854,0.011737291826947873,0.141902384249854
rff128,1318,0.141902384249854,0.013754228148055433,0.141902384249854
ensemble4x32,1318,0.141902384249854,0.01122812376731927,0.141902384249854
rff24,1319,0.1601222438017032,0.01678748011285684,0.1601222438017032
rff64,1319,0.1601222438017032,0.01637032742248749,0.1601222438017032
rff128,1319,0.1601222438017032,0.01739325156068235,0.1601222438017032
ensemble4x32,1319,0.1601222438017032,0.01574469939987885,0.1601222438017032
rff24,1320,0.14566413596922084,0.016349822190732548,0.14566413596922084
rff64,1320,0.14566413596922084,0.01723758606770713,0.14566413596922084
rff128,1320,0.14566413596922084,0.016852796514330262,0.14566413596922084
ensemble4x32,1320,0.14566413596922084,0.015889645525765553,0.14566413596922084
rff24,1321,0.09469000102738141,0.013563844239661898,0.09469000102738141
rff64,1321,0.09469000102738141,0.013981064416374542,0.09469000102738141
rff128,1321,0.09469000102738141,0.011661528628182077,0.09469000102738141
ensemble4x32,1321,0.09469000102738141,0.013377302162877998,0.09469000102738141
rff24,1322,0.1385794481198928,0.013136453899033783,0.1385794481198928
rff64,1322,0.1385794481198928,0.013342800411093727,0.1385794481198928
rff128,1322,0.1385794481198928,0.013451882628666305,0.1385794481198928
ensemble4x32,1322,0.1385794481198928,0.015523956777038776,0.1385794481198928
rff24,1323,0.13000055980999994,0.016310607567787242,0.13000055980999994
rff64,1323,0.13000055980999994,0.01435446222664126,0.13000055980999994
rff128,1323,0.13000055980999994,0.015834476145399318,0.13000055980999994
ensemble4x32,1323,0.13000055980999994,0.01619831205549263,0.13000055980999994
rff24,1324,0.11677391928254553,0.012658307717850942,0.11677391928254553
rff64,1324,0.11677391928254553,0.015055400034954298,0.11677391928254553
rff128,1324,0.11677391928254553,0.012555816344974177,0.11677391928254553
ensemble4x32,1324,0.11677391928254553,0.013012162893305847,0.11677391928254553
rff24,1325,0.10663954655942744,0.01643512314406125,0.10663954655942744
rff64,1325,0.10663954655942744,0.01872659737828162,0.10663954655942744
rff128,1325,0.10663954655942744,0.018180928717002394,0.10663954655942744
ensemble4x32,1325,0.10663954655942744,0.016905118125271727,0.10663954655942744
rff24,1326,0.13069687764202922,0.01517068368124815,0.13069687764202922
rff64,1326,0.13069687764202922,0.012870446617207612,0.13069687764202922
rff128,1326,0.13069687764202922,0.012661398746768113,0.13069687764202922
ensemble4x32,1326,0.13069687764202922,0.01304150178767511,0.13069687764202922
rff24,1327,0.152914048056028,0.01443333192373138,0.152914048056028
rff64,1327,0.152914048056028,0.012481598786299064,0.152914048056028
rff128,1327,0.152914048056028,0.014233802055599697,0.152914048056028
ensemble4x32,1327,0.152914048056028,0.013268910691345606,0.152914048056028
rff24,1328,0.2083651726174623,0.025868586411351445,0.2083651726174623
rff64,1328,0.2083651726174623,0.03167377910658409,0.2083651726174623
rff128,1328,0.2083651726174623,0.02646119795191366,0.2083651726174623
ensemble4x32,1328,0.2083651726174623,0.02830857296698144,0.2083651726174623
rff24,1329,0.11206520820028214,0.013120231786782146,0.11206520820028214
rff64,1329,0.11206520820028214,0.013044468718435114,0.11206520820028214
rff128,1329,0.11206520820028214,0.012510480131871771,0.11206520820028214
ensemble4x32,1329,0.11206520820028214,0.011336030303674123,0.11206520820028214
rff24,1330,0.1450731750007008,0.014563121825549405,0.1450731750007008
rff64,1330,0.1450731750007008,0.014985243143760511,0.1450731750007008
rff128,1330,0.1450731750007008,0.012918636312719492,0.1450731750007008
ensemble4x32,1330,0.1450731750007008,0.011985465604754523,0.1450731750007008
rff24,1331,0.11597774544561139,0.011675554038771982,0.11597774544561139
rff64,1331,0.11597774544561139,0.011102258124429873,0.11597774544561139
rff128,1331,0.11597774544561139,0.011539811249171888,0.11597774544561139
ensemble4x32,1331,0.11597774544561139,0.013230269899854182,0.11597774544561139
rff24,1332,0.15180295921144116,0.021375648485808266,0.15180295921144116
rff64,1332,0.15180295921144116,0.02239134059391315,0.15180295921144116
rff128,1332,0.15180295921144116,0.021599204050811917,0.15180295921144116
ensemble4x32,1332,0.15180295921144116,0.020152677111454333,0.15180295921144116
rff24,1333,0.12659385088681213,0.018125655438343748,0.12659385088681213
rff64,1333,0.12659385088681213,0.013770447432438696,0.12659385088681213
rff128,1333,0.12659385088681213,0.013891659744658903,0.12659385088681213
ensemble4x32,1333,0.12659385088681213,0.014653899007708996,0.12659385088681213
rff24,1334,0.11048397642643742,0.010006285427644182,0.11048397642643742
rff64,1334,0.11048397642643742,0.010738383631387266,0.11048397642643742
rff128,1334,0.11048397642643742,0.011118771070176893,0.11048397642643742
ensemble4x32,1334,0.11048397642643742,0.010024909819392414,0.11048397642643742
rff24,1335,0.1446182588095403,0.029601578998698596,0.1446182588095403
rff64,1335,0.1446182588095403,0.03050581911570211,0.1446182588095403
rff128,1335,0.1446182588095403,0.023403433063503568,0.1446182588095403
ensemble4x32,1335,0.1446182588095403,0.021404190288085923,0.1446182588095403
rff24,1336,0.19837382617257834,0.01828955948856008,0.19837382617257834
rff64,1336,0.19837382617257834,0.018860098329341105,0.19837382617257834
rff128,1336,0.19837382617257834,0.024253210120571213,0.19837382617257834
ensemble4x32,1336,0.19837382617257834,0.02419860243614732,0.19837382617257834
rff24,1337,0.11857512590673511,0.01407833614463277,0.11857512590673511
rff64,1337,0.11857512590673511,0.014027640747351838,0.11857512590673511
rff128,1337,0.11857512590673511,0.013293532681706898,0.11857512590673511
ensemble4x32,1337,0.11857512590673511,0.012247018637292929,0.11857512590673511
rff24,1338,0.13129328537314536,0.021044133348387374,0.13129328537314536
rff64,1338,0.13129328537314536,0.014770383920646656,0.13129328537314536
rff128,1338,0.13129328537314536,0.01819323304043702,0.13129328537314536
ensemble4x32,1338,0.13129328537314536,0.016383043307636937,0.13129328537314536
rff24,1339,0.1380279366480187,0.013748238387847478,0.1380279366480187
rff64,1339,0.1380279366480187,0.011557292607262055,0.1380279366480187
rff128,1339,0.1380279366480187,0.011924536733923822,0.1380279366480187
ensemble4x32,1339,0.1380279366480187,0.010483803359989195,0.1380279366480187
rff24,1340,0.13380729725477897,0.014078640543601344,0.13380729725477897
rff64,1340,0.13380729725477897,0.012782713122010216,0.13380729725477897
rff128,1340,0.13380729725477897,0.013071660113720242,0.13380729725477897
ensemble4x32,1340,0.13380729725477897,0.011559457908299469,0.13380729725477897
rff24,1341,0.13160327915810155,0.013727059015351166,0.13160327915810155
rff64,1341,0.13160327915810155,0.011373659937507389,0.13160327915810155
rff128,1341,0.13160327915810155,0.015326330948717833,0.13160327915810155
ensemble4x32,1341,0.13160327915810155,0.014316379655796956,0.13160327915810155
rff24,1342,0.13840091886824224,0.013413083647061978,0.13840091886824224
rff64,1342,0.13840091886824224,0.013978678395495964,0.13840091886824224
rff128,1342,0.13840091886824224,0.015485588447072932,0.13840091886824224
ensemble4x32,1342,0.13840091886824224,0.014397578878004549,0.13840091886824224
rff24,1343,0.1419592523854125,0.013505374190062473,0.1419592523854125
rff64,1343,0.1419592523854125,0.014016331659081243,0.1419592523854125
rff128,1343,0.1419592523854125,0.014025856893438007,0.1419592523854125
ensemble4x32,1343,0.1419592523854125,0.011114945737343528,0.1419592523854125
rff24,1344,0.1581817944022892,0.01969354001507186,0.1581817944022892
rff64,1344,0.1581817944022892,0.01744164997362047,0.1581817944022892
rff128,1344,0.1581817944022892,0.019340545782978072,0.1581817944022892
ensemble4x32,1344,0.1581817944022892,0.017783838296433086,0.1581817944022892
rff24,1345,0.15617383132096643,0.022544140443034554,0.15617383132096643
rff64,1345,0.15617383132096643,0.019707794051668653,0.15617383132096643
rff128,1345,0.15617383132096643,0.022722330154807246,0.15617383132096643
ensemble4x32,1345,0.15617383132096643,0.02259299432441788,0.15617383132096643
rff24,1346,0.1637284474995436,0.020635202173448042,0.1637284474995436
rff64,1346,0.1637284474995436,0.01743969600325321,0.1637284474995436
rff128,1346,0.1637284474995436,0.018825114040970044,0.1637284474995436
ensemble4x32,1346,0.1637284474995436,0.018169067111848354,0.1637284474995436
rff24,1347,0.11877635193745212,0.015912750261273756,0.11877635193745212
rff64,1347,0.11877635193745212,0.013031762218587003,0.11877635193745212
rff128,1347,0.11877635193745212,0.01722634865183392,0.11877635193745212
ensemble4x32,1347,0.11877635193745212,0.014180847825992863,0.11877635193745212
rff24,1348,0.1108482226332136,0.012233780936821734,0.1108482226332136
rff64,1348,0.1108482226332136,0.014291073399207491,0.1108482226332136
rff128,1348,0.1108482226332136,0.012228642215499552,0.1108482226332136
ensemble4x32,1348,0.1108482226332136,0.011595426972761743,0.1108482226332136
rff24,1349,0.14533599876979264,0.01744452703459754,0.14533599876979264
rff64,1349,0.14533599876979264,0.01678490997845226,0.14533599876979264
rff128,1349,0.14533599876979264,0.01968437625265472,0.14533599876979264
ensemble4x32,1349,0.14533599876979264,0.019905665504162517,0.14533599876979264
rff24,1350,0.10862707946241186,0.023812839715063396,0.10862707946241186
rff64,1350,0.10862707946241186,0.01807833650776263,0.10862707946241186
rff128,1350,0.10862707946241186,0.019590335603342522,0.10862707946241186
ensemble4x32,1350,0.10862707946241186,0.01608585097560764,0.10862707946241186
rff24,1351,0.12837323623014385,0.010533755783664533,0.12837323623014385
rff64,1351,0.12837323623014385,0.011448633966947041,0.12837323623014385
rff128,1351,0.12837323623014385,0.01029579823947809,0.12837323623014385
ensemble4x32,1351,0.12837323623014385,0.009740900146153603,0.12837323623014385
rff24,1352,0.13286580844015625,0.01278065809194514,0.13286580844015625
rff64,1352,0.13286580844015625,0.014201797537712202,0.13286580844015625
rff128,1352,0.13286580844015625,0.013155505222243903,0.13286580844015625
ensemble4x32,1352,0.13286580844015625,0.01216672460813429,0.13286580844015625
rff24,1353,0.16842973563797198,0.01601991933426488,0.16842973563797198
rff64,1353,0.16842973563797198,0.017431966399586,0.16842973563797198
rff128,1353,0.16842973563797198,0.015079591293229569,0.16842973563797198
ensemble4x32,1353,0.16842973563797198,0.013929041521987227,0.16842973563797198
rff24,1354,0.1263066173124082,0.013458507021769085,0.1263066173124082
rff64,1354,0.1263066173124082,0.01521463169299484,0.1263066173124082
rff128,1354,0.1263066173124082,0.01455279090519801,0.1263066173124082
ensemble4x32,1354,0.1263066173124082,0.014134873539796488,0.1263066173124082
rff24,1355,0.14247737625377072,0.022587195029227153,0.14247737625377072
rff64,1355,0.14247737625377072,0.017062390973495944,0.14247737625377072
rff128,1355,0.14247737625377072,0.019517710675960278,0.14247737625377072
ensemble4x32,1355,0.14247737625377072,0.017698719579660314,0.14247737625377072
rff24,1356,0.11148507851634554,0.014650226205987315,0.11148507851634554
rff64,1356,0.11148507851634554,0.012102451299890567,0.11148507851634554
rff128,1356,0.11148507851634554,0.012335828871406607,0.11148507851634554
ensemble4x32,1356,0.11148507851634554,0.012471552755022292,0.11148507851634554
rff24,1357,0.14479565910259937,0.012483235162949538,0.14479565910259937
rff64,1357,0.14479565910259937,0.01518642006069234,0.14479565910259937
rff128,1357,0.14479565910259937,0.013676488688536853,0.14479565910259937
ensemble4x32,1357,0.14479565910259937,0.013362823564337255,0.14479565910259937
rff24,1358,0.10705874864642538,0.0138290349645629,0.10705874864642538
rff64,1358,0.10705874864642538,0.015402107582534273,0.10705874864642538
rff128,1358,0.10705874864642538,0.01507116805950366,0.10705874864642538
ensemble4x32,1358,0.10705874864642538,0.017221743747036368,0.10705874864642538
rff24,1359,0.10357477640752163,0.01475285634087286,0.10357477640752163
rff64,1359,0.10357477640752163,0.012885551675537423,0.10357477640752163
rff128,1359,0.10357477640752163,0.016118677118826825,0.10357477640752163
ensemble4x32,1359,0.10357477640752163,0.01671367319700296,0.10357477640752163
rff24,1360,0.14591431562954374,0.015508923880107418,0.14591431562954374
rff64,1360,0.14591431562954374,0.019055078422530302,0.14591431562954374
rff128,1360,0.14591431562954374,0.018276762595764974,0.14591431562954374
ensemble4x32,1360,0.14591431562954374,0.017710375069532186,0.14591431562954374
rff24,1361,0.18468944462899775,0.02160811429807363,0.18468944462899775
rff64,1361,0.18468944462899775,0.021968446943561443,0.18468944462899775
rff128,1361,0.18468944462899775,0.024429038075642548,0.18468944462899775
ensemble4x32,1361,0.18468944462899775,0.021454489643592034,0.18468944462899775
rff24,1362,0.12698125163837767,0.017658056198360726,0.12698125163837767
rff64,1362,0.12698125163837767,0.01765498898289686,0.12698125163837767
rff128,1362,0.12698125163837767,0.020446579821500714,0.12698125163837767
ensemble4x32,1362,0.12698125163837767,0.01711975675029709,0.12698125163837767
rff24,1363,0.13667816391756069,0.011905942255479142,0.13667816391756069
rff64,1363,0.13667816391756069,0.00969134296335023,0.13667816391756069
rff128,1363,0.13667816391756069,0.011269375901383829,0.13667816391756069
ensemble4x32,1363,0.13667816391756069,0.010375605527505376,0.13667816391756069
rff24,1364,0.1396987848029412,0.015125262414892583,0.1396987848029412
rff64,1364,0.1396987848029412,0.015494398859051276,0.1396987848029412
rff128,1364,0.1396987848029412,0.01760966967785762,0.1396987848029412
ensemble4x32,1364,0.1396987848029412,0.016050518375075203,0.1396987848029412
rff24,1365,0.10906734690106228,0.012072369159064528,0.10906734690106228
rff64,1365,0.10906734690106228,0.012864430852746566,0.10906734690106228
rff128,1365,0.10906734690106228,0.013418642980136671,0.10906734690106228
ensemble4x32,1365,0.10906734690106228,0.011392141030382245,0.10906734690106228
rff24,1366,0.10115847932879217,0.01458544924309486,0.10115847932879217
rff64,1366,0.10115847932879217,0.015215959052858451,0.10115847932879217
rff128,1366,0.10115847932879217,0.015677768290409802,0.10115847932879217
ensemble4x32,1366,0.10115847932879217,0.014093349706669825,0.10115847932879217
rff24,1367,0.12994385350744672,0.01202492331225936,0.12994385350744672
rff64,1367,0.12994385350744672,0.011730953004947068,0.12994385350744672
rff128,1367,0.12994385350744672,0.011944198881711695,0.12994385350744672
ensemble4x32,1367,0.12994385350744672,0.01132051207112397,0.12994385350744672
rff24,1368,0.12071241077311545,0.01804872049270007,0.12071241077311545
rff64,1368,0.12071241077311545,0.025717085805320512,0.12071241077311545
rff128,1368,0.12071241077311545,0.02180551139168398,0.12071241077311545
ensemble4x32,1368,0.12071241077311545,0.02111694634167528,0.12071241077311545
rff24,1369,0.12113417818995739,0.02082145765715288,0.12113417818995739
rff64,1369,0.12113417818995739,0.017237196441958157,0.12113417818995739
rff128,1369,0.12113417818995739,0.01956868910776159,0.12113417818995739
ensemble4x32,1369,0.12113417818995739,0.019366659597369475,0.12113417818995739
rff24,1370,0.1350933248775005,0.012916373232312303,0.1350933248775005
rff64,1370,0.1350933248775005,0.015176024638295994,0.1350933248775005
rff128,1370,0.1350933248775005,0.014557609033332388,0.1350933248775005
ensemble4x32,1370,0.1350933248775005,0.015585269982947632,0.1350933248775005
rff24,1371,0.10311965048265123,0.013059596251198803,0.10311965048265123
rff64,1371,0.10311965048265123,0.01410864408102895,0.10311965048265123
rff128,1371,0.10311965048265123,0.011438776449735125,0.10311965048265123
ensemble4x32,1371,0.10311965048265123,0.011495181963097189,0.10311965048265123
rff24,1372,0.11510778373663151,0.015911707070683952,0.11510778373663151
rff64,1372,0.11510778373663151,0.01467718125888411,0.11510778373663151
rff128,1372,0.11510778373663151,0.015788517280277085,0.11510778373663151
ensemble4x32,1372,0.11510778373663151,0.01317623382560892,0.11510778373663151
rff24,1373,0.1232850472537026,0.015613219593363644,0.1232850472537026
rff64,1373,0.1232850472537026,0.017042370794642422,0.1232850472537026
rff128,1373,0.1232850472537026,0.01804689448286107,0.1232850472537026
ensemble4x32,1373,0.1232850472537026,0.016898961243245136,0.1232850472537026
rff24,1374,0.09846008810608904,0.012812095654568785,0.09846008810608904
rff64,1374,0.09846008810608904,0.013300709860810698,0.09846008810608904
rff128,1374,0.09846008810608904,0.012260625879796861,0.09846008810608904
ensemble4x32,1374,0.09846008810608904,0.012802670716184851,0.09846008810608904
rff24,1375,0.11676951678394355,0.010525482060328627,0.11676951678394355
rff64,1375,0.11676951678394355,0.010944631815830198,0.11676951678394355
rff128,1375,0.11676951678394355,0.010970734526852873,0.11676951678394355
ensemble4x32,1375,0.11676951678394355,0.012735685160385772,0.11676951678394355
rff24,1376,0.13424928885750145,0.030301444222827854,0.13424928885750145
rff64,1376,0.13424928885750145,0.0239474586184567,0.13424928885750145
rff128,1376,0.13424928885750145,0.026153784478464673,0.13424928885750145
ensemble4x32,1376,0.13424928885750145,0.023753129545629883,0.13424928885750145
rff24,1377,0.11422683978121148,0.01421960011557069,0.11422683978121148
rff64,1377,0.11422683978121148,0.014369024570411094,0.11422683978121148
rff128,1377,0.11422683978121148,0.01232962789624237,0.11422683978121148
ensemble4x32,1377,0.11422683978121148,0.014246365138111174,0.11422683978121148
rff24,1378,0.14424971188963334,0.020914598406367682,0.14424971188963334
rff64,1378,0.14424971188963334,0.015594860855868862,0.14424971188963334
rff128,1378,0.14424971188963334,0.019605669063982294,0.14424971188963334
ensemble4x32,1378,0.14424971188963334,0.020872459536031392,0.14424971188963334
rff24,1379,0.14095501492360957,0.015316952525927902,0.14095501492360957
rff64,1379,0.14095501492360957,0.017343788126193936,0.14095501492360957
rff128,1379,0.14095501492360957,0.016843767488396926,0.14095501492360957
ensemble4x32,1379,0.14095501492360957,0.016143378337863466,0.14095501492360957
rff24,1380,0.10969405635632566,0.013216531099596668,0.10969405635632566
rff64,1380,0.10969405635632566,0.016112121176267973,0.10969405635632566
rff128,1380,0.10969405635632566,0.016440724460883724,0.10969405635632566
ensemble4x32,1380,0.10969405635632566,0.01538405244155791,0.10969405635632566
rff24,1381,0.14596082919780154,0.016916887994062244,0.14596082919780154
rff64,1381,0.14596082919780154,0.019546365422667845,0.14596082919780154
rff128,1381,0.14596082919780154,0.02066204960783221,0.14596082919780154
ensemble4x32,1381,0.14596082919780154,0.02178837188662279,0.14596082919780154
rff24,1382,0.13987797032481583,0.015426018553676328,0.13987797032481583
rff64,1382,0.13987797032481583,0.017073485775363238,0.13987797032481583
rff128,1382,0.13987797032481583,0.016370213985569877,0.13987797032481583
ensemble4x32,1382,0.13987797032481583,0.016325594688275803,0.13987797032481583
rff24,1383,0.11499421797511715,0.01122777521045144,0.11499421797511715
rff64,1383,0.11499421797511715,0.011058179565966109,0.11499421797511715
rff128,1383,0.11499421797511715,0.010857561386360234,0.11499421797511715
ensemble4x32,1383,0.11499421797511715,0.01076717509955525,0.11499421797511715
rff24,1384,0.12816975858526872,0.011304831361935474,0.12816975858526872
rff64,1384,0.12816975858526872,0.011192228737815344,0.12816975858526872
rff128,1384,0.12816975858526872,0.011965390859299404,0.12816975858526872
ensemble4x32,1384,0.12816975858526872,0.012200641438981898,0.12816975858526872
rff24,1385,0.10560188578285937,0.011873305991643782,0.10560188578285937
rff64,1385,0.10560188578285937,0.01602503139675159,0.10560188578285937
rff128,1385,0.10560188578285937,0.015589072387601592,0.10560188578285937
ensemble4x32,1385,0.10560188578285937,0.01555127155113524,0.10560188578285937
rff24,1386,0.10270763621341703,0.011059755286929289,0.10270763621341703
rff64,1386,0.10270763621341703,0.016123092252603298,0.10270763621341703
rff128,1386,0.10270763621341703,0.014161430420785727,0.10270763621341703
ensemble4x32,1386,0.10270763621341703,0.01517600760325358,0.10270763621341703
rff24,1387,0.10510803568760695,0.010127455681551777,0.10510803568760695
rff64,1387,0.10510803568760695,0.01026701033199993,0.10510803568760695
rff128,1387,0.10510803568760695,0.010813420820581432,0.10510803568760695
ensemble4x32,1387,0.10510803568760695,0.011256844136074655,0.10510803568760695
rff24,1388,0.1361386195944626,0.01791380363010511,0.1361386195944626
rff64,1388,0.1361386195944626,0.016824859311234557,0.1361386195944626
rff128,1388,0.1361386195944626,0.014318936472317667,0.1361386195944626
ensemble4x32,1388,0.1361386195944626,0.015910174192104876,0.1361386195944626
rff24,1389,0.13214266573185401,0.013833916023163138,0.13214266573185401
rff64,1389,0.13214266573185401,0.01481594807357324,0.13214266573185401
rff128,1389,0.13214266573185401,0.014655416419911277,0.13214266573185401
ensemble4x32,1389,0.13214266573185401,0.014408745143166438,0.13214266573185401
rff24,1390,0.16574524979772576,0.017914772956399674,0.16574524979772576
rff64,1390,0.16574524979772576,0.019139091825702823,0.16574524979772576
rff128,1390,0.16574524979772576,0.02151767568557216,0.16574524979772576
ensemble4x32,1390,0.16574524979772576,0.01822362156720687,0.16574524979772576
rff24,1391,0.12392796226818058,0.01975675585108243,0.12392796226818058
rff64,1391,0.12392796226818058,0.017464487528611756,0.12392796226818058
rff128,1391,0.12392796226818058,0.015241954871478365,0.12392796226818058
ensemble4x32,1391,0.12392796226818058,0.014190068383586042,0.12392796226818058
rff24,1392,0.13436330404727453,0.014664510058338772,0.13436330404727453
rff64,1392,0.13436330404727453,0.015162593748707733,0.13436330404727453
rff128,1392,0.13436330404727453,0.01803086483079107,0.13436330404727453
ensemble4x32,1392,0.13436330404727453,0.017501648014125938,0.13436330404727453
rff24,1393,0.11945774219456409,0.015325310965524757,0.11945774219456409
rff64,1393,0.11945774219456409,0.012076873102013315,0.11945774219456409
rff128,1393,0.11945774219456409,0.016418622940536854,0.11945774219456409
ensemble4x32,1393,0.11945774219456409,0.013574880944491961,0.11945774219456409
rff24,1394,0.1600648674383396,0.0157599428124854,0.1600648674383396
rff64,1394,0.1600648674383396,0.01630783835310858,0.1600648674383396
rff128,1394,0.1600648674383396,0.0178913332804942,0.1600648674383396
ensemble4x32,1394,0.1600648674383396,0.014187994423049854,0.1600648674383396
rff24,1395,0.14429913241911943,0.016282993168060117,0.14429913241911943
rff64,1395,0.14429913241911943,0.014764220976277151,0.14429913241911943
rff128,1395,0.14429913241911943,0.015596560646734346,0.14429913241911943
ensemble4x32,1395,0.14429913241911943,0.015002998036750223,0.14429913241911943
rff24,1396,0.11213210020594566,0.010924475835186123,0.11213210020594566
rff64,1396,0.11213210020594566,0.010750652742920667,0.11213210020594566
rff128,1396,0.11213210020594566,0.010477810581038605,0.11213210020594566
ensemble4x32,1396,0.11213210020594566,0.01151102119432922,0.11213210020594566
rff24,1397,0.11882009115499938,0.014256233087840818,0.11882009115499938
rff64,1397,0.11882009115499938,0.016822976771878665,0.11882009115499938
rff128,1397,0.11882009115499938,0.017940843854968913,0.11882009115499938
ensemble4x32,1397,0.11882009115499938,0.017260378512247692,0.11882009115499938
rff24,1398,0.12738977157837414,0.010077093196702828,0.12738977157837414
rff64,1398,0.12738977157837414,0.011741777244960578,0.12738977157837414
rff128,1398,0.12738977157837414,0.011925806118708861,0.12738977157837414
ensemble4x32,1398,0.12738977157837414,0.009897122422130514,0.12738977157837414
rff24,1399,0.11542791165516202,0.020554768757807197,0.11542791165516202
rff64,1399,0.11542791165516202,0.0142804907300084,0.11542791165516202
rff128,1399,0.11542791165516202,0.016565112639331515,0.11542791165516202
ensemble4x32,1399,0.11542791165516202,0.014533825330236307,0.11542791165516202
rff24,1400,0.1379115225377482,0.014986706636981002,0.1379115225377482
rff64,1400,0.1379115225377482,0.017801455292507786,0.1379115225377482
rff128,1400,0.1379115225377482,0.01768039992731135,0.1379115225377482
ensemble4x32,1400,0.1379115225377482,0.01763844156489709,0.1379115225377482
rff24,1401,0.1461591740614462,0.01791153988449725,0.1461591740614462
rff64,1401,0.1461591740614462,0.0206285375742178,0.1461591740614462
rff128,1401,0.1461591740614462,0.020305568883631407,0.1461591740614462
ensemble4x32,1401,0.1461591740614462,0.01939238843666783,0.1461591740614462
rff24,1402,0.09571034933430025,0.013144945916201689,0.09571034933430025
rff64,1402,0.09571034933430025,0.009880608352031054,0.09571034933430025
rff128,1402,0.09571034933430025,0.013146219038428006,0.09571034933430025
ensemble4x32,1402,0.09571034933430025,0.012652060314635692,0.09571034933430025
rff24,1403,0.1142134682707016,0.013185713436388117,0.1142134682707016
rff64,1403,0.1142134682707016,0.014464516128042913,0.1142134682707016
rff128,1403,0.1142134682707016,0.013760415273891904,0.1142134682707016
ensemble4x32,1403,0.1142134682707016,0.012733691947464081,0.1142134682707016
rff24,1404,0.16004388954899826,0.016477836774876145,0.16004388954899826
rff64,1404,0.16004388954899826,0.019420364538723537,0.16004388954899826
rff128,1404,0.16004388954899826,0.017623716866280795,0.16004388954899826
ensemble4x32,1404,0.16004388954899826,0.0183690091380808,0.16004388954899826
rff24,1405,0.1892348078593838,0.023109158025316767,0.1892348078593838
rff64,1405,0.1892348078593838,0.022999630860271618,0.1892348078593838
rff128,1405,0.1892348078593838,0.022982051540802212,0.1892348078593838
ensemble4x32,1405,0.1892348078593838,0.020720203194552055,0.1892348078593838
rff24,1406,0.10874615618720844,0.009401461851897773,0.10874615618720844
rff64,1406,0.10874615618720844,0.011523019284195454,0.10874615618720844
rff128,1406,0.10874615618720844,0.011709945918470766,0.10874615618720844
ensemble4x32,1406,0.10874615618720844,0.009780351920428783,0.10874615618720844
rff24,1407,0.11494463946338515,0.01564480159382525,0.11494463946338515
rff64,1407,0.11494463946338515,0.0158799522671008,0.11494463946338515
rff128,1407,0.11494463946338515,0.020919451851173398,0.11494463946338515
ensemble4x32,1407,0.11494463946338515,0.01470535485537023,0.11494463946338515
rff24,1408,0.12029768560909845,0.013503906497210375,0.12029768560909845
rff64,1408,0.12029768560909845,0.01691708513297355,0.12029768560909845
rff128,1408,0.12029768560909845,0.014781764624540181,0.12029768560909845
ensemble4x32,1408,0.12029768560909845,0.014165008392740444,0.12029768560909845
rff24,1409,0.16450161147431877,0.0191649093958366,0.16450161147431877
rff64,1409,0.16450161147431877,0.017523443462852097,0.16450161147431877
rff128,1409,0.16450161147431877,0.017751026766299444,0.16450161147431877
ensemble4x32,1409,0.16450161147431877,0.015861703818419115,0.16450161147431877
rff24,1410,0.14504510212188407,0.010646503329092154,0.14504510212188407
rff64,1410,0.14504510212188407,0.01532128924687676,0.14504510212188407
rff128,1410,0.14504510212188407,0.015006374291622751,0.14504510212188407
ensemble4x32,1410,0.14504510212188407,0.013755233153357938,0.14504510212188407
rff24,1411,0.14067343320220352,0.014198067826046901,0.14067343320220352
rff64,1411,0.14067343320220352,0.02127241928486941,0.14067343320220352
rff128,1411,0.14067343320220352,0.020476803120821004,0.14067343320220352
ensemble4x32,1411,0.14067343320220352,0.01789687896224037,0.14067343320220352
rff24,1412,0.1358535243926215,0.018803241396271975,0.1358535243926215
rff64,1412,0.1358535243926215,0.018684545293898586,0.1358535243926215
rff128,1412,0.1358535243926215,0.018007760068006747,0.1358535243926215
ensemble4x32,1412,0.1358535243926215,0.013106472119270551,0.1358535243926215
rff24,1413,0.13030673743432072,0.014724835184331358,0.13030673743432072
rff64,1413,0.13030673743432072,0.013387793356000707,0.13030673743432072
rff128,1413,0.13030673743432072,0.01452992944707906,0.13030673743432072
ensemble4x32,1413,0.13030673743432072,0.013216153210519402,0.13030673743432072
rff24,1414,0.10534065589515404,0.015194795602152053,0.10534065589515404
rff64,1414,0.10534065589515404,0.015246392382457254,0.10534065589515404
rff128,1414,0.10534065589515404,0.01724971665809913,0.10534065589515404
ensemble4x32,1414,0.10534065589515404,0.014799747362355254,0.10534065589515404
rff24,1415,0.09934402603003226,0.01868930275066661,0.09934402603003226
rff64,1415,0.09934402603003226,0.01326620202031576,0.09934402603003226
rff128,1415,0.09934402603003226,0.017544252402553723,0.09934402603003226
ensemble4x32,1415,0.09934402603003226,0.014562702975494383,0.09934402603003226
rff24,1416,0.13119784677370347,0.01746513333198724,0.13119784677370347
rff64,1416,0.13119784677370347,0.01766096255815303,0.13119784677370347
rff128,1416,0.13119784677370347,0.01831673902020633,0.13119784677370347
ensemble4x32,1416,0.13119784677370347,0.0156411250482235,0.13119784677370347
rff24,1417,0.14079623754137732,0.01329304415109168,0.14079623754137732
rff64,1417,0.14079623754137732,0.017722418141812902,0.14079623754137732
rff128,1417,0.14079623754137732,0.0160571188300946,0.14079623754137732
ensemble4x32,1417,0.14079623754137732,0.01367824563577147,0.14079623754137732
rff24,1418,0.1411100568083134,0.011465298759977762,0.1411100568083134
rff64,1418,0.1411100568083134,0.014535584883542183,0.1411100568083134
rff128,1418,0.1411100568083134,0.015238707406115303,0.1411100568083134
ensemble4x32,1418,0.1411100568083134,0.015017149640495105,0.1411100568083134
rff24,1419,0.14721056961232717,0.019370787032647843,0.14721056961232717
rff64,1419,0.14721056961232717,0.02150974335932771,0.14721056961232717
rff128,1419,0.14721056961232717,0.02024508749861114,0.14721056961232717
ensemble4x32,1419,0.14721056961232717,0.018951416967516326,0.14721056961232717
rff24,1420,0.12985187556539446,0.012671866129583528,0.12985187556539446
rff64,1420,0.12985187556539446,0.013297552234388825,0.12985187556539446
rff128,1420,0.12985187556539446,0.016108657442907386,0.12985187556539446
ensemble4x32,1420,0.12985187556539446,0.01448837016269193,0.12985187556539446
rff24,1421,0.15047176638827864,0.014664197314202739,0.15047176638827864
rff64,1421,0.15047176638827864,0.015189431315066842,0.15047176638827864
rff128,1421,0.15047176638827864,0.013640489819056849,0.15047176638827864
ensemble4x32,1421,0.15047176638827864,0.014518245191393027,0.15047176638827864
rff24,1422,0.1324225995491228,0.013116341300222947,0.1324225995491228
rff64,1422,0.1324225995491228,0.013759788532438772,0.1324225995491228
rff128,1422,0.1324225995491228,0.013479280440017236,0.1324225995491228
ensemble4x32,1422,0.1324225995491228,0.01214057275504128,0.1324225995491228
rff24,1423,0.16635451100713486,0.018326807539405656,0.16635451100713486
rff64,1423,0.16635451100713486,0.015012808532286571,0.16635451100713486
rff128,1423,0.16635451100713486,0.017384709403003216,0.16635451100713486
ensemble4x32,1423,0.16635451100713486,0.01586507296260871,0.16635451100713486
rff24,1424,0.14896309395996093,0.014809787569746855,0.14896309395996093
rff64,1424,0.14896309395996093,0.016606623080780425,0.14896309395996093
rff128,1424,0.14896309395996093,0.014352183263351788,0.14896309395996093
ensemble4x32,1424,0.14896309395996093,0.012400614947060264,0.14896309395996093
rff24,1425,0.1655254248816851,0.021208783934208605,0.1655254248816851
rff64,1425,0.1655254248816851,0.02515288750019795,0.1655254248816851
rff128,1425,0.1655254248816851,0.02458259104432818,0.1655254248816851
ensemble4x32,1425,0.1655254248816851,0.025157694902039264,0.1655254248816851
rff24,1426,0.13528318074320214,0.015531610699007766,0.13528318074320214
rff64,1426,0.13528318074320214,0.014055788471745144,0.13528318074320214
rff128,1426,0.13528318074320214,0.015355113086334856,0.13528318074320214
ensemble4x32,1426,0.13528318074320214,0.01415346918264125,0.13528318074320214
rff24,1427,0.13613599331342247,0.013916295478076355,0.13613599331342247
rff64,1427,0.13613599331342247,0.01542733753413639,0.13613599331342247
rff128,1427,0.13613599331342247,0.013996373510024467,0.13613599331342247
ensemble4x32,1427,0.13613599331342247,0.014837180353120701,0.13613599331342247
rff24,1428,0.1368090528073254,0.014377008662940472,0.1368090528073254
rff64,1428,0.1368090528073254,0.013482404084901142,0.1368090528073254
rff128,1428,0.1368090528073254,0.01659508320672325,0.1368090528073254
ensemble4x32,1428,0.1368090528073254,0.013931013278994119,0.1368090528073254
rff24,1429,0.12795742547974912,0.014750097657359617,0.12795742547974912
rff64,1429,0.12795742547974912,0.014952895862045195,0.12795742547974912
rff128,1429,0.12795742547974912,0.015038377991097227,0.12795742547974912
ensemble4x32,1429,0.12795742547974912,0.014018690807535216,0.12795742547974912
rff24,1430,0.1346840080777861,0.012696940154502168,0.1346840080777861
rff64,1430,0.1346840080777861,0.01521672180624387,0.1346840080777861
rff128,1430,0.1346840080777861,0.014468913695031739,0.1346840080777861
ensemble4x32,1430,0.1346840080777861,0.014668886339126656,0.1346840080777861
rff24,1431,0.09923999749368151,0.011475906568780468,0.09923999749368151
rff64,1431,0.09923999749368151,0.015278070863631381,0.09923999749368151
rff128,1431,0.09923999749368151,0.014048718952656743,0.09923999749368151
ensemble4x32,1431,0.09923999749368151,0.014373361535903226,0.09923999749368151
rff24,1432,0.1221986075198213,0.00956349595579084,0.1221986075198213
rff64,1432,0.1221986075198213,0.008888247687707206,0.1221986075198213
rff128,1432,0.1221986075198213,0.011798001119917844,0.1221986075198213
ensemble4x32,1432,0.1221986075198213,0.01226905693632883,0.1221986075198213
rff24,1433,0.12149742756012599,0.012461321223952415,0.12149742756012599
rff64,1433,0.12149742756012599,0.012668336570983114,0.12149742756012599
rff128,1433,0.12149742756012599,0.012908440722555837,0.12149742756012599
ensemble4x32,1433,0.12149742756012599,0.012581248883863156,0.12149742756012599
rff24,1434,0.12503075222784704,0.012332279762568678,0.12503075222784704
rff64,1434,0.12503075222784704,0.015018749499993048,0.12503075222784704
rff128,1434,0.12503075222784704,0.012674903805178108,0.12503075222784704
ensemble4x32,1434,0.12503075222784704,0.012792824644557808,0.12503075222784704
rff24,1435,0.14669718775444776,0.012788424897674297,0.14669718775444776
rff64,1435,0.14669718775444776,0.011303914016282675,0.14669718775444776
rff128,1435,0.14669718775444776,0.01159567772420644,0.14669718775444776
ensemble4x32,1435,0.14669718775444776,0.009934901761189198,0.14669718775444776
rff24,1436,0.16221923170466823,0.017545516311872886,0.16221923170466823
rff64,1436,0.16221923170466823,0.016043501470414764,0.16221923170466823
rff128,1436,0.16221923170466823,0.01978100428494905,0.16221923170466823
ensemble4x32,1436,0.16221923170466823,0.020104019489764573,0.16221923170466823
rff24,1437,0.15717473602574722,0.017491028795465012,0.15717473602574722
rff64,1437,0.15717473602574722,0.016834486958209095,0.15717473602574722
rff128,1437,0.15717473602574722,0.016512398466563005,0.15717473602574722
ensemble4x32,1437,0.15717473602574722,0.015288719953497537,0.15717473602574722
rff24,1438,0.15294787359202328,0.017648876688160908,0.15294787359202328
rff64,1438,0.15294787359202328,0.018228314682450203,0.15294787359202328
rff128,1438,0.15294787359202328,0.01661376020750302,0.15294787359202328
ensemble4x32,1438,0.15294787359202328,0.01753513264707085,0.15294787359202328
rff24,1439,0.1426478497602439,0.015080750038695646,0.1426478497602439
rff64,1439,0.1426478497602439,0.015676695405112996,0.1426478497602439
rff128,1439,0.1426478497602439,0.016175534268463417,0.1426478497602439
ensemble4x32,1439,0.1426478497602439,0.014634510027998572,0.1426478497602439
rff24,1440,0.10112670573988426,0.012955439018079213,0.10112670573988426
rff64,1440,0.10112670573988426,0.011806076191792985,0.10112670573988426
rff128,1440,0.10112670573988426,0.011689260902199471,0.10112670573988426
ensemble4x32,1440,0.10112670573988426,0.010910719181216494,0.10112670573988426
rff24,1441,0.10191318460480553,0.01313647424221211,0.10191318460480553
rff64,1441,0.10191318460480553,0.018564822991457636,0.10191318460480553
rff128,1441,0.10191318460480553,0.01467184264108052,0.10191318460480553
ensemble4x32,1441,0.10191318460480553,0.013304743566280712,0.10191318460480553
rff24,1442,0.12112525713019623,0.016798529059315424,0.12112525713019623
rff64,1442,0.12112525713019623,0.013742028916850443,0.12112525713019623
rff128,1442,0.12112525713019623,0.012683248969782327,0.12112525713019623
ensemble4x32,1442,0.12112525713019623,0.013078222362434474,0.12112525713019623
rff24,1443,0.11279640782014679,0.020373199780868954,0.11279640782014679
rff64,1443,0.11279640782014679,0.014414355271032148,0.11279640782014679
rff128,1443,0.11279640782014679,0.022159528877394866,0.11279640782014679
ensemble4x32,1443,0.11279640782014679,0.015505699510206139,0.11279640782014679
rff24,1444,0.17287167972286202,0.017007170836474943,0.17287167972286202
rff64,1444,0.17287167972286202,0.014525896785127997,0.17287167972286202
rff128,1444,0.17287167972286202,0.01526149068659632,0.17287167972286202
ensemble4x32,1444,0.17287167972286202,0.014113389319301489,0.17287167972286202
rff24,1445,0.15384647982195895,0.01788664200667522,0.15384647982195895
rff64,1445,0.15384647982195895,0.015312931256292859,0.15384647982195895
rff128,1445,0.15384647982195895,0.018298164871104212,0.15384647982195895
ensemble4x32,1445,0.15384647982195895,0.017808808089875665,0.15384647982195895
rff24,1446,0.13103216619321909,0.015758410991434615,0.13103216619321909
rff64,1446,0.13103216619321909,0.018422731737612802,0.13103216619321909
rff128,1446,0.13103216619321909,0.015672876638068746,0.13103216619321909
ensemble4x32,1446,0.13103216619321909,0.01691494280088089,0.13103216619321909
rff24,1447,0.15482675059563947,0.014975784060865062,0.15482675059563947
rff64,1447,0.15482675059563947,0.014162805079024322,0.15482675059563947
rff128,1447,0.15482675059563947,0.013729644670466576,0.15482675059563947
ensemble4x32,1447,0.15482675059563947,0.014534982213821043,0.15482675059563947
rff24,1448,0.12600783029974286,0.014641651971910198,0.12600783029974286
rff64,1448,0.12600783029974286,0.013379005269674449,0.12600783029974286
rff128,1448,0.12600783029974286,0.013653612074198934,0.12600783029974286
ensemble4x32,1448,0.12600783029974286,0.014382423842218637,0.12600783029974286
rff24,1449,0.1260008920877953,0.017270567668175935,0.1260008920877953
rff64,1449,0.1260008920877953,0.01524571713007043,0.1260008920877953
rff128,1449,0.1260008920877953,0.01754428171074438,0.1260008920877953
ensemble4x32,1449,0.1260008920877953,0.017007139067252527,0.1260008920877953
rff24,1450,0.10436298546751979,0.016101625128427867,0.10436298546751979
rff64,1450,0.10436298546751979,0.017598861232750156,0.10436298546751979
rff128,1450,0.10436298546751979,0.017298000834956594,0.10436298546751979
ensemble4x32,1450,0.10436298546751979,0.018330489326640508,0.10436298546751979
rff24,1451,0.14143285738864628,0.01421068007729596,0.14143285738864628
rff64,1451,0.14143285738864628,0.0135885489063251,0.14143285738864628
rff128,1451,0.14143285738864628,0.016449326540308423,0.14143285738864628
ensemble4x32,1451,0.14143285738864628,0.01353984244843405,0.14143285738864628
rff24,1452,0.11844970839222167,0.012698437594656877,0.11844970839222167
rff64,1452,0.11844970839222167,0.013996727338253072,0.11844970839222167
rff128,1452,0.11844970839222167,0.0165213975373908,0.11844970839222167
ensemble4x32,1452,0.11844970839222167,0.013631586922730756,0.11844970839222167
rff24,1453,0.11940226336872335,0.0174945770002003,0.11940226336872335
rff64,1453,0.11940226336872335,0.021055766609744186,0.11940226336872335
rff128,1453,0.11940226336872335,0.018162477596422356,0.11940226336872335
ensemble4x32,1453,0.11940226336872335,0.018791954818744083,0.11940226336872335
rff24,1454,0.11226499259489761,0.011741817288099915,0.11226499259489761
rff64,1454,0.11226499259489761,0.012290782592534438,0.11226499259489761
rff128,1454,0.11226499259489761,0.015854188848792097,0.11226499259489761
ensemble4x32,1454,0.11226499259489761,0.014572918199595272,0.11226499259489761
rff24,1455,0.16578414100464112,0.017224910232084573,0.16578414100464112
rff64,1455,0.16578414100464112,0.016543072254967987,0.16578414100464112
rff128,1455,0.16578414100464112,0.016192760590224328,0.16578414100464112
ensemble4x32,1455,0.16578414100464112,0.015462876492827966,0.16578414100464112
rff24,1456,0.13114102042567363,0.015268301006318973,0.13114102042567363
rff64,1456,0.13114102042567363,0.018139343979254596,0.13114102042567363
rff128,1456,0.13114102042567363,0.015703229720650486,0.13114102042567363
ensemble4x32,1456,0.13114102042567363,0.01619960600684449,0.13114102042567363
rff24,1457,0.12002715683424187,0.011775199536771154,0.12002715683424187
rff64,1457,0.12002715683424187,0.012408959553707136,0.12002715683424187
rff128,1457,0.12002715683424187,0.01235728538907171,0.12002715683424187
ensemble4x32,1457,0.12002715683424187,0.01271795302239888,0.12002715683424187
rff24,1458,0.16748016181802686,0.019673641736468215,0.16748016181802686
rff64,1458,0.16748016181802686,0.01658236124008312,0.16748016181802686
rff128,1458,0.16748016181802686,0.01802330701226636,0.16748016181802686
ensemble4x32,1458,0.16748016181802686,0.01694567880150047,0.16748016181802686
rff24,1459,0.14711349904751936,0.020038981197063554,0.14711349904751936
rff64,1459,0.14711349904751936,0.025821820705275833,0.14711349904751936
rff128,1459,0.14711349904751936,0.025169029592455792,0.14711349904751936
ensemble4x32,1459,0.14711349904751936,0.0250229021315164,0.14711349904751936
rff24,1460,0.10382816165023785,0.019406428355208276,0.10382816165023785
rff64,1460,0.10382816165023785,0.01832903883353268,0.10382816165023785
rff128,1460,0.10382816165023785,0.016236491307552697,0.10382816165023785
ensemble4x32,1460,0.10382816165023785,0.017222507497332534,0.10382816165023785
rff24,1461,0.11442763847209075,0.016105696378816425,0.11442763847209075
rff64,1461,0.11442763847209075,0.012631659069503632,0.11442763847209075
rff128,1461,0.11442763847209075,0.013117046976560885,0.11442763847209075
ensemble4x32,1461,0.11442763847209075,0.012488701650882861,0.11442763847209075
rff24,1462,0.12495655615228737,0.016594186005488544,0.12495655615228737
rff64,1462,0.12495655615228737,0.020567497040571904,0.12495655615228737
rff128,1462,0.12495655615228737,0.020214935888505883,0.12495655615228737
ensemble4x32,1462,0.12495655615228737,0.01989487432708136,0.12495655615228737
rff24,1463,0.1471033228806373,0.022548746852122204,0.1471033228806373
rff64,1463,0.1471033228806373,0.0225199659080299,0.1471033228806373
rff128,1463,0.1471033228806373,0.028721581596411,0.1471033228806373
ensemble4x32,1463,0.1471033228806373,0.022491035312185784,0.1471033228806373
rff24,1464,0.13656217615050045,0.013905671099200411,0.13656217615050045
rff64,1464,0.13656217615050045,0.013109037403278973,0.13656217615050045
rff128,1464,0.13656217615050045,0.013884917645454681,0.13656217615050045
ensemble4x32,1464,0.13656217615050045,0.01434278986993693,0.13656217615050045
rff24,1465,0.15161172987293783,0.01622640004146981,0.15161172987293783
rff64,1465,0.15161172987293783,0.015846021851845957,0.15161172987293783
rff128,1465,0.15161172987293783,0.01547797233798472,0.15161172987293783
ensemble4x32,1465,0.15161172987293783,0.01453587450252675,0.15161172987293783
rff24,1466,0.14958598158160594,0.01640164193166017,0.14958598158160594
rff64,1466,0.14958598158160594,0.018097087080560355,0.14958598158160594
rff128,1466,0.14958598158160594,0.02021917197279899,0.14958598158160594
ensemble4x32,1466,0.14958598158160594,0.017876580821085335,0.14958598158160594
rff24,1467,0.1116089243370272,0.012525661768756175,0.1116089243370272
rff64,1467,0.1116089243370272,0.012045692393441476,0.1116089243370272
rff128,1467,0.1116089243370272,0.011060529990870956,0.1116089243370272
ensemble4x32,1467,0.1116089243370272,0.01117513281309502,0.1116089243370272
rff24,1468,0.1252946435077554,0.016277481600209275,0.1252946435077554
rff64,1468,0.1252946435077554,0.012702099536504972,0.1252946435077554
rff128,1468,0.1252946435077554,0.01741615310795385,0.1252946435077554
ensemble4x32,1468,0.1252946435077554,0.014610141437159704,0.1252946435077554
rff24,1469,0.1651503982220021,0.01449194447477308,0.1651503982220021
rff64,1469,0.1651503982220021,0.014373207351724308,0.1651503982220021
rff128,1469,0.1651503982220021,0.015999173815895877,0.1651503982220021
ensemble4x32,1469,0.1651503982220021,0.014800992384584103,0.1651503982220021
rff24,1470,0.14556112748866454,0.01544675770001791,0.14556112748866454
rff64,1470,0.14556112748866454,0.013273811052270382,0.14556112748866454
rff128,1470,0.14556112748866454,0.014136677182465246,0.14556112748866454
ensemble4x32,1470,0.14556112748866454,0.012497158851433267,0.14556112748866454
rff24,1471,0.09445671358987791,0.014129506735199273,0.09445671358987791
rff64,1471,0.09445671358987791,0.012185460194010707,0.09445671358987791
rff128,1471,0.09445671358987791,0.011521344859510488,0.09445671358987791
ensemble4x32,1471,0.09445671358987791,0.009876459092539498,0.09445671358987791
rff24,1472,0.11964793242813072,0.012298955908071198,0.11964793242813072
rff64,1472,0.11964793242813072,0.011355769780432979,0.11964793242813072
rff128,1472,0.11964793242813072,0.011695537711996176,0.11964793242813072
ensemble4x32,1472,0.11964793242813072,0.011578373055345682,0.11964793242813072
rff24,1473,0.12447315906510839,0.019777139650373893,0.12447315906510839
rff64,1473,0.12447315906510839,0.022401268679006544,0.12447315906510839
rff128,1473,0.12447315906510839,0.020910898398080677,0.12447315906510839
ensemble4x32,1473,0.12447315906510839,0.018054770367381352,0.12447315906510839
rff24,1474,0.12444388832646022,0.019408035449120398,0.12444388832646022
rff64,1474,0.12444388832646022,0.025022939427614015,0.12444388832646022
rff128,1474,0.12444388832646022,0.020357861700663945,0.12444388832646022
ensemble4x32,1474,0.12444388832646022,0.020853680555802893,0.12444388832646022
rff24,1475,0.16203444803802525,0.014578416896873152,0.16203444803802525
rff64,1475,0.16203444803802525,0.016441355915824903,0.16203444803802525
rff128,1475,0.16203444803802525,0.020549861723772878,0.16203444803802525
ensemble4x32,1475,0.16203444803802525,0.02154405353816709,0.16203444803802525
rff24,1476,0.140836001764547,0.014192101607098266,0.140836001764547
rff64,1476,0.140836001764547,0.018982683017448692,0.140836001764547
rff128,1476,0.140836001764547,0.01645700467963346,0.140836001764547
ensemble4x32,1476,0.140836001764547,0.015234706514469704,0.140836001764547
rff24,1477,0.13772086480603837,0.017656758963176325,0.13772086480603837
rff64,1477,0.13772086480603837,0.017952936715255892,0.13772086480603837
rff128,1477,0.13772086480603837,0.017217606774070682,0.13772086480603837
ensemble4x32,1477,0.13772086480603837,0.01647874357822166,0.13772086480603837
rff24,1478,0.12315208646530548,0.02660542997275437,0.12315208646530548
rff64,1478,0.12315208646530548,0.021661161820065042,0.12315208646530548
rff128,1478,0.12315208646530548,0.02854090199256417,0.12315208646530548
ensemble4x32,1478,0.12315208646530548,0.02588581204051172,0.12315208646530548
rff24,1479,0.13184105124698967,0.013837271810042224,0.13184105124698967
rff64,1479,0.13184105124698967,0.010316904047184338,0.13184105124698967
rff128,1479,0.13184105124698967,0.012694230864796815,0.13184105124698967
ensemble4x32,1479,0.13184105124698967,0.009411319948323655,0.13184105124698967
rff24,1480,0.1279944637880544,0.010196515886052988,0.1279944637880544
rff64,1480,0.1279944637880544,0.011642984880321495,0.1279944637880544
rff128,1480,0.1279944637880544,0.01229223182471898,0.1279944637880544
ensemble4x32,1480,0.1279944637880544,0.011967612840500507,0.1279944637880544
rff24,1481,0.12867023124837265,0.015417835292092332,0.12867023124837265
rff64,1481,0.12867023124837265,0.015863242171762295,0.12867023124837265
rff128,1481,0.12867023124837265,0.015104189978987747,0.12867023124837265
ensemble4x32,1481,0.12867023124837265,0.01613967421058958,0.12867023124837265
rff24,1482,0.11683645146566558,0.012760153229097463,0.11683645146566558
rff64,1482,0.11683645146566558,0.011662347745916823,0.11683645146566558
rff128,1482,0.11683645146566558,0.010979482948247857,0.11683645146566558
ensemble4x32,1482,0.11683645146566558,0.010706641531028651,0.11683645146566558
rff24,1483,0.14151869308331344,0.01647959726718969,0.14151869308331344
rff64,1483,0.14151869308331344,0.01513991146542406,0.14151869308331344
rff128,1483,0.14151869308331344,0.01714177969616819,0.14151869308331344
ensemble4x32,1483,0.14151869308331344,0.01708422834953195,0.14151869308331344
rff24,1484,0.14114663727159618,0.015343002720305497,0.14114663727159618
rff64,1484,0.14114663727159618,0.015264110000551999,0.14114663727159618
rff128,1484,0.14114663727159618,0.01703158155840412,0.14114663727159618
ensemble4x32,1484,0.14114663727159618,0.01405128133555897,0.14114663727159618
rff24,1485,0.15461631754868266,0.016152610228932347,0.15461631754868266
rff64,1485,0.15461631754868266,0.017001358325328626,0.15461631754868266
rff128,1485,0.15461631754868266,0.014824755798281138,0.15461631754868266
ensemble4x32,1485,0.15461631754868266,0.015912581463952507,0.15461631754868266
rff24,1486,0.1260454693463913,0.014385205498534764,0.1260454693463913
rff64,1486,0.1260454693463913,0.015356679951001168,0.1260454693463913
rff128,1486,0.1260454693463913,0.014845731786937148,0.1260454693463913
ensemble4x32,1486,0.1260454693463913,0.011567832117182047,0.1260454693463913
rff24,1487,0.17328574877721223,0.019444220311410083,0.17328574877721223
rff64,1487,0.17328574877721223,0.023957535876719498,0.17328574877721223
rff128,1487,0.17328574877721223,0.02502031596898619,0.17328574877721223
ensemble4x32,1487,0.17328574877721223,0.02404904982788747,0.17328574877721223
rff24,1488,0.10711679758759864,0.015778065366048786,0.10711679758759864
rff64,1488,0.10711679758759864,0.015769162934885634,0.10711679758759864
rff128,1488,0.10711679758759864,0.014799217144338208,0.10711679758759864
ensemble4x32,1488,0.10711679758759864,0.01541958980539525,0.10711679758759864
rff24,1489,0.1336416562417508,0.01230121433530825,0.1336416562417508
rff64,1489,0.1336416562417508,0.01309811089033381,0.1336416562417508
rff128,1489,0.1336416562417508,0.012766649840213454,0.1336416562417508
ensemble4x32,1489,0.1336416562417508,0.011458053066627949,0.1336416562417508
rff24,1490,0.14724016345404883,0.015364187803544961,0.14724016345404883
rff64,1490,0.14724016345404883,0.022249710769611065,0.14724016345404883
rff128,1490,0.14724016345404883,0.01990141900917494,0.14724016345404883
ensemble4x32,1490,0.14724016345404883,0.01663242947028425,0.14724016345404883
rff24,1491,0.10816372552891548,0.0167237525112206,0.10816372552891548
rff64,1491,0.10816372552891548,0.02288408864453545,0.10816372552891548
rff128,1491,0.10816372552891548,0.016942865656949982,0.10816372552891548
ensemble4x32,1491,0.10816372552891548,0.015105448261663953,0.10816372552891548
rff24,1492,0.14481978977296348,0.01707162273648784,0.14481978977296348
rff64,1492,0.14481978977296348,0.015405770861638694,0.14481978977296348
rff128,1492,0.14481978977296348,0.01625257600779969,0.14481978977296348
ensemble4x32,1492,0.14481978977296348,0.01658906286532331,0.14481978977296348
rff24,1493,0.11034784757564235,0.014376546124028484,0.11034784757564235
rff64,1493,0.11034784757564235,0.014584175846105716,0.11034784757564235
rff128,1493,0.11034784757564235,0.015861002900432467,0.11034784757564235
ensemble4x32,1493,0.11034784757564235,0.013393678988109635,0.11034784757564235
rff24,1494,0.15032629016908797,0.021540374955686212,0.15032629016908797
rff64,1494,0.15032629016908797,0.022701442110963584,0.15032629016908797
rff128,1494,0.15032629016908797,0.0243368161173882,0.15032629016908797
ensemble4x32,1494,0.15032629016908797,0.02022153206946004,0.15032629016908797
rff24,1495,0.13982999568171592,0.01864611065867849,0.13982999568171592
rff64,1495,0.13982999568171592,0.022408041442604575,0.13982999568171592
rff128,1495,0.13982999568171592,0.01980397748872348,0.13982999568171592
ensemble4x32,1495,0.13982999568171592,0.019044888981984993,0.13982999568171592
rff24,1496,0.10177048322315653,0.016633866894498753,0.10177048322315653
rff64,1496,0.10177048322315653,0.016075312584292144,0.10177048322315653
rff128,1496,0.10177048322315653,0.013939637800168912,0.10177048322315653
ensemble4x32,1496,0.10177048322315653,0.013474510218906303,0.10177048322315653
rff24,1497,0.10590204346783658,0.01356687161637757,0.10590204346783658
rff64,1497,0.10590204346783658,0.015098767018345206,0.10590204346783658
rff128,1497,0.10590204346783658,0.015955240168007572,0.10590204346783658
ensemble4x32,1497,0.10590204346783658,0.01615063565382325,0.10590204346783658
rff24,1498,0.13682865607316938,0.01578138667209314,0.13682865607316938
rff64,1498,0.13682865607316938,0.020304615530230205,0.13682865607316938
rff128,1498,0.13682865607316938,0.01869571340463008,0.13682865607316938
ensemble4x32,1498,0.13682865607316938,0.014940708165694653,0.13682865607316938
rff24,1499,0.1646966017631011,0.013883693504464407,0.1646966017631011
rff64,1499,0.1646966017631011,0.01278121568534898,0.1646966017631011
rff128,1499,0.1646966017631011,0.014766837231267024,0.1646966017631011
ensemble4x32,1499,0.1646966017631011,0.013089931955134505,0.1646966017631011
rff24,1500,0.17577994291620808,0.019562334310086336,0.17577994291620808
rff64,1500,0.17577994291620808,0.015675997930628776,0.17577994291620808
rff128,1500,0.17577994291620808,0.016473260131993954,0.17577994291620808
ensemble4x32,1500,0.17577994291620808,0.015333547317686387,0.17577994291620808
rff24,1501,0.113213828298588,0.011985853434947373,0.113213828298588
rff64,1501,0.113213828298588,0.010862315002116105,0.113213828298588
rff128,1501,0.113213828298588,0.0101100277037824,0.113213828298588
ensemble4x32,1501,0.113213828298588,0.010901189344521913,0.113213828298588
rff24,1502,0.16110489389273763,0.013780550413923759,0.16110489389273763
rff64,1502,0.16110489389273763,0.014158045243563632,0.16110489389273763
rff128,1502,0.16110489389273763,0.013690492970674886,0.16110489389273763
ensemble4x32,1502,0.16110489389273763,0.012660423286154488,0.16110489389273763
rff24,1503,0.10665454601419948,0.01172924178607792,0.10665454601419948
rff64,1503,0.10665454601419948,0.01642192584790052,0.10665454601419948
rff128,1503,0.10665454601419948,0.016792366615459447,0.10665454601419948
ensemble4x32,1503,0.10665454601419948,0.01414851469668135,0.10665454601419948
rff24,1504,0.18279714227352756,0.022228871417172436,0.18279714227352756
rff64,1504,0.18279714227352756,0.02543596545383528,0.18279714227352756
rff128,1504,0.18279714227352756,0.028035977949637976,0.18279714227352756
ensemble4x32,1504,0.18279714227352756,0.02461480641879352,0.18279714227352756
rff24,1505,0.13886725824104534,0.0142053329160394,0.13886725824104534
rff64,1505,0.13886725824104534,0.017419627104412715,0.13886725824104534
rff128,1505,0.13886725824104534,0.017483476619814916,0.13886725824104534
ensemble4x32,1505,0.13886725824104534,0.01564954462319704,0.13886725824104534
rff24,1506,0.19697226893448025,0.015405326940834685,0.19697226893448025
rff64,1506,0.19697226893448025,0.01764714823528127,0.19697226893448025
rff128,1506,0.19697226893448025,0.01993223855982511,0.19697226893448025
ensemble4x32,1506,0.19697226893448025,0.018065568049121666,0.19697226893448025
rff24,1507,0.10852059327509057,0.009968159742264173,0.10852059327509057
rff64,1507,0.10852059327509057,0.014802130476206493,0.10852059327509057
rff128,1507,0.10852059327509057,0.012673213657195854,0.10852059327509057
ensemble4x32,1507,0.10852059327509057,0.011459046285453764,0.10852059327509057
rff24,1508,0.13335843318066684,0.011498039892762121,0.13335843318066684
rff64,1508,0.13335843318066684,0.011460486695041296,0.13335843318066684
rff128,1508,0.13335843318066684,0.01331723606762142,0.13335843318066684
ensemble4x32,1508,0.13335843318066684,0.011829757126358852,0.13335843318066684
rff24,1509,0.125643792193952,0.013493294848567287,0.125643792193952
rff64,1509,0.125643792193952,0.013549805770697842,0.125643792193952
rff128,1509,0.125643792193952,0.012736303845666189,0.125643792193952
ensemble4x32,1509,0.125643792193952,0.011803777820808756,0.125643792193952
rff24,1510,0.12093590525385224,0.012823817625666539,0.12093590525385224
rff64,1510,0.12093590525385224,0.011390731288446575,0.12093590525385224
rff128,1510,0.12093590525385224,0.015152857394793192,0.12093590525385224
ensemble4x32,1510,0.12093590525385224,0.011970898004214116,0.12093590525385224
rff24,1511,0.14010565642805026,0.01229949846767718,0.14010565642805026
rff64,1511,0.14010565642805026,0.012906503152080447,0.14010565642805026
rff128,1511,0.14010565642805026,0.013117657882525151,0.14010565642805026
ensemble4x32,1511,0.14010565642805026,0.010620501688600549,0.14010565642805026
rff24,1512,0.14024714859535437,0.015329770991355194,0.14024714859535437
rff64,1512,0.14024714859535437,0.013012750398336685,0.14024714859535437
rff128,1512,0.14024714859535437,0.01350941084553156,0.14024714859535437
ensemble4x32,1512,0.14024714859535437,0.014535477948644732,0.14024714859535437
rff24,1513,0.14657766704177105,0.024097190123561804,0.14657766704177105
rff64,1513,0.14657766704177105,0.021581262934799464,0.14657766704177105
rff128,1513,0.14657766704177105,0.018197508625310624,0.14657766704177105
ensemble4x32,1513,0.14657766704177105,0.01877583190114623,0.14657766704177105
rff24,1514,0.15225448592543153,0.017051359175732434,0.15225448592543153
rff64,1514,0.15225448592543153,0.013424890637566415,0.15225448592543153
rff128,1514,0.15225448592543153,0.015792090161793674,0.15225448592543153
ensemble4x32,1514,0.15225448592543153,0.013633959674514293,0.15225448592543153
rff24,1515,0.15096825933894056,0.017638820987196907,0.15096825933894056
rff64,1515,0.15096825933894056,0.019960766838837286,0.15096825933894056
rff128,1515,0.15096825933894056,0.016932148780565114,0.15096825933894056
ensemble4x32,1515,0.15096825933894056,0.020746058499841742,0.15096825933894056
rff24,1516,0.14286753508933758,0.013700359713861826,0.14286753508933758
rff64,1516,0.14286753508933758,0.015075457098986143,0.14286753508933758
rff128,1516,0.14286753508933758,0.015751057731272455,0.14286753508933758
ensemble4x32,1516,0.14286753508933758,0.01685685543301335,0.14286753508933758
rff24,1517,0.15189018873364166,0.015351084558787467,0.15189018873364166
rff64,1517,0.15189018873364166,0.015614306385241621,0.15189018873364166
rff128,1517,0.15189018873364166,0.01652788035879709,0.15189018873364166
ensemble4x32,1517,0.15189018873364166,0.01501791297905253,0.15189018873364166
rff24,1518,0.14993679299602747,0.01735378088731755,0.14993679299602747
rff64,1518,0.14993679299602747,0.015753799613774346,0.14993679299602747
rff128,1518,0.14993679299602747,0.017022687855448977,0.14993679299602747
ensemble4x32,1518,0.14993679299602747,0.016934250112061778,0.14993679299602747
rff24,1519,0.14328223699017392,0.021761910363625455,0.14328223699017392
rff64,1519,0.14328223699017392,0.02094724451846513,0.14328223699017392
rff128,1519,0.14328223699017392,0.015908120124865567,0.14328223699017392
ensemble4x32,1519,0.14328223699017392,0.017837600483247458,0.14328223699017392
rff24,1520,0.14065270117816495,0.026976553424221825,0.14065270117816495
rff64,1520,0.14065270117816495,0.018975277417460613,0.14065270117816495
rff128,1520,0.14065270117816495,0.026628277459523866,0.14065270117816495
ensemble4x32,1520,0.14065270117816495,0.021436448231612306,0.14065270117816495
rff24,1521,0.12049152338272447,0.014747070764576523,0.12049152338272447
rff64,1521,0.12049152338272447,0.01665018530085819,0.12049152338272447
rff128,1521,0.12049152338272447,0.013095112805054166,0.12049152338272447
ensemble4x32,1521,0.12049152338272447,0.01382479297602885,0.12049152338272447
rff24,1522,0.15960135481623836,0.015801387293448634,0.15960135481623836
rff64,1522,0.15960135481623836,0.015339543588007258,0.15960135481623836
rff128,1522,0.15960135481623836,0.015240185328162008,0.15960135481623836
ensemble4x32,1522,0.15960135481623836,0.016280052746681678,0.15960135481623836
rff24,1523,0.13300165509117062,0.013130599419277389,0.13300165509117062
rff64,1523,0.13300165509117062,0.012272735683759445,0.13300165509117062
rff128,1523,0.13300165509117062,0.01331674938692424,0.13300165509117062
ensemble4x32,1523,0.13300165509117062,0.012901338768897392,0.13300165509117062
rff24,1524,0.14408925262192002,0.01587384890054629,0.14408925262192002
rff64,1524,0.14408925262192002,0.015691096483859218,0.14408925262192002
rff128,1524,0.14408925262192002,0.014772479333775356,0.14408925262192002
ensemble4x32,1524,0.14408925262192002,0.014471518831005096,0.14408925262192002
rff24,1525,0.11160524765161983,0.010629175114688375,0.11160524765161983
rff64,1525,0.11160524765161983,0.014436017321673525,0.11160524765161983
rff128,1525,0.11160524765161983,0.013020497411478026,0.11160524765161983
ensemble4x32,1525,0.11160524765161983,0.014359281985813854,0.11160524765161983
rff24,1526,0.12062016734423127,0.01248103557706996,0.12062016734423127
rff64,1526,0.12062016734423127,0.01537374370128106,0.12062016734423127
rff128,1526,0.12062016734423127,0.013125201182967257,0.12062016734423127
ensemble4x32,1526,0.12062016734423127,0.011262331194888774,0.12062016734423127
rff24,1527,0.13953849943512212,0.01906538286642132,0.13953849943512212
rff64,1527,0.13953849943512212,0.017474555235441766,0.13953849943512212
rff128,1527,0.13953849943512212,0.020422742033333753,0.13953849943512212
ensemble4x32,1527,0.13953849943512212,0.016572977252060986,0.13953849943512212
rff24,1528,0.13225343034079143,0.013256424395157002,0.13225343034079143
rff64,1528,0.13225343034079143,0.012207383396827509,0.13225343034079143
rff128,1528,0.13225343034079143,0.011201179071788619,0.13225343034079143
ensemble4x32,1528,0.13225343034079143,0.012789146901717468,0.13225343034079143
rff24,1529,0.16603835254809332,0.013634340410631702,0.16603835254809332
rff64,1529,0.16603835254809332,0.018078883332910307,0.16603835254809332
rff128,1529,0.16603835254809332,0.019015175450249527,0.16603835254809332
ensemble4x32,1529,0.16603835254809332,0.015949128308424678,0.16603835254809332
rff24,1530,0.14333547650033537,0.01601639401442765,0.14333547650033537
rff64,1530,0.14333547650033537,0.014394363328321521,0.14333547650033537
rff128,1530,0.14333547650033537,0.01504727665420142,0.14333547650033537
ensemble4x32,1530,0.14333547650033537,0.013760233457191556,0.14333547650033537
rff24,1531,0.14945339980009362,0.022848417804045573,0.14945339980009362
rff64,1531,0.14945339980009362,0.026509565236751128,0.14945339980009362
rff128,1531,0.14945339980009362,0.020910694162239646,0.14945339980009362
ensemble4x32,1531,0.14945339980009362,0.022455976403924983,0.14945339980009362
rff24,1532,0.13761844775925813,0.013441013440454886,0.13761844775925813
rff64,1532,0.13761844775925813,0.015203192945891994,0.13761844775925813
rff128,1532,0.13761844775925813,0.015230780522797121,0.13761844775925813
ensemble4x32,1532,0.13761844775925813,0.014068759641935994,0.13761844775925813
rff24,1533,0.1366024952931879,0.014325505654763355,0.1366024952931879
rff64,1533,0.1366024952931879,0.015767873425846693,0.1366024952931879
rff128,1533,0.1366024952931879,0.013738630415513186,0.1366024952931879
ensemble4x32,1533,0.1366024952931879,0.012136805277315234,0.1366024952931879
rff24,1534,0.13977051858622427,0.01214959642711676,0.13977051858622427
rff64,1534,0.13977051858622427,0.014431834351905778,0.13977051858622427
rff128,1534,0.13977051858622427,0.014706569386009625,0.13977051858622427
ensemble4x32,1534,0.13977051858622427,0.01225010908053515,0.13977051858622427
rff24,1535,0.11474554995622056,0.016835580759136354,0.11474554995622056
rff64,1535,0.11474554995622056,0.01714908253781718,0.11474554995622056
rff128,1535,0.11474554995622056,0.01804881961887517,0.11474554995622056
ensemble4x32,1535,0.11474554995622056,0.016216431608409635,0.11474554995622056
rff24,1536,0.13730387489563145,0.015553608051557808,0.13730387489563145
rff64,1536,0.13730387489563145,0.01557135544277325,0.13730387489563145
rff128,1536,0.13730387489563145,0.014747928406581188,0.13730387489563145
ensemble4x32,1536,0.13730387489563145,0.01487721065748292,0.13730387489563145
rff24,1537,0.12576689096155647,0.01928937546871968,0.12576689096155647
rff64,1537,0.12576689096155647,0.016558232022852615,0.12576689096155647
rff128,1537,0.12576689096155647,0.017312777614203665,0.12576689096155647
ensemble4x32,1537,0.12576689096155647,0.016421248154977534,0.12576689096155647
rff24,1538,0.17847453247674752,0.020159147599186356,0.17847453247674752
rff64,1538,0.17847453247674752,0.01878554358508754,0.17847453247674752
rff128,1538,0.17847453247674752,0.022178611606244018,0.17847453247674752
ensemble4x32,1538,0.17847453247674752,0.022027753037646296,0.17847453247674752
rff24,1539,0.13885738053177693,0.0205551600978516,0.13885738053177693
rff64,1539,0.13885738053177693,0.013305587541495809,0.13885738053177693
rff128,1539,0.13885738053177693,0.01718463412472767,0.13885738053177693
ensemble4x32,1539,0.13885738053177693,0.018621706787064388,0.13885738053177693
rff24,1540,0.15079282485512394,0.017274341788966145,0.15079282485512394
rff64,1540,0.15079282485512394,0.016335055573671677,0.15079282485512394
rff128,1540,0.15079282485512394,0.017493273095536308,0.15079282485512394
ensemble4x32,1540,0.15079282485512394,0.017708194944273226,0.15079282485512394
rff24,1541,0.16398383534899413,0.02798105545201496,0.16398383534899413
rff64,1541,0.16398383534899413,0.018897736945486077,0.16398383534899413
rff128,1541,0.16398383534899413,0.020888585285966172,0.16398383534899413
ensemble4x32,1541,0.16398383534899413,0.017319175745762888,0.16398383534899413
rff24,1542,0.13081140926659832,0.009416977636538877,0.13081140926659832
rff64,1542,0.13081140926659832,0.009235332507724712,0.13081140926659832
rff128,1542,0.13081140926659832,0.009854006472775017,0.13081140926659832
ensemble4x32,1542,0.13081140926659832,0.010555879787251666,0.13081140926659832
rff24,1543,0.11964515967611719,0.010751989337178544,0.11964515967611719
rff64,1543,0.11964515967611719,0.009932320390014073,0.11964515967611719
rff128,1543,0.11964515967611719,0.012472779799514565,0.11964515967611719
ensemble4x32,1543,0.11964515967611719,0.011257175231314843,0.11964515967611719
rff24,1544,0.13222570426584673,0.016453274240519525,0.13222570426584673
rff64,1544,0.13222570426584673,0.01391102689403205,0.13222570426584673
rff128,1544,0.13222570426584673,0.014098897235089676,0.13222570426584673
ensemble4x32,1544,0.13222570426584673,0.012450954293027852,0.13222570426584673
rff24,1545,0.1551420296630077,0.024137031716935285,0.1551420296630077
rff64,1545,0.1551420296630077,0.02999151402581775,0.1551420296630077
rff128,1545,0.1551420296630077,0.026333302527632108,0.1551420296630077
ensemble4x32,1545,0.1551420296630077,0.024156549279206813,0.1551420296630077
rff24,1546,0.16166012382654074,0.015523507636613861,0.16166012382654074
rff64,1546,0.16166012382654074,0.015037037585643887,0.16166012382654074
rff128,1546,0.16166012382654074,0.018133822623456204,0.16166012382654074
ensemble4x32,1546,0.16166012382654074,0.012923942182195676,0.16166012382654074
rff24,1547,0.13150268352869451,0.022543114356492273,0.13150268352869451
rff64,1547,0.13150268352869451,0.02286492771831873,0.13150268352869451
rff128,1547,0.13150268352869451,0.02072344879182508,0.13150268352869451
ensemble4x32,1547,0.13150268352869451,0.02185156416900834,0.13150268352869451
rff24,1548,0.12240391649724706,0.013800106016631258,0.12240391649724706
rff64,1548,0.12240391649724706,0.01262708085686268,0.12240391649724706
rff128,1548,0.12240391649724706,0.012065742104903503,0.12240391649724706
ensemble4x32,1548,0.12240391649724706,0.014204618070968894,0.12240391649724706
rff24,1549,0.13070322037074736,0.0204082214938914,0.13070322037074736
rff64,1549,0.13070322037074736,0.02603556969402998,0.13070322037074736
rff128,1549,0.13070322037074736,0.02526448771956754,0.13070322037074736
ensemble4x32,1549,0.13070322037074736,0.023184565406563204,0.13070322037074736
rff24,1550,0.12920472001271338,0.021784121859693657,0.12920472001271338
rff64,1550,0.12920472001271338,0.027865241122886467,0.12920472001271338
rff128,1550,0.12920472001271338,0.026925662496376644,0.12920472001271338
ensemble4x32,1550,0.12920472001271338,0.021639809998066722,0.12920472001271338
rff24,1551,0.09686430359127912,0.00897370270768364,0.09686430359127912
rff64,1551,0.09686430359127912,0.009629265858368726,0.09686430359127912
rff128,1551,0.09686430359127912,0.011104267447795956,0.09686430359127912
ensemble4x32,1551,0.09686430359127912,0.010462986109002377,0.09686430359127912
rff24,1552,0.1231223500398692,0.013338353882127871,0.1231223500398692
rff64,1552,0.1231223500398692,0.01308114671749098,0.1231223500398692
rff128,1552,0.1231223500398692,0.012390902264233153,0.1231223500398692
ensemble4x32,1552,0.1231223500398692,0.014621859097255267,0.1231223500398692
rff24,1553,0.15726803791155444,0.01770978411505943,0.15726803791155444
rff64,1553,0.15726803791155444,0.01764688096645227,0.15726803791155444
rff128,1553,0.15726803791155444,0.01884396898106081,0.15726803791155444
ensemble4x32,1553,0.15726803791155444,0.018154034689665623,0.15726803791155444
rff24,1554,0.18676465029034153,0.017040056533827154,0.18676465029034153
rff64,1554,0.18676465029034153,0.02458169691790951,0.18676465029034153
rff128,1554,0.18676465029034153,0.019537708459593538,0.18676465029034153
ensemble4x32,1554,0.18676465029034153,0.018308868764511856,0.18676465029034153
rff24,1555,0.13196782840402693,0.01800579460016141,0.13196782840402693
rff64,1555,0.13196782840402693,0.019324628127159064,0.13196782840402693
rff128,1555,0.13196782840402693,0.016346499607194746,0.13196782840402693
ensemble4x32,1555,0.13196782840402693,0.01654565802748553,0.13196782840402693
rff24,1556,0.15082116296988088,0.01551362047657372,0.15082116296988088
rff64,1556,0.15082116296988088,0.01188559717139859,0.15082116296988088
rff128,1556,0.15082116296988088,0.014137743243226707,0.15082116296988088
ensemble4x32,1556,0.15082116296988088,0.012000380670673914,0.15082116296988088
rff24,1557,0.1429418580315314,0.021642307878020448,0.1429418580315314
rff64,1557,0.1429418580315314,0.015011919912515303,0.1429418580315314
rff128,1557,0.1429418580315314,0.01639218147917503,0.1429418580315314
ensemble4x32,1557,0.1429418580315314,0.014476759172278454,0.1429418580315314
rff24,1558,0.11296791610919359,0.012907263122522016,0.11296791610919359
rff64,1558,0.11296791610919359,0.011512521362476666,0.11296791610919359
rff128,1558,0.11296791610919359,0.01213198003877905,0.11296791610919359
ensemble4x32,1558,0.11296791610919359,0.01267324463653895,0.11296791610919359
rff24,1559,0.13424864661853247,0.01736112846661424,0.13424864661853247
rff64,1559,0.13424864661853247,0.018532280560082603,0.13424864661853247
rff128,1559,0.13424864661853247,0.018139922577087086,0.13424864661853247
ensemble4x32,1559,0.13424864661853247,0.017806459546652425,0.13424864661853247
rff24,1560,0.13741273427899217,0.021441364173827752,0.13741273427899217
rff64,1560,0.13741273427899217,0.017409964509700015,0.13741273427899217
rff128,1560,0.13741273427899217,0.018940144376890112,0.13741273427899217
ensemble4x32,1560,0.13741273427899217,0.015300611072437525,0.13741273427899217
rff24,1561,0.09942980659601124,0.016211390174718537,0.09942980659601124
rff64,1561,0.09942980659601124,0.014584064110693523,0.09942980659601124
rff128,1561,0.09942980659601124,0.012874417527423418,0.09942980659601124
ensemble4x32,1561,0.09942980659601124,0.012494116707241501,0.09942980659601124
rff24,1562,0.17572864254575904,0.022186758516455348,0.17572864254575904
rff64,1562,0.17572864254575904,0.021049819385746016,0.17572864254575904
rff128,1562,0.17572864254575904,0.019550135121480114,0.17572864254575904
ensemble4x32,1562,0.17572864254575904,0.0206057427937982,0.17572864254575904
rff24,1563,0.1058438924979609,0.015417667423706143,0.1058438924979609
rff64,1563,0.1058438924979609,0.013055890439167057,0.1058438924979609
rff128,1563,0.1058438924979609,0.011916964648704826,0.1058438924979609
ensemble4x32,1563,0.1058438924979609,0.010981102740870306,0.1058438924979609
rff24,1564,0.09216848523632286,0.015962691958212764,0.09216848523632286
rff64,1564,0.09216848523632286,0.014803716284064012,0.09216848523632286
rff128,1564,0.09216848523632286,0.013374847437380285,0.09216848523632286
ensemble4x32,1564,0.09216848523632286,0.012254629898280526,0.09216848523632286
rff24,1565,0.1214031431843141,0.011347136147968478,0.1214031431843141
rff64,1565,0.1214031431843141,0.011633018750480305,0.1214031431843141
rff128,1565,0.1214031431843141,0.012042015543828617,0.1214031431843141
ensemble4x32,1565,0.1214031431843141,0.014401387921618741,0.1214031431843141
rff24,1566,0.16934108859784824,0.01636474366872835,0.16934108859784824
rff64,1566,0.16934108859784824,0.017825928687765974,0.16934108859784824
rff128,1566,0.16934108859784824,0.017514119823141473,0.16934108859784824
ensemble4x32,1566,0.16934108859784824,0.015330430237644469,0.16934108859784824
rff24,1567,0.14433349602059808,0.018452137770235792,0.14433349602059808
rff64,1567,0.14433349602059808,0.0173639322692873,0.14433349602059808
rff128,1567,0.14433349602059808,0.020020196256961366,0.14433349602059808
ensemble4x32,1567,0.14433349602059808,0.016649145151573584,0.14433349602059808
rff24,1568,0.1314379634569895,0.01191585442134119,0.1314379634569895
rff64,1568,0.1314379634569895,0.013347524823816303,0.1314379634569895
rff128,1568,0.1314379634569895,0.010547557690483877,0.1314379634569895
ensemble4x32,1568,0.1314379634569895,0.010620285395982563,0.1314379634569895
rff24,1569,0.1338482698958534,0.023488601145828583,0.1338482698958534
rff64,1569,0.1338482698958534,0.014288546708094192,0.1338482698958534
rff128,1569,0.1338482698958534,0.016821211151850327,0.1338482698958534
ensemble4x32,1569,0.1338482698958534,0.019772307185993987,0.1338482698958534
rff24,1570,0.1322402397327701,0.01983335299579275,0.1322402397327701
rff64,1570,0.1322402397327701,0.017038209921726423,0.1322402397327701
rff128,1570,0.1322402397327701,0.017996149448110822,0.1322402397327701
ensemble4x32,1570,0.1322402397327701,0.016293341469375933,0.1322402397327701
rff24,1571,0.11541503419992276,0.016043040193620975,0.11541503419992276
rff64,1571,0.11541503419992276,0.014228074330389369,0.11541503419992276
rff128,1571,0.11541503419992276,0.013288628512388545,0.11541503419992276
ensemble4x32,1571,0.11541503419992276,0.013931035742504991,0.11541503419992276
rff24,1572,0.12424294406108043,0.01485253557657027,0.12424294406108043
rff64,1572,0.12424294406108043,0.014392505232254195,0.12424294406108043
rff128,1572,0.12424294406108043,0.014695121328978053,0.12424294406108043
ensemble4x32,1572,0.12424294406108043,0.012720395015611133,0.12424294406108043
rff24,1573,0.13675741740497965,0.013799610449755024,0.13675741740497965
rff64,1573,0.13675741740497965,0.015303305477391588,0.13675741740497965
rff128,1573,0.13675741740497965,0.014108650776493361,0.13675741740497965
ensemble4x32,1573,0.13675741740497965,0.01255607817806781,0.13675741740497965
rff24,1574,0.10512228702803146,0.016855884468617386,0.10512228702803146
rff64,1574,0.10512228702803146,0.015968703462479496,0.10512228702803146
rff128,1574,0.10512228702803146,0.01775523542297861,0.10512228702803146
ensemble4x32,1574,0.10512228702803146,0.017614471470275856,0.10512228702803146
rff24,1575,0.12851553510028685,0.014367110112310677,0.12851553510028685
rff64,1575,0.12851553510028685,0.017366511325141755,0.12851553510028685
rff128,1575,0.12851553510028685,0.01612345171458645,0.12851553510028685
ensemble4x32,1575,0.12851553510028685,0.015545353549009811,0.12851553510028685
rff24,1576,0.16224460509574887,0.02215350181176232,0.16224460509574887
rff64,1576,0.16224460509574887,0.023423169298933802,0.16224460509574887
rff128,1576,0.16224460509574887,0.020251356816172603,0.16224460509574887
ensemble4x32,1576,0.16224460509574887,0.0200887404546924,0.16224460509574887
rff24,1577,0.15661764044923585,0.025053484341661544,0.15661764044923585
rff64,1577,0.15661764044923585,0.022336465687698166,0.15661764044923585
rff128,1577,0.15661764044923585,0.02116197820770143,0.15661764044923585
ensemble4x32,1577,0.15661764044923585,0.020295283095188563,0.15661764044923585
rff24,1578,0.1253075570304223,0.017020911617897934,0.1253075570304223
rff64,1578,0.1253075570304223,0.015070191872006342,0.1253075570304223
rff128,1578,0.1253075570304223,0.016887567943056854,0.1253075570304223
ensemble4x32,1578,0.1253075570304223,0.01711998183664924,0.1253075570304223
rff24,1579,0.13176098171447512,0.015578113840859295,0.13176098171447512
rff64,1579,0.13176098171447512,0.013126779894393108,0.13176098171447512
rff128,1579,0.13176098171447512,0.011881358694859056,0.13176098171447512
ensemble4x32,1579,0.13176098171447512,0.014441739195346297,0.13176098171447512
rff24,1580,0.13637076707226606,0.013790281267627963,0.13637076707226606
rff64,1580,0.13637076707226606,0.01604973996446857,0.13637076707226606
rff128,1580,0.13637076707226606,0.017668679164722423,0.13637076707226606
ensemble4x32,1580,0.13637076707226606,0.019382350480751164,0.13637076707226606
rff24,1581,0.10323967720632735,0.012658314037019088,0.10323967720632735
rff64,1581,0.10323967720632735,0.012317267912845912,0.10323967720632735
rff128,1581,0.10323967720632735,0.019695471139874205,0.10323967720632735
ensemble4x32,1581,0.10323967720632735,0.013378524820807088,0.10323967720632735
rff24,1582,0.1582877393712318,0.01996298734347923,0.1582877393712318
rff64,1582,0.1582877393712318,0.017404394778360664,0.1582877393712318
rff128,1582,0.1582877393712318,0.01622293771412118,0.1582877393712318
ensemble4x32,1582,0.1582877393712318,0.01716119490900287,0.1582877393712318
rff24,1583,0.14444965591244247,0.01929046403433215,0.14444965591244247
rff64,1583,0.14444965591244247,0.019050809857799007,0.14444965591244247
rff128,1583,0.14444965591244247,0.019624685276072355,0.14444965591244247
ensemble4x32,1583,0.14444965591244247,0.018951745064849774,0.14444965591244247
rff24,1584,0.13642248308076127,0.01289744239851992,0.13642248308076127
rff64,1584,0.13642248308076127,0.014490740922778049,0.13642248308076127
rff128,1584,0.13642248308076127,0.013961403119037322,0.13642248308076127
ensemble4x32,1584,0.13642248308076127,0.012081995384586902,0.13642248308076127
rff24,1585,0.13193247892407398,0.010555201881365118,0.13193247892407398
rff64,1585,0.13193247892407398,0.012440599447550377,0.13193247892407398
rff128,1585,0.13193247892407398,0.012128405932170195,0.13193247892407398
ensemble4x32,1585,0.13193247892407398,0.010435429051478767,0.13193247892407398
rff24,1586,0.13786930763482283,0.019422912790003168,0.13786930763482283
rff64,1586,0.13786930763482283,0.02247596762638464,0.13786930763482283
rff128,1586,0.13786930763482283,0.02170623989283426,0.13786930763482283
ensemble4x32,1586,0.13786930763482283,0.021021736764058815,0.13786930763482283
rff24,1587,0.11400942624231229,0.018885832803771187,0.11400942624231229
rff64,1587,0.11400942624231229,0.012179506151984182,0.11400942624231229
rff128,1587,0.11400942624231229,0.01524861761877642,0.11400942624231229
ensemble4x32,1587,0.11400942624231229,0.013224098455164094,0.11400942624231229
rff24,1588,0.1581188563822317,0.012933182121159969,0.1581188563822317
rff64,1588,0.1581188563822317,0.014263087569636547,0.1581188563822317
rff128,1588,0.1581188563822317,0.013664934504813953,0.1581188563822317
ensemble4x32,1588,0.1581188563822317,0.013793397868254169,0.1581188563822317
rff24,1589,0.14742155367584703,0.013312447379231684,0.14742155367584703
rff64,1589,0.14742155367584703,0.01335233403183832,0.14742155367584703
rff128,1589,0.14742155367584703,0.013171213461402405,0.14742155367584703
ensemble4x32,1589,0.14742155367584703,0.01370422185018903,0.14742155367584703
rff24,1590,0.14340110480034515,0.020380522326015147,0.14340110480034515
rff64,1590,0.14340110480034515,0.01809048968054635,0.14340110480034515
rff128,1590,0.14340110480034515,0.018723063098001685,0.14340110480034515
ensemble4x32,1590,0.14340110480034515,0.018494834592786367,0.14340110480034515
rff24,1591,0.11883310500878652,0.013809827267233763,0.11883310500878652
rff64,1591,0.11883310500878652,0.014924060604048698,0.11883310500878652
rff128,1591,0.11883310500878652,0.015297433646880658,0.11883310500878652
ensemble4x32,1591,0.11883310500878652,0.015326357034168299,0.11883310500878652
rff24,1592,0.10944126741871622,0.014422491925802257,0.10944126741871622
rff64,1592,0.10944126741871622,0.013524635197554993,0.10944126741871622
rff128,1592,0.10944126741871622,0.014024659480737146,0.10944126741871622
ensemble4x32,1592,0.10944126741871622,0.011607775375947234,0.10944126741871622
rff24,1593,0.136038263684526,0.012515264566723697,0.136038263684526
rff64,1593,0.136038263684526,0.010809375075873793,0.136038263684526
rff128,1593,0.136038263684526,0.01100532720369325,0.136038263684526
ensemble4x32,1593,0.136038263684526,0.01061577385213252,0.136038263684526
rff24,1594,0.09443857356637829,0.01458359094635942,0.09443857356637829
rff64,1594,0.09443857356637829,0.011933942964338114,0.09443857356637829
rff128,1594,0.09443857356637829,0.012156711105390305,0.09443857356637829
ensemble4x32,1594,0.09443857356637829,0.012457547804183663,0.09443857356637829
rff24,1595,0.14999860435681442,0.02122533535818236,0.14999860435681442
rff64,1595,0.14999860435681442,0.020654551419079504,0.14999860435681442
rff128,1595,0.14999860435681442,0.02075654649967073,0.14999860435681442
ensemble4x32,1595,0.14999860435681442,0.02068934381186455,0.14999860435681442
rff24,1596,0.12210592126390056,0.013976464030499323,0.12210592126390056
rff64,1596,0.12210592126390056,0.0133472430589292,0.12210592126390056
rff128,1596,0.12210592126390056,0.013212284443523218,0.12210592126390056
ensemble4x32,1596,0.12210592126390056,0.013015380827127245,0.12210592126390056
rff24,1597,0.1632323691506426,0.016976314415841968,0.1632323691506426
rff64,1597,0.1632323691506426,0.020644379548263436,0.1632323691506426
rff128,1597,0.1632323691506426,0.01519437438442519,0.1632323691506426
ensemble4x32,1597,0.1632323691506426,0.014697198674389355,0.1632323691506426
rff24,1598,0.12236294809843587,0.010747978408264618,0.12236294809843587
rff64,1598,0.12236294809843587,0.013442607750157544,0.12236294809843587
rff128,1598,0.12236294809843587,0.013216159129060358,0.12236294809843587
ensemble4x32,1598,0.12236294809843587,0.01180972593810079,0.12236294809843587
rff24,1599,0.14429748520989943,0.017741808614397964,0.14429748520989943
rff64,1599,0.14429748520989943,0.01639055299531345,0.14429748520989943
rff128,1599,0.14429748520989943,0.01829960567356621,0.14429748520989943
ensemble4x32,1599,0.14429748520989943,0.01943878661585643,0.14429748520989943
rff24,1600,0.12124682178360435,0.013212850267198869,0.12124682178360435
rff64,1600,0.12124682178360435,0.011707200300948656,0.12124682178360435
rff128,1600,0.12124682178360435,0.01169627783255548,0.12124682178360435
ensemble4x32,1600,0.12124682178360435,0.012086942887180043,0.12124682178360435
rff24,1601,0.13537575729989496,0.020454214040768824,0.13537575729989496
rff64,1601,0.13537575729989496,0.02483020046314975,0.13537575729989496
rff128,1601,0.13537575729989496,0.02762686949854854,0.13537575729989496
ensemble4x32,1601,0.13537575729989496,0.02452850624637941,0.13537575729989496
rff24,1602,0.1333618342677113,0.011377037049262252,0.1333618342677113
rff64,1602,0.1333618342677113,0.012312257542204007,0.1333618342677113
rff128,1602,0.1333618342677113,0.012875655953155525,0.1333618342677113
ensemble4x32,1602,0.1333618342677113,0.013574977962088838,0.1333618342677113
rff24,1603,0.12504283474615724,0.02994307463317868,0.12504283474615724
rff64,1603,0.12504283474615724,0.029038135106401654,0.12504283474615724
rff128,1603,0.12504283474615724,0.030481799007317605,0.12504283474615724
ensemble4x32,1603,0.12504283474615724,0.02538965130136071,0.12504283474615724
rff24,1604,0.1250175983335736,0.013972319731054969,0.1250175983335736
rff64,1604,0.1250175983335736,0.013754527974489759,0.1250175983335736
rff128,1604,0.1250175983335736,0.015055784949704842,0.1250175983335736
ensemble4x32,1604,0.1250175983335736,0.01352247455012931,0.1250175983335736
rff24,1605,0.15596648036429447,0.01557662955932001,0.15596648036429447
rff64,1605,0.15596648036429447,0.013855315799020164,0.15596648036429447
rff128,1605,0.15596648036429447,0.014461576643060161,0.15596648036429447
ensemble4x32,1605,0.15596648036429447,0.013205785791054261,0.15596648036429447
rff24,1606,0.12997455866884988,0.018718481344367415,0.12997455866884988
rff64,1606,0.12997455866884988,0.023883890323078142,0.12997455866884988
rff128,1606,0.12997455866884988,0.020914219239762333,0.12997455866884988
ensemble4x32,1606,0.12997455866884988,0.02163799535724421,0.12997455866884988
rff24,1607,0.10340037449171052,0.012009312165538034,0.10340037449171052
rff64,1607,0.10340037449171052,0.011732898360608755,0.10340037449171052
rff128,1607,0.10340037449171052,0.015031383544979694,0.10340037449171052
ensemble4x32,1607,0.10340037449171052,0.012459157341490657,0.10340037449171052
rff24,1608,0.11828228266255783,0.011351911290002244,0.11828228266255783
rff64,1608,0.11828228266255783,0.010982212521725522,0.11828228266255783
rff128,1608,0.11828228266255783,0.01196442329036492,0.11828228266255783
ensemble4x32,1608,0.11828228266255783,0.012541071182697979,0.11828228266255783
rff24,1609,0.10694401014484715,0.012205306260895882,0.10694401014484715
rff64,1609,0.10694401014484715,0.016694047077154116,0.10694401014484715
rff128,1609,0.10694401014484715,0.013532757171365683,0.10694401014484715
ensemble4x32,1609,0.10694401014484715,0.013313493876131972,0.10694401014484715
rff24,1610,0.12459432563548004,0.018564131611659644,0.12459432563548004
rff64,1610,0.12459432563548004,0.018310976483406773,0.12459432563548004
rff128,1610,0.12459432563548004,0.01814965602798161,0.12459432563548004
ensemble4x32,1610,0.12459432563548004,0.018460176407953187,0.12459432563548004
rff24,1611,0.13557738788617787,0.014410944851557035,0.13557738788617787
rff64,1611,0.13557738788617787,0.018234643874289018,0.13557738788617787
rff128,1611,0.13557738788617787,0.016478695814827114,0.13557738788617787
ensemble4x32,1611,0.13557738788617787,0.013512618083340987,0.13557738788617787
rff24,1612,0.12423683034465859,0.017314110696552584,0.12423683034465859
rff64,1612,0.12423683034465859,0.01754056082312462,0.12423683034465859
rff128,1612,0.12423683034465859,0.015489698101418063,0.12423683034465859
ensemble4x32,1612,0.12423683034465859,0.017229553432925836,0.12423683034465859
rff24,1613,0.14524939260104966,0.01764695355917944,0.14524939260104966
rff64,1613,0.14524939260104966,0.019557041576486012,0.14524939260104966
rff128,1613,0.14524939260104966,0.02207252515757843,0.14524939260104966
ensemble4x32,1613,0.14524939260104966,0.01778767669261702,0.14524939260104966
rff24,1614,0.12121621525789608,0.016129674760378205,0.12121621525789608
rff64,1614,0.12121621525789608,0.016403760126400782,0.12121621525789608
rff128,1614,0.12121621525789608,0.016835875815744084,0.12121621525789608
ensemble4x32,1614,0.12121621525789608,0.016903561378398116,0.12121621525789608
rff24,1615,0.1464927908437998,0.015170184307987791,0.1464927908437998
rff64,1615,0.1464927908437998,0.01456181375047304,0.1464927908437998
rff128,1615,0.1464927908437998,0.013938064803129795,0.1464927908437998
ensemble4x32,1615,0.1464927908437998,0.01444164769269237,0.1464927908437998
rff24,1616,0.12904708906392467,0.02721563544975336,0.12904708906392467
rff64,1616,0.12904708906392467,0.023216871267868176,0.12904708906392467
rff128,1616,0.12904708906392467,0.02566464038030957,0.12904708906392467
ensemble4x32,1616,0.12904708906392467,0.02049776310902869,0.12904708906392467
rff24,1617,0.1346261948155539,0.018455325241381035,0.1346261948155539
rff64,1617,0.1346261948155539,0.02163586952798957,0.1346261948155539
rff128,1617,0.1346261948155539,0.021298488769309013,0.1346261948155539
ensemble4x32,1617,0.1346261948155539,0.01629437779944393,0.1346261948155539
rff24,1618,0.14422915421706464,0.01483698872286759,0.14422915421706464
rff64,1618,0.14422915421706464,0.014708765006105358,0.14422915421706464
rff128,1618,0.14422915421706464,0.015865453189757996,0.14422915421706464
ensemble4x32,1618,0.14422915421706464,0.014994784862727584,0.14422915421706464
rff24,1619,0.12150227097417127,0.022450226674022442,0.12150227097417127
rff64,1619,0.12150227097417127,0.015642100726094704,0.12150227097417127
rff128,1619,0.12150227097417127,0.017826408227302484,0.12150227097417127
ensemble4x32,1619,0.12150227097417127,0.013571172695394856,0.12150227097417127
rff24,1620,0.13467825212517348,0.014164785665741659,0.13467825212517348
rff64,1620,0.13467825212517348,0.012634136509878472,0.13467825212517348
rff128,1620,0.13467825212517348,0.01078783097793359,0.13467825212517348
ensemble4x32,1620,0.13467825212517348,0.011843011578117416,0.13467825212517348
rff24,1621,0.1127834884999,0.015319086608407377,0.1127834884999
rff64,1621,0.1127834884999,0.02028454992416674,0.1127834884999
rff128,1621,0.1127834884999,0.020573362184632668,0.1127834884999
ensemble4x32,1621,0.1127834884999,0.02195842772193815,0.1127834884999
rff24,1622,0.13581519992353988,0.013193764329653447,0.13581519992353988
rff64,1622,0.13581519992353988,0.016495552827519324,0.13581519992353988
rff128,1622,0.13581519992353988,0.015346812159236015,0.13581519992353988
ensemble4x32,1622,0.13581519992353988,0.014246268188832928,0.13581519992353988
rff24,1623,0.12939886904656886,0.01322989576454236,0.12939886904656886
rff64,1623,0.12939886904656886,0.015514188588200034,0.12939886904656886
rff128,1623,0.12939886904656886,0.015195787251119345,0.12939886904656886
ensemble4x32,1623,0.12939886904656886,0.01390808739961063,0.12939886904656886
rff24,1624,0.1352018978562028,0.011997618089655706,0.1352018978562028
rff64,1624,0.1352018978562028,0.012903071946123402,0.1352018978562028
rff128,1624,0.1352018978562028,0.010513169475294652,0.1352018978562028
ensemble4x32,1624,0.1352018978562028,0.010412308918845824,0.1352018978562028
rff24,1625,0.13242982963370836,0.019945771789923596,0.13242982963370836
rff64,1625,0.13242982963370836,0.02434571617776647,0.13242982963370836
rff128,1625,0.13242982963370836,0.02310350858625087,0.13242982963370836
ensemble4x32,1625,0.13242982963370836,0.022122766493230382,0.13242982963370836
rff24,1626,0.160397351401982,0.02062718462692778,0.160397351401982
rff64,1626,0.160397351401982,0.019999007791952222,0.160397351401982
rff128,1626,0.160397351401982,0.01812690773850565,0.160397351401982
ensemble4x32,1626,0.160397351401982,0.0160715585986172,0.160397351401982
rff24,1627,0.16790808903332796,0.024611403631700134,0.16790808903332796
rff64,1627,0.16790808903332796,0.02374194264089447,0.16790808903332796
rff128,1627,0.16790808903332796,0.019794534199239627,0.16790808903332796
ensemble4x32,1627,0.16790808903332796,0.01774033722304243,0.16790808903332796
rff24,1628,0.12982851806622991,0.0212932971188952,0.12982851806622991
rff64,1628,0.12982851806622991,0.02115914775412943,0.12982851806622991
rff128,1628,0.12982851806622991,0.02140495070738193,0.12982851806622991
ensemble4x32,1628,0.12982851806622991,0.018665887849648358,0.12982851806622991
rff24,1629,0.12123954923926619,0.017967661549725223,0.12123954923926619
rff64,1629,0.12123954923926619,0.016854299940616067,0.12123954923926619
rff128,1629,0.12123954923926619,0.019208998500827728,0.12123954923926619
ensemble4x32,1629,0.12123954923926619,0.02213506451018976,0.12123954923926619
rff24,1630,0.15885155486351704,0.01900448462089424,0.15885155486351704
rff64,1630,0.15885155486351704,0.01572889828565188,0.15885155486351704
rff128,1630,0.15885155486351704,0.016805414746865973,0.15885155486351704
ensemble4x32,1630,0.15885155486351704,0.015208788936613676,0.15885155486351704
rff24,1631,0.16897316616477415,0.026046340377141295,0.16897316616477415
rff64,1631,0.16897316616477415,0.02475060477535284,0.16897316616477415
rff128,1631,0.16897316616477415,0.022233625085520684,0.16897316616477415
ensemble4x32,1631,0.16897316616477415,0.023677797715875967,0.16897316616477415
rff24,1632,0.13138330394303138,0.015722494940512276,0.13138330394303138
rff64,1632,0.13138330394303138,0.017205601948841912,0.13138330394303138
rff128,1632,0.13138330394303138,0.018711060137395184,0.13138330394303138
ensemble4x32,1632,0.13138330394303138,0.015002212219847037,0.13138330394303138
rff24,1633,0.13587846136518963,0.015191002120532437,0.13587846136518963
rff64,1633,0.13587846136518963,0.01656350185143103,0.13587846136518963
rff128,1633,0.13587846136518963,0.015293144103215453,0.13587846136518963
ensemble4x32,1633,0.13587846136518963,0.013790693988975615,0.13587846136518963
rff24,1634,0.12182471784068596,0.013646057622411731,0.12182471784068596
rff64,1634,0.12182471784068596,0.01662627776658886,0.12182471784068596
rff128,1634,0.12182471784068596,0.016818742436525164,0.12182471784068596
ensemble4x32,1634,0.12182471784068596,0.0150305236276527,0.12182471784068596
rff24,1635,0.15393561998423122,0.020671294476185195,0.15393561998423122
rff64,1635,0.15393561998423122,0.018157276910873214,0.15393561998423122
rff128,1635,0.15393561998423122,0.02105009609719943,0.15393561998423122
ensemble4x32,1635,0.15393561998423122,0.018605939946973505,0.15393561998423122
rff24,1636,0.1248048035167471,0.01437042070013579,0.1248048035167471
rff64,1636,0.1248048035167471,0.01275747609602379,0.1248048035167471
rff128,1636,0.1248048035167471,0.013726555128675667,0.1248048035167471
ensemble4x32,1636,0.1248048035167471,0.012283385528844531,0.1248048035167471
rff24,1637,0.0967417983106076,0.012769752210449998,0.0967417983106076
rff64,1637,0.0967417983106076,0.013540396523434651,0.0967417983106076
rff128,1637,0.0967417983106076,0.013513286213071489,0.0967417983106076
ensemble4x32,1637,0.0967417983106076,0.013862620848401902,0.0967417983106076
rff24,1638,0.1157862883301559,0.021044187764587892,0.1157862883301559
rff64,1638,0.1157862883301559,0.016006779530071947,0.1157862883301559
rff128,1638,0.1157862883301559,0.01520212113333518,0.1157862883301559
ensemble4x32,1638,0.1157862883301559,0.01578608306440327,0.1157862883301559
rff24,1639,0.14925575974649918,0.01955030821984815,0.14925575974649918
rff64,1639,0.14925575974649918,0.020348836645892668,0.14925575974649918
rff128,1639,0.14925575974649918,0.019381744541083025,0.14925575974649918
ensemble4x32,1639,0.14925575974649918,0.0176907200530554,0.14925575974649918
rff24,1640,0.14032867759690656,0.018162364285960287,0.14032867759690656
rff64,1640,0.14032867759690656,0.024348417437829187,0.14032867759690656
rff128,1640,0.14032867759690656,0.01967687371378331,0.14032867759690656
ensemble4x32,1640,0.14032867759690656,0.01963203995309333,0.14032867759690656
rff24,1641,0.11378344818561745,0.01241434766020046,0.11378344818561745
rff64,1641,0.11378344818561745,0.01622332555947822,0.11378344818561745
rff128,1641,0.11378344818561745,0.013983607549481957,0.11378344818561745
ensemble4x32,1641,0.11378344818561745,0.01455309612757925,0.11378344818561745
rff24,1642,0.11404403685061246,0.013718475511263569,0.11404403685061246
rff64,1642,0.11404403685061246,0.011381442952611025,0.11404403685061246
rff128,1642,0.11404403685061246,0.015149636911856517,0.11404403685061246
ensemble4x32,1642,0.11404403685061246,0.011218657382450052,0.11404403685061246
rff24,1643,0.12003644600843677,0.013828647582821584,0.12003644600843677
rff64,1643,0.12003644600843677,0.015258335176831147,0.12003644600843677
rff128,1643,0.12003644600843677,0.013137055499579416,0.12003644600843677
ensemble4x32,1643,0.12003644600843677,0.012988397517921956,0.12003644600843677
rff24,1644,0.10181365654177325,0.014431370130121829,0.10181365654177325
rff64,1644,0.10181365654177325,0.015199097723041717,0.10181365654177325
rff128,1644,0.10181365654177325,0.014811027787980685,0.10181365654177325
ensemble4x32,1644,0.10181365654177325,0.013357038731559334,0.10181365654177325
rff24,1645,0.1284119778207641,0.01586309211432752,0.1284119778207641
rff64,1645,0.1284119778207641,0.014356206146852964,0.1284119778207641
rff128,1645,0.1284119778207641,0.013929404099589657,0.1284119778207641
ensemble4x32,1645,0.1284119778207641,0.01440064614931572,0.1284119778207641
rff24,1646,0.1298693281780978,0.013281090292394056,0.1298693281780978
rff64,1646,0.1298693281780978,0.012746691949317662,0.1298693281780978
rff128,1646,0.1298693281780978,0.015390530589119352,0.1298693281780978
ensemble4x32,1646,0.1298693281780978,0.013669642607058814,0.1298693281780978
rff24,1647,0.12971229297897577,0.01304417585469111,0.12971229297897577
rff64,1647,0.12971229297897577,0.015108312961435054,0.12971229297897577
rff128,1647,0.12971229297897577,0.012909615467843591,0.12971229297897577
ensemble4x32,1647,0.12971229297897577,0.012129367244791179,0.12971229297897577
rff24,1648,0.11329009943246043,0.01099180639651071,0.11329009943246043
rff64,1648,0.11329009943246043,0.014068653751584382,0.11329009943246043
rff128,1648,0.11329009943246043,0.013090029978468046,0.11329009943246043
ensemble4x32,1648,0.11329009943246043,0.0130165093827645,0.11329009943246043
rff24,1649,0.12538799152365573,0.017609691768788467,0.12538799152365573
rff64,1649,0.12538799152365573,0.01598654160205776,0.12538799152365573
rff128,1649,0.12538799152365573,0.015122311789255816,0.12538799152365573
ensemble4x32,1649,0.12538799152365573,0.015109790185228907,0.12538799152365573
rff24,1650,0.1597928369764662,0.016609389986420062,0.1597928369764662
rff64,1650,0.1597928369764662,0.01759748016156156,0.1597928369764662
rff128,1650,0.1597928369764662,0.01924644331471697,0.1597928369764662
ensemble4x32,1650,0.1597928369764662,0.01849061450227734,0.1597928369764662
rff24,1651,0.14006430931892475,0.013608539958104163,0.14006430931892475
rff64,1651,0.14006430931892475,0.012807705269193692,0.14006430931892475
rff128,1651,0.14006430931892475,0.014911015198617355,0.14006430931892475
ensemble4x32,1651,0.14006430931892475,0.012374125052671615,0.14006430931892475
rff24,1652,0.14931173988085047,0.024154559361740574,0.14931173988085047
rff64,1652,0.14931173988085047,0.02137271744679787,0.14931173988085047
rff128,1652,0.14931173988085047,0.01903965300533966,0.14931173988085047
ensemble4x32,1652,0.14931173988085047,0.019754266014340164,0.14931173988085047
rff24,1653,0.18277924025210107,0.02536437250748825,0.18277924025210107
rff64,1653,0.18277924025210107,0.020206337146701694,0.18277924025210107
rff128,1653,0.18277924025210107,0.02436265927932176,0.18277924025210107
ensemble4x32,1653,0.18277924025210107,0.022001621139184514,0.18277924025210107
rff24,1654,0.1361929967516793,0.017490399678964562,0.1361929967516793
rff64,1654,0.1361929967516793,0.018919533586474642,0.1361929967516793
rff128,1654,0.1361929967516793,0.019019544395282337,0.1361929967516793
ensemble4x32,1654,0.1361929967516793,0.01837850920452144,0.1361929967516793
rff24,1655,0.10269449581773366,0.012846369174593518,0.10269449581773366
rff64,1655,0.10269449581773366,0.01562588340536805,0.10269449581773366
rff128,1655,0.10269449581773366,0.014601699268282782,0.10269449581773366
ensemble4x32,1655,0.10269449581773366,0.01359168291174823,0.10269449581773366
rff24,1656,0.13912348164019872,0.013358792150189506,0.13912348164019872
rff64,1656,0.13912348164019872,0.014517007094352732,0.13912348164019872
rff128,1656,0.13912348164019872,0.013646355740217768,0.13912348164019872
ensemble4x32,1656,0.13912348164019872,0.013048760092782717,0.13912348164019872
rff24,1657,0.15690657574843664,0.018737813922481424,0.15690657574843664
rff64,1657,0.15690657574843664,0.019414339964135663,0.15690657574843664
rff128,1657,0.15690657574843664,0.018137921107779013,0.15690657574843664
ensemble4x32,1657,0.15690657574843664,0.017635733284163888,0.15690657574843664
rff24,1658,0.14887849659718488,0.015712360317098033,0.14887849659718488
rff64,1658,0.14887849659718488,0.015352807499606977,0.14887849659718488
rff128,1658,0.14887849659718488,0.01720982081067595,0.14887849659718488
ensemble4x32,1658,0.14887849659718488,0.01596813564734811,0.14887849659718488
rff24,1659,0.1726465182057425,0.03269678164124864,0.1726465182057425
rff64,1659,0.1726465182057425,0.02563067847895564,0.1726465182057425
rff128,1659,0.1726465182057425,0.022813000122861426,0.1726465182057425
ensemble4x32,1659,0.1726465182057425,0.02177460158509295,0.1726465182057425
rff24,1660,0.11168740388237708,0.01596126909308415,0.11168740388237708
rff64,1660,0.11168740388237708,0.016158458715925823,0.11168740388237708
rff128,1660,0.11168740388237708,0.017285568876109013,0.11168740388237708
ensemble4x32,1660,0.11168740388237708,0.016698222477378455,0.11168740388237708
rff24,1661,0.1273637134381833,0.0128640303300692,0.1273637134381833
rff64,1661,0.1273637134381833,0.012313871588827817,0.1273637134381833
rff128,1661,0.1273637134381833,0.012023805026791973,0.1273637134381833
ensemble4x32,1661,0.1273637134381833,0.012525407974458065,0.1273637134381833
rff24,1662,0.1265465623909454,0.013655905490566759,0.1265465623909454
rff64,1662,0.1265465623909454,0.012989369291229793,0.1265465623909454
rff128,1662,0.1265465623909454,0.012711731335815825,0.1265465623909454
ensemble4x32,1662,0.1265465623909454,0.011455461365736068,0.1265465623909454
rff24,1663,0.16061390570689982,0.018207042099485742,0.16061390570689982
rff64,1663,0.16061390570689982,0.02101263710612842,0.16061390570689982
rff128,1663,0.16061390570689982,0.022003736610395393,0.16061390570689982
ensemble4x32,1663,0.16061390570689982,0.018152805714969744,0.16061390570689982
rff24,1664,0.16848680280015974,0.02355519774680436,0.16848680280015974
rff64,1664,0.16848680280015974,0.018815285668260042,0.16848680280015974
rff128,1664,0.16848680280015974,0.019565400194008643,0.16848680280015974
ensemble4x32,1664,0.16848680280015974,0.01984792116230457,0.16848680280015974
rff24,1665,0.11071801598181993,0.012595871932221898,0.11071801598181993
rff64,1665,0.11071801598181993,0.01365966528472589,0.11071801598181993
rff128,1665,0.11071801598181993,0.014622787342654712,0.11071801598181993
ensemble4x32,1665,0.11071801598181993,0.013816936375216625,0.11071801598181993
rff24,1666,0.12272639367819027,0.015274667282272647,0.12272639367819027
rff64,1666,0.12272639367819027,0.015771948673774558,0.12272639367819027
rff128,1666,0.12272639367819027,0.015193375430323012,0.12272639367819027
ensemble4x32,1666,0.12272639367819027,0.015023748524087173,0.12272639367819027
rff24,1667,0.13565381361205373,0.014785903829237224,0.13565381361205373
rff64,1667,0.13565381361205373,0.01702356512895113,0.13565381361205373
rff128,1667,0.13565381361205373,0.0148313479079045,0.13565381361205373
ensemble4x32,1667,0.13565381361205373,0.016838079305174166,0.13565381361205373
rff24,1668,0.12171518994665247,0.013603036351580564,0.12171518994665247
rff64,1668,0.12171518994665247,0.012519086998799908,0.12171518994665247
rff128,1668,0.12171518994665247,0.013336869584107527,0.12171518994665247
ensemble4x32,1668,0.12171518994665247,0.012054737764142651,0.12171518994665247
rff24,1669,0.15333556315072172,0.018545620380398076,0.15333556315072172
rff64,1669,0.15333556315072172,0.021093902242876012,0.15333556315072172
rff128,1669,0.15333556315072172,0.019291595354745558,0.15333556315072172
ensemble4x32,1669,0.15333556315072172,0.01790952713206978,0.15333556315072172
rff24,1670,0.12232282966532179,0.014025741354734198,0.12232282966532179
rff64,1670,0.12232282966532179,0.016794904622632355,0.12232282966532179
rff128,1670,0.12232282966532179,0.016065882870365294,0.12232282966532179
ensemble4x32,1670,0.12232282966532179,0.014821334463603312,0.12232282966532179
rff24,1671,0.13696862259198195,0.011429884332233674,0.13696862259198195
rff64,1671,0.13696862259198195,0.012536629192900287,0.13696862259198195
rff128,1671,0.13696862259198195,0.013695878873266268,0.13696862259198195
ensemble4x32,1671,0.13696862259198195,0.012048959794586016,0.13696862259198195
rff24,1672,0.15522018815796676,0.020441516503610674,0.15522018815796676
rff64,1672,0.15522018815796676,0.023097463277854346,0.15522018815796676
rff128,1672,0.15522018815796676,0.016903150364027168,0.15522018815796676
ensemble4x32,1672,0.15522018815796676,0.019090693803100026,0.15522018815796676
rff24,1673,0.115965968487731,0.011392943989615285,0.115965968487731
rff64,1673,0.115965968487731,0.01360184470375558,0.115965968487731
rff128,1673,0.115965968487731,0.011642915528116245,0.115965968487731
ensemble4x32,1673,0.115965968487731,0.012273853048810932,0.115965968487731
rff24,1674,0.16755426359277273,0.02389622480106279,0.16755426359277273
rff64,1674,0.16755426359277273,0.01737632086909293,0.16755426359277273
rff128,1674,0.16755426359277273,0.016792503825521835,0.16755426359277273
ensemble4x32,1674,0.16755426359277273,0.01958510574485284,0.16755426359277273
rff24,1675,0.10638294231781442,0.012327156136122872,0.10638294231781442
rff64,1675,0.10638294231781442,0.009996574845137173,0.10638294231781442
rff128,1675,0.10638294231781442,0.01212006360276377,0.10638294231781442
ensemble4x32,1675,0.10638294231781442,0.011892404659709211,0.10638294231781442
rff24,1676,0.12873504159290478,0.015209105852229203,0.12873504159290478
rff64,1676,0.12873504159290478,0.012357902519959715,0.12873504159290478
rff128,1676,0.12873504159290478,0.013165626305015114,0.12873504159290478
ensemble4x32,1676,0.12873504159290478,0.012466392797111783,0.12873504159290478
rff24,1677,0.12346257428061579,0.015957915100326018,0.12346257428061579
rff64,1677,0.12346257428061579,0.018993150506488646,0.12346257428061579
rff128,1677,0.12346257428061579,0.0167863170350741,0.12346257428061579
ensemble4x32,1677,0.12346257428061579,0.016461398008067802,0.12346257428061579
rff24,1678,0.13295348597628426,0.011126539346440865,0.13295348597628426
rff64,1678,0.13295348597628426,0.01605748477168371,0.13295348597628426
rff128,1678,0.13295348597628426,0.01713180491247262,0.13295348597628426
ensemble4x32,1678,0.13295348597628426,0.015046465382541271,0.13295348597628426
rff24,1679,0.12830339447448638,0.01581322534025475,0.12830339447448638
rff64,1679,0.12830339447448638,0.018223535651851717,0.12830339447448638
rff128,1679,0.12830339447448638,0.01758411902260917,0.12830339447448638
ensemble4x32,1679,0.12830339447448638,0.015491800443063176,0.12830339447448638
rff24,1680,0.13849287217419085,0.014121637929356758,0.13849287217419085
rff64,1680,0.13849287217419085,0.014241128903196973,0.13849287217419085
rff128,1680,0.13849287217419085,0.01528010061811624,0.13849287217419085
ensemble4x32,1680,0.13849287217419085,0.012491323316531203,0.13849287217419085
rff24,1681,0.1293703596783171,0.012920279480090759,0.1293703596783171
rff64,1681,0.1293703596783171,0.016197672835072188,0.1293703596783171
rff128,1681,0.1293703596783171,0.014108059543500742,0.1293703596783171
ensemble4x32,1681,0.1293703596783171,0.015119905650930587,0.1293703596783171
rff24,1682,0.11229642505759492,0.014503421846199694,0.11229642505759492
rff64,1682,0.11229642505759492,0.014087065915013913,0.11229642505759492
rff128,1682,0.11229642505759492,0.016255753532007238,0.11229642505759492
ensemble4x32,1682,0.11229642505759492,0.0153953666449935,0.11229642505759492
rff24,1683,0.14291402529167152,0.013735629777949721,0.14291402529167152
rff64,1683,0.14291402529167152,0.01345091519325878,0.14291402529167152
rff128,1683,0.14291402529167152,0.01412407116850321,0.14291402529167152
ensemble4x32,1683,0.14291402529167152,0.014452078275668368,0.14291402529167152
rff24,1684,0.11590453127066286,0.010840725991033336,0.11590453127066286
rff64,1684,0.11590453127066286,0.01211785945154582,0.11590453127066286
rff128,1684,0.11590453127066286,0.01314087671392537,0.11590453127066286
ensemble4x32,1684,0.11590453127066286,0.012265002262171486,0.11590453127066286
rff24,1685,0.12927196229598367,0.013011368088383263,0.12927196229598367
rff64,1685,0.12927196229598367,0.012267827197633899,0.12927196229598367
rff128,1685,0.12927196229598367,0.014697462711555887,0.12927196229598367
ensemble4x32,1685,0.12927196229598367,0.01119996835409742,0.12927196229598367
rff24,1686,0.10272740167820556,0.01805637842262357,0.10272740167820556
rff64,1686,0.10272740167820556,0.0165290738877148,0.10272740167820556
rff128,1686,0.10272740167820556,0.017126619442204324,0.10272740167820556
ensemble4x32,1686,0.10272740167820556,0.016717388291974503,0.10272740167820556
rff24,1687,0.18016500854040543,0.023763423222401655,0.18016500854040543
rff64,1687,0.18016500854040543,0.021573981919147486,0.18016500854040543
rff128,1687,0.18016500854040543,0.022631745829703502,0.18016500854040543
ensemble4x32,1687,0.18016500854040543,0.021416983854102855,0.18016500854040543
rff24,1688,0.1357923522753599,0.01608967383173362,0.1357923522753599
rff64,1688,0.1357923522753599,0.01437154273597708,0.1357923522753599
rff128,1688,0.1357923522753599,0.014246963542681974,0.1357923522753599
ensemble4x32,1688,0.1357923522753599,0.012612444314648178,0.1357923522753599
rff24,1689,0.10320149259690987,0.014480343130596894,0.10320149259690987
rff64,1689,0.10320149259690987,0.015533366963919772,0.10320149259690987
rff128,1689,0.10320149259690987,0.01720819641923987,0.10320149259690987
ensemble4x32,1689,0.10320149259690987,0.0162244135330924,0.10320149259690987
rff24,1690,0.1366333459884102,0.015767247922122755,0.1366333459884102
rff64,1690,0.1366333459884102,0.01397275767109217,0.1366333459884102
rff128,1690,0.1366333459884102,0.016977665751772404,0.1366333459884102
ensemble4x32,1690,0.1366333459884102,0.015666785494098723,0.1366333459884102
rff24,1691,0.13474830014521577,0.0155387499703855,0.13474830014521577
rff64,1691,0.13474830014521577,0.014491400870107548,0.13474830014521577
rff128,1691,0.13474830014521577,0.01438628306061474,0.13474830014521577
ensemble4x32,1691,0.13474830014521577,0.013192085698754602,0.13474830014521577
rff24,1692,0.14839428285300874,0.035269777314332375,0.14839428285300874
rff64,1692,0.14839428285300874,0.02641298203073043,0.14839428285300874
rff128,1692,0.14839428285300874,0.029689879053284608,0.14839428285300874
ensemble4x32,1692,0.14839428285300874,0.02394747685031519,0.14839428285300874
rff24,1693,0.13452890270868123,0.01235760763545284,0.13452890270868123
rff64,1693,0.13452890270868123,0.0134629018693598,0.13452890270868123
rff128,1693,0.13452890270868123,0.013229576633244925,0.13452890270868123
ensemble4x32,1693,0.13452890270868123,0.012353149774342693,0.13452890270868123
rff24,1694,0.1469901012205889,0.013883335091534627,0.1469901012205889
rff64,1694,0.1469901012205889,0.013030579925081501,0.1469901012205889
rff128,1694,0.1469901012205889,0.01352155429972281,0.1469901012205889
ensemble4x32,1694,0.1469901012205889,0.013615512695464377,0.1469901012205889
rff24,1695,0.15625376351232761,0.01576428000052038,0.15625376351232761
rff64,1695,0.15625376351232761,0.01743249913032039,0.15625376351232761
rff128,1695,0.15625376351232761,0.01580266047235274,0.15625376351232761
ensemble4x32,1695,0.15625376351232761,0.015897954065439635,0.15625376351232761
rff24,1696,0.13360967805176047,0.013048104437667137,0.13360967805176047
rff64,1696,0.13360967805176047,0.014778147254860126,0.13360967805176047
rff128,1696,0.13360967805176047,0.01500462897372097,0.13360967805176047
ensemble4x32,1696,0.13360967805176047,0.014266954703267165,0.13360967805176047
rff24,1697,0.1311311144297271,0.014503767123082356,0.1311311144297271
rff64,1697,0.1311311144297271,0.014319877655557455,0.1311311144297271
rff128,1697,0.1311311144297271,0.013088781791831604,0.1311311144297271
ensemble4x32,1697,0.1311311144297271,0.012495647059081776,0.1311311144297271
rff24,1698,0.11690297742626449,0.01253585808345435,0.11690297742626449
rff64,1698,0.11690297742626449,0.012097410845262932,0.11690297742626449
rff128,1698,0.11690297742626449,0.011640328390046716,0.11690297742626449
ensemble4x32,1698,0.11690297742626449,0.010414313878645174,0.11690297742626449
rff24,1699,0.1425680736414268,0.01896696757738361,0.1425680736414268
rff64,1699,0.1425680736414268,0.013504633363539076,0.1425680736414268
rff128,1699,0.1425680736414268,0.016861481159027393,0.1425680736414268
ensemble4x32,1699,0.1425680736414268,0.01751091014278645,0.1425680736414268
rff24,1700,0.1345003654520887,0.017497173625387948,0.1345003654520887
rff64,1700,0.1345003654520887,0.019525417254057844,0.1345003654520887
rff128,1700,0.1345003654520887,0.020866052807588548,0.1345003654520887
ensemble4x32,1700,0.1345003654520887,0.01671343689509721,0.1345003654520887
rff24,1701,0.09242952568419562,0.011756748225416641,0.09242952568419562
rff64,1701,0.09242952568419562,0.010424066393705304,0.09242952568419562
rff128,1701,0.09242952568419562,0.011397174202245447,0.09242952568419562
ensemble4x32,1701,0.09242952568419562,0.009839104641743639,0.09242952568419562
rff24,1702,0.12207512390013137,0.012440160961146658,0.12207512390013137
rff64,1702,0.12207512390013137,0.012387987597565483,0.12207512390013137
rff128,1702,0.12207512390013137,0.01257596001826862,0.12207512390013137
ensemble4x32,1702,0.12207512390013137,0.012128582575753652,0.12207512390013137
rff24,1703,0.13157548557344179,0.015998725288270742,0.13157548557344179
rff64,1703,0.13157548557344179,0.016276376142596027,0.13157548557344179
rff128,1703,0.13157548557344179,0.013577239255901031,0.13157548557344179
ensemble4x32,1703,0.13157548557344179,0.014492163688290741,0.13157548557344179
rff24,1704,0.14760663437334914,0.01553216031068841,0.14760663437334914
rff64,1704,0.14760663437334914,0.015062292426498146,0.14760663437334914
rff128,1704,0.14760663437334914,0.01649476289564766,0.14760663437334914
ensemble4x32,1704,0.14760663437334914,0.017354398168589906,0.14760663437334914
rff24,1705,0.11177316373475808,0.014110993726023218,0.11177316373475808
rff64,1705,0.11177316373475808,0.015740042050763296,0.11177316373475808
rff128,1705,0.11177316373475808,0.014908224423477043,0.11177316373475808
ensemble4x32,1705,0.11177316373475808,0.016147143869204923,0.11177316373475808
rff24,1706,0.18014857730139655,0.017675273941654267,0.18014857730139655
rff64,1706,0.18014857730139655,0.018758218130411976,0.18014857730139655
rff128,1706,0.18014857730139655,0.016779123638977766,0.18014857730139655
ensemble4x32,1706,0.18014857730139655,0.015228569797663351,0.18014857730139655
rff24,1707,0.11479710150634063,0.015335230669226239,0.11479710150634063
rff64,1707,0.11479710150634063,0.013445291598789239,0.11479710150634063
rff128,1707,0.11479710150634063,0.014133374190716431,0.11479710150634063
ensemble4x32,1707,0.11479710150634063,0.012715497107613351,0.11479710150634063
rff24,1708,0.11830726443877604,0.013826339637368734,0.11830726443877604
rff64,1708,0.11830726443877604,0.015174212828027544,0.11830726443877604
rff128,1708,0.11830726443877604,0.01417443558867091,0.11830726443877604
ensemble4x32,1708,0.11830726443877604,0.01175336004378158,0.11830726443877604
rff24,1709,0.13945452227050997,0.015977914001191404,0.13945452227050997
rff64,1709,0.13945452227050997,0.014365711497261485,0.13945452227050997
rff128,1709,0.13945452227050997,0.015185233871749523,0.13945452227050997
ensemble4x32,1709,0.13945452227050997,0.013446044837456038,0.13945452227050997
rff24,1710,0.12858285169012504,0.016078556050843452,0.12858285169012504
rff64,1710,0.12858285169012504,0.014918203484871375,0.12858285169012504
rff128,1710,0.12858285169012504,0.017645981135113866,0.12858285169012504
ensemble4x32,1710,0.12858285169012504,0.016322282367526024,0.12858285169012504
rff24,1711,0.12162682735880784,0.02233938003369779,0.12162682735880784
rff64,1711,0.12162682735880784,0.01877454845575664,0.12162682735880784
rff128,1711,0.12162682735880784,0.02012134390959377,0.12162682735880784
ensemble4x32,1711,0.12162682735880784,0.0177268325860656,0.12162682735880784
rff24,1712,0.10671601180057666,0.014574676448294866,0.10671601180057666
rff64,1712,0.10671601180057666,0.01545458673368605,0.10671601180057666
rff128,1712,0.10671601180057666,0.015161165717831918,0.10671601180057666
ensemble4x32,1712,0.10671601180057666,0.015426208051425503,0.10671601180057666
rff24,1713,0.1645701275391168,0.024818638935372016,0.1645701275391168
rff64,1713,0.1645701275391168,0.02063339740412755,0.1645701275391168
rff128,1713,0.1645701275391168,0.02718769596462539,0.1645701275391168
ensemble4x32,1713,0.1645701275391168,0.026997661752259525,0.1645701275391168
rff24,1714,0.09807328601558468,0.014198455191658053,0.09807328601558468
rff64,1714,0.09807328601558468,0.015591340443099712,0.09807328601558468
rff128,1714,0.09807328601558468,0.014749823024412485,0.09807328601558468
ensemble4x32,1714,0.09807328601558468,0.012991588576902512,0.09807328601558468
rff24,1715,0.12395484770359189,0.021387920980944688,0.12395484770359189
rff64,1715,0.12395484770359189,0.020856230081162438,0.12395484770359189
rff128,1715,0.12395484770359189,0.021447936334230245,0.12395484770359189
ensemble4x32,1715,0.12395484770359189,0.019590832543295293,0.12395484770359189
rff24,1716,0.12623579472584834,0.01914052655540902,0.12623579472584834
rff64,1716,0.12623579472584834,0.014404857993120376,0.12623579472584834
rff128,1716,0.12623579472584834,0.017460475548161845,0.12623579472584834
ensemble4x32,1716,0.12623579472584834,0.015293449519857234,0.12623579472584834
rff24,1717,0.1351988225456668,0.01766712875453768,0.1351988225456668
rff64,1717,0.1351988225456668,0.014433911901704944,0.1351988225456668
rff128,1717,0.1351988225456668,0.01704976654256128,0.1351988225456668
ensemble4x32,1717,0.1351988225456668,0.016332757634224208,0.1351988225456668
rff24,1718,0.11017685280727313,0.01114322600165184,0.11017685280727313
rff64,1718,0.11017685280727313,0.012631909643489087,0.11017685280727313
rff128,1718,0.11017685280727313,0.011667271085981316,0.11017685280727313
ensemble4x32,1718,0.11017685280727313,0.014197072730101117,0.11017685280727313
rff24,1719,0.12375575733724586,0.01277150570354471,0.12375575733724586
rff64,1719,0.12375575733724586,0.014038763765338975,0.12375575733724586
rff128,1719,0.12375575733724586,0.015411910569372718,0.12375575733724586
ensemble4x32,1719,0.12375575733724586,0.01415774976771366,0.12375575733724586
rff24,1720,0.13482701721810694,0.021293532867927834,0.13482701721810694
rff64,1720,0.13482701721810694,0.017105501330571208,0.13482701721810694
rff128,1720,0.13482701721810694,0.020264331216238506,0.13482701721810694
ensemble4x32,1720,0.13482701721810694,0.020849505764472493,0.13482701721810694
rff24,1721,0.12123216043553191,0.01319512125998686,0.12123216043553191
rff64,1721,0.12123216043553191,0.017722746448970473,0.12123216043553191
rff128,1721,0.12123216043553191,0.0177972608919278,0.12123216043553191
ensemble4x32,1721,0.12123216043553191,0.0157388184499316,0.12123216043553191
rff24,1722,0.14068865822759746,0.019216832682016103,0.14068865822759746
rff64,1722,0.14068865822759746,0.012524628225650737,0.14068865822759746
rff128,1722,0.14068865822759746,0.014491160041116289,0.14068865822759746
ensemble4x32,1722,0.14068865822759746,0.012160642133774059,0.14068865822759746
rff24,1723,0.19927815920283168,0.031034564618022797,0.19927815920283168
rff64,1723,0.19927815920283168,0.016165656747768604,0.19927815920283168
rff128,1723,0.19927815920283168,0.023769926770571433,0.19927815920283168
ensemble4x32,1723,0.19927815920283168,0.01939508362362656,0.19927815920283168
rff24,1724,0.10436393151553543,0.013673659949553331,0.10436393151553543
rff64,1724,0.10436393151553543,0.013693419898325376,0.10436393151553543
rff128,1724,0.10436393151553543,0.01428923971902874,0.10436393151553543
ensemble4x32,1724,0.10436393151553543,0.01227477886170665,0.10436393151553543
rff24,1725,0.14953284750648776,0.010318084302383712,0.14953284750648776
rff64,1725,0.14953284750648776,0.012512670926199614,0.14953284750648776
rff128,1725,0.14953284750648776,0.013523178317993134,0.14953284750648776
ensemble4x32,1725,0.14953284750648776,0.012817220339400888,0.14953284750648776
rff24,1726,0.12274953469208863,0.01689233528224228,0.12274953469208863
rff64,1726,0.12274953469208863,0.01369604811070635,0.12274953469208863
rff128,1726,0.12274953469208863,0.01588498295873985,0.12274953469208863
ensemble4x32,1726,0.12274953469208863,0.013570189641017753,0.12274953469208863
rff24,1727,0.10657768757665322,0.014972290158829837,0.10657768757665322
rff64,1727,0.10657768757665322,0.014140297835332744,0.10657768757665322
rff128,1727,0.10657768757665322,0.015760833812124335,0.10657768757665322
ensemble4x32,1727,0.10657768757665322,0.01564680937781684,0.10657768757665322
rff24,1728,0.11921115257207983,0.014866081849599547,0.11921115257207983
rff64,1728,0.11921115257207983,0.014167942844233734,0.11921115257207983
rff128,1728,0.11921115257207983,0.01422938575691046,0.11921115257207983
ensemble4x32,1728,0.11921115257207983,0.012764110863823414,0.11921115257207983
rff24,1729,0.11788821576161222,0.015500442650929537,0.11788821576161222
rff64,1729,0.11788821576161222,0.012848574321895189,0.11788821576161222
rff128,1729,0.11788821576161222,0.013635899185493926,0.11788821576161222
ensemble4x32,1729,0.11788821576161222,0.013269524714336584,0.11788821576161222
rff24,1730,0.12837993211747337,0.016276235414245492,0.12837993211747337
rff64,1730,0.12837993211747337,0.01590496002737616,0.12837993211747337
rff128,1730,0.12837993211747337,0.01618291924231857,0.12837993211747337
ensemble4x32,1730,0.12837993211747337,0.013625046554722887,0.12837993211747337
rff24,1731,0.12221093461769707,0.01654151286447027,0.12221093461769707
rff64,1731,0.12221093461769707,0.01749393831090014,0.12221093461769707
rff128,1731,0.12221093461769707,0.015608567352885409,0.12221093461769707
ensemble4x32,1731,0.12221093461769707,0.01480882548821483,0.12221093461769707
rff24,1732,0.1404105079230588,0.014681096200426106,0.1404105079230588
rff64,1732,0.1404105079230588,0.013567942396089593,0.1404105079230588
rff128,1732,0.1404105079230588,0.013416668577206267,0.1404105079230588
ensemble4x32,1732,0.1404105079230588,0.013204130318568732,0.1404105079230588
rff24,1733,0.12126856888283333,0.01502754656214507,0.12126856888283333
rff64,1733,0.12126856888283333,0.01382077640369911,0.12126856888283333
rff128,1733,0.12126856888283333,0.013087354647841649,0.12126856888283333
ensemble4x32,1733,0.12126856888283333,0.012683265073507166,0.12126856888283333
rff24,1734,0.1360887697444273,0.015214414101159736,0.1360887697444273
rff64,1734,0.1360887697444273,0.02191345892424205,0.1360887697444273
rff128,1734,0.1360887697444273,0.022505839395110656,0.1360887697444273
ensemble4x32,1734,0.1360887697444273,0.021875565622378124,0.1360887697444273
rff24,1735,0.12849529562078804,0.020141739556366247,0.12849529562078804
rff64,1735,0.12849529562078804,0.02000533879913937,0.12849529562078804
rff128,1735,0.12849529562078804,0.01920652132586744,0.12849529562078804
ensemble4x32,1735,0.12849529562078804,0.018801550537897175,0.12849529562078804
rff24,1736,0.1388256270642552,0.017225123488455483,0.1388256270642552
rff64,1736,0.1388256270642552,0.017386291148451586,0.1388256270642552
rff128,1736,0.1388256270642552,0.01789586760655521,0.1388256270642552
ensemble4x32,1736,0.1388256270642552,0.016172358286451114,0.1388256270642552
rff24,1737,0.17065712852646883,0.01896283854883967,0.17065712852646883
rff64,1737,0.17065712852646883,0.018906495573219197,0.17065712852646883
rff128,1737,0.17065712852646883,0.019785573508749075,0.17065712852646883
ensemble4x32,1737,0.17065712852646883,0.017939723864414354,0.17065712852646883
rff24,1738,0.10685868442117342,0.013333456123718404,0.10685868442117342
rff64,1738,0.10685868442117342,0.013418589785787662,0.10685868442117342
rff128,1738,0.10685868442117342,0.013509782255380728,0.10685868442117342
ensemble4x32,1738,0.10685868442117342,0.01368098560853387,0.10685868442117342
rff24,1739,0.12012903844807915,0.014497079617481761,0.12012903844807915
rff64,1739,0.12012903844807915,0.010771594571583656,0.12012903844807915
rff128,1739,0.12012903844807915,0.01402704727727859,0.12012903844807915
ensemble4x32,1739,0.12012903844807915,0.00971090791047232,0.12012903844807915
rff24,1740,0.1374506597935963,0.014800429786505054,0.1374506597935963
rff64,1740,0.1374506597935963,0.019341274619542496,0.1374506597935963
rff128,1740,0.1374506597935963,0.01572245933631097,0.1374506597935963
ensemble4x32,1740,0.1374506597935963,0.016259052546674303,0.1374506597935963
rff24,1741,0.12173824771826114,0.010353221494356152,0.12173824771826114
rff64,1741,0.12173824771826114,0.014548113794143568,0.12173824771826114
rff128,1741,0.12173824771826114,0.01460867634966643,0.12173824771826114
ensemble4x32,1741,0.12173824771826114,0.014136526877704413,0.12173824771826114
rff24,1742,0.1154357644310452,0.018143979515210205,0.1154357644310452
rff64,1742,0.1154357644310452,0.01565951635939992,0.1154357644310452
rff128,1742,0.1154357644310452,0.0161643178723097,0.1154357644310452
ensemble4x32,1742,0.1154357644310452,0.01471229073816235,0.1154357644310452
rff24,1743,0.13363002065504648,0.01678112361007928,0.13363002065504648
rff64,1743,0.13363002065504648,0.017828419208821063,0.13363002065504648
rff128,1743,0.13363002065504648,0.018520586311360627,0.13363002065504648
ensemble4x32,1743,0.13363002065504648,0.016903385293071525,0.13363002065504648
rff24,1744,0.13724453467687017,0.024229827892421053,0.13724453467687017
rff64,1744,0.13724453467687017,0.022056029786782692,0.13724453467687017
rff128,1744,0.13724453467687017,0.023317578272883447,0.13724453467687017
ensemble4x32,1744,0.13724453467687017,0.021248026558279214,0.13724453467687017
rff24,1745,0.13325368739262503,0.017844766101851886,0.13325368739262503
rff64,1745,0.13325368739262503,0.020695771371358536,0.13325368739262503
rff128,1745,0.13325368739262503,0.01621771713341198,0.13325368739262503
ensemble4x32,1745,0.13325368739262503,0.019338120979214137,0.13325368739262503
rff24,1746,0.11668279617842457,0.013078934345306978,0.11668279617842457
rff64,1746,0.11668279617842457,0.01632317321113395,0.11668279617842457
rff128,1746,0.11668279617842457,0.015553045847540092,0.11668279617842457
ensemble4x32,1746,0.11668279617842457,0.01461586449434089,0.11668279617842457
rff24,1747,0.13539104174579292,0.018086074234084655,0.13539104174579292
rff64,1747,0.13539104174579292,0.019874687172775574,0.13539104174579292
rff128,1747,0.13539104174579292,0.018252399545332813,0.13539104174579292
ensemble4x32,1747,0.13539104174579292,0.015269735529548037,0.13539104174579292
rff24,1748,0.13538907101218187,0.012473661230928626,0.13538907101218187
rff64,1748,0.13538907101218187,0.01336190296261174,0.13538907101218187
rff128,1748,0.13538907101218187,0.012159355789544376,0.13538907101218187
ensemble4x32,1748,0.13538907101218187,0.012069546240098152,0.13538907101218187
rff24,1749,0.1522137929592157,0.020010830345457774,0.1522137929592157
rff64,1749,0.1522137929592157,0.017092691421003708,0.1522137929592157
rff128,1749,0.1522137929592157,0.019169809141760117,0.1522137929592157
ensemble4x32,1749,0.1522137929592157,0.01929669886105777,0.1522137929592157
rff24,1750,0.15927109069025858,0.014738392623356376,0.15927109069025858
rff64,1750,0.15927109069025858,0.015463442444018139,0.15927109069025858
rff128,1750,0.15927109069025858,0.0147346252103174,0.15927109069025858
ensemble4x32,1750,0.15927109069025858,0.012710546610776884,0.15927109069025858
rff24,1751,0.12309428759922218,0.019080650661093653,0.12309428759922218
rff64,1751,0.12309428759922218,0.012992917048568791,0.12309428759922218
rff128,1751,0.12309428759922218,0.014063197512199983,0.12309428759922218
ensemble4x32,1751,0.12309428759922218,0.01353719461299764,0.12309428759922218
rff24,1752,0.19751047242269004,0.02266754990088981,0.19751047242269004
rff64,1752,0.19751047242269004,0.018661118547285954,0.19751047242269004
rff128,1752,0.19751047242269004,0.01942093281399478,0.19751047242269004
ensemble4x32,1752,0.19751047242269004,0.02043289724765793,0.19751047242269004
rff24,1753,0.09866329969703237,0.009779642623719397,0.09866329969703237
rff64,1753,0.09866329969703237,0.01326071986256606,0.09866329969703237
rff128,1753,0.09866329969703237,0.014244877132691977,0.09866329969703237
ensemble4x32,1753,0.09866329969703237,0.011764844437976076,0.09866329969703237
rff24,1754,0.12910903671883378,0.013717743222617209,0.12910903671883378
rff64,1754,0.12910903671883378,0.012448137851961374,0.12910903671883378
rff128,1754,0.12910903671883378,0.01318866583866088,0.12910903671883378
ensemble4x32,1754,0.12910903671883378,0.011125325663677316,0.12910903671883378
rff24,1755,0.12161727478511941,0.023527433051396034,0.12161727478511941
rff64,1755,0.12161727478511941,0.023392046227486484,0.12161727478511941
rff128,1755,0.12161727478511941,0.0201012705734895,0.12161727478511941
ensemble4x32,1755,0.12161727478511941,0.01899089682136714,0.12161727478511941
rff24,1756,0.12024915872211768,0.015315966212547572,0.12024915872211768
rff64,1756,0.12024915872211768,0.01234020988958461,0.12024915872211768
rff128,1756,0.12024915872211768,0.013179570253254579,0.12024915872211768
ensemble4x32,1756,0.12024915872211768,0.01361369668577779,0.12024915872211768
rff24,1757,0.1281862394336705,0.012006313964698546,0.1281862394336705
rff64,1757,0.1281862394336705,0.01196008536476661,0.1281862394336705
rff128,1757,0.1281862394336705,0.01187312909092095,0.1281862394336705
ensemble4x32,1757,0.1281862394336705,0.012351427314367011,0.1281862394336705
rff24,1758,0.16737839902328513,0.028553773437364656,0.16737839902328513
rff64,1758,0.16737839902328513,0.02462179122456007,0.16737839902328513
rff128,1758,0.16737839902328513,0.02879711879595612,0.16737839902328513
ensemble4x32,1758,0.16737839902328513,0.026549142785648804,0.16737839902328513
rff24,1759,0.13937652609144235,0.01869240388545471,0.13937652609144235
rff64,1759,0.13937652609144235,0.017096594265242928,0.13937652609144235
rff128,1759,0.13937652609144235,0.015602901467476307,0.13937652609144235
ensemble4x32,1759,0.13937652609144235,0.017107492999047857,0.13937652609144235
rff24,1760,0.1139609928265463,0.015375459178012064,0.1139609928265463
rff64,1760,0.1139609928265463,0.013237563095024118,0.1139609928265463
rff128,1760,0.1139609928265463,0.012960924532344632,0.1139609928265463
ensemble4x32,1760,0.1139609928265463,0.012515232997626417,0.1139609928265463
rff24,1761,0.1604155944321068,0.021856469429977425,0.1604155944321068
rff64,1761,0.1604155944321068,0.023394424748618834,0.1604155944321068
rff128,1761,0.1604155944321068,0.022421299661155088,0.1604155944321068
ensemble4x32,1761,0.1604155944321068,0.023567677947998487,0.1604155944321068
rff24,1762,0.1665873213055097,0.03180245272245145,0.1665873213055097
rff64,1762,0.1665873213055097,0.02407023858178792,0.1665873213055097
rff128,1762,0.1665873213055097,0.025057056439052663,0.1665873213055097
ensemble4x32,1762,0.1665873213055097,0.024392385095043524,0.1665873213055097
rff24,1763,0.15449242475869007,0.013686554968729225,0.15449242475869007
rff64,1763,0.15449242475869007,0.019397763476361532,0.15449242475869007
rff128,1763,0.15449242475869007,0.01947702758159233,0.15449242475869007
ensemble4x32,1763,0.15449242475869007,0.017339984818502685,0.15449242475869007
rff24,1764,0.11020306466413851,0.013750188521633415,0.11020306466413851
rff64,1764,0.11020306466413851,0.02032185661526479,0.11020306466413851
rff128,1764,0.11020306466413851,0.015403191173543048,0.11020306466413851
ensemble4x32,1764,0.11020306466413851,0.020209806423016143,0.11020306466413851
rff24,1765,0.14626070232513966,0.018534329483390087,0.14626070232513966
rff64,1765,0.14626070232513966,0.015975635604316675,0.14626070232513966
rff128,1765,0.14626070232513966,0.016205084727094633,0.14626070232513966
ensemble4x32,1765,0.14626070232513966,0.01467464300064588,0.14626070232513966
rff24,1766,0.15509262308549843,0.018441978407098915,0.15509262308549843
rff64,1766,0.15509262308549843,0.013985829143509588,0.15509262308549843
rff128,1766,0.15509262308549843,0.014931621453763607,0.15509262308549843
ensemble4x32,1766,0.15509262308549843,0.015777111827281684,0.15509262308549843
rff24,1767,0.12253258201892718,0.016428502060889395,0.12253258201892718
rff64,1767,0.12253258201892718,0.0185944696526546,0.12253258201892718
rff128,1767,0.12253258201892718,0.019475405445912357,0.12253258201892718
ensemble4x32,1767,0.12253258201892718,0.018399722586337763,0.12253258201892718
rff24,1768,0.11038157626040772,0.017857939373840094,0.11038157626040772
rff64,1768,0.11038157626040772,0.015408070432437039,0.11038157626040772
rff128,1768,0.11038157626040772,0.014957339184650269,0.11038157626040772
ensemble4x32,1768,0.11038157626040772,0.014294447615729228,0.11038157626040772
rff24,1769,0.1339322006557692,0.01634666567516517,0.1339322006557692
rff64,1769,0.1339322006557692,0.02579940685477474,0.1339322006557692
rff128,1769,0.1339322006557692,0.024978769566028958,0.1339322006557692
ensemble4x32,1769,0.1339322006557692,0.021322053250365996,0.1339322006557692
rff24,1770,0.1516833345342637,0.018866507282994566,0.1516833345342637
rff64,1770,0.1516833345342637,0.021909248621844592,0.1516833345342637
rff128,1770,0.1516833345342637,0.01981497568411189,0.1516833345342637
ensemble4x32,1770,0.1516833345342637,0.019716744629295783,0.1516833345342637
rff24,1771,0.16940599819573882,0.01758227298602991,0.16940599819573882
rff64,1771,0.16940599819573882,0.01713066711800295,0.16940599819573882
rff128,1771,0.16940599819573882,0.01627256752654774,0.16940599819573882
ensemble4x32,1771,0.16940599819573882,0.015152676363777037,0.16940599819573882
rff24,1772,0.15271126840911034,0.018467077215509033,0.15271126840911034
rff64,1772,0.15271126840911034,0.016579621933261252,0.15271126840911034
rff128,1772,0.15271126840911034,0.01562969623417669,0.15271126840911034
ensemble4x32,1772,0.15271126840911034,0.01535307042779917,0.15271126840911034
rff24,1773,0.11844172137963546,0.016267904159183763,0.11844172137963546
rff64,1773,0.11844172137963546,0.015358830019102196,0.11844172137963546
rff128,1773,0.11844172137963546,0.015780423075962894,0.11844172137963546
ensemble4x32,1773,0.11844172137963546,0.014789165423221076,0.11844172137963546
rff24,1774,0.14663567907773306,0.01874528032177258,0.14663567907773306
rff64,1774,0.14663567907773306,0.018619424891433676,0.14663567907773306
rff128,1774,0.14663567907773306,0.015506671395487729,0.14663567907773306
ensemble4x32,1774,0.14663567907773306,0.015721454775495067,0.14663567907773306
rff24,1775,0.1448608231406668,0.014684469180680547,0.1448608231406668
rff64,1775,0.1448608231406668,0.013602082088708807,0.1448608231406668
rff128,1775,0.1448608231406668,0.014323453364020201,0.1448608231406668
ensemble4x32,1775,0.1448608231406668,0.012220056534523335,0.1448608231406668
rff24,1776,0.12566125769562206,0.01520794117539898,0.12566125769562206
rff64,1776,0.12566125769562206,0.014450876782350231,0.12566125769562206
rff128,1776,0.12566125769562206,0.01689473594699307,0.12566125769562206
ensemble4x32,1776,0.12566125769562206,0.016436329903313077,0.12566125769562206
rff24,1777,0.13156982114242166,0.015162777443054876,0.13156982114242166
rff64,1777,0.13156982114242166,0.018456995475302322,0.13156982114242166
rff128,1777,0.13156982114242166,0.02083775465537338,0.13156982114242166
ensemble4x32,1777,0.13156982114242166,0.01586257072892802,0.13156982114242166
rff24,1778,0.0938957980132732,0.008654030383875543,0.0938957980132732
rff64,1778,0.0938957980132732,0.009047535067412587,0.0938957980132732
rff128,1778,0.0938957980132732,0.010205940393923934,0.0938957980132732
ensemble4x32,1778,0.0938957980132732,0.008821303982159238,0.0938957980132732
rff24,1779,0.14911833484424428,0.017823328681790315,0.14911833484424428
rff64,1779,0.14911833484424428,0.023935637681037417,0.14911833484424428
rff128,1779,0.14911833484424428,0.023569639642579156,0.14911833484424428
ensemble4x32,1779,0.14911833484424428,0.01876906038845571,0.14911833484424428
rff24,1780,0.12416620503404344,0.016679248878946628,0.12416620503404344
rff64,1780,0.12416620503404344,0.020123603509780878,0.12416620503404344
rff128,1780,0.12416620503404344,0.018985410767272153,0.12416620503404344
ensemble4x32,1780,0.12416620503404344,0.020608255127341983,0.12416620503404344
rff24,1781,0.11123018098155468,0.014198864743129109,0.11123018098155468
rff64,1781,0.11123018098155468,0.010731373952058636,0.11123018098155468
rff128,1781,0.11123018098155468,0.012226968375348328,0.11123018098155468
ensemble4x32,1781,0.11123018098155468,0.011615687253479999,0.11123018098155468
rff24,1782,0.1445664881055361,0.015032463207828757,0.1445664881055361
rff64,1782,0.1445664881055361,0.019083265589518318,0.1445664881055361
rff128,1782,0.1445664881055361,0.01774440855658827,0.1445664881055361
ensemble4x32,1782,0.1445664881055361,0.017986026697616946,0.1445664881055361
rff24,1783,0.10614835214275956,0.012652116531895824,0.10614835214275956
rff64,1783,0.10614835214275956,0.012417430031303132,0.10614835214275956
rff128,1783,0.10614835214275956,0.01345502026177489,0.10614835214275956
ensemble4x32,1783,0.10614835214275956,0.010109608369654716,0.10614835214275956
rff24,1784,0.15243612747187743,0.016683443464372696,0.15243612747187743
rff64,1784,0.15243612747187743,0.01712196669291336,0.15243612747187743
rff128,1784,0.15243612747187743,0.016509514521178482,0.15243612747187743
ensemble4x32,1784,0.15243612747187743,0.017011197582012662,0.15243612747187743
rff24,1785,0.1469657721410956,0.024613650865333986,0.1469657721410956
rff64,1785,0.1469657721410956,0.03143536901538292,0.1469657721410956
rff128,1785,0.1469657721410956,0.024752193893191755,0.1469657721410956
ensemble4x32,1785,0.1469657721410956,0.024865060330076093,0.1469657721410956
rff24,1786,0.15299362144968562,0.012961311817812153,0.15299362144968562
rff64,1786,0.15299362144968562,0.012427926904463418,0.15299362144968562
rff128,1786,0.15299362144968562,0.013580093694704788,0.15299362144968562
ensemble4x32,1786,0.15299362144968562,0.013148099938509197,0.15299362144968562
rff24,1787,0.11910348054823992,0.012896857844604516,0.11910348054823992
rff64,1787,0.11910348054823992,0.01583064725427111,0.11910348054823992
rff128,1787,0.11910348054823992,0.01678438474621195,0.11910348054823992
ensemble4x32,1787,0.11910348054823992,0.013810084026296958,0.11910348054823992
rff24,1788,0.11435333865574925,0.014466872199906788,0.11435333865574925
rff64,1788,0.11435333865574925,0.015226877096210805,0.11435333865574925
rff128,1788,0.11435333865574925,0.012875568996422546,0.11435333865574925
ensemble4x32,1788,0.11435333865574925,0.01264726101283511,0.11435333865574925
rff24,1789,0.1034712808393708,0.014744577464182696,0.1034712808393708
rff64,1789,0.1034712808393708,0.012556746075764829,0.1034712808393708
rff128,1789,0.1034712808393708,0.011623075277161275,0.1034712808393708
ensemble4x32,1789,0.1034712808393708,0.010655621839166506,0.1034712808393708
rff24,1790,0.11565429059772414,0.011723596334408162,0.11565429059772414
rff64,1790,0.11565429059772414,0.012647697180134334,0.11565429059772414
rff128,1790,0.11565429059772414,0.01378762800924648,0.11565429059772414
ensemble4x32,1790,0.11565429059772414,0.01220019796997323,0.11565429059772414
rff24,1791,0.12134409238738837,0.013475604070796385,0.12134409238738837
rff64,1791,0.12134409238738837,0.012287473673797364,0.12134409238738837
rff128,1791,0.12134409238738837,0.012954303345969375,0.12134409238738837
ensemble4x32,1791,0.12134409238738837,0.011049348635150214,0.12134409238738837
rff24,1792,0.125383411942778,0.012465649180516472,0.125383411942778
rff64,1792,0.125383411942778,0.013260526699932525,0.125383411942778
rff128,1792,0.125383411942778,0.013104059985495839,0.125383411942778
ensemble4x32,1792,0.125383411942778,0.013189333064008043,0.125383411942778
rff24,1793,0.12804840551422855,0.014315778705428606,0.12804840551422855
rff64,1793,0.12804840551422855,0.01317934197693606,0.12804840551422855
rff128,1793,0.12804840551422855,0.01385407477015183,0.12804840551422855
ensemble4x32,1793,0.12804840551422855,0.012054431570341653,0.12804840551422855
rff24,1794,0.16568467164651934,0.01789610083293103,0.16568467164651934
rff64,1794,0.16568467164651934,0.023005681994293977,0.16568467164651934
rff128,1794,0.16568467164651934,0.02396541581769276,0.16568467164651934
ensemble4x32,1794,0.16568467164651934,0.021664292715211905,0.16568467164651934
rff24,1795,0.13113748064991437,0.012703564030364479,0.13113748064991437
rff64,1795,0.13113748064991437,0.012647924475098722,0.13113748064991437
rff128,1795,0.13113748064991437,0.011943053025417937,0.13113748064991437
ensemble4x32,1795,0.13113748064991437,0.009797950298577471,0.13113748064991437
rff24,1796,0.13041628438549546,0.014462399476768528,0.13041628438549546
rff64,1796,0.13041628438549546,0.014058780850994244,0.13041628438549546
rff128,1796,0.13041628438549546,0.014076771478395377,0.13041628438549546
ensemble4x32,1796,0.13041628438549546,0.011696461598587213,0.13041628438549546
rff24,1797,0.1438825326817969,0.022853038001090547,0.1438825326817969
rff64,1797,0.1438825326817969,0.021257392585717766,0.1438825326817969
rff128,1797,0.1438825326817969,0.021339473268346038,0.1438825326817969
ensemble4x32,1797,0.1438825326817969,0.016339184038656345,0.1438825326817969
rff24,1798,0.11396247449727852,0.017699744439962632,0.11396247449727852
rff64,1798,0.11396247449727852,0.0162187963974035,0.11396247449727852
rff128,1798,0.11396247449727852,0.01771793069404041,0.11396247449727852
ensemble4x32,1798,0.11396247449727852,0.0180773932777068,0.11396247449727852
rff24,1799,0.14799599429383795,0.0211904095783301,0.14799599429383795
rff64,1799,0.14799599429383795,0.019396397354452248,0.14799599429383795
rff128,1799,0.14799599429383795,0.019452103058482453,0.14799599429383795
ensemble4x32,1799,0.14799599429383795,0.0182545840534038,0.14799599429383795
rff24,1800,0.10745675558354323,0.014659242223125892,0.10745675558354323
rff64,1800,0.10745675558354323,0.01443397718426341,0.10745675558354323
rff128,1800,0.10745675558354323,0.014300564742514113,0.10745675558354323
ensemble4x32,1800,0.10745675558354323,0.012224567191442848,0.10745675558354323
rff24,1801,0.13541774299441392,0.013527188263553794,0.13541774299441392
rff64,1801,0.13541774299441392,0.01445652262729031,0.13541774299441392
rff128,1801,0.13541774299441392,0.01490452399358317,0.13541774299441392
ensemble4x32,1801,0.13541774299441392,0.014243564539047328,0.13541774299441392
rff24,1802,0.15426916352828846,0.013168944997648356,0.15426916352828846
rff64,1802,0.15426916352828846,0.013168809757284385,0.15426916352828846
rff128,1802,0.15426916352828846,0.015254151476737195,0.15426916352828846
ensemble4x32,1802,0.15426916352828846,0.014876325102530428,0.15426916352828846
rff24,1803,0.14027227162938907,0.01286175514040882,0.14027227162938907
rff64,1803,0.14027227162938907,0.011578724649636265,0.14027227162938907
rff128,1803,0.14027227162938907,0.011712849588143533,0.14027227162938907
ensemble4x32,1803,0.14027227162938907,0.012794539799904157,0.14027227162938907
rff24,1804,0.10065320987986937,0.013410639458871053,0.10065320987986937
rff64,1804,0.10065320987986937,0.012489386549053873,0.10065320987986937
rff128,1804,0.10065320987986937,0.010637465028454307,0.10065320987986937
ensemble4x32,1804,0.10065320987986937,0.010979204169954421,0.10065320987986937
rff24,1805,0.14501685764450778,0.020253639056435915,0.14501685764450778
rff64,1805,0.14501685764450778,0.01908886907625684,0.14501685764450778
rff128,1805,0.14501685764450778,0.017266355751131206,0.14501685764450778
ensemble4x32,1805,0.14501685764450778,0.02038133715046791,0.14501685764450778
rff24,1806,0.10444244402525679,0.015600389671532872,0.10444244402525679
rff64,1806,0.10444244402525679,0.014034766182105418,0.10444244402525679
rff128,1806,0.10444244402525679,0.014191300259994792,0.10444244402525679
ensemble4x32,1806,0.10444244402525679,0.015093988061775847,0.10444244402525679
rff24,1807,0.138920106196978,0.016891734024738838,0.138920106196978
rff64,1807,0.138920106196978,0.01677955353796922,0.138920106196978
rff128,1807,0.138920106196978,0.018946973988157832,0.138920106196978
ensemble4x32,1807,0.138920106196978,0.0169493441295229,0.138920106196978
rff24,1808,0.12145711240349256,0.014249176684374979,0.12145711240349256
rff64,1808,0.12145711240349256,0.013420351939791991,0.12145711240349256
rff128,1808,0.12145711240349256,0.014021475520697099,0.12145711240349256
ensemble4x32,1808,0.12145711240349256,0.012960870327555031,0.12145711240349256
rff24,1809,0.11924085716437634,0.014744804535920064,0.11924085716437634
rff64,1809,0.11924085716437634,0.011728662817575076,0.11924085716437634
rff128,1809,0.11924085716437634,0.013968238598302648,0.11924085716437634
ensemble4x32,1809,0.11924085716437634,0.01080756910987191,0.11924085716437634
rff24,1810,0.12231284423976244,0.016286368056246985,0.12231284423976244
rff64,1810,0.12231284423976244,0.016146606005241572,0.12231284423976244
rff128,1810,0.12231284423976244,0.018026670971981715,0.12231284423976244
ensemble4x32,1810,0.12231284423976244,0.015559849025314269,0.12231284423976244
rff24,1811,0.15316067858992244,0.019346666320255137,0.15316067858992244
rff64,1811,0.15316067858992244,0.020606247164933873,0.15316067858992244
rff128,1811,0.15316067858992244,0.019332700780638656,0.15316067858992244
ensemble4x32,1811,0.15316067858992244,0.020696976415259874,0.15316067858992244
rff24,1812,0.12913671202481894,0.014195558043781129,0.12913671202481894
rff64,1812,0.12913671202481894,0.012014359987848848,0.12913671202481894
rff128,1812,0.12913671202481894,0.014118801327360537,0.12913671202481894
ensemble4x32,1812,0.12913671202481894,0.012624064612105582,0.12913671202481894
rff24,1813,0.1266581551117908,0.018350686152181446,0.1266581551117908
rff64,1813,0.1266581551117908,0.017066295395428192,0.1266581551117908
rff128,1813,0.1266581551117908,0.01557074199477476,0.1266581551117908
ensemble4x32,1813,0.1266581551117908,0.016048347623343246,0.1266581551117908
rff24,1814,0.21710464238595228,0.020456717994541622,0.21710464238595228
rff64,1814,0.21710464238595228,0.027067584513699804,0.21710464238595228
rff128,1814,0.21710464238595228,0.029509265842172477,0.21710464238595228
ensemble4x32,1814,0.21710464238595228,0.03153144146420046,0.21710464238595228
rff24,1815,0.15090994366914573,0.016468570092426398,0.15090994366914573
rff64,1815,0.15090994366914573,0.012701411579375805,0.15090994366914573
rff128,1815,0.15090994366914573,0.015875651161535033,0.15090994366914573
ensemble4x32,1815,0.15090994366914573,0.014126245771533449,0.15090994366914573
rff24,1816,0.13950937864660043,0.021310317986313936,0.13950937864660043
rff64,1816,0.13950937864660043,0.02100653082497712,0.13950937864660043
rff128,1816,0.13950937864660043,0.023914254936321384,0.13950937864660043
ensemble4x32,1816,0.13950937864660043,0.02156987439436381,0.13950937864660043
rff24,1817,0.12447084946781074,0.013880912020269809,0.12447084946781074
rff64,1817,0.12447084946781074,0.016211498290635975,0.12447084946781074
rff128,1817,0.12447084946781074,0.017081190797948564,0.12447084946781074
ensemble4x32,1817,0.12447084946781074,0.015539686892950015,0.12447084946781074
rff24,1818,0.1173440575246016,0.01518420717940958,0.1173440575246016
rff64,1818,0.1173440575246016,0.013684445340182826,0.1173440575246016
rff128,1818,0.1173440575246016,0.015111707203959643,0.1173440575246016
ensemble4x32,1818,0.1173440575246016,0.012988539723509687,0.1173440575246016
rff24,1819,0.10672565886920496,0.010257346642704874,0.10672565886920496
rff64,1819,0.10672565886920496,0.010309118750005139,0.10672565886920496
rff128,1819,0.10672565886920496,0.01146501699864256,0.10672565886920496
ensemble4x32,1819,0.10672565886920496,0.010407106284897001,0.10672565886920496
rff24,1820,0.09357603058042906,0.022634312903427004,0.09357603058042906
rff64,1820,0.09357603058042906,0.021037972805331418,0.09357603058042906
rff128,1820,0.09357603058042906,0.020598193244579163,0.09357603058042906
ensemble4x32,1820,0.09357603058042906,0.02131370664464096,0.09357603058042906
rff24,1821,0.1424732675798282,0.016928279179519567,0.1424732675798282
rff64,1821,0.1424732675798282,0.012710484904331382,0.1424732675798282
rff128,1821,0.1424732675798282,0.013254728525174665,0.1424732675798282
ensemble4x32,1821,0.1424732675798282,0.012902947825591584,0.1424732675798282
rff24,1822,0.11810124097704729,0.013849430795680353,0.11810124097704729
rff64,1822,0.11810124097704729,0.012928278611904173,0.11810124097704729
rff128,1822,0.11810124097704729,0.013207098179541356,0.11810124097704729
ensemble4x32,1822,0.11810124097704729,0.012809797147385312,0.11810124097704729
rff24,1823,0.152247296396993,0.017049076449618443,0.152247296396993
rff64,1823,0.152247296396993,0.015180795824935782,0.152247296396993
rff128,1823,0.152247296396993,0.02467329055231182,0.152247296396993
ensemble4x32,1823,0.152247296396993,0.017330512586961163,0.152247296396993
rff24,1824,0.16324744772281788,0.019412924723868918,0.16324744772281788
rff64,1824,0.16324744772281788,0.019546158443016607,0.16324744772281788
rff128,1824,0.16324744772281788,0.020292069315024957,0.16324744772281788
ensemble4x32,1824,0.16324744772281788,0.01987770289239095,0.16324744772281788
rff24,1825,0.14724969688159348,0.012593522396717849,0.14724969688159348
rff64,1825,0.14724969688159348,0.012515007138904612,0.14724969688159348
rff128,1825,0.14724969688159348,0.013154553603416204,0.14724969688159348
ensemble4x32,1825,0.14724969688159348,0.011625738069554189,0.14724969688159348
rff24,1826,0.13553170274395615,0.012938560507579288,0.13553170274395615
rff64,1826,0.13553170274395615,0.017563829954529656,0.13553170274395615
rff128,1826,0.13553170274395615,0.015688322730106542,0.13553170274395615
ensemble4x32,1826,0.13553170274395615,0.013611512988752569,0.13553170274395615
rff24,1827,0.1282867892626693,0.01631670041237913,0.1282867892626693
rff64,1827,0.1282867892626693,0.01658752246223996,0.1282867892626693
rff128,1827,0.1282867892626693,0.016431556203572912,0.1282867892626693
ensemble4x32,1827,0.1282867892626693,0.015887006379361385,0.1282867892626693
rff24,1828,0.11969144314245664,0.014782782261513886,0.11969144314245664
rff64,1828,0.11969144314245664,0.01327060137885398,0.11969144314245664
rff128,1828,0.11969144314245664,0.014643686439517833,0.11969144314245664
ensemble4x32,1828,0.11969144314245664,0.013999401932983168,0.11969144314245664
rff24,1829,0.12966435774431453,0.013345425517126346,0.12966435774431453
rff64,1829,0.12966435774431453,0.016729292870419472,0.12966435774431453
rff128,1829,0.12966435774431453,0.01570045591388916,0.12966435774431453
ensemble4x32,1829,0.12966435774431453,0.014269078946959893,0.12966435774431453
rff24,1830,0.16359775382538672,0.025293076677732066,0.16359775382538672
rff64,1830,0.16359775382538672,0.02503942245490705,0.16359775382538672
rff128,1830,0.16359775382538672,0.024891308569400913,0.16359775382538672
ensemble4x32,1830,0.16359775382538672,0.02453729663370912,0.16359775382538672
rff24,1831,0.1375454373157963,0.014803846713399786,0.1375454373157963
rff64,1831,0.1375454373157963,0.012457052709014545,0.1375454373157963
rff128,1831,0.1375454373157963,0.013874105342403359,0.1375454373157963
ensemble4x32,1831,0.1375454373157963,0.013601655214455853,0.1375454373157963
rff24,1832,0.16333325883135227,0.014336502214597915,0.16333325883135227
rff64,1832,0.16333325883135227,0.01703960922491956,0.16333325883135227
rff128,1832,0.16333325883135227,0.013901914576428738,0.16333325883135227
ensemble4x32,1832,0.16333325883135227,0.014605687136030552,0.16333325883135227
rff24,1833,0.1664964184921209,0.015041601939567823,0.1664964184921209
rff64,1833,0.1664964184921209,0.01603430363863889,0.1664964184921209
rff128,1833,0.1664964184921209,0.014996986808739515,0.1664964184921209
ensemble4x32,1833,0.1664964184921209,0.013728578744910094,0.1664964184921209
rff24,1834,0.12958046934685097,0.011135985853982408,0.12958046934685097
rff64,1834,0.12958046934685097,0.01161399947654744,0.12958046934685097
rff128,1834,0.12958046934685097,0.015349956760668353,0.12958046934685097
ensemble4x32,1834,0.12958046934685097,0.014482283062192755,0.12958046934685097
rff24,1835,0.10772026625891305,0.013820983597232597,0.10772026625891305
rff64,1835,0.10772026625891305,0.014684724630760015,0.10772026625891305
rff128,1835,0.10772026625891305,0.01427390617193385,0.10772026625891305
ensemble4x32,1835,0.10772026625891305,0.013959516713241315,0.10772026625891305
rff24,1836,0.13640237839674504,0.0149175722408017,0.13640237839674504
rff64,1836,0.13640237839674504,0.01765445656272001,0.13640237839674504
rff128,1836,0.13640237839674504,0.016370852548159762,0.13640237839674504
ensemble4x32,1836,0.13640237839674504,0.01873855079703332,0.13640237839674504
rff24,1837,0.13745270239670562,0.015777458709270574,0.13745270239670562
rff64,1837,0.13745270239670562,0.014774605356163798,0.13745270239670562
rff128,1837,0.13745270239670562,0.015042458950434955,0.13745270239670562
ensemble4x32,1837,0.13745270239670562,0.011835184462669639,0.13745270239670562
rff24,1838,0.16445034780254555,0.01647336193181042,0.16445034780254555
rff64,1838,0.16445034780254555,0.017891216805231102,0.16445034780254555
rff128,1838,0.16445034780254555,0.017549467831312993,0.16445034780254555
ensemble4x32,1838,0.16445034780254555,0.017206430053966507,0.16445034780254555
rff24,1839,0.1100395424295875,0.017273723678175316,0.1100395424295875
rff64,1839,0.1100395424295875,0.017677244564160633,0.1100395424295875
rff128,1839,0.1100395424295875,0.018442479513380922,0.1100395424295875
ensemble4x32,1839,0.1100395424295875,0.017041163210579344,0.1100395424295875
rff24,1840,0.12751001853469623,0.01886554234072338,0.12751001853469623
rff64,1840,0.12751001853469623,0.02376209380559644,0.12751001853469623
rff128,1840,0.12751001853469623,0.01911926320296676,0.12751001853469623
ensemble4x32,1840,0.12751001853469623,0.02018475650913603,0.12751001853469623
rff24,1841,0.11496579344393151,0.01088885494327466,0.11496579344393151
rff64,1841,0.11496579344393151,0.011931182649281134,0.11496579344393151
rff128,1841,0.11496579344393151,0.012099370465591718,0.11496579344393151
ensemble4x32,1841,0.11496579344393151,0.011081899108925404,0.11496579344393151
rff24,1842,0.13393508442319335,0.010193173247683504,0.13393508442319335
rff64,1842,0.13393508442319335,0.01117229308038739,0.13393508442319335
rff128,1842,0.13393508442319335,0.014250307639885402,0.13393508442319335
ensemble4x32,1842,0.13393508442319335,0.012577792011080812,0.13393508442319335
rff24,1843,0.1188468469421661,0.014495563903821238,0.1188468469421661
rff64,1843,0.1188468469421661,0.01643940786706163,0.1188468469421661
rff128,1843,0.1188468469421661,0.01636037822448893,0.1188468469421661
ensemble4x32,1843,0.1188468469421661,0.01788495233302934,0.1188468469421661
rff24,1844,0.13324431024142563,0.011744811504777582,0.13324431024142563
rff64,1844,0.13324431024142563,0.01170884181900882,0.13324431024142563
rff128,1844,0.13324431024142563,0.011994131693515599,0.13324431024142563
ensemble4x32,1844,0.13324431024142563,0.011980850326088928,0.13324431024142563
rff24,1845,0.13132399534428135,0.018187552610494543,0.13132399534428135
rff64,1845,0.13132399534428135,0.018565580785150637,0.13132399534428135
rff128,1845,0.13132399534428135,0.018552587643253928,0.13132399534428135
ensemble4x32,1845,0.13132399534428135,0.01653013572542624,0.13132399534428135
rff24,1846,0.11905542283336955,0.011599031176333935,0.11905542283336955
rff64,1846,0.11905542283336955,0.015716433356570244,0.11905542283336955
rff128,1846,0.11905542283336955,0.014637066659177514,0.11905542283336955
ensemble4x32,1846,0.11905542283336955,0.013996354145086015,0.11905542283336955
rff24,1847,0.15127520544232564,0.01572114383093346,0.15127520544232564
rff64,1847,0.15127520544232564,0.01442767113265767,0.15127520544232564
rff128,1847,0.15127520544232564,0.017588540621731673,0.15127520544232564
ensemble4x32,1847,0.15127520544232564,0.01504223828029894,0.15127520544232564
rff24,1848,0.11469535144226325,0.015408662683666427,0.11469535144226325
rff64,1848,0.11469535144226325,0.014640035107255723,0.11469535144226325
rff128,1848,0.11469535144226325,0.01512180215205689,0.11469535144226325
ensemble4x32,1848,0.11469535144226325,0.014949930272080348,0.11469535144226325
rff24,1849,0.11320410508697219,0.011763646759598418,0.11320410508697219
rff64,1849,0.11320410508697219,0.013533479294492447,0.11320410508697219
rff128,1849,0.11320410508697219,0.012892204382394652,0.11320410508697219
ensemble4x32,1849,0.11320410508697219,0.015214408762646438,0.11320410508697219
rff24,1850,0.10498168566224632,0.011600956667747403,0.10498168566224632
rff64,1850,0.10498168566224632,0.013615027163389934,0.10498168566224632
rff128,1850,0.10498168566224632,0.01447472587862214,0.10498168566224632
ensemble4x32,1850,0.10498168566224632,0.010628754362210606,0.10498168566224632
rff24,1851,0.15576634840321527,0.013332951490752068,0.15576634840321527
rff64,1851,0.15576634840321527,0.012853837295960003,0.15576634840321527
rff128,1851,0.15576634840321527,0.015423078096161467,0.15576634840321527
ensemble4x32,1851,0.15576634840321527,0.012636938343220395,0.15576634840321527
rff24,1852,0.20063421259024852,0.015929370200806457,0.20063421259024852
rff64,1852,0.20063421259024852,0.021533214887182354,0.20063421259024852
rff128,1852,0.20063421259024852,0.020197923084192864,0.20063421259024852
ensemble4x32,1852,0.20063421259024852,0.018711445124377616,0.20063421259024852
rff24,1853,0.1533626671566829,0.01459523021456844,0.1533626671566829
rff64,1853,0.1533626671566829,0.014840482487392498,0.1533626671566829
rff128,1853,0.1533626671566829,0.014613912670794031,0.1533626671566829
ensemble4x32,1853,0.1533626671566829,0.013068894694934673,0.1533626671566829
rff24,1854,0.13077621494348288,0.014285041112196518,0.13077621494348288
rff64,1854,0.13077621494348288,0.017089036921075905,0.13077621494348288
rff128,1854,0.13077621494348288,0.015828187687080334,0.13077621494348288
ensemble4x32,1854,0.13077621494348288,0.01608966485927922,0.13077621494348288
rff24,1855,0.1509901801800961,0.013558657910787817,0.1509901801800961
rff64,1855,0.1509901801800961,0.013092438776942158,0.1509901801800961
rff128,1855,0.1509901801800961,0.013214990648077402,0.1509901801800961
ensemble4x32,1855,0.1509901801800961,0.012653633153690357,0.1509901801800961
rff24,1856,0.1534292606220799,0.0138023408672013,0.1534292606220799
rff64,1856,0.1534292606220799,0.012565189715700736,0.1534292606220799
rff128,1856,0.1534292606220799,0.013569290392619114,0.1534292606220799
ensemble4x32,1856,0.1534292606220799,0.01310654052561574,0.1534292606220799
rff24,1857,0.13138145813307042,0.017034282013274872,0.13138145813307042
rff64,1857,0.13138145813307042,0.01463883736575792,0.13138145813307042
rff128,1857,0.13138145813307042,0.015858126633903288,0.13138145813307042
ensemble4x32,1857,0.13138145813307042,0.015220029787828774,0.13138145813307042
rff24,1858,0.12274123709165045,0.011294309649271129,0.12274123709165045
rff64,1858,0.12274123709165045,0.010750657025946922,0.12274123709165045
rff128,1858,0.12274123709165045,0.012629412659543548,0.12274123709165045
ensemble4x32,1858,0.12274123709165045,0.011627302161266534,0.12274123709165045
rff24,1859,0.12444641563673908,0.014187584452245994,0.12444641563673908
rff64,1859,0.12444641563673908,0.014815571913061593,0.12444641563673908
rff128,1859,0.12444641563673908,0.014411199944284029,0.12444641563673908
ensemble4x32,1859,0.12444641563673908,0.012723181664994367,0.12444641563673908
rff24,1860,0.11521370108814516,0.01613329456308207,0.11521370108814516
rff64,1860,0.11521370108814516,0.01615856006810707,0.11521370108814516
rff128,1860,0.11521370108814516,0.015313568095674468,0.11521370108814516
ensemble4x32,1860,0.11521370108814516,0.014376237947669056,0.11521370108814516
rff24,1861,0.11694676581745139,0.01918640300797078,0.11694676581745139
rff64,1861,0.11694676581745139,0.01938221148953458,0.11694676581745139
rff128,1861,0.11694676581745139,0.019624082665725618,0.11694676581745139
ensemble4x32,1861,0.11694676581745139,0.018739476310602073,0.11694676581745139
rff24,1862,0.13716279777273951,0.019505258726338796,0.13716279777273951
rff64,1862,0.13716279777273951,0.018967317315513186,0.13716279777273951
rff128,1862,0.13716279777273951,0.02044639214365571,0.13716279777273951
ensemble4x32,1862,0.13716279777273951,0.01971898038525471,0.13716279777273951
rff24,1863,0.11943881066265523,0.014957155172840023,0.11943881066265523
rff64,1863,0.11943881066265523,0.01569027452598266,0.11943881066265523
rff128,1863,0.11943881066265523,0.014674593516237735,0.11943881066265523
ensemble4x32,1863,0.11943881066265523,0.012714051717282852,0.11943881066265523
rff24,1864,0.12948358678128466,0.018452022191161654,0.12948358678128466
rff64,1864,0.12948358678128466,0.017966869064879026,0.12948358678128466
rff128,1864,0.12948358678128466,0.01627392168860088,0.12948358678128466
ensemble4x32,1864,0.12948358678128466,0.016366314868749017,0.12948358678128466
rff24,1865,0.1499614685870191,0.011958621693036983,0.1499614685870191
rff64,1865,0.1499614685870191,0.0130091696918294,0.1499614685870191
rff128,1865,0.1499614685870191,0.013773718945361155,0.1499614685870191
ensemble4x32,1865,0.1499614685870191,0.011900037635651643,0.1499614685870191
rff24,1866,0.11501905463072681,0.013054589577824766,0.11501905463072681
rff64,1866,0.11501905463072681,0.014920408621047605,0.11501905463072681
rff128,1866,0.11501905463072681,0.015466993546832283,0.11501905463072681
ensemble4x32,1866,0.11501905463072681,0.017058004645010685,0.11501905463072681
rff24,1867,0.13695068554729553,0.015685508614766842,0.13695068554729553
rff64,1867,0.13695068554729553,0.02063069364347135,0.13695068554729553
rff128,1867,0.13695068554729553,0.02161865221427734,0.13695068554729553
ensemble4x32,1867,0.13695068554729553,0.018185940003025952,0.13695068554729553
rff24,1868,0.13812292572730595,0.013195701485056898,0.13812292572730595
rff64,1868,0.13812292572730595,0.012742431507517932,0.13812292572730595
rff128,1868,0.13812292572730595,0.015135087603261104,0.13812292572730595
ensemble4x32,1868,0.13812292572730595,0.012671479501468703,0.13812292572730595
rff24,1869,0.10904366198906809,0.01755561625811075,0.10904366198906809
rff64,1869,0.10904366198906809,0.013791003625694725,0.10904366198906809
rff128,1869,0.10904366198906809,0.012637513753257282,0.10904366198906809
ensemble4x32,1869,0.10904366198906809,0.013815592456774545,0.10904366198906809
rff24,1870,0.13730810024235252,0.013293812455823404,0.13730810024235252
rff64,1870,0.13730810024235252,0.01507719894488427,0.13730810024235252
rff128,1870,0.13730810024235252,0.017417111422257867,0.13730810024235252
ensemble4x32,1870,0.13730810024235252,0.015289342166283014,0.13730810024235252
rff24,1871,0.14577162582174066,0.016705227419115544,0.14577162582174066
rff64,1871,0.14577162582174066,0.014247850362225038,0.14577162582174066
rff128,1871,0.14577162582174066,0.016145224527229125,0.14577162582174066
ensemble4x32,1871,0.14577162582174066,0.014292313931725923,0.14577162582174066
rff24,1872,0.12988771414295225,0.011283432614639599,0.12988771414295225
rff64,1872,0.12988771414295225,0.012748107331813675,0.12988771414295225
rff128,1872,0.12988771414295225,0.012694556032066092,0.12988771414295225
ensemble4x32,1872,0.12988771414295225,0.011120450046561155,0.12988771414295225
rff24,1873,0.09259479299789553,0.010416611274191414,0.09259479299789553
rff64,1873,0.09259479299789553,0.011869324161530938,0.09259479299789553
rff128,1873,0.09259479299789553,0.010901751145225378,0.09259479299789553
ensemble4x32,1873,0.09259479299789553,0.010588221922783551,0.09259479299789553
rff24,1874,0.12609905711434616,0.018354131546261556,0.12609905711434616
rff64,1874,0.12609905711434616,0.0154803277399729,0.12609905711434616
rff128,1874,0.12609905711434616,0.01646340640799063,0.12609905711434616
ensemble4x32,1874,0.12609905711434616,0.01510221730473043,0.12609905711434616
rff24,1875,0.17300034458391467,0.02611645469314479,0.17300034458391467
rff64,1875,0.17300034458391467,0.029086628873362684,0.17300034458391467
rff128,1875,0.17300034458391467,0.03034548738745551,0.17300034458391467
ensemble4x32,1875,0.17300034458391467,0.03406014874017718,0.17300034458391467
rff24,1876,0.14933559439357114,0.026863503402600086,0.14933559439357114
rff64,1876,0.14933559439357114,0.02772216100922571,0.14933559439357114
rff128,1876,0.14933559439357114,0.02332777957130456,0.14933559439357114
ensemble4x32,1876,0.14933559439357114,0.024986228502309634,0.14933559439357114
rff24,1877,0.11400238751241211,0.01593064535720942,0.11400238751241211
rff64,1877,0.11400238751241211,0.020423010430832254,0.11400238751241211
rff128,1877,0.11400238751241211,0.01908448599019781,0.11400238751241211
ensemble4x32,1877,0.11400238751241211,0.017926583342580536,0.11400238751241211
rff24,1878,0.13258532395336997,0.015745261195116114,0.13258532395336997
rff64,1878,0.13258532395336997,0.016128176444167783,0.13258532395336997
rff128,1878,0.13258532395336997,0.016327001995929107,0.13258532395336997
ensemble4x32,1878,0.13258532395336997,0.015519057910692965,0.13258532395336997
rff24,1879,0.13983766957215676,0.017028679026090725,0.13983766957215676
rff64,1879,0.13983766957215676,0.015827215933607693,0.13983766957215676
rff128,1879,0.13983766957215676,0.01569446808248249,0.13983766957215676
ensemble4x32,1879,0.13983766957215676,0.015363777234685586,0.13983766957215676
rff24,1880,0.17486130955247522,0.024333120143765402,0.17486130955247522
rff64,1880,0.17486130955247522,0.02819113010949308,0.17486130955247522
rff128,1880,0.17486130955247522,0.0242535873332905,0.17486130955247522
ensemble4x32,1880,0.17486130955247522,0.021486394346003208,0.17486130955247522
rff24,1881,0.10616218203517067,0.010931048642910718,0.10616218203517067
rff64,1881,0.10616218203517067,0.011866444096682367,0.10616218203517067
rff128,1881,0.10616218203517067,0.012432067708514105,0.10616218203517067
ensemble4x32,1881,0.10616218203517067,0.010231237849053313,0.10616218203517067
rff24,1882,0.1545821551077843,0.014276350020955276,0.1545821551077843
rff64,1882,0.1545821551077843,0.014377576978217088,0.1545821551077843
rff128,1882,0.1545821551077843,0.01400244084509562,0.1545821551077843
ensemble4x32,1882,0.1545821551077843,0.012327562254095994,0.1545821551077843
rff24,1883,0.14017075716416225,0.016535415619350676,0.14017075716416225
rff64,1883,0.14017075716416225,0.015593568831554262,0.14017075716416225
rff128,1883,0.14017075716416225,0.015044232259092733,0.14017075716416225
ensemble4x32,1883,0.14017075716416225,0.01576718116447771,0.14017075716416225
rff24,1884,0.14664870174307124,0.024720069666055448,0.14664870174307124
rff64,1884,0.14664870174307124,0.02457425177521185,0.14664870174307124
rff128,1884,0.14664870174307124,0.024279593311803304,0.14664870174307124
ensemble4x32,1884,0.14664870174307124,0.02173647602147211,0.14664870174307124
rff24,1885,0.17533279341321273,0.019571680204736725,0.17533279341321273
rff64,1885,0.17533279341321273,0.02007660278717349,0.17533279341321273
rff128,1885,0.17533279341321273,0.02145917931276022,0.17533279341321273
ensemble4x32,1885,0.17533279341321273,0.0181255251605486,0.17533279341321273
rff24,1886,0.16943287185223005,0.02099507214344154,0.16943287185223005
rff64,1886,0.16943287185223005,0.014627495137518078,0.16943287185223005
rff128,1886,0.16943287185223005,0.01744618610695426,0.16943287185223005
ensemble4x32,1886,0.16943287185223005,0.01596878012891756,0.16943287185223005
rff24,1887,0.12302190805703266,0.012705207754078877,0.12302190805703266
rff64,1887,0.12302190805703266,0.016712569290524112,0.12302190805703266
rff128,1887,0.12302190805703266,0.016417191913585073,0.12302190805703266
ensemble4x32,1887,0.12302190805703266,0.013619310927198609,0.12302190805703266
rff24,1888,0.12257091510634295,0.014665197276643855,0.12257091510634295
rff64,1888,0.12257091510634295,0.016163166855386664,0.12257091510634295
rff128,1888,0.12257091510634295,0.015737993968284555,0.12257091510634295
ensemble4x32,1888,0.12257091510634295,0.015089047021887557,0.12257091510634295
rff24,1889,0.10246084989831317,0.016762772990252056,0.10246084989831317
rff64,1889,0.10246084989831317,0.020353595969232276,0.10246084989831317
rff128,1889,0.10246084989831317,0.014053035171291544,0.10246084989831317
ensemble4x32,1889,0.10246084989831317,0.016784689465569755,0.10246084989831317
rff24,1890,0.18203639647190126,0.03062654213463806,0.18203639647190126
rff64,1890,0.18203639647190126,0.027769338192756433,0.18203639647190126
rff128,1890,0.18203639647190126,0.031210680873504877,0.18203639647190126
ensemble4x32,1890,0.18203639647190126,0.030115092750991366,0.18203639647190126
rff24,1891,0.1111179722998383,0.012739780572056953,0.1111179722998383
rff64,1891,0.1111179722998383,0.009066471187028259,0.1111179722998383
rff128,1891,0.1111179722998383,0.010174533003478524,0.1111179722998383
ensemble4x32,1891,0.1111179722998383,0.010440741209291197,0.1111179722998383
rff24,1892,0.1458810061888674,0.014328283274096281,0.1458810061888674
rff64,1892,0.1458810061888674,0.015171748501673236,0.1458810061888674
rff128,1892,0.1458810061888674,0.014703211116910937,0.1458810061888674
ensemble4x32,1892,0.1458810061888674,0.01387602179898625,0.1458810061888674
rff24,1893,0.11934305047876073,0.012661836184357388,0.11934305047876073
rff64,1893,0.11934305047876073,0.012940732873218607,0.11934305047876073
rff128,1893,0.11934305047876073,0.013132438622449998,0.11934305047876073
ensemble4x32,1893,0.11934305047876073,0.012046128394965043,0.11934305047876073
rff24,1894,0.1691304596329116,0.019092285557286884,0.1691304596329116
rff64,1894,0.1691304596329116,0.01648983389025615,0.1691304596329116
rff128,1894,0.1691304596329116,0.016998996542206865,0.1691304596329116
ensemble4x32,1894,0.1691304596329116,0.014597342330706432,0.1691304596329116
rff24,1895,0.1195292664452836,0.010931204216318591,0.1195292664452836
rff64,1895,0.1195292664452836,0.012549017176253592,0.1195292664452836
rff128,1895,0.1195292664452836,0.012729497411056275,0.1195292664452836
ensemble4x32,1895,0.1195292664452836,0.011425626789883764,0.1195292664452836
rff24,1896,0.1152280577993957,0.01486659731297549,0.1152280577993957
rff64,1896,0.1152280577993957,0.011665107669540726,0.1152280577993957
rff128,1896,0.1152280577993957,0.010313926518718656,0.1152280577993957
ensemble4x32,1896,0.1152280577993957,0.010903033855928659,0.1152280577993957
rff24,1897,0.14454034663650833,0.021264612502533607,0.14454034663650833
rff64,1897,0.14454034663650833,0.015532700423369296,0.14454034663650833
rff128,1897,0.14454034663650833,0.019627218186269356,0.14454034663650833
ensemble4x32,1897,0.14454034663650833,0.016922458298280495,0.14454034663650833
rff24,1898,0.10441218943622321,0.013884288555458243,0.10441218943622321
rff64,1898,0.10441218943622321,0.012293678127465192,0.10441218943622321
rff128,1898,0.10441218943622321,0.016395577929508083,0.10441218943622321
ensemble4x32,1898,0.10441218943622321,0.011952305003114666,0.10441218943622321
rff24,1899,0.16050566979222147,0.015467056657959548,0.16050566979222147
rff64,1899,0.16050566979222147,0.013826712142948281,0.16050566979222147
rff128,1899,0.16050566979222147,0.015423981890789352,0.16050566979222147
ensemble4x32,1899,0.16050566979222147,0.013723375010973184,0.16050566979222147
rff24,1900,0.1134405030314475,0.016597087384136747,0.1134405030314475
rff64,1900,0.1134405030314475,0.011924802152481906,0.1134405030314475
rff128,1900,0.1134405030314475,0.014269135701665634,0.1134405030314475
ensemble4x32,1900,0.1134405030314475,0.012169708726862492,0.1134405030314475
rff24,1901,0.11608956319319716,0.01635962703899263,0.11608956319319716
rff64,1901,0.11608956319319716,0.018393641719495542,0.11608956319319716
rff128,1901,0.11608956319319716,0.014205174904068701,0.11608956319319716
ensemble4x32,1901,0.11608956319319716,0.01469384330395785,0.11608956319319716
rff24,1902,0.12211849546096809,0.018272259465380886,0.12211849546096809
rff64,1902,0.12211849546096809,0.01622832777681414,0.12211849546096809
rff128,1902,0.12211849546096809,0.01710312992518831,0.12211849546096809
ensemble4x32,1902,0.12211849546096809,0.01598642837756291,0.12211849546096809
rff24,1903,0.11934540748613602,0.011883024308276747,0.11934540748613602
rff64,1903,0.11934540748613602,0.014706548949164615,0.11934540748613602
rff128,1903,0.11934540748613602,0.014359585404804651,0.11934540748613602
ensemble4x32,1903,0.11934540748613602,0.015757794461235264,0.11934540748613602
rff24,1904,0.13445838766858154,0.018380011479341755,0.13445838766858154
rff64,1904,0.13445838766858154,0.016085654807761026,0.13445838766858154
rff128,1904,0.13445838766858154,0.01870205557778432,0.13445838766858154
ensemble4x32,1904,0.13445838766858154,0.01898739451905453,0.13445838766858154
rff24,1905,0.1407239275256896,0.02060045084280653,0.1407239275256896
rff64,1905,0.1407239275256896,0.01994218863120341,0.1407239275256896
rff128,1905,0.1407239275256896,0.019561923015243562,0.1407239275256896
ensemble4x32,1905,0.1407239275256896,0.022410516098837104,0.1407239275256896
rff24,1906,0.14678961832521153,0.018854261614517094,0.14678961832521153
rff64,1906,0.14678961832521153,0.0165968500980869,0.14678961832521153
rff128,1906,0.14678961832521153,0.01712258852020109,0.14678961832521153
ensemble4x32,1906,0.14678961832521153,0.016419352043972168,0.14678961832521153
rff24,1907,0.1552189423828935,0.017489735602655515,0.1552189423828935
rff64,1907,0.1552189423828935,0.017004595255532502,0.1552189423828935
rff128,1907,0.1552189423828935,0.01890363762708838,0.1552189423828935
ensemble4x32,1907,0.1552189423828935,0.015443383501113628,0.1552189423828935
rff24,1908,0.11149173607085018,0.012399408002731083,0.11149173607085018
rff64,1908,0.11149173607085018,0.013119915180265085,0.11149173607085018
rff128,1908,0.11149173607085018,0.013710733945363773,0.11149173607085018
ensemble4x32,1908,0.11149173607085018,0.014618842747401106,0.11149173607085018
rff24,1909,0.12388480524613425,0.015176396251969078,0.12388480524613425
rff64,1909,0.12388480524613425,0.014462425435912382,0.12388480524613425
rff128,1909,0.12388480524613425,0.013632262964811077,0.12388480524613425
ensemble4x32,1909,0.12388480524613425,0.013383397051494175,0.12388480524613425
rff24,1910,0.09793967252058634,0.013925420841767313,0.09793967252058634
rff64,1910,0.09793967252058634,0.01473076406091524,0.09793967252058634
rff128,1910,0.09793967252058634,0.013589265679714288,0.09793967252058634
ensemble4x32,1910,0.09793967252058634,0.014191055751241015,0.09793967252058634
rff24,1911,0.12796946827293942,0.016916721631978753,0.12796946827293942
rff64,1911,0.12796946827293942,0.014132221318473323,0.12796946827293942
rff128,1911,0.12796946827293942,0.014239560508914851,0.12796946827293942
ensemble4x32,1911,0.12796946827293942,0.013863458348620244,0.12796946827293942
rff24,1912,0.12673953498642895,0.01516928673060638,0.12673953498642895
rff64,1912,0.12673953498642895,0.012943333549611365,0.12673953498642895
rff128,1912,0.12673953498642895,0.014711700533569594,0.12673953498642895
ensemble4x32,1912,0.12673953498642895,0.012403099865823317,0.12673953498642895
rff24,1913,0.17490645655028925,0.02096415988823327,0.17490645655028925
rff64,1913,0.17490645655028925,0.019253890318482816,0.17490645655028925
rff128,1913,0.17490645655028925,0.020965769213337246,0.17490645655028925
ensemble4x32,1913,0.17490645655028925,0.020231738657160842,0.17490645655028925
rff24,1914,0.1286375620786839,0.014517263107290465,0.1286375620786839
rff64,1914,0.1286375620786839,0.01202795873654816,0.1286375620786839
rff128,1914,0.1286375620786839,0.01297899182804629,0.1286375620786839
ensemble4x32,1914,0.1286375620786839,0.01282616888176156,0.1286375620786839
rff24,1915,0.11441200542418101,0.015402645655122716,0.11441200542418101
rff64,1915,0.11441200542418101,0.017074299376579862,0.11441200542418101
rff128,1915,0.11441200542418101,0.013980253439974626,0.11441200542418101
ensemble4x32,1915,0.11441200542418101,0.017998527223959067,0.11441200542418101
rff24,1916,0.20468098650379918,0.0234519452833346,0.20468098650379918
rff64,1916,0.20468098650379918,0.021587008805526903,0.20468098650379918
rff128,1916,0.20468098650379918,0.020070248126166926,0.20468098650379918
ensemble4x32,1916,0.20468098650379918,0.024055843423536692,0.20468098650379918
rff24,1917,0.11772506679755448,0.012718396761885629,0.11772506679755448
rff64,1917,0.11772506679755448,0.014840780410535423,0.11772506679755448
rff128,1917,0.11772506679755448,0.01758584625843734,0.11772506679755448
ensemble4x32,1917,0.11772506679755448,0.01815438154579282,0.11772506679755448
rff24,1918,0.15099052452553216,0.019492882841996236,0.15099052452553216
rff64,1918,0.15099052452553216,0.014479550060583588,0.15099052452553216
rff128,1918,0.15099052452553216,0.017629714750464223,0.15099052452553216
ensemble4x32,1918,0.15099052452553216,0.0165409195734592,0.15099052452553216
rff24,1919,0.10422881568285323,0.011849320540157754,0.10422881568285323
rff64,1919,0.10422881568285323,0.011134592110499974,0.10422881568285323
rff128,1919,0.10422881568285323,0.011676282013173993,0.10422881568285323
ensemble4x32,1919,0.10422881568285323,0.012087880629481476,0.10422881568285323
rff24,1920,0.12356561110443373,0.017536379290041797,0.12356561110443373
rff64,1920,0.12356561110443373,0.016726424873964793,0.12356561110443373
rff128,1920,0.12356561110443373,0.013501410054065112,0.12356561110443373
ensemble4x32,1920,0.12356561110443373,0.014702260135421634,0.12356561110443373
rff24,1921,0.10366787301888976,0.014951509705874989,0.10366787301888976
rff64,1921,0.10366787301888976,0.014398319584079658,0.10366787301888976
rff128,1921,0.10366787301888976,0.015393140382508977,0.10366787301888976
ensemble4x32,1921,0.10366787301888976,0.013725321984757035,0.10366787301888976
rff24,1922,0.18959431053548237,0.02546070632247216,0.18959431053548237
rff64,1922,0.18959431053548237,0.02735921296143391,0.18959431053548237
rff128,1922,0.18959431053548237,0.0244420440344134,0.18959431053548237
ensemble4x32,1922,0.18959431053548237,0.02299784544702716,0.18959431053548237
rff24,1923,0.10963425650697949,0.010428016183457461,0.10963425650697949
rff64,1923,0.10963425650697949,0.010894622659050824,0.10963425650697949
rff128,1923,0.10963425650697949,0.010507965750443816,0.10963425650697949
ensemble4x32,1923,0.10963425650697949,0.010139770785810721,0.10963425650697949
rff24,1924,0.09185985328146613,0.013677676655982306,0.09185985328146613
rff64,1924,0.09185985328146613,0.012504804397207678,0.09185985328146613
rff128,1924,0.09185985328146613,0.011692130799297028,0.09185985328146613
ensemble4x32,1924,0.09185985328146613,0.012308696519547746,0.09185985328146613
rff24,1925,0.10185873805519548,0.01287147385025101,0.10185873805519548
rff64,1925,0.10185873805519548,0.013960041750741734,0.10185873805519548
rff128,1925,0.10185873805519548,0.015858981905855336,0.10185873805519548
ensemble4x32,1925,0.10185873805519548,0.013097049210931636,0.10185873805519548
rff24,1926,0.1919225498355899,0.02816573846024635,0.1919225498355899
rff64,1926,0.1919225498355899,0.02463633006217444,0.1919225498355899
rff128,1926,0.1919225498355899,0.028391184360580635,0.1919225498355899
ensemble4x32,1926,0.1919225498355899,0.024390806998478978,0.1919225498355899
rff24,1927,0.13413153675393388,0.012542640626340121,0.13413153675393388
rff64,1927,0.13413153675393388,0.012021558342001635,0.13413153675393388
rff128,1927,0.13413153675393388,0.010675731715950494,0.13413153675393388
ensemble4x32,1927,0.13413153675393388,0.009827918423374988,0.13413153675393388
rff24,1928,0.15352659336603416,0.01702467695420008,0.15352659336603416
rff64,1928,0.15352659336603416,0.016351459569742804,0.15352659336603416
rff128,1928,0.15352659336603416,0.016041320430435817,0.15352659336603416
ensemble4x32,1928,0.15352659336603416,0.01449322296419373,0.15352659336603416
rff24,1929,0.1376497849101323,0.017400664299879916,0.1376497849101323
rff64,1929,0.1376497849101323,0.01592742966090205,0.1376497849101323
rff128,1929,0.1376497849101323,0.0180053336030758,0.1376497849101323
ensemble4x32,1929,0.1376497849101323,0.01500136594349427,0.1376497849101323
rff24,1930,0.1319639017209151,0.021377770233427348,0.1319639017209151
rff64,1930,0.1319639017209151,0.023407742900290126,0.1319639017209151
rff128,1930,0.1319639017209151,0.019717263335857684,0.1319639017209151
ensemble4x32,1930,0.1319639017209151,0.020167460311289315,0.1319639017209151
rff24,1931,0.1193358805232368,0.014976437508080778,0.1193358805232368
rff64,1931,0.1193358805232368,0.017648721292230565,0.1193358805232368
rff128,1931,0.1193358805232368,0.016821515486651964,0.1193358805232368
ensemble4x32,1931,0.1193358805232368,0.016012602697226694,0.1193358805232368
rff24,1932,0.14404025264096268,0.015024877162054593,0.14404025264096268
rff64,1932,0.14404025264096268,0.012451689881103813,0.14404025264096268
rff128,1932,0.14404025264096268,0.014737868452908998,0.14404025264096268
ensemble4x32,1932,0.14404025264096268,0.014204257308327783,0.14404025264096268
rff24,1933,0.12807929397315454,0.015592208835367464,0.12807929397315454
rff64,1933,0.12807929397315454,0.01497991004513541,0.12807929397315454
rff128,1933,0.12807929397315454,0.014018309623215791,0.12807929397315454
ensemble4x32,1933,0.12807929397315454,0.013252650271195782,0.12807929397315454
rff24,1934,0.10879329848995282,0.015586239486616233,0.10879329848995282
rff64,1934,0.10879329848995282,0.015637455178293784,0.10879329848995282
rff128,1934,0.10879329848995282,0.013976864158522114,0.10879329848995282
ensemble4x32,1934,0.10879329848995282,0.014750759438930536,0.10879329848995282
rff24,1935,0.1432502245678136,0.01662739744786805,0.1432502245678136
rff64,1935,0.1432502245678136,0.016528909443211347,0.1432502245678136
rff128,1935,0.1432502245678136,0.017323532032475764,0.1432502245678136
ensemble4x32,1935,0.1432502245678136,0.018151971763254175,0.1432502245678136
rff24,1936,0.15837549992873237,0.03037997511576396,0.15837549992873237
rff64,1936,0.15837549992873237,0.029020219817976693,0.15837549992873237
rff128,1936,0.15837549992873237,0.026815935624648516,0.15837549992873237
ensemble4x32,1936,0.15837549992873237,0.02678077846972543,0.15837549992873237
rff24,1937,0.13238187238676327,0.013752019937091757,0.13238187238676327
rff64,1937,0.13238187238676327,0.016992195556183247,0.13238187238676327
rff128,1937,0.13238187238676327,0.014027399529748347,0.13238187238676327
ensemble4x32,1937,0.13238187238676327,0.016333341210885303,0.13238187238676327
rff24,1938,0.16986597445050688,0.02275451542886237,0.16986597445050688
rff64,1938,0.16986597445050688,0.02338454338721827,0.16986597445050688
rff128,1938,0.16986597445050688,0.020735715580577685,0.16986597445050688
ensemble4x32,1938,0.16986597445050688,0.021223356527759727,0.16986597445050688
rff24,1939,0.11341925353049159,0.017296627201953286,0.11341925353049159
rff64,1939,0.11341925353049159,0.015689347970409006,0.11341925353049159
rff128,1939,0.11341925353049159,0.013992349432117253,0.11341925353049159
ensemble4x32,1939,0.11341925353049159,0.016529008487247317,0.11341925353049159
rff24,1940,0.12224398982912942,0.017416034824064328,0.12224398982912942
rff64,1940,0.12224398982912942,0.013964345093598925,0.12224398982912942
rff128,1940,0.12224398982912942,0.015782227052468106,0.12224398982912942
ensemble4x32,1940,0.12224398982912942,0.014608036920548958,0.12224398982912942
rff24,1941,0.13348182066089845,0.016308571013293097,0.13348182066089845
rff64,1941,0.13348182066089845,0.013680181993862062,0.13348182066089845
rff128,1941,0.13348182066089845,0.015150762237753518,0.13348182066089845
ensemble4x32,1941,0.13348182066089845,0.013219152841235319,0.13348182066089845
rff24,1942,0.11346402181667686,0.00935947151875359,0.11346402181667686
rff64,1942,0.11346402181667686,0.01693953114529117,0.11346402181667686
rff128,1942,0.11346402181667686,0.011793730174206239,0.11346402181667686
ensemble4x32,1942,0.11346402181667686,0.010333382815616438,0.11346402181667686
rff24,1943,0.11881045495547558,0.01712236715853491,0.11881045495547558
rff64,1943,0.11881045495547558,0.01412040993756549,0.11881045495547558
rff128,1943,0.11881045495547558,0.01827496861300524,0.11881045495547558
ensemble4x32,1943,0.11881045495547558,0.01462938427249158,0.11881045495547558
rff24,1944,0.18921016002547877,0.023543858666094732,0.18921016002547877
rff64,1944,0.18921016002547877,0.022997803498338215,0.18921016002547877
rff128,1944,0.18921016002547877,0.022576537248581562,0.18921016002547877
ensemble4x32,1944,0.18921016002547877,0.022344088211839655,0.18921016002547877
rff24,1945,0.15997593350805714,0.020975575504744614,0.15997593350805714
rff64,1945,0.15997593350805714,0.016718054340406494,0.15997593350805714
rff128,1945,0.15997593350805714,0.01800493142169462,0.15997593350805714
ensemble4x32,1945,0.15997593350805714,0.016700603366589628,0.15997593350805714
rff24,1946,0.12193646645147682,0.018389726222052205,0.12193646645147682
rff64,1946,0.12193646645147682,0.015228166487261812,0.12193646645147682
rff128,1946,0.12193646645147682,0.015058104898577921,0.12193646645147682
ensemble4x32,1946,0.12193646645147682,0.013361944931358928,0.12193646645147682
rff24,1947,0.11141797111295672,0.013394255717100652,0.11141797111295672
rff64,1947,0.11141797111295672,0.014394554822506043,0.11141797111295672
rff128,1947,0.11141797111295672,0.012677785341377612,0.11141797111295672
ensemble4x32,1947,0.11141797111295672,0.014036463381039688,0.11141797111295672
rff24,1948,0.16917337266190227,0.015594506113530348,0.16917337266190227
rff64,1948,0.16917337266190227,0.015623200271154943,0.16917337266190227
rff128,1948,0.16917337266190227,0.0159208607477155,0.16917337266190227
ensemble4x32,1948,0.16917337266190227,0.015097345023030562,0.16917337266190227
rff24,1949,0.13684256711697554,0.01544653212605353,0.13684256711697554
rff64,1949,0.13684256711697554,0.014348397398675624,0.13684256711697554
rff128,1949,0.13684256711697554,0.014447523255160103,0.13684256711697554
ensemble4x32,1949,0.13684256711697554,0.01448462146450847,0.13684256711697554
rff24,1950,0.14304637300271597,0.020042228116875848,0.14304637300271597
rff64,1950,0.14304637300271597,0.02507838625764657,0.14304637300271597
rff128,1950,0.14304637300271597,0.026891482044472455,0.14304637300271597
ensemble4x32,1950,0.14304637300271597,0.02323330848485773,0.14304637300271597
rff24,1951,0.12703136074639015,0.011830786735466144,0.12703136074639015
rff64,1951,0.12703136074639015,0.013434488112232258,0.12703136074639015
rff128,1951,0.12703136074639015,0.01209345403020138,0.12703136074639015
ensemble4x32,1951,0.12703136074639015,0.011835823632371512,0.12703136074639015
rff24,1952,0.1340701440639817,0.01564757026308978,0.1340701440639817
rff64,1952,0.1340701440639817,0.016336635365637883,0.1340701440639817
rff128,1952,0.1340701440639817,0.016901058250036332,0.1340701440639817
ensemble4x32,1952,0.1340701440639817,0.01530772022864177,0.1340701440639817
rff24,1953,0.1432298294039053,0.014736559516914442,0.1432298294039053
rff64,1953,0.1432298294039053,0.019092755423449993,0.1432298294039053
rff128,1953,0.1432298294039053,0.017600060639945743,0.1432298294039053
ensemble4x32,1953,0.1432298294039053,0.017274506271108585,0.1432298294039053
rff24,1954,0.12769298810694593,0.01394600881888634,0.12769298810694593
rff64,1954,0.12769298810694593,0.015756940960098,0.12769298810694593
rff128,1954,0.12769298810694593,0.014700096863548446,0.12769298810694593
ensemble4x32,1954,0.12769298810694593,0.01407763751422379,0.12769298810694593
rff24,1955,0.0934340977166423,0.016162732883384236,0.0934340977166423
rff64,1955,0.0934340977166423,0.013999900974821967,0.0934340977166423
rff128,1955,0.0934340977166423,0.012302943486450888,0.0934340977166423
ensemble4x32,1955,0.0934340977166423,0.01204493890319826,0.0934340977166423
rff24,1956,0.15632968500872868,0.015377890628171489,0.15632968500872868
rff64,1956,0.15632968500872868,0.019835794759516582,0.15632968500872868
rff128,1956,0.15632968500872868,0.016304489451862345,0.15632968500872868
ensemble4x32,1956,0.15632968500872868,0.01686324699700055,0.15632968500872868
rff24,1957,0.12916663412778734,0.023133608178933878,0.12916663412778734
rff64,1957,0.12916663412778734,0.019062437451211108,0.12916663412778734
rff128,1957,0.12916663412778734,0.02014557797104514,0.12916663412778734
ensemble4x32,1957,0.12916663412778734,0.016878331610730567,0.12916663412778734
rff24,1958,0.1225655409110726,0.012784547648197935,0.1225655409110726
rff64,1958,0.1225655409110726,0.016338686871516614,0.1225655409110726
rff128,1958,0.1225655409110726,0.01638903777828333,0.1225655409110726
ensemble4x32,1958,0.1225655409110726,0.015396952428095127,0.1225655409110726
rff24,1959,0.1636799000363948,0.02009540792342864,0.1636799000363948
rff64,1959,0.1636799000363948,0.017530464814261754,0.1636799000363948
rff128,1959,0.1636799000363948,0.018850241030244297,0.1636799000363948
ensemble4x32,1959,0.1636799000363948,0.01784102535852362,0.1636799000363948
rff24,1960,0.10951018894296816,0.014745319264021879,0.10951018894296816
rff64,1960,0.10951018894296816,0.013101937837643497,0.10951018894296816
rff128,1960,0.10951018894296816,0.013691387687690943,0.10951018894296816
ensemble4x32,1960,0.10951018894296816,0.013708498134883205,0.10951018894296816
rff24,1961,0.13625587702000463,0.014858722746329805,0.13625587702000463
rff64,1961,0.13625587702000463,0.018869724552395554,0.13625587702000463
rff128,1961,0.13625587702000463,0.017005794479646272,0.13625587702000463
ensemble4x32,1961,0.13625587702000463,0.017562044727150415,0.13625587702000463
rff24,1962,0.15582635361939692,0.013604273155534972,0.15582635361939692
rff64,1962,0.15582635361939692,0.012787529427157988,0.15582635361939692
rff128,1962,0.15582635361939692,0.012814251297606365,0.15582635361939692
ensemble4x32,1962,0.15582635361939692,0.01202516162455549,0.15582635361939692
rff24,1963,0.1266980769974445,0.01184240629877111,0.1266980769974445
rff64,1963,0.1266980769974445,0.012598744237342101,0.1266980769974445
rff128,1963,0.1266980769974445,0.012630665812417336,0.1266980769974445
ensemble4x32,1963,0.1266980769974445,0.012560950311021703,0.1266980769974445
rff24,1964,0.14661668415554635,0.01792481559197794,0.14661668415554635
rff64,1964,0.14661668415554635,0.025074745436050122,0.14661668415554635
rff128,1964,0.14661668415554635,0.020764423406695397,0.14661668415554635
ensemble4x32,1964,0.14661668415554635,0.021600382566436833,0.14661668415554635
rff24,1965,0.17936046032690292,0.021477292169376112,0.17936046032690292
rff64,1965,0.17936046032690292,0.020334551194616423,0.17936046032690292
rff128,1965,0.17936046032690292,0.02964441710864841,0.17936046032690292
ensemble4x32,1965,0.17936046032690292,0.023908709100895223,0.17936046032690292
rff24,1966,0.1302679201847925,0.01327342259959865,0.1302679201847925
rff64,1966,0.1302679201847925,0.013354185833352796,0.1302679201847925
rff128,1966,0.1302679201847925,0.014703427865270676,0.1302679201847925
ensemble4x32,1966,0.1302679201847925,0.012804143468587692,0.1302679201847925
rff24,1967,0.14262497904339666,0.01450542214082476,0.14262497904339666
rff64,1967,0.14262497904339666,0.014477996671935882,0.14262497904339666
rff128,1967,0.14262497904339666,0.01611551580497357,0.14262497904339666
ensemble4x32,1967,0.14262497904339666,0.015877698639209736,0.14262497904339666
rff24,1968,0.11332287409562954,0.009907397501082271,0.11332287409562954
rff64,1968,0.11332287409562954,0.010645288325186233,0.11332287409562954
rff128,1968,0.11332287409562954,0.011478827556247564,0.11332287409562954
ensemble4x32,1968,0.11332287409562954,0.011552244776887332,0.11332287409562954
rff24,1969,0.1275759404761015,0.018736767525245678,0.1275759404761015
rff64,1969,0.1275759404761015,0.016605782165026894,0.1275759404761015
rff128,1969,0.1275759404761015,0.01560811825574541,0.1275759404761015
ensemble4x32,1969,0.1275759404761015,0.015860741060534787,0.1275759404761015
rff24,1970,0.12603151772337146,0.011831634129316636,0.12603151772337146
rff64,1970,0.12603151772337146,0.013716671003865175,0.12603151772337146
rff128,1970,0.12603151772337146,0.015510144509745685,0.12603151772337146
ensemble4x32,1970,0.12603151772337146,0.013751210693120925,0.12603151772337146
rff24,1971,0.14347819914231577,0.027703682149612406,0.14347819914231577
rff64,1971,0.14347819914231577,0.019799579852518595,0.14347819914231577
rff128,1971,0.14347819914231577,0.020012784596396906,0.14347819914231577
ensemble4x32,1971,0.14347819914231577,0.019565961375927768,0.14347819914231577
rff24,1972,0.13120703239663972,0.020016849577308676,0.13120703239663972
rff64,1972,0.13120703239663972,0.019351584749682155,0.13120703239663972
rff128,1972,0.13120703239663972,0.019431448238408214,0.13120703239663972
ensemble4x32,1972,0.13120703239663972,0.020761694653212134,0.13120703239663972
rff24,1973,0.10988976747176667,0.01336026649425291,0.10988976747176667
rff64,1973,0.10988976747176667,0.012246847379067144,0.10988976747176667
rff128,1973,0.10988976747176667,0.013978872559436608,0.10988976747176667
ensemble4x32,1973,0.10988976747176667,0.013102616798462214,0.10988976747176667
rff24,1974,0.2006533495622541,0.023412125851448907,0.2006533495622541
rff64,1974,0.2006533495622541,0.020485977890597286,0.2006533495622541
rff128,1974,0.2006533495622541,0.024488354908243054,0.2006533495622541
ensemble4x32,1974,0.2006533495622541,0.021386072877246285,0.2006533495622541
rff24,1975,0.10632706780817998,0.016789057071703625,0.10632706780817998
rff64,1975,0.10632706780817998,0.01434090080508358,0.10632706780817998
rff128,1975,0.10632706780817998,0.01461411506289812,0.10632706780817998
ensemble4x32,1975,0.10632706780817998,0.014821005573399307,0.10632706780817998
rff24,1976,0.12335882646945438,0.014862763484943151,0.12335882646945438
rff64,1976,0.12335882646945438,0.015440219503899892,0.12335882646945438
rff128,1976,0.12335882646945438,0.016936032375899277,0.12335882646945438
ensemble4x32,1976,0.12335882646945438,0.015133453188961891,0.12335882646945438
rff24,1977,0.1858441659580258,0.018727524001543164,0.1858441659580258
rff64,1977,0.1858441659580258,0.013318185640597271,0.1858441659580258
rff128,1977,0.1858441659580258,0.017427225098147932,0.1858441659580258
ensemble4x32,1977,0.1858441659580258,0.018457849996501147,0.1858441659580258
rff24,1978,0.12062313571926231,0.013070887064700531,0.12062313571926231
rff64,1978,0.12062313571926231,0.013366906935949803,0.12062313571926231
rff128,1978,0.12062313571926231,0.012290666179906736,0.12062313571926231
ensemble4x32,1978,0.12062313571926231,0.013135520834396997,0.12062313571926231
rff24,1979,0.13360321813256965,0.011880894549029835,0.13360321813256965
rff64,1979,0.13360321813256965,0.014356032435116664,0.13360321813256965
rff128,1979,0.13360321813256965,0.0117099431714606,0.13360321813256965
ensemble4x32,1979,0.13360321813256965,0.010750419098248925,0.13360321813256965
rff24,1980,0.12644152163812045,0.010573432387062641,0.12644152163812045
rff64,1980,0.12644152163812045,0.014038736783911617,0.12644152163812045
rff128,1980,0.12644152163812045,0.012394493438910472,0.12644152163812045
ensemble4x32,1980,0.12644152163812045,0.01166864987965522,0.12644152163812045
rff24,1981,0.1746367150574188,0.019899575705945787,0.1746367150574188
rff64,1981,0.1746367150574188,0.02032369105408637,0.1746367150574188
rff128,1981,0.1746367150574188,0.020304471724510654,0.1746367150574188
ensemble4x32,1981,0.1746367150574188,0.0215565306999105,0.1746367150574188
rff24,1982,0.13096112927123724,0.020012758660740895,0.13096112927123724
rff64,1982,0.13096112927123724,0.018674670052409227,0.13096112927123724
rff128,1982,0.13096112927123724,0.020188523614686822,0.13096112927123724
ensemble4x32,1982,0.13096112927123724,0.019356117371783055,0.13096112927123724
rff24,1983,0.125958670657846,0.014662153845213736,0.125958670657846
rff64,1983,0.125958670657846,0.01138799593527898,0.125958670657846
rff128,1983,0.125958670657846,0.01170622924669062,0.125958670657846
ensemble4x32,1983,0.125958670657846,0.011496537309603217,0.125958670657846
rff24,1984,0.12207252160708465,0.016666342288444127,0.12207252160708465
rff64,1984,0.12207252160708465,0.016947907272123777,0.12207252160708465
rff128,1984,0.12207252160708465,0.017568083768719083,0.12207252160708465
ensemble4x32,1984,0.12207252160708465,0.01851004610707637,0.12207252160708465
rff24,1985,0.10493152889922486,0.012992393834604628,0.10493152889922486
rff64,1985,0.10493152889922486,0.013235595574514222,0.10493152889922486
rff128,1985,0.10493152889922486,0.01401709276634485,0.10493152889922486
ensemble4x32,1985,0.10493152889922486,0.012149638266638337,0.10493152889922486
rff24,1986,0.11443092701808094,0.01292693517744995,0.11443092701808094
rff64,1986,0.11443092701808094,0.013455409463070396,0.11443092701808094
rff128,1986,0.11443092701808094,0.012962081518177893,0.11443092701808094
ensemble4x32,1986,0.11443092701808094,0.010595784985150075,0.11443092701808094
rff24,1987,0.1358865088814279,0.00994321781214257,0.1358865088814279
rff64,1987,0.1358865088814279,0.010865199431911818,0.1358865088814279
rff128,1987,0.1358865088814279,0.010220695184904722,0.1358865088814279
ensemble4x32,1987,0.1358865088814279,0.008952524875686593,0.1358865088814279
rff24,1988,0.12736053696257157,0.012986076570297834,0.12736053696257157
rff64,1988,0.12736053696257157,0.012845123845492907,0.12736053696257157
rff128,1988,0.12736053696257157,0.01558594264679356,0.12736053696257157
ensemble4x32,1988,0.12736053696257157,0.013743495288876483,0.12736053696257157
rff24,1989,0.13421171462697554,0.020544503347201367,0.13421171462697554
rff64,1989,0.13421171462697554,0.014226890092965407,0.13421171462697554
rff128,1989,0.13421171462697554,0.014204726392971595,0.13421171462697554
ensemble4x32,1989,0.13421171462697554,0.012766759472282299,0.13421171462697554
rff24,1990,0.1221467162285078,0.012736954604413772,0.1221467162285078
rff64,1990,0.1221467162285078,0.016874986258993856,0.1221467162285078
rff128,1990,0.1221467162285078,0.014372042210655907,0.1221467162285078
ensemble4x32,1990,0.1221467162285078,0.012538953841053024,0.1221467162285078
rff24,1991,0.17817687329342083,0.026576738601666573,0.17817687329342083
rff64,1991,0.17817687329342083,0.019883482399313906,0.17817687329342083
rff128,1991,0.17817687329342083,0.021814682935431474,0.17817687329342083
ensemble4x32,1991,0.17817687329342083,0.019722438674665478,0.17817687329342083
rff24,1992,0.13047572020116321,0.010649814588242414,0.13047572020116321
rff64,1992,0.13047572020116321,0.011699781867836552,0.13047572020116321
rff128,1992,0.13047572020116321,0.012228878649009163,0.13047572020116321
ensemble4x32,1992,0.13047572020116321,0.01189607523482373,0.13047572020116321
rff24,1993,0.14093374112650048,0.01916724307020266,0.14093374112650048
rff64,1993,0.14093374112650048,0.019193628426731557,0.14093374112650048
rff128,1993,0.14093374112650048,0.019502453846460533,0.14093374112650048
ensemble4x32,1993,0.14093374112650048,0.01786814929547366,0.14093374112650048
rff24,1994,0.16413463330091171,0.016057481876522377,0.16413463330091171
rff64,1994,0.16413463330091171,0.016027438876978144,0.16413463330091171
rff128,1994,0.16413463330091171,0.016254192347069315,0.16413463330091171
ensemble4x32,1994,0.16413463330091171,0.015227592616721682,0.16413463330091171
rff24,1995,0.10354324599585445,0.01700389030740202,0.10354324599585445
rff64,1995,0.10354324599585445,0.0161169229019603,0.10354324599585445
rff128,1995,0.10354324599585445,0.018311536627208545,0.10354324599585445
ensemble4x32,1995,0.10354324599585445,0.017705946224823382,0.10354324599585445
rff24,1996,0.10301802654193368,0.01381786520973682,0.10301802654193368
rff64,1996,0.10301802654193368,0.013002591676991066,0.10301802654193368
rff128,1996,0.10301802654193368,0.015801081190140176,0.10301802654193368
ensemble4x32,1996,0.10301802654193368,0.015702421281284337,0.10301802654193368
rff24,1997,0.1390251926950387,0.015368149872138824,0.1390251926950387
rff64,1997,0.1390251926950387,0.017994512225652622,0.1390251926950387
rff128,1997,0.1390251926950387,0.01595375577764618,0.1390251926950387
ensemble4x32,1997,0.1390251926950387,0.016042492009123256,0.1390251926950387
rff24,1998,0.1473254180720847,0.020468307560800685,0.1473254180720847
rff64,1998,0.1473254180720847,0.018313552648245364,0.1473254180720847
rff128,1998,0.1473254180720847,0.018956863791926622,0.1473254180720847
ensemble4x32,1998,0.1473254180720847,0.017172989157152554,0.1473254180720847
rff24,1999,0.1271485038231913,0.016017197830713828,0.1271485038231913
rff64,1999,0.1271485038231913,0.01375120060223568,0.1271485038231913
rff128,1999,0.1271485038231913,0.015124472322667663,0.1271485038231913
ensemble4x32,1999,0.1271485038231913,0.012490957440348272,0.1271485038231913
