representation,replicate,maximum_statistic
R1,1,0.15412238147693047
R1,2,0.15768386049951058
R1,3,0.12485820906830401
R1,4,0.12197692351059751
R1,5,0.15883705990332192
R1,6,0.15552658982431453
R1,7,0.13902854186822253
R1,8,0.15219989401232933
R1,9,0.11755851085812655
R1,10,0.14124338641753542
R1,11,0.16423305022936138
R1,12,0.16797228107152296
R1,13,0.17022134792000956
R1,14,0.1306240385735597
R1,15,0.13104383194665775
R1,16,0.1180996251876159
R1,17,0.21039565100058197
R1,18,0.1554478139464202
R1,19,0.12944961804006874
R1,20,0.16532398454736266
R1,21,0.1201893229903482
R1,22,0.11940419170214255
R1,23,0.1327698430458246
R1,24,0.1377351387596127
R1,25,0.13147573189979248
R1,26,0.12831065721090934
R1,27,0.1408799411752598
R1,28,0.13711622591075964
R1,29,0.11663333747349058
R1,30,0.14214794347581955
R1,31,0.10404860408811323
R1,32,0.16652935571678204
R1,33,0.10468452887704247
R1,34,0.13903075215686553
R1,35,0.1592902521883555
R1,36,0.11270868569670277
R1,37,0.12029882166470088
R1,38,0.13353369005586702
R1,39,0.1160237920690346
R1,40,0.13612788128749334
R1,41,0.0989560838763875
R1,42,0.13982524184300338
R1,43,0.12972156710212562
R1,44,0.15175588072326396
R1,45,0.14109352382581167
R1,46,0.16321274740011657
R1,47,0.1217295815493999
R1,48,0.13210713032135404
R1,49,0.1449138657281615
R1,50,0.13921980668779083
R1,51,0.10471882146486924
R1,52,0.1700714848332441
R1,53,0.17674661966001337
R1,54,0.13103886811338655
R1,55,0.12772732163445463
R1,56,0.11704840267832194
R1,57,0.12354414757330862
R1,58,0.12391192342696873
R1,59,0.1145444475063944
R1,60,0.12291751129326761
R1,61,0.157985522356475
R1,62,0.13715673029963127
R1,63,0.08933428816175021
R1,64,0.1513723958863334
R1,65,0.13313587475447086
R1,66,0.1424356074773875
R1,67,0.12068795087824022
R1,68,0.14327748795193043
R1,69,0.10106572449004603
R1,70,0.1011402690752539
R1,71,0.1433053000574923
R1,72,0.10272266157035692
R1,73,0.10877396165609532
R1,74,0.12594309083630925
R1,75,0.16158835923288023
R1,76,0.13070557426360568
R1,77,0.13691005727209626
R1,78,0.17710114289066345
R1,79,0.09464938650971139
R1,80,0.12879152365702345
R1,81,0.17739825387231123
R1,82,0.11117749053719984
R1,83,0.1657736728715361
R1,84,0.1117973801017352
R1,85,0.09752784351887556
R1,86,0.13107650287550301
R1,87,0.10986650389184059
R1,88,0.12465378540607852
R1,89,0.09303122101952908
R1,90,0.10193583869728005
R1,91,0.12093980558306987
R1,92,0.14442190963655852
R1,93,0.12324774173645593
R1,94,0.13279213305805848
R1,95,0.14204181658083212
R1,96,0.10522381647743086
R1,97,0.1294805342039905
R1,98,0.14481569475274553
R1,99,0.14191249375705692
R1,100,0.15008364658827938
R1,101,0.13193144089041797
R1,102,0.1080952091272897
R1,103,0.16221327079312028
R1,104,0.1477217529674099
R1,105,0.1742762939722372
R1,106,0.10406210555389599
R1,107,0.11125243643241586
R1,108,0.13417752144303008
R1,109,0.12161345231289525
R1,110,0.12846399820948623
R1,111,0.1164507313540391
R1,112,0.13124292821494551
R1,113,0.13558649436148315
R1,114,0.12819381878351016
R1,115,0.1226977046765909
R1,116,0.1284966695295102
R1,117,0.12237656278166992
R1,118,0.10769460861909724
R1,119,0.10403302189391807
R1,120,0.14106425565871067
R1,121,0.13565901272429595
R1,122,0.13223201367503473
R1,123,0.14218333118097634
R1,124,0.16090271495969005
R1,125,0.12245413296077949
R1,126,0.12250195311632635
R1,127,0.11907077966992018
R1,128,0.13192963755444673
R1,129,0.10587473206626455
R1,130,0.12410045937488548
R1,131,0.11717653151792967
R1,132,0.18367527677033452
R1,133,0.11925835893371853
R1,134,0.12059662990634053
R1,135,0.11661682400537399
R1,136,0.1474252566128894
R1,137,0.14218317818882015
R1,138,0.14168762831782122
R1,139,0.14791946099319953
R1,140,0.16438219443382843
R1,141,0.12626132249877078
R1,142,0.11413883450200273
R1,143,0.15108410983442938
R1,144,0.09960869034559934
R1,145,0.12459020854243777
R1,146,0.1265179350908195
R1,147,0.1140861600565741
R1,148,0.11687976444146816
R1,149,0.15849194457594845
R1,150,0.09017104192829106
R1,151,0.10567384741616531
R1,152,0.1758228887943532
R1,153,0.10023147556199997
R1,154,0.13606245445908527
R1,155,0.12316078785468715
R1,156,0.17485561840880326
R1,157,0.10939023533240194
R1,158,0.11898894628974169
R1,159,0.1300077382414455
R1,160,0.12043984593738058
R1,161,0.09577272584411464
R1,162,0.15725313863099707
R1,163,0.13611636396803148
R1,164,0.14258422658262962
R1,165,0.12793262546723821
R1,166,0.21174230315415293
R1,167,0.11832651455551133
R1,168,0.16654095305881622
R1,169,0.16391386133161956
R1,170,0.10687839012645356
R1,171,0.14226068548113677
R1,172,0.10587626080301747
R1,173,0.10765336287628674
R1,174,0.11713868926385182
R1,175,0.18392126025253597
R1,176,0.12398377944427355
R1,177,0.1580597132558852
R1,178,0.10197528719113533
R1,179,0.10383733049053546
R1,180,0.1278181295943747
R1,181,0.13621761044455302
R1,182,0.12392447781736593
R1,183,0.1502331111413666
R1,184,0.15040713943111983
R1,185,0.13641360435863695
R1,186,0.10728251113292786
R1,187,0.14141745713499954
R1,188,0.09634762544441279
R1,189,0.11725383316840457
R1,190,0.1362128057108788
R1,191,0.11566362345695749
R1,192,0.1222615403534372
R1,193,0.14170443648013067
R1,194,0.15082069153730063
R1,195,0.12470407463320025
R1,196,0.14760822799363227
R1,197,0.12838336771165407
R1,198,0.0977153341805097
R1,199,0.13634905575045303
R1,200,0.127012279273661
R1,201,0.15205070787138536
R1,202,0.11425664200887092
R1,203,0.11613665797051508
R1,204,0.11876485458874712
R1,205,0.10438657306320939
R1,206,0.12832784332047237
R1,207,0.15038460697719033
R1,208,0.11479674965256283
R1,209,0.10696391191456137
R1,210,0.1442758730248232
R1,211,0.1597185368241318
R1,212,0.10314813148040103
R1,213,0.08085925550263494
R1,214,0.13044610451686506
R1,215,0.1333471072091942
R1,216,0.13006295677783375
R1,217,0.11231515615847715
R1,218,0.18379343528490885
R1,219,0.10717963522996485
R1,220,0.11627559952582521
R1,221,0.13735212498576643
R1,222,0.11383221201195537
R1,223,0.12263996597461954
R1,224,0.09770595169230441
R1,225,0.13610400091187547
R1,226,0.13641696539343942
R1,227,0.15302479789239906
R1,228,0.17362281284371464
R1,229,0.1149130241783233
R1,230,0.10572535957189728
R1,231,0.14448201555015205
R1,232,0.13404079770238586
R1,233,0.15084521386593522
R1,234,0.11484534799571527
R1,235,0.13499034795926995
R1,236,0.13658079115257457
R1,237,0.13479916350485946
R1,238,0.1351856328689071
R1,239,0.1187665707607414
R1,240,0.08885602551764958
R1,241,0.12973258701957158
R1,242,0.11771460463027802
R1,243,0.12274364869233348
R1,244,0.146730283311701
R1,245,0.12456307638763478
R1,246,0.136019555903879
R1,247,0.11142006680069501
R1,248,0.11258395715544209
R1,249,0.1466413944204296
R1,250,0.15774165201107113
R1,251,0.15076549001860562
R1,252,0.10264519793932518
R1,253,0.11070004361590371
R1,254,0.10412779312992353
R1,255,0.19671912392866278
R1,256,0.11550891879337755
R1,257,0.12263086036688711
R1,258,0.13996174230839342
R1,259,0.1360269109369696
R1,260,0.12402322811371462
R1,261,0.17778789360844785
R1,262,0.14859914303245733
R1,263,0.10940433150466339
R1,264,0.12599946770910103
R1,265,0.13645926505592132
R1,266,0.1350310155699682
R1,267,0.12233244408307346
R1,268,0.12156172595302234
R1,269,0.1291146295063293
R1,270,0.12468523286837423
R1,271,0.12443916101962112
R1,272,0.09913622174275691
R1,273,0.13283932502928425
R1,274,0.1534039933122126
R1,275,0.11916280621485577
R1,276,0.17413313054932228
R1,277,0.12049464109686794
R1,278,0.1711547586910969
R1,279,0.1342115477088101
R1,280,0.14317881706511237
R1,281,0.1312189547008352
R1,282,0.14609844217646606
R1,283,0.1431716433902426
R1,284,0.10889432199180482
R1,285,0.09708074923688541
R1,286,0.15083889865773656
R1,287,0.1036863658634294
R1,288,0.13636106152485827
R1,289,0.11234715778821396
R1,290,0.10537151127788492
R1,291,0.16028841123154844
R1,292,0.11853988885852675
R1,293,0.16003922547122051
R1,294,0.1258289029322733
R1,295,0.15357097490129615
R1,296,0.12306896420887782
R1,297,0.1555915557395104
R1,298,0.12095095865231868
R1,299,0.11104041076619676
R1,300,0.12169531747928897
R1,301,0.1264784637532855
R1,302,0.13724228007636272
R1,303,0.11108999717010956
R1,304,0.1636525800925278
R1,305,0.10369662178997813
R1,306,0.11007649240108283
R1,307,0.16337978121561256
R1,308,0.10943299529224723
R1,309,0.11068639071795838
R1,310,0.1295036313887716
R1,311,0.1621718942724186
R1,312,0.13964568157863852
R1,313,0.11033591780521335
R1,314,0.15492543726939006
R1,315,0.11238869865519928
R1,316,0.13894647307642272
R1,317,0.19537976886341984
R1,318,0.10707248819493026
R1,319,0.13930573824554238
R1,320,0.10870093529574876
R1,321,0.13712575691900789
R1,322,0.11076024897847118
R1,323,0.11667253294540746
R1,324,0.111355241908976
R1,325,0.11817965661524572
R1,326,0.13125262217918982
R1,327,0.11685972121064639
R1,328,0.1289775402723692
R1,329,0.13495273815822978
R1,330,0.1380672130077693
R1,331,0.1454239930046415
R1,332,0.12773784052413367
R1,333,0.1514402108287794
R1,334,0.12805909683764347
R1,335,0.15329039143624976
R1,336,0.1325330060271541
R1,337,0.1264338232084541
R1,338,0.11355647335692542
R1,339,0.11973686635557275
R1,340,0.08783843813949146
R1,341,0.14433550020950597
R1,342,0.11108581013327044
R1,343,0.10819979382471463
R1,344,0.10576161614882786
R1,345,0.13228077973577115
R1,346,0.12360931668004448
R1,347,0.14127770103654222
R1,348,0.14199567138570565
R1,349,0.0998858063896113
R1,350,0.12079786041979541
R1,351,0.08471315119744231
R1,352,0.1122810254868381
R1,353,0.13534763639494218
R1,354,0.10091649330962987
R1,355,0.1439116974954587
R1,356,0.11850069330942217
R1,357,0.1333938082056157
R1,358,0.1391256682101781
R1,359,0.13315912286844267
R1,360,0.12259446139681754
R1,361,0.13158163456489264
R1,362,0.1105027803250019
R1,363,0.10961566188482948
R1,364,0.1332636463108699
R1,365,0.16379975383634032
R1,366,0.1502379446081537
R1,367,0.13732478941790124
R1,368,0.10106806220622072
R1,369,0.12439542461328952
R1,370,0.15060908818577878
R1,371,0.14343777872369295
R1,372,0.1228928728564322
R1,373,0.15043378648304506
R1,374,0.14904122222653723
R1,375,0.1341555297462737
R1,376,0.1088280450955917
R1,377,0.10501258695683288
R1,378,0.10515033327439328
R1,379,0.1228381025979223
R1,380,0.1374157489441921
R1,381,0.15844533192431576
R1,382,0.13481946235808573
R1,383,0.1482846572314746
R1,384,0.11477251209857885
R1,385,0.11230514986849784
R1,386,0.14050788828616947
R1,387,0.16690216289679985
R1,388,0.14291529811258125
R1,389,0.1304597961629784
R1,390,0.13243774979038025
R1,391,0.10696470953442426
R1,392,0.1861823418269764
R1,393,0.11559877604556526
R1,394,0.09871663246312223
R1,395,0.13181925141735698
R1,396,0.13646094223023714
R1,397,0.11820002246373267
R1,398,0.10874704711409484
R1,399,0.12935396277924355
R1,400,0.10686587155581917
R1,401,0.14035692835039393
R1,402,0.12874499134530037
R1,403,0.12488301480033982
R1,404,0.1515079012295899
R1,405,0.12749475930852716
R1,406,0.13405600254862018
R1,407,0.147769323402603
R1,408,0.12300530838017888
R1,409,0.10947084241265487
R1,410,0.14769812929551474
R1,411,0.12813079743849445
R1,412,0.1335510498315297
R1,413,0.13693927861510058
R1,414,0.1669690431780288
R1,415,0.15016779102844985
R1,416,0.12931252203939447
R1,417,0.1308733441830442
R1,418,0.14456849273976569
R1,419,0.16314837329507212
R1,420,0.1549244664818936
R1,421,0.09936369952777081
R1,422,0.16395163216067438
R1,423,0.1460757495200093
R1,424,0.16270355927386357
R1,425,0.11740605009891811
R1,426,0.11222167371233129
R1,427,0.1358590222826553
R1,428,0.1349452667575926
R1,429,0.13074215827295407
R1,430,0.11327695840723113
R1,431,0.14313804361557073
R1,432,0.11936152412544651
R1,433,0.12979084250880435
R1,434,0.1268350087705608
R1,435,0.12355347186459645
R1,436,0.13294506360551553
R1,437,0.16497321598361883
R1,438,0.1117412217279396
R1,439,0.0980913872298913
R1,440,0.15627366971525972
R1,441,0.13408830764746674
R1,442,0.12499441295720586
R1,443,0.15324125484203321
R1,444,0.141176941706274
R1,445,0.1192333575223699
R1,446,0.1713171679267946
R1,447,0.16344483910039764
R1,448,0.12856669365821655
R1,449,0.1398306267578869
R1,450,0.1127257268052946
R1,451,0.14466365709087475
R1,452,0.1274404205345765
R1,453,0.11899299133472024
R1,454,0.14501065899310517
R1,455,0.12898772816066212
R1,456,0.1448582252929745
R1,457,0.11956895543528835
R1,458,0.13669290044023158
R1,459,0.1185256829657128
R1,460,0.10683321280582084
R1,461,0.12301016524664722
R1,462,0.1105631535341858
R1,463,0.15485205015066617
R1,464,0.14426392509508817
R1,465,0.14453014705133577
R1,466,0.16112674264335325
R1,467,0.13125169555125965
R1,468,0.14346994587213135
R1,469,0.13519038762088406
R1,470,0.1222956838149088
R1,471,0.12527860679753036
R1,472,0.12715098074584733
R1,473,0.10435378062187829
R1,474,0.12864242694223021
R1,475,0.08971553156406156
R1,476,0.11526769395182042
R1,477,0.10372373473375886
R1,478,0.11648115490757023
R1,479,0.13148321722079226
R1,480,0.13988389236297413
R1,481,0.12954191726789913
R1,482,0.11059496600896589
R1,483,0.14553493446075375
R1,484,0.1808427273862358
R1,485,0.12947215204018742
R1,486,0.11171001542099701
R1,487,0.11615301707444814
R1,488,0.10825511212284447
R1,489,0.11194022579846843
R1,490,0.14586442977102357
R1,491,0.12835338998176327
R1,492,0.13112567135974415
R1,493,0.16833556455102977
R1,494,0.12552273895256796
R1,495,0.11616167461316913
R1,496,0.10733723898446598
R1,497,0.11021363824013167
R1,498,0.14242582799138068
R1,499,0.126601942717056
R1,500,0.1722010505277641
R1,501,0.15469844891184534
R1,502,0.09260772660696016
R1,503,0.13519560722812016
R1,504,0.16930971390879967
R1,505,0.10860524745548374
R1,506,0.11561623122861137
R1,507,0.13362449983592364
R1,508,0.11764802280338393
R1,509,0.1273902070491075
R1,510,0.1381261387123035
R1,511,0.14993763801992002
R1,512,0.12707228579260163
R1,513,0.11314568458406048
R1,514,0.10116909991469591
R1,515,0.1779670505808907
R1,516,0.13649009224917152
R1,517,0.12688907120338702
R1,518,0.1767869618042841
R1,519,0.12442755937197023
R1,520,0.18041000998147474
R1,521,0.11489564231409771
R1,522,0.13457529183163175
R1,523,0.11834297268128864
R1,524,0.1241386159332139
R1,525,0.12503380196768188
R1,526,0.11366498316426876
R1,527,0.12039835996382374
R1,528,0.12504377971139605
R1,529,0.14896665792067781
R1,530,0.12642516578785795
R1,531,0.1321119642742374
R1,532,0.11371451820017196
R1,533,0.14703293480876797
R1,534,0.11813242256652774
R1,535,0.13633843557024078
R1,536,0.12167451133339482
R1,537,0.11914361085451161
R1,538,0.12566833821713833
R1,539,0.12352945227782461
R1,540,0.12499496357940541
R1,541,0.13627822862009334
R1,542,0.10708640768170474
R1,543,0.13714723408931442
R1,544,0.13563089085391142
R1,545,0.14796351294347843
R1,546,0.14780667453000512
R1,547,0.14859608431640958
R1,548,0.134161071020128
R1,549,0.13040752388504484
R1,550,0.10052241614719577
R1,551,0.1865946372251475
R1,552,0.12279795939324613
R1,553,0.12894606482943038
R1,554,0.12746617209938238
R1,555,0.1029714458370882
R1,556,0.13376953469897704
R1,557,0.14239455525361525
R1,558,0.13769952332254617
R1,559,0.14747789593297653
R1,560,0.13112024992690804
R1,561,0.1351846401868215
R1,562,0.10615404499966663
R1,563,0.16020079632399437
R1,564,0.12240679267712395
R1,565,0.17451848403505354
R1,566,0.14138029264719687
R1,567,0.1081097631989639
R1,568,0.13529459699311577
R1,569,0.11358924366590618
R1,570,0.1730751071574072
R1,571,0.14501719538088848
R1,572,0.12538290850002506
R1,573,0.1394296165378987
R1,574,0.12677267424471175
R1,575,0.13995987315945144
R1,576,0.10106880247177592
R1,577,0.1457133019253164
R1,578,0.12898700827877885
R1,579,0.11633532752810019
R1,580,0.11626171972506637
R1,581,0.12747406598767583
R1,582,0.11213082852255249
R1,583,0.12597640544575775
R1,584,0.1176479756105851
R1,585,0.12517393054440654
R1,586,0.13054599210236972
R1,587,0.14104104154395095
R1,588,0.12499738482312124
R1,589,0.1501887953851753
R1,590,0.1324415403409602
R1,591,0.12626984379599218
R1,592,0.10583178096147547
R1,593,0.11610162858173717
R1,594,0.13597913941444464
R1,595,0.1175205658694716
R1,596,0.11105721951760712
R1,597,0.1552956597494349
R1,598,0.10297027140524753
R1,599,0.12674123533101167
R1,600,0.1881593861552575
R1,601,0.09046256696870156
R1,602,0.11910155740192699
R1,603,0.15983912082893273
R1,604,0.11899969383602302
R1,605,0.16763698379132366
R1,606,0.15243432123260559
R1,607,0.14023303890930527
R1,608,0.13658366667465707
R1,609,0.12746515389020818
R1,610,0.14238953210289793
R1,611,0.11943955343977829
R1,612,0.10546834420466257
R1,613,0.1365677146407056
R1,614,0.12344598609247041
R1,615,0.1407651243919909
R1,616,0.16494536351438183
R1,617,0.17766552833183186
R1,618,0.09755763705717818
R1,619,0.1032197993223226
R1,620,0.12640972742189457
R1,621,0.11908358579160071
R1,622,0.14162987289975157
R1,623,0.08479342297647548
R1,624,0.09380867910537231
R1,625,0.12269218097272584
R1,626,0.1350373846199413
R1,627,0.1420417372087409
R1,628,0.15182625449287454
R1,629,0.1183083957812975
R1,630,0.08625803813184495
R1,631,0.12142744874954589
R1,632,0.12051298142319894
R1,633,0.15268732840043056
R1,634,0.137485253310609
R1,635,0.13352463784685945
R1,636,0.11778984781043862
R1,637,0.10269702508182484
R1,638,0.10677881275283807
R1,639,0.17067164559625905
R1,640,0.17290276078745914
R1,641,0.13780207402100167
R1,642,0.11279053153118103
R1,643,0.15131474025193198
R1,644,0.1072224505803248
R1,645,0.15616041923914217
R1,646,0.19259471984253576
R1,647,0.14675232300767405
R1,648,0.1409275236539569
R1,649,0.13154036477231035
R1,650,0.12803739350110319
R1,651,0.10744272679430707
R1,652,0.11481584569337777
R1,653,0.11243247541216203
R1,654,0.14645194549102009
R1,655,0.11078835888957209
R1,656,0.10766399773403977
R1,657,0.20306173286617923
R1,658,0.13423767707895107
R1,659,0.1973797522623059
R1,660,0.12108428075977133
R1,661,0.1282932396579756
R1,662,0.12828352716974092
R1,663,0.13136758049334651
R1,664,0.12171526160919507
R1,665,0.16261501715667
R1,666,0.11615854512165753
R1,667,0.10845295175837165
R1,668,0.12469998775141292
R1,669,0.10802426650268729
R1,670,0.15711564128025055
R1,671,0.13799767178869488
R1,672,0.12066394942553163
R1,673,0.12064767049448487
R1,674,0.16281833582699434
R1,675,0.11954571601186953
R1,676,0.1422815633168258
R1,677,0.14937673746798735
R1,678,0.12005419587383852
R1,679,0.1371597491953669
R1,680,0.10796878807975667
R1,681,0.11315735594040005
R1,682,0.12940507876312424
R1,683,0.14494402883017374
R1,684,0.14416948563901955
R1,685,0.11778198810991677
R1,686,0.1405701730165441
R1,687,0.0993461117497743
R1,688,0.1290112468607529
R1,689,0.14304396798059196
R1,690,0.16864579427483528
R1,691,0.10442581758263611
R1,692,0.11062405674379616
R1,693,0.1259741312854142
R1,694,0.15812579556382417
R1,695,0.14562874074747775
R1,696,0.17325472997603256
R1,697,0.13244386544846676
R1,698,0.12948206907428536
R1,699,0.15338351213685442
R1,700,0.12210580000185328
R1,701,0.15300445025620119
R1,702,0.1612506792538687
R1,703,0.15491983894164243
R1,704,0.11885487145387297
R1,705,0.14581590102585706
R1,706,0.11723116876591697
R1,707,0.13918463812969784
R1,708,0.1462163364714684
R1,709,0.11553197957962946
R1,710,0.14412119031586837
R1,711,0.14175717210359018
R1,712,0.10951129801150147
R1,713,0.13773853179844225
R1,714,0.10257378081665322
R1,715,0.11752850057404075
R1,716,0.14042367053715232
R1,717,0.12496662357293466
R1,718,0.16331956160323632
R1,719,0.13485823164217342
R1,720,0.13017265566665254
R1,721,0.1390246696401847
R1,722,0.11255249445027529
R1,723,0.1356196281580163
R1,724,0.1630557452543732
R1,725,0.09705775116337916
R1,726,0.09163697615292205
R1,727,0.1479363886409341
R1,728,0.14064672300761047
R1,729,0.1254824850837475
R1,730,0.12655221253083798
R1,731,0.10455684914869608
R1,732,0.12461365497670064
R1,733,0.10467438454296495
R1,734,0.12376996254815034
R1,735,0.12717810210689642
R1,736,0.10783169368256326
R1,737,0.1463752009315508
R1,738,0.1483948741453852
R1,739,0.17602362674397062
R1,740,0.1974048180285038
R1,741,0.11016811014446352
R1,742,0.11138768284684934
R1,743,0.12950429631921306
R1,744,0.12412882790595219
R1,745,0.0999375621132223
R1,746,0.12552503825337297
R1,747,0.1052826319133314
R1,748,0.13924191583861883
R1,749,0.17330708217975663
R1,750,0.1397496711334981
R1,751,0.12166269541038513
R1,752,0.08890765897910347
R1,753,0.13194215331105552
R1,754,0.11698695252257924
R1,755,0.12929468517311912
R1,756,0.13477686414581652
R1,757,0.11749128091993652
R1,758,0.1334925969231463
R1,759,0.11899489365540752
R1,760,0.12281663067298329
R1,761,0.11621866950902494
R1,762,0.11630772046826934
R1,763,0.12706277641374328
R1,764,0.1195378299416125
R1,765,0.11384133302917591
R1,766,0.13464067206704652
R1,767,0.11925894543768749
R1,768,0.14015119267262932
R1,769,0.1356308231885269
R1,770,0.11112400023409033
R1,771,0.1303190219331206
R1,772,0.118988322379012
R1,773,0.11387086876373395
R1,774,0.14133437878716185
R1,775,0.10002798282536762
R1,776,0.12673687485248178
R1,777,0.11919108475851792
R1,778,0.16248472861387397
R1,779,0.13113391983942224
R1,780,0.1606972150536367
R1,781,0.14872020766205668
R1,782,0.15912369735091172
R1,783,0.11280557720220767
R1,784,0.15074974559721047
R1,785,0.1380828250046148
R1,786,0.1337056012477113
R1,787,0.15011392454468986
R1,788,0.1579195416242454
R1,789,0.16937817098482336
R1,790,0.12872835296430057
R1,791,0.13874662539437485
R1,792,0.12311736386359602
R1,793,0.13766783362419782
R1,794,0.09867489149368637
R1,795,0.12159088351928868
R1,796,0.1667021737568163
R1,797,0.12593237018622955
R1,798,0.12447711816460126
R1,799,0.12252109339707085
R1,800,0.12249709256693024
R1,801,0.11158923030941086
R1,802,0.1031943928971275
R1,803,0.18111872220512185
R1,804,0.11679008341230863
R1,805,0.12774006269499769
R1,806,0.11696834574472048
R1,807,0.14130775459254963
R1,808,0.11289542363484528
R1,809,0.12565344345332824
R1,810,0.11227001008648603
R1,811,0.12656429488267798
R1,812,0.14661569268013966
R1,813,0.1273532323655579
R1,814,0.14619097588756333
R1,815,0.09834576753047627
R1,816,0.1056904740849814
R1,817,0.13349127031479466
R1,818,0.11206737719430053
R1,819,0.13419504240116126
R1,820,0.09568197176954203
R1,821,0.1786480366656707
R1,822,0.12404035383665198
R1,823,0.15547131057911048
R1,824,0.14662066162563114
R1,825,0.1130685193242086
R1,826,0.1779766840187669
R1,827,0.14091351368166144
R1,828,0.11568089363215518
R1,829,0.16111689876979152
R1,830,0.139525251132532
R1,831,0.12921504803219305
R1,832,0.13002172273209495
R1,833,0.10695202408295713
R1,834,0.13205077819430466
R1,835,0.17088478625451414
R1,836,0.13628614886126866
R1,837,0.12692898337953404
R1,838,0.16646298754898298
R1,839,0.10283088637316908
R1,840,0.16690065340218505
R1,841,0.09964392697187412
R1,842,0.10014600330672488
R1,843,0.1285652394764064
R1,844,0.13402316137582088
R1,845,0.138426298326238
R1,846,0.12174216908576758
R1,847,0.1477812732792308
R1,848,0.11432859676222518
R1,849,0.19655547779529886
R1,850,0.09669453798484434
R1,851,0.16607310752741802
R1,852,0.1441765181563146
R1,853,0.07929774988948288
R1,854,0.15758475411589104
R1,855,0.12763028081138106
R1,856,0.16005637125578862
R1,857,0.12553393243795288
R1,858,0.1416426420554481
R1,859,0.11649233139062208
R1,860,0.13930670554972197
R1,861,0.13971070389225787
R1,862,0.10490055211737494
R1,863,0.13837900607974316
R1,864,0.1501521970400819
R1,865,0.1242358356679474
R1,866,0.1160355307881571
R1,867,0.14466288764241705
R1,868,0.15252267446917284
R1,869,0.10489423603970008
R1,870,0.17495020767851227
R1,871,0.13707388052745414
R1,872,0.14818530588517864
R1,873,0.11202302430050692
R1,874,0.12865338249594663
R1,875,0.15384855314037038
R1,876,0.1217660491662028
R1,877,0.12045808314900994
R1,878,0.13868283947452942
R1,879,0.14214361463428485
R1,880,0.13899679781811788
R1,881,0.16065411023396584
R1,882,0.10390342592218386
R1,883,0.1128535531679332
R1,884,0.11485530820523418
R1,885,0.13956979989663107
R1,886,0.12597432850782755
R1,887,0.12439311775154212
R1,888,0.1319976683697881
R1,889,0.14531036623489196
R1,890,0.15935656988835964
R1,891,0.12427218931741398
R1,892,0.12794097625196185
R1,893,0.14696814425284624
R1,894,0.11163327176402998
R1,895,0.14690044773429364
R1,896,0.13067218330596925
R1,897,0.14519396648779528
R1,898,0.13274272742270737
R1,899,0.13636469930698514
R1,900,0.13455837497107345
R1,901,0.1290380191391632
R1,902,0.15427249188190048
R1,903,0.14596035333163207
R1,904,0.12713289164438124
R1,905,0.11726732870185659
R1,906,0.12706095529683345
R1,907,0.15488687133511694
R1,908,0.10842199954068156
R1,909,0.13847182406419176
R1,910,0.12269731652486607
R1,911,0.10839462244592575
R1,912,0.12995928688490554
R1,913,0.14885179579183527
R1,914,0.11645014647505207
R1,915,0.12479958423604853
R1,916,0.11383602356753111
R1,917,0.13763855614419812
R1,918,0.12798016591321723
R1,919,0.17270083618562626
R1,920,0.15142321637799008
R1,921,0.12788460280005667
R1,922,0.10416451893999239
R1,923,0.1268129129647723
R1,924,0.12712748083489545
R1,925,0.13429656571201148
R1,926,0.13916077758134718
R1,927,0.16263067066451872
R1,928,0.09390579252481145
R1,929,0.13930973884428424
R1,930,0.11708260532742387
R1,931,0.1360707384699111
R1,932,0.09866369237108458
R1,933,0.1292182370825344
R1,934,0.12260539177148377
R1,935,0.08211733456314527
R1,936,0.13500657414721348
R1,937,0.13645060000732587
R1,938,0.13223187162292016
R1,939,0.15469064015355238
R1,940,0.1397213979479267
R1,941,0.14206496814157207
R1,942,0.13091265373488836
R1,943,0.16536236931746634
R1,944,0.1594364781328126
R1,945,0.10469079594873504
R1,946,0.12986804242596858
R1,947,0.10735060222639599
R1,948,0.10163795779062329
R1,949,0.12350252575385673
R1,950,0.11672634965060907
R1,951,0.1418696621040552
R1,952,0.13979567575844437
R1,953,0.15491541913920998
R1,954,0.14278253209263253
R1,955,0.19991822456873168
R1,956,0.1547761667777948
R1,957,0.10345949823203761
R1,958,0.11031878546094218
R1,959,0.13028095296245232
R1,960,0.12777109879251322
R1,961,0.09386901352396805
R1,962,0.1219204421580941
R1,963,0.14007824683931727
R1,964,0.10838479784193275
R1,965,0.10706726630023847
R1,966,0.15061882051251177
R1,967,0.15194024197198733
R1,968,0.1570587898208351
R1,969,0.1492748482566273
R1,970,0.10910022474879254
R1,971,0.09301442115265163
R1,972,0.15705981442065184
R1,973,0.13690320339042783
R1,974,0.10211922086145588
R1,975,0.14134072206459916
R1,976,0.14045084671955874
R1,977,0.14049565319912458
R1,978,0.10782741438041239
R1,979,0.14656964190743876
R1,980,0.11757856796413388
R1,981,0.14019485643100293
R1,982,0.10138724307289995
R1,983,0.12976105044403882
R1,984,0.10991076417199198
R1,985,0.14558045781735413
R1,986,0.13401924121372125
R1,987,0.1356585629572246
R1,988,0.11934470200587825
R1,989,0.13475419817996862
R1,990,0.13605882441743147
R1,991,0.13441263767054698
R1,992,0.14122325528410365
R1,993,0.11265844922550929
R1,994,0.13955378019329148
R1,995,0.1431812832687027
R1,996,0.17732483929590487
R1,997,0.12387729760510083
R1,998,0.1210945367871933
R1,999,0.14344547882664485
R1,1000,0.10617916398208577
R2,1,0.11779929399609727
R2,2,0.18143850461911112
R2,3,0.13042078256447032
R2,4,0.13301917898694052
R2,5,0.135158005473112
R2,6,0.12823361488100668
R2,7,0.11559289688363904
R2,8,0.13862720572281914
R2,9,0.0972847521512335
R2,10,0.11110537568462435
R2,11,0.13631564551166098
R2,12,0.12784581909792644
R2,13,0.09134101681683769
R2,14,0.1849548313885794
R2,15,0.11927171050784288
R2,16,0.14615722543838783
R2,17,0.1291171021374562
R2,18,0.14422265343438329
R2,19,0.13192787608622122
R2,20,0.11881416126985082
R2,21,0.14584444351213632
R2,22,0.10423274252037187
R2,23,0.1520766724605712
R2,24,0.11561886657697873
R2,25,0.1571227894265035
R2,26,0.1475267410350545
R2,27,0.17555577207958867
R2,28,0.15853509643269503
R2,29,0.13771589929429948
R2,30,0.1248454320113401
R2,31,0.17715606738045628
R2,32,0.1096416155520309
R2,33,0.13298471623494
R2,34,0.12888151950086477
R2,35,0.15475407411346076
R2,36,0.1453699394733331
R2,37,0.1318373424167341
R2,38,0.09438260650948559
R2,39,0.13388250073328353
R2,40,0.10562163614704824
R2,41,0.13003138858818095
R2,42,0.10262926956335135
R2,43,0.2145962191144841
R2,44,0.1472170154536753
R2,45,0.13874791825109625
R2,46,0.13979439893201348
R2,47,0.11690673830538466
R2,48,0.12979701738909954
R2,49,0.1421829773131861
R2,50,0.14005848135081136
R2,51,0.12879827207154315
R2,52,0.12726171204593575
R2,53,0.13701197243179628
R2,54,0.10786159974322823
R2,55,0.16304210219338455
R2,56,0.11539341113808678
R2,57,0.1490572682107411
R2,58,0.12907669146346126
R2,59,0.12427663852488782
R2,60,0.1220686321080811
R2,61,0.17069666883734338
R2,62,0.14356517459550036
R2,63,0.1418912045180017
R2,64,0.10565163639277912
R2,65,0.1301764922088402
R2,66,0.1588936229743663
R2,67,0.10923807029182864
R2,68,0.1528558154985326
R2,69,0.1320944787507645
R2,70,0.11695706386931103
R2,71,0.13829389601803613
R2,72,0.15887332455808426
R2,73,0.1338595873380862
R2,74,0.14280959875406254
R2,75,0.10863845400723701
R2,76,0.12626695541138494
R2,77,0.11714233127398468
R2,78,0.165299894435151
R2,79,0.12713103531813902
R2,80,0.1257543929609221
R2,81,0.1251680775719869
R2,82,0.10945989269600179
R2,83,0.13351023678787158
R2,84,0.18961319783979677
R2,85,0.1275874727506047
R2,86,0.1803455866790558
R2,87,0.119721422502122
R2,88,0.1427357511063559
R2,89,0.1586326360457677
R2,90,0.12617091190759952
R2,91,0.13051743140028507
R2,92,0.11820558525220248
R2,93,0.09968905951629031
R2,94,0.14325213691472757
R2,95,0.13462817727813348
R2,96,0.119374201196715
R2,97,0.12128719833972053
R2,98,0.1171112391232661
R2,99,0.13066191881135053
R2,100,0.18843770626733936
R2,101,0.14956290412757475
R2,102,0.10606998440367456
R2,103,0.10869554084565217
R2,104,0.13445903406377574
R2,105,0.14662495043367454
R2,106,0.10128461010274825
R2,107,0.12778077388178627
R2,108,0.12384368082021029
R2,109,0.13452041649596666
R2,110,0.13131347114284156
R2,111,0.12484707920765875
R2,112,0.1488730290507659
R2,113,0.12410864372420399
R2,114,0.1790354654096765
R2,115,0.13573281491969796
R2,116,0.1278981367025345
R2,117,0.16312889525071567
R2,118,0.11829579743802512
R2,119,0.1251001543581071
R2,120,0.13692386172254292
R2,121,0.15808237355098617
R2,122,0.12079780689737614
R2,123,0.13571831331016043
R2,124,0.08405033798722691
R2,125,0.132556579966365
R2,126,0.1126792031971931
R2,127,0.18856659955797941
R2,128,0.12743983642048945
R2,129,0.1738125841646105
R2,130,0.12405703626060369
R2,131,0.11983363339299828
R2,132,0.17004997406820335
R2,133,0.1278173427917443
R2,134,0.1290720346638792
R2,135,0.1293268909508961
R2,136,0.1246502254734618
R2,137,0.12199786333813636
R2,138,0.15095646498413226
R2,139,0.1283248441879647
R2,140,0.1434534658679419
R2,141,0.1271021188837989
R2,142,0.11745266714086695
R2,143,0.11432015981974618
R2,144,0.1282644504598805
R2,145,0.13493276806997487
R2,146,0.11847436429154097
R2,147,0.12792807855756022
R2,148,0.10122979887408785
R2,149,0.12609906959320635
R2,150,0.14020460640869145
R2,151,0.12948552908619476
R2,152,0.13399516643439738
R2,153,0.12482923893262947
R2,154,0.09811435415811998
R2,155,0.15606964660196262
R2,156,0.1673565722027084
R2,157,0.11053513471877946
R2,158,0.12402777261438935
R2,159,0.1644423977557622
R2,160,0.1805935775959158
R2,161,0.15576888260163213
R2,162,0.10598532183609168
R2,163,0.13898985547199647
R2,164,0.12589869641587084
R2,165,0.14288886071855014
R2,166,0.14048441456757105
R2,167,0.10851540535338038
R2,168,0.10963387398206896
R2,169,0.16560837437370124
R2,170,0.11860798811686345
R2,171,0.10348484816571318
R2,172,0.12054855233458084
R2,173,0.12921806825668836
R2,174,0.14910237516997432
R2,175,0.12313097035724598
R2,176,0.10699390677892742
R2,177,0.1359157209319072
R2,178,0.13322993084180085
R2,179,0.1287424578514472
R2,180,0.10959916790277077
R2,181,0.11672143152664637
R2,182,0.15819270507456076
R2,183,0.1527987700225967
R2,184,0.15863802083804604
R2,185,0.10197232266589594
R2,186,0.13346787323915146
R2,187,0.19927814274358324
R2,188,0.12257143814251081
R2,189,0.12595798108970557
R2,190,0.12918448173203104
R2,191,0.1084333917609763
R2,192,0.12172021670029143
R2,193,0.12554884715800943
R2,194,0.13808857742007072
R2,195,0.17940602674091893
R2,196,0.14505275403881202
R2,197,0.14711783277754442
R2,198,0.10332704678354439
R2,199,0.13134502417630994
R2,200,0.12709646032115685
R2,201,0.16349103950764765
R2,202,0.18010368356742582
R2,203,0.14526938219810148
R2,204,0.11629119922502984
R2,205,0.1796526428089397
R2,206,0.18483480865208632
R2,207,0.11571693363873117
R2,208,0.14476316451691562
R2,209,0.1465435651511577
R2,210,0.12341800496218763
R2,211,0.14138011159685748
R2,212,0.14155633529524653
R2,213,0.0921000162649734
R2,214,0.1655597663209085
R2,215,0.1582231173756498
R2,216,0.12703910229977217
R2,217,0.19743279873216246
R2,218,0.1480121366794716
R2,219,0.1287838001229962
R2,220,0.12892045341314345
R2,221,0.11199217861422697
R2,222,0.11872944158416995
R2,223,0.14047510841813973
R2,224,0.14380885901065615
R2,225,0.10656911000478718
R2,226,0.1315319503517748
R2,227,0.16358772259227516
R2,228,0.1546352826875539
R2,229,0.11692668703951918
R2,230,0.10749845356513368
R2,231,0.14318216494619085
R2,232,0.16148834430437567
R2,233,0.12118553314806822
R2,234,0.11887012295376843
R2,235,0.14501041175947538
R2,236,0.10890123324578548
R2,237,0.13547189989453007
R2,238,0.1343501335952157
R2,239,0.08515299917736859
R2,240,0.10737309265109268
R2,241,0.14376569055429153
R2,242,0.10865006775184667
R2,243,0.10997967528965955
R2,244,0.12002425308159445
R2,245,0.12284108306388535
R2,246,0.14557698797661842
R2,247,0.17077185548553617
R2,248,0.11318523757576374
R2,249,0.11394061724150192
R2,250,0.13731403965155387
R2,251,0.12007132486299396
R2,252,0.11465411420350279
R2,253,0.15206342043554855
R2,254,0.10833656336875967
R2,255,0.10321855061514451
R2,256,0.13812927998473937
R2,257,0.13677545062059365
R2,258,0.15187856247071965
R2,259,0.11394786497901782
R2,260,0.1631896740320435
R2,261,0.13849292414926398
R2,262,0.15075234578141194
R2,263,0.13722269392354314
R2,264,0.11151941858631173
R2,265,0.11422648882555417
R2,266,0.0926307934967453
R2,267,0.1561149106424292
R2,268,0.15231865589251734
R2,269,0.08888813828032746
R2,270,0.16253899023855772
R2,271,0.11643117572182624
R2,272,0.13432343580599562
R2,273,0.15196569250084016
R2,274,0.12225334536171711
R2,275,0.15158716607541414
R2,276,0.13745975591046422
R2,277,0.15236249132283874
R2,278,0.1193849649425673
R2,279,0.15380888712218563
R2,280,0.1351914675801728
R2,281,0.11198972937069024
R2,282,0.15722668076571542
R2,283,0.11861849557619508
R2,284,0.1337095442235575
R2,285,0.11846953308490214
R2,286,0.10398701218489727
R2,287,0.1299782908584833
R2,288,0.1018770066005534
R2,289,0.11470949181830513
R2,290,0.13571458365431874
R2,291,0.11664340670106457
R2,292,0.1157315242023591
R2,293,0.11428595722621919
R2,294,0.13987916593971259
R2,295,0.1330403171253368
R2,296,0.12609156332877167
R2,297,0.15415644978819779
R2,298,0.1118021322983733
R2,299,0.11869452828582756
R2,300,0.12728724547275283
R2,301,0.12439288528210032
R2,302,0.13114748883520447
R2,303,0.12520896528331468
R2,304,0.10470337642012335
R2,305,0.14409528495709123
R2,306,0.11461728181373383
R2,307,0.13053618939356024
R2,308,0.1195613317226603
R2,309,0.12813261622114577
R2,310,0.1109948194495736
R2,311,0.12626461882554604
R2,312,0.16341363597657854
R2,313,0.14786029890479693
R2,314,0.16919105235516207
R2,315,0.12853872597676838
R2,316,0.17072108626376623
R2,317,0.139731947736397
R2,318,0.1809510184665096
R2,319,0.12400044464532692
R2,320,0.17424767574081895
R2,321,0.11977402085123755
R2,322,0.15207264597641407
R2,323,0.12441588848471308
R2,324,0.10522105910491554
R2,325,0.11460292908009356
R2,326,0.13825666630053585
R2,327,0.12443028212406837
R2,328,0.12402932943287939
R2,329,0.1394462256887756
R2,330,0.13137487624167918
R2,331,0.12896053953539863
R2,332,0.1133580842087371
R2,333,0.09549210437835132
R2,334,0.1687895129606723
R2,335,0.15046696012299682
R2,336,0.12995156275842928
R2,337,0.12890378043957168
R2,338,0.19976879857922128
R2,339,0.1306944649949945
R2,340,0.11657217040826977
R2,341,0.17013998962198604
R2,342,0.12980065649654285
R2,343,0.11562522261586253
R2,344,0.15989999569733665
R2,345,0.1359958670312659
R2,346,0.12807448628302642
R2,347,0.12089727252210804
R2,348,0.10925054813668636
R2,349,0.11443595752234885
R2,350,0.11581204840972525
R2,351,0.11580211913944592
R2,352,0.1219152097316641
R2,353,0.13628565195535214
R2,354,0.11820207168811891
R2,355,0.10262816560632211
R2,356,0.10330115905598791
R2,357,0.14590752959786926
R2,358,0.12645869043765398
R2,359,0.12141717385635116
R2,360,0.11287980401758384
R2,361,0.15022059657079734
R2,362,0.12261925380019824
R2,363,0.1312755760959234
R2,364,0.1320216508989376
R2,365,0.11550522660241366
R2,366,0.14514978360874126
R2,367,0.11306788569481888
R2,368,0.1704625235910769
R2,369,0.18631458047073832
R2,370,0.10440734095683374
R2,371,0.11399106217246077
R2,372,0.10494326092612113
R2,373,0.17761642833478195
R2,374,0.13629504373532217
R2,375,0.14103141109339995
R2,376,0.1179658485389737
R2,377,0.14219794183935736
R2,378,0.11126329431419806
R2,379,0.144196671238236
R2,380,0.12918403279199858
R2,381,0.1251987141380292
R2,382,0.12401113228941388
R2,383,0.12812244895113636
R2,384,0.14961281280191305
R2,385,0.15260985385384357
R2,386,0.14159463818061038
R2,387,0.12523477676407435
R2,388,0.11319488691197327
R2,389,0.1386782646256729
R2,390,0.1883356843752598
R2,391,0.10913474229785584
R2,392,0.13902454415179655
R2,393,0.11495908969918457
R2,394,0.15277015668781463
R2,395,0.12398457742976156
R2,396,0.12437883189624896
R2,397,0.14740926472432442
R2,398,0.12872350833350338
R2,399,0.1222540998075903
R2,400,0.1324507906528758
R2,401,0.12327816173762367
R2,402,0.1289148446696491
R2,403,0.14447629211687837
R2,404,0.1266080914974357
R2,405,0.1534379897490026
R2,406,0.16605002885082887
R2,407,0.13259696865956389
R2,408,0.1221021637349997
R2,409,0.1554184622047093
R2,410,0.14280257067898652
R2,411,0.11633321620323077
R2,412,0.084156073307766
R2,413,0.1268407481775419
R2,414,0.11786894985543853
R2,415,0.1879838687869687
R2,416,0.12141940184412357
R2,417,0.12411546290149003
R2,418,0.12969002159888982
R2,419,0.1115545848666247
R2,420,0.13688249813931452
R2,421,0.14324716260695736
R2,422,0.11155117060619966
R2,423,0.16083182823354686
R2,424,0.15021261495657862
R2,425,0.18737898790468013
R2,426,0.13873229556134223
R2,427,0.14425606165965293
R2,428,0.1275551233338312
R2,429,0.10756216694961239
R2,430,0.11081364220934264
R2,431,0.1319790308399684
R2,432,0.11921121491348186
R2,433,0.12644294540305287
R2,434,0.11475859559548661
R2,435,0.1611399704089951
R2,436,0.12051540635733904
R2,437,0.14469059039635615
R2,438,0.10025666124418112
R2,439,0.12352845232312144
R2,440,0.1526477997117087
R2,441,0.13615319626961886
R2,442,0.12235163069618037
R2,443,0.1113407832231361
R2,444,0.16452571987562248
R2,445,0.12063303174104811
R2,446,0.11429466772126992
R2,447,0.12751239785418242
R2,448,0.150042158016081
R2,449,0.1463767178847062
R2,450,0.11956077286332821
R2,451,0.14109963689155322
R2,452,0.13918534232834934
R2,453,0.1333051820140956
R2,454,0.11788245150703133
R2,455,0.10943879351737883
R2,456,0.11670448310597431
R2,457,0.13864964640371372
R2,458,0.13350631984478428
R2,459,0.1495151602126164
R2,460,0.14990117216843624
R2,461,0.1452767820473361
R2,462,0.11315964121796973
R2,463,0.12342550128144046
R2,464,0.12715298141568462
R2,465,0.11498459385771881
R2,466,0.12604787843812834
R2,467,0.12338353563860434
R2,468,0.16164605243045266
R2,469,0.13306945041831858
R2,470,0.15013167721459686
R2,471,0.10868120431650419
R2,472,0.11601026937213796
R2,473,0.13855057997563808
R2,474,0.1503812732736207
R2,475,0.1163461681130097
R2,476,0.13753755614331983
R2,477,0.11932367572536655
R2,478,0.13906453294942173
R2,479,0.12390061809740917
R2,480,0.1048336111412071
R2,481,0.12383485109345865
R2,482,0.13120770301461318
R2,483,0.11323979267471092
R2,484,0.12306229515578727
R2,485,0.15248794614195527
R2,486,0.14177291393036084
R2,487,0.14873534384727102
R2,488,0.11185879954171475
R2,489,0.13060993085726733
R2,490,0.15716913863091272
R2,491,0.1121472703886603
R2,492,0.1380559679330965
R2,493,0.1106244551633729
R2,494,0.10101674388432347
R2,495,0.12479291344365936
R2,496,0.12008040549485621
R2,497,0.11325709810596093
R2,498,0.12384782521681896
R2,499,0.10508484853109056
R2,500,0.1259843609729494
R2,501,0.1322296833177919
R2,502,0.14039654864327153
R2,503,0.13882381235014418
R2,504,0.13118539827315176
R2,505,0.12990497821006974
R2,506,0.1590103469741371
R2,507,0.15485947669070887
R2,508,0.11353469520345602
R2,509,0.11839144131739117
R2,510,0.12092871070955866
R2,511,0.12182282957971341
R2,512,0.1403613631506373
R2,513,0.11469218044075673
R2,514,0.12103351420282635
R2,515,0.09801219253687782
R2,516,0.13244799322384967
R2,517,0.11469021603165548
R2,518,0.1392640556975479
R2,519,0.11951453765749055
R2,520,0.10945026882634797
R2,521,0.09535316549641529
R2,522,0.1295638728352671
R2,523,0.15401010985135813
R2,524,0.1545214823503937
R2,525,0.11973631177661223
R2,526,0.13360013972607437
R2,527,0.1315949365849881
R2,528,0.15733776108569028
R2,529,0.10050777567422525
R2,530,0.12462787748275786
R2,531,0.10007097754479191
R2,532,0.10860219315105803
R2,533,0.14980070201908768
R2,534,0.11200555928459272
R2,535,0.139065072167583
R2,536,0.16999961165613015
R2,537,0.11879240947982059
R2,538,0.15034787782116482
R2,539,0.11109602691328672
R2,540,0.13654461849493243
R2,541,0.1227072549752799
R2,542,0.14414771071935717
R2,543,0.12014446682698156
R2,544,0.13453744132749737
R2,545,0.12535581419537073
R2,546,0.13593338475174377
R2,547,0.12370131122383352
R2,548,0.1297384238740151
R2,549,0.09599996246702011
R2,550,0.12484185238251132
R2,551,0.13496959653670526
R2,552,0.10319559694292799
R2,553,0.12497390813930766
R2,554,0.09644293611923506
R2,555,0.13674345155338813
R2,556,0.11259150146626333
R2,557,0.08465301727450539
R2,558,0.15558569806899847
R2,559,0.1737437399238043
R2,560,0.13432715651979307
R2,561,0.13187450335060563
R2,562,0.12114059361671481
R2,563,0.1418878502217095
R2,564,0.1014176273524091
R2,565,0.110547886922597
R2,566,0.14020069318243214
R2,567,0.16208872879235814
R2,568,0.09688634775931484
R2,569,0.10155075241954194
R2,570,0.14822314152388408
R2,571,0.1728069295708905
R2,572,0.13915495151663665
R2,573,0.13075333022881003
R2,574,0.1454997864214423
R2,575,0.13266907346299162
R2,576,0.15055618439760174
R2,577,0.13251676565534873
R2,578,0.10747085865600983
R2,579,0.14754504364674256
R2,580,0.13330778165694346
R2,581,0.13146213581984573
R2,582,0.16527293284406838
R2,583,0.09222838919284311
R2,584,0.149917389472706
R2,585,0.1157829453813039
R2,586,0.13309357995372106
R2,587,0.1139257426040997
R2,588,0.11663796990102517
R2,589,0.1555682565712479
R2,590,0.0966155678830416
R2,591,0.158988396501015
R2,592,0.10191882424429032
R2,593,0.1592046356827244
R2,594,0.1368869032782553
R2,595,0.15827195223020674
R2,596,0.11888686763684825
R2,597,0.12507243421366093
R2,598,0.12610214969116282
R2,599,0.12300114918068208
R2,600,0.12567578764057913
R2,601,0.1529966740820121
R2,602,0.11940598400968766
R2,603,0.1505905099543603
R2,604,0.12550697456670024
R2,605,0.13266629583070277
R2,606,0.12080468525321965
R2,607,0.10402687183930454
R2,608,0.1321642080453915
R2,609,0.12127298419289512
R2,610,0.10915917242678293
R2,611,0.0867628648695218
R2,612,0.1332331220204385
R2,613,0.10432535366521382
R2,614,0.1160994842449393
R2,615,0.17882253061547893
R2,616,0.1122009050527108
R2,617,0.13847217630751138
R2,618,0.1385992254161442
R2,619,0.13245134806636297
R2,620,0.11010911625657192
R2,621,0.12437228658019525
R2,622,0.12050955167683407
R2,623,0.15128714305142535
R2,624,0.16061364614246082
R2,625,0.14841240238462605
R2,626,0.11493219985337283
R2,627,0.11403392234468102
R2,628,0.13072282263538643
R2,629,0.10666789088420871
R2,630,0.17037990732646938
R2,631,0.11848874345261226
R2,632,0.11850490593851988
R2,633,0.11074818761668577
R2,634,0.1301453113400357
R2,635,0.11094305582507888
R2,636,0.13187494668665395
R2,637,0.12051226746927768
R2,638,0.13858113080968837
R2,639,0.14739398126546202
R2,640,0.11480174024864473
R2,641,0.11643270795730294
R2,642,0.103226175589339
R2,643,0.12859709381998533
R2,644,0.11384007405392287
R2,645,0.143633732059185
R2,646,0.10710195981591011
R2,647,0.15551315933218607
R2,648,0.11813089977788128
R2,649,0.14704613313929324
R2,650,0.10998655294709857
R2,651,0.1150155961842674
R2,652,0.11374024885166717
R2,653,0.12679564492704268
R2,654,0.11245074381690162
R2,655,0.1398850718049963
R2,656,0.12089929543102987
R2,657,0.1409374214094207
R2,658,0.12904366012683077
R2,659,0.10990848817923392
R2,660,0.11285026787520414
R2,661,0.1282926640014551
R2,662,0.1259615543788912
R2,663,0.10955662891298429
R2,664,0.1297381011446574
R2,665,0.11811228172749635
R2,666,0.09941131599627773
R2,667,0.15807836201528241
R2,668,0.12283190646652056
R2,669,0.11670614406950724
R2,670,0.14774948215608927
R2,671,0.107182330913303
R2,672,0.10546043142033729
R2,673,0.13092431835179014
R2,674,0.1547658395281438
R2,675,0.14295584763608013
R2,676,0.14071116412087992
R2,677,0.12293060727302145
R2,678,0.11536567515527232
R2,679,0.13657927849473625
R2,680,0.1509093480902818
R2,681,0.16743551107687177
R2,682,0.13420855550711203
R2,683,0.10596282223124968
R2,684,0.1209071096967263
R2,685,0.13691825674438646
R2,686,0.17515263072873627
R2,687,0.1648239054691177
R2,688,0.09844350240629342
R2,689,0.12395149971248529
R2,690,0.12230758044982325
R2,691,0.09405440467850273
R2,692,0.115915523223936
R2,693,0.16448885343554745
R2,694,0.12017365838992344
R2,695,0.10619156459430995
R2,696,0.1739648536496953
R2,697,0.12606554473676268
R2,698,0.16984657815619722
R2,699,0.19355408831448018
R2,700,0.09092745225528497
R2,701,0.14034708015786496
R2,702,0.10074603546925918
R2,703,0.10518192484773133
R2,704,0.1431521937539764
R2,705,0.18115126211610474
R2,706,0.11229900136987445
R2,707,0.12080668524625773
R2,708,0.13793649877656425
R2,709,0.11039575636918282
R2,710,0.11468760303734382
R2,711,0.12100154353700414
R2,712,0.11215184025069375
R2,713,0.16996815947723576
R2,714,0.13808110983326097
R2,715,0.12489584638392115
R2,716,0.1620624849961655
R2,717,0.1012282595790114
R2,718,0.15471095283087466
R2,719,0.12781330728424709
R2,720,0.15041697592168823
R2,721,0.1275638182652044
R2,722,0.10913406153104273
R2,723,0.11582095750278652
R2,724,0.13266138027397614
R2,725,0.13807905816435764
R2,726,0.11663968674340879
R2,727,0.09363983000859566
R2,728,0.12444006748268002
R2,729,0.15737561756946347
R2,730,0.14771936853374984
R2,731,0.11109373575370983
R2,732,0.09864931689264268
R2,733,0.12329797174799635
R2,734,0.1384676333248029
R2,735,0.15599176203159604
R2,736,0.13240106480651062
R2,737,0.1449953755596652
R2,738,0.10178882486116285
R2,739,0.11729801582066822
R2,740,0.10423131024673878
R2,741,0.14002164593602442
R2,742,0.11695683464703534
R2,743,0.16716684472629562
R2,744,0.10586355695169902
R2,745,0.13133848010438257
R2,746,0.11972850310828384
R2,747,0.1329858803266134
R2,748,0.14105999719822757
R2,749,0.1413506931897295
R2,750,0.10500605746119913
R2,751,0.12323377452605504
R2,752,0.1508108965609953
R2,753,0.16041476224815607
R2,754,0.14142436875632225
R2,755,0.12954106024485737
R2,756,0.12130458417662866
R2,757,0.15005622201000166
R2,758,0.12507844857732356
R2,759,0.11156630848790397
R2,760,0.12976813514435276
R2,761,0.12550400041676532
R2,762,0.11065941278682791
R2,763,0.14110291847762343
R2,764,0.13425307285748933
R2,765,0.11217101643513995
R2,766,0.10152500303648467
R2,767,0.13820680689421397
R2,768,0.15572098732933407
R2,769,0.15715530812286696
R2,770,0.1289120028625438
R2,771,0.20099354893752025
R2,772,0.12940432586111592
R2,773,0.10958143643896115
R2,774,0.12726445397536174
R2,775,0.12297169484106923
R2,776,0.17197703033015008
R2,777,0.11398538615286367
R2,778,0.10437372823079681
R2,779,0.12337269035389738
R2,780,0.1482444774160735
R2,781,0.14663469708465665
R2,782,0.14690804107894706
R2,783,0.1027552560874959
R2,784,0.13908864232693066
R2,785,0.12232052584591586
R2,786,0.17574860172481419
R2,787,0.14377665646032328
R2,788,0.14730681647439564
R2,789,0.12336822278261361
R2,790,0.10218363458946263
R2,791,0.11654257461335668
R2,792,0.16671078546538037
R2,793,0.1273189065463215
R2,794,0.14063338941106146
R2,795,0.13034674640937263
R2,796,0.11552326348233886
R2,797,0.1441761773704813
R2,798,0.1326032491343742
R2,799,0.12989376774943884
R2,800,0.12340632469514597
R2,801,0.17959815267757073
R2,802,0.13183191990675328
R2,803,0.11795302569109842
R2,804,0.12347640718899443
R2,805,0.1199996937471678
R2,806,0.08502896725613503
R2,807,0.10236015725179198
R2,808,0.1435086311295551
R2,809,0.11310393404276829
R2,810,0.1480001883892413
R2,811,0.12020312593423756
R2,812,0.1407868966766659
R2,813,0.10587459776341338
R2,814,0.11674944927174524
R2,815,0.13609055186547797
R2,816,0.14897279822486204
R2,817,0.10647113348745152
R2,818,0.12872506347455095
R2,819,0.15124333167717557
R2,820,0.14463143619155677
R2,821,0.12059126983795783
R2,822,0.1465961744226762
R2,823,0.11493561686071326
R2,824,0.12798295874916485
R2,825,0.15424060559997793
R2,826,0.11093348400406662
R2,827,0.14627892236108408
R2,828,0.12048561274149495
R2,829,0.089210566143391
R2,830,0.12348992858201913
R2,831,0.177692368188149
R2,832,0.11429957929035735
R2,833,0.20490663882223276
R2,834,0.12710715881241771
R2,835,0.11823901801159925
R2,836,0.14929264175148732
R2,837,0.10860668282392023
R2,838,0.143976004469074
R2,839,0.1346900483551737
R2,840,0.15058766860504666
R2,841,0.1465356659966019
R2,842,0.1352195108860739
R2,843,0.1323091038049232
R2,844,0.14238433890189206
R2,845,0.197311134381777
R2,846,0.102293820519779
R2,847,0.12557481163051418
R2,848,0.13935812269349523
R2,849,0.11156095332710587
R2,850,0.14622364301566423
R2,851,0.09568653200726424
R2,852,0.14079480963803495
R2,853,0.13753623598238884
R2,854,0.11743484606380653
R2,855,0.1490935915830328
R2,856,0.12498582963430009
R2,857,0.11327812501423877
R2,858,0.11327328364911939
R2,859,0.10465901608397393
R2,860,0.1159272257701127
R2,861,0.14965561596518465
R2,862,0.191477019345399
R2,863,0.143313489741683
R2,864,0.14694864243870503
R2,865,0.13409955326740328
R2,866,0.13018955530638682
R2,867,0.13240000847753408
R2,868,0.13000387126603852
R2,869,0.10037852152075341
R2,870,0.09454451418799667
R2,871,0.11963438569378568
R2,872,0.1523702003280724
R2,873,0.12577717454119536
R2,874,0.10340010414546581
R2,875,0.14053545673359924
R2,876,0.12913500614581908
R2,877,0.10224208647181314
R2,878,0.12573632177244645
R2,879,0.11967445460516127
R2,880,0.12481728267262272
R2,881,0.13609504279140858
R2,882,0.13972077557789528
R2,883,0.11062094442132568
R2,884,0.14500272347909393
R2,885,0.13124569439462833
R2,886,0.11243450405498152
R2,887,0.12431856612758502
R2,888,0.12614707997679683
R2,889,0.1528197435101403
R2,890,0.14182707146752904
R2,891,0.10089377403462763
R2,892,0.1050419017390534
R2,893,0.17100530872264458
R2,894,0.14272315564621832
R2,895,0.10095561293594452
R2,896,0.10961771682354902
R2,897,0.11269737803433542
R2,898,0.13101938083119194
R2,899,0.1323563126584284
R2,900,0.12342076210122589
R2,901,0.14548955530916363
R2,902,0.1388715646231582
R2,903,0.10310381994611244
R2,904,0.14068183200649256
R2,905,0.10172313735269761
R2,906,0.14620525857684855
R2,907,0.10508293014733908
R2,908,0.1401957984245706
R2,909,0.17835974023395734
R2,910,0.13996300818651905
R2,911,0.16654728729576337
R2,912,0.12375029705134971
R2,913,0.11149613287598643
R2,914,0.11972705203745347
R2,915,0.10939284668849157
R2,916,0.1027740458144391
R2,917,0.1315235444087886
R2,918,0.15100001969209847
R2,919,0.09196396424378792
R2,920,0.12776688316218446
R2,921,0.1027342797792366
R2,922,0.11534343254233496
R2,923,0.12662174698299095
R2,924,0.15201480280965518
R2,925,0.13498282991643915
R2,926,0.15290583184305426
R2,927,0.11420817043833004
R2,928,0.16024980775941325
R2,929,0.14358562641673855
R2,930,0.11806104739587801
R2,931,0.11325712266369727
R2,932,0.12411816403609593
R2,933,0.09601921430951331
R2,934,0.12349848493364951
R2,935,0.17835956321464988
R2,936,0.0986247288856824
R2,937,0.13182984728750857
R2,938,0.10343185065544827
R2,939,0.12161275573586149
R2,940,0.13356616898617507
R2,941,0.11077981324908098
R2,942,0.12313820119203528
R2,943,0.13368034218166586
R2,944,0.09208887104656135
R2,945,0.13875300342558844
R2,946,0.12149024276350867
R2,947,0.1294681264149293
R2,948,0.10779400122138988
R2,949,0.1180620690679972
R2,950,0.1200961270625436
R2,951,0.15624898860020728
R2,952,0.09478487063814277
R2,953,0.14165383580049876
R2,954,0.10110998820004556
R2,955,0.125900719317318
R2,956,0.13219916286682662
R2,957,0.12141747040892076
R2,958,0.10572172681715494
R2,959,0.1771655218630555
R2,960,0.13661855802552395
R2,961,0.1059476594697249
R2,962,0.12297837537537733
R2,963,0.11202010771792373
R2,964,0.11833849923783812
R2,965,0.12135048032579401
R2,966,0.11267174208734257
R2,967,0.12947877134033758
R2,968,0.134511025002222
R2,969,0.1447642303404957
R2,970,0.12184919304092742
R2,971,0.1270453567962434
R2,972,0.11081591402815524
R2,973,0.12684974654749837
R2,974,0.10639507773995387
R2,975,0.14844782931127712
R2,976,0.16076418327225045
R2,977,0.14194694977304398
R2,978,0.12608827719437568
R2,979,0.10836654338863057
R2,980,0.12376155032223254
R2,981,0.1327661580010974
R2,982,0.142743328301155
R2,983,0.1609757400481458
R2,984,0.14451823651570647
R2,985,0.13388952643387747
R2,986,0.14449064650677945
R2,987,0.12034809331783974
R2,988,0.12916348256756283
R2,989,0.16915139311347388
R2,990,0.13234434394766484
R2,991,0.11984845846109143
R2,992,0.1125436988918767
R2,993,0.11673287721835252
R2,994,0.1234378412307766
R2,995,0.11225891243677395
R2,996,0.1175744455904
R2,997,0.13727603246870107
R2,998,0.12436323435076399
R2,999,0.1370693701508487
R2,1000,0.14096178940526233
R3,1,0.0953762168358346
R3,2,0.13365671774991084
R3,3,0.1283475601195931
R3,4,0.1157831302378644
R3,5,0.1498999964269651
R3,6,0.11340345232439696
R3,7,0.12136992810686303
R3,8,0.13015393966737526
R3,9,0.1459738211908876
R3,10,0.12598329317356366
R3,11,0.11684463194561436
R3,12,0.10058085147436575
R3,13,0.1057905869235975
R3,14,0.13264392747745948
R3,15,0.1779761657148026
R3,16,0.1393753869752481
R3,17,0.13660415247510949
R3,18,0.12231185810405842
R3,19,0.13218982732628953
R3,20,0.12331237869375018
R3,21,0.16394124658815679
R3,22,0.18095189022655964
R3,23,0.13453084215541591
R3,24,0.16436181404876865
R3,25,0.09363278335036634
R3,26,0.13080821061399717
R3,27,0.10711618410214457
R3,28,0.12385716053827647
R3,29,0.14227192231229804
R3,30,0.1496520114375704
R3,31,0.144898168640545
R3,32,0.1016480714386137
R3,33,0.11128130609855938
R3,34,0.15126950150696164
R3,35,0.11844890223147717
R3,36,0.18526021584616592
R3,37,0.1221807098455836
R3,38,0.13168077470642406
R3,39,0.11496688364609872
R3,40,0.14552630445402148
R3,41,0.12339185545024911
R3,42,0.15236250961321235
R3,43,0.18245421381692753
R3,44,0.11637577925524485
R3,45,0.11584321780825349
R3,46,0.12453574769527102
R3,47,0.1350366200681976
R3,48,0.16241731160877115
R3,49,0.13309321852254505
R3,50,0.13322624918939777
R3,51,0.10489159509870107
R3,52,0.19066453466852337
R3,53,0.13063114922970548
R3,54,0.17435790771261464
R3,55,0.171568851357756
R3,56,0.14797097657317398
R3,57,0.1387261626254163
R3,58,0.13914662519435408
R3,59,0.13101846976122908
R3,60,0.13756731917058965
R3,61,0.1189495852435058
R3,62,0.11512485376765293
R3,63,0.09581465358266346
R3,64,0.15030886187851816
R3,65,0.14062490685367485
R3,66,0.13897073630348036
R3,67,0.11800541409499574
R3,68,0.11267105818481701
R3,69,0.1159604987585099
R3,70,0.15105202345065302
R3,71,0.11787983928927312
R3,72,0.1261167120818599
R3,73,0.09483829136572443
R3,74,0.11753359295997355
R3,75,0.15049110898784845
R3,76,0.11992582977833414
R3,77,0.13339245215222462
R3,78,0.12338833751884982
R3,79,0.14838923385756997
R3,80,0.11643501959668151
R3,81,0.14446353411639584
R3,82,0.1453569987802997
R3,83,0.13567740636618614
R3,84,0.1388364475402665
R3,85,0.14353575489712894
R3,86,0.12978897130979197
R3,87,0.12322351118507956
R3,88,0.13711183175859684
R3,89,0.18256781294414867
R3,90,0.11150201577427689
R3,91,0.12536404603888712
R3,92,0.14218881597459992
R3,93,0.18210941574055525
R3,94,0.10507063914493397
R3,95,0.14694710168590244
R3,96,0.14961309196412537
R3,97,0.17600956254089392
R3,98,0.1531060189688003
R3,99,0.12039260388975408
R3,100,0.13890747251542127
R3,101,0.1397255979348736
R3,102,0.1192889404860078
R3,103,0.12886377740227573
R3,104,0.10253926887025605
R3,105,0.13449421184097193
R3,106,0.1317345891643401
R3,107,0.13729644184900655
R3,108,0.11522550399324233
R3,109,0.12138141107746923
R3,110,0.15644902250394963
R3,111,0.12860398819614494
R3,112,0.14807400796605533
R3,113,0.11601080761967274
R3,114,0.19189850946920117
R3,115,0.10549357528402403
R3,116,0.12615400930708826
R3,117,0.1610630681722919
R3,118,0.1870205489132333
R3,119,0.15588592226976625
R3,120,0.10482596925452264
R3,121,0.15019741369538422
R3,122,0.16828319673570746
R3,123,0.10683397063358391
R3,124,0.11782762549097844
R3,125,0.1537669983342516
R3,126,0.14781000449064027
R3,127,0.115917057171532
R3,128,0.15789364519617574
R3,129,0.1160659910619553
R3,130,0.10673975905076119
R3,131,0.1664551300012034
R3,132,0.14342755742252322
R3,133,0.13882434855513154
R3,134,0.07782185135607478
R3,135,0.1595377891981751
R3,136,0.16233340203850594
R3,137,0.13320590224853257
R3,138,0.09077342656390354
R3,139,0.14256180224596085
R3,140,0.10698814392043555
R3,141,0.1363861385722112
R3,142,0.13293896834577132
R3,143,0.1215453164770515
R3,144,0.14005796029692208
R3,145,0.11749214146916406
R3,146,0.12872044044938233
R3,147,0.17520968863696712
R3,148,0.10150306108255683
R3,149,0.17395219090498076
R3,150,0.17483378903878533
R3,151,0.10245230817826421
R3,152,0.1420371485730107
R3,153,0.11058188142516476
R3,154,0.14209914696957177
R3,155,0.10331339269101773
R3,156,0.1009943255183281
R3,157,0.11766616482969904
R3,158,0.11714821971372603
R3,159,0.1474346980245403
R3,160,0.13289885525920714
R3,161,0.20716562527262913
R3,162,0.14090326551078228
R3,163,0.17054719933533052
R3,164,0.10723906680015685
R3,165,0.15402731557182248
R3,166,0.12825105588769023
R3,167,0.09401010482867661
R3,168,0.11881530419335849
R3,169,0.11611592936216472
R3,170,0.10984702965741942
R3,171,0.17746656351568488
R3,172,0.13781302868273154
R3,173,0.1277136620661779
R3,174,0.12997999081535414
R3,175,0.11723230799333151
R3,176,0.10860728250435941
R3,177,0.12972393082047853
R3,178,0.1362141237059427
R3,179,0.12985415837492162
R3,180,0.14454316206674672
R3,181,0.14728286651333233
R3,182,0.11514647062741117
R3,183,0.11576671635729761
R3,184,0.13062307507350798
R3,185,0.1313609585740364
R3,186,0.15468623631760736
R3,187,0.10092812884600526
R3,188,0.12942430983864509
R3,189,0.14228613670148235
R3,190,0.11359780897670224
R3,191,0.12221985704498935
R3,192,0.1333834578777561
R3,193,0.10826445032415606
R3,194,0.11959273567725949
R3,195,0.1271636202930259
R3,196,0.13238349626466778
R3,197,0.12500728175456158
R3,198,0.10251845407315414
R3,199,0.1408751425286087
R3,200,0.12085387652699918
R3,201,0.10118102901853628
R3,202,0.1255396671554812
R3,203,0.11499471432473775
R3,204,0.10851641379256671
R3,205,0.1296864684971695
R3,206,0.12949579583156506
R3,207,0.11394264880943639
R3,208,0.11953933187056039
R3,209,0.10960368177205215
R3,210,0.13338125701139375
R3,211,0.11272413117909273
R3,212,0.12814426426336714
R3,213,0.1238438501193551
R3,214,0.1434344842812793
R3,215,0.14244524140272208
R3,216,0.14307325238628085
R3,217,0.12670008042206263
R3,218,0.09863835305483985
R3,219,0.1253017603110177
R3,220,0.1309948833525537
R3,221,0.12440144718628636
R3,222,0.15796883417355148
R3,223,0.12831888280130185
R3,224,0.14064565479031332
R3,225,0.11031833816339272
R3,226,0.1307150974686085
R3,227,0.12262924405701627
R3,228,0.14633390548032588
R3,229,0.11647612755413439
R3,230,0.16513040887140062
R3,231,0.11931232624086939
R3,232,0.13198762136241934
R3,233,0.1093069176268095
R3,234,0.1275519588023906
R3,235,0.11590608432631498
R3,236,0.13134618699574974
R3,237,0.1811358083929322
R3,238,0.14736194041645978
R3,239,0.1522860628182528
R3,240,0.10702899329756187
R3,241,0.11891025309489812
R3,242,0.12779987957181874
R3,243,0.14181594674853618
R3,244,0.0973703449230823
R3,245,0.11155551369821126
R3,246,0.13828870110478092
R3,247,0.12362718612360306
R3,248,0.13758528455194213
R3,249,0.13771742763273795
R3,250,0.14295479900881394
R3,251,0.11644800194968458
R3,252,0.13570308175368362
R3,253,0.11200158526255237
R3,254,0.12385273080010108
R3,255,0.12739089801978376
R3,256,0.14083126073699362
R3,257,0.125260601070419
R3,258,0.10984705971532174
R3,259,0.14138897209856627
R3,260,0.13560992189036677
R3,261,0.12520456621439496
R3,262,0.1310525689785328
R3,263,0.14158119700542554
R3,264,0.1543081910130969
R3,265,0.13390229723445665
R3,266,0.10595688819901848
R3,267,0.1249760001680412
R3,268,0.1378371359897535
R3,269,0.1469467438089024
R3,270,0.12204097239574406
R3,271,0.13457115105156328
R3,272,0.12833739091371388
R3,273,0.1448337224216414
R3,274,0.14418253689853272
R3,275,0.11115193601244616
R3,276,0.11516587411610861
R3,277,0.13500011462998587
R3,278,0.1412993215855951
R3,279,0.11577401488386449
R3,280,0.1402039274361957
R3,281,0.11958436111299907
R3,282,0.15906754427907555
R3,283,0.10479970346810388
R3,284,0.1450408785366181
R3,285,0.15659008093490515
R3,286,0.14229474275425408
R3,287,0.17893054158560684
R3,288,0.12858128082909104
R3,289,0.12721853946653763
R3,290,0.14457376223043616
R3,291,0.09594330323389212
R3,292,0.1470849307328779
R3,293,0.15820841863825538
R3,294,0.12487933276059282
R3,295,0.1368134660817965
R3,296,0.14865507242957068
R3,297,0.14062087597776607
R3,298,0.1688222512562696
R3,299,0.12291533721267649
R3,300,0.15269119189565114
R3,301,0.10252340323634145
R3,302,0.11750589680522039
R3,303,0.11890027061861348
R3,304,0.1328849842515324
R3,305,0.12646675406384977
R3,306,0.12698986985018945
R3,307,0.1313820836090249
R3,308,0.12245027096171465
R3,309,0.2122956966281292
R3,310,0.15253603053884424
R3,311,0.1494143831453171
R3,312,0.11332355103869825
R3,313,0.13747594898058244
R3,314,0.15799093087127802
R3,315,0.12366438331063591
R3,316,0.12545031348060678
R3,317,0.14806976632542546
R3,318,0.11246827687845405
R3,319,0.19073755867055447
R3,320,0.14220081728372871
R3,321,0.12263428863407985
R3,322,0.15021762675206615
R3,323,0.16542081673427655
R3,324,0.14675157721850274
R3,325,0.15202348996877726
R3,326,0.1285710423248134
R3,327,0.13265361180876648
R3,328,0.11678700115650267
R3,329,0.1299519601535419
R3,330,0.11744820529855483
R3,331,0.1028346837735599
R3,332,0.13124237301391606
R3,333,0.131047119069966
R3,334,0.09297247993466684
R3,335,0.0926781181257827
R3,336,0.14332285495226527
R3,337,0.1413907020833277
R3,338,0.11727816386607676
R3,339,0.16760390607713602
R3,340,0.08855211976768307
R3,341,0.1383294872669259
R3,342,0.12259172000610388
R3,343,0.11232063767308366
R3,344,0.13298656558657967
R3,345,0.1457323432409252
R3,346,0.1213893204433222
R3,347,0.135685277238384
R3,348,0.11330620490392498
R3,349,0.13166227186531165
R3,350,0.1411446363889776
R3,351,0.142374849888165
R3,352,0.14085984971818502
R3,353,0.10685330791162656
R3,354,0.11520344556662457
R3,355,0.13680128046172124
R3,356,0.10378409457600685
R3,357,0.12093141382795453
R3,358,0.09935853320078171
R3,359,0.10059974471699486
R3,360,0.1674058127165342
R3,361,0.13388005560354224
R3,362,0.14395908632985033
R3,363,0.12719530865719123
R3,364,0.19417075023083816
R3,365,0.12758352095903625
R3,366,0.1082359732644634
R3,367,0.14235038739851427
R3,368,0.11142360185130235
R3,369,0.11243530667498697
R3,370,0.14299831164463458
R3,371,0.09938281982056031
R3,372,0.14130083595199902
R3,373,0.12895188124591198
R3,374,0.13162498056508387
R3,375,0.15137692526835186
R3,376,0.15107837667243798
R3,377,0.12350257022589722
R3,378,0.1403018661119155
R3,379,0.15817834841951858
R3,380,0.14093827719245336
R3,381,0.13148166527385605
R3,382,0.1256899566392538
R3,383,0.13175578452044984
R3,384,0.12416627071065084
R3,385,0.12165708556045775
R3,386,0.15559505979401525
R3,387,0.12583447867356637
R3,388,0.12953682551058426
R3,389,0.1078394832876464
R3,390,0.12960531677685383
R3,391,0.1565419235847957
R3,392,0.11336889667524387
R3,393,0.1462703512354994
R3,394,0.13710809449728645
R3,395,0.12925152951466817
R3,396,0.12350305511543418
R3,397,0.128714929077271
R3,398,0.1349006341064991
R3,399,0.1281958520452554
R3,400,0.12307605102412474
R3,401,0.11491315080106089
R3,402,0.14777610007828187
R3,403,0.11968369278873627
R3,404,0.14276615847350427
R3,405,0.17103448288960274
R3,406,0.12633593800928283
R3,407,0.1180246272357078
R3,408,0.17795526456416555
R3,409,0.18093521674681234
R3,410,0.10179405763141502
R3,411,0.12046939010189162
R3,412,0.12250159339978814
R3,413,0.1353392014843908
R3,414,0.1258922342306696
R3,415,0.13036773619260525
R3,416,0.17128539518283623
R3,417,0.11095763280385408
R3,418,0.10490593968817342
R3,419,0.10871313069922033
R3,420,0.12909910340579556
R3,421,0.16409943577652877
R3,422,0.11045954537577876
R3,423,0.14763302844560772
R3,424,0.10613330190244954
R3,425,0.16049869319655705
R3,426,0.1498504873910484
R3,427,0.13888454976892975
R3,428,0.13866514351375425
R3,429,0.12878446591091977
R3,430,0.11448360627582276
R3,431,0.14048079070759772
R3,432,0.13676439638048069
R3,433,0.114979493797382
R3,434,0.11236604816329224
R3,435,0.13714077829911953
R3,436,0.14061230664933166
R3,437,0.1502515420623995
R3,438,0.12953231657998254
R3,439,0.12250951025500739
R3,440,0.12964688094501786
R3,441,0.14479312679514525
R3,442,0.10416831701042396
R3,443,0.14392672702421103
R3,444,0.15585173753586917
R3,445,0.12983257278325136
R3,446,0.12094156845199293
R3,447,0.1094568822533436
R3,448,0.11386077636803127
R3,449,0.1114157983823788
R3,450,0.1400043742606164
R3,451,0.12632853535002264
R3,452,0.12623796896871253
R3,453,0.14170101837372134
R3,454,0.141346921919302
R3,455,0.14046761301085556
R3,456,0.10907348334292656
R3,457,0.10539970484489021
R3,458,0.12565721353182213
R3,459,0.09765394915370657
R3,460,0.1490436992147068
R3,461,0.12501880526933426
R3,462,0.13722657452200757
R3,463,0.12897758206058138
R3,464,0.13629502770760948
R3,465,0.13668247040781403
R3,466,0.11710726717398473
R3,467,0.15202103355916122
R3,468,0.12963557272012252
R3,469,0.12062090751073865
R3,470,0.09940980680027357
R3,471,0.1441333969116574
R3,472,0.12634555867328978
R3,473,0.12564279854924765
R3,474,0.1264368541305676
R3,475,0.12867284806364104
R3,476,0.09475083235793283
R3,477,0.13052989440880267
R3,478,0.14973169191239535
R3,479,0.13553842780665945
R3,480,0.1463293907924154
R3,481,0.14927821552319437
R3,482,0.13634036696668184
R3,483,0.13399056619073926
R3,484,0.09673079227452275
R3,485,0.15757575419269307
R3,486,0.12505832327393718
R3,487,0.11753049414642579
R3,488,0.13772800355091128
R3,489,0.16198380675938553
R3,490,0.1770214830678558
R3,491,0.1475306128272744
R3,492,0.14582248854913954
R3,493,0.10256838402187823
R3,494,0.15634536931333204
R3,495,0.13652773584706462
R3,496,0.16397950263328326
R3,497,0.14085278965787124
R3,498,0.1424581449754173
R3,499,0.11980800333403226
R3,500,0.15084586375432926
R3,501,0.11023130346245537
R3,502,0.11625630394696768
R3,503,0.1178651398381015
R3,504,0.12476849841884748
R3,505,0.14226119683352575
R3,506,0.15731475367364295
R3,507,0.12417754002742185
R3,508,0.1494881362167349
R3,509,0.12689833426756664
R3,510,0.12248672275210652
R3,511,0.10566931315672898
R3,512,0.13005898756672543
R3,513,0.14024396931050356
R3,514,0.13586853667217272
R3,515,0.14511211874125982
R3,516,0.15111945158261456
R3,517,0.141447555169942
R3,518,0.14159357880472329
R3,519,0.16022787885602988
R3,520,0.16260954263786168
R3,521,0.15167460862940785
R3,522,0.1304810899829569
R3,523,0.14235675827663577
R3,524,0.12397848480743383
R3,525,0.15189424115317504
R3,526,0.13815671643843866
R3,527,0.13187413488180494
R3,528,0.12057435805661014
R3,529,0.12297631007796284
R3,530,0.11525922344477721
R3,531,0.1263793190698836
R3,532,0.09728287958656634
R3,533,0.1714858580472414
R3,534,0.08392753565696423
R3,535,0.11439239218115034
R3,536,0.09838893368555182
R3,537,0.1301613303035018
R3,538,0.13554221503482436
R3,539,0.12821896842119437
R3,540,0.10453741533162987
R3,541,0.17341369167540102
R3,542,0.18331691714268633
R3,543,0.1368578524715812
R3,544,0.16497284539532833
R3,545,0.10621354977255668
R3,546,0.10130194171103975
R3,547,0.09953864407331721
R3,548,0.09043847111129219
R3,549,0.1230298512369956
R3,550,0.13780448965487377
R3,551,0.154027174006216
R3,552,0.12166371788462228
R3,553,0.103954775270766
R3,554,0.11744593921443093
R3,555,0.13038540918977584
R3,556,0.1489656006957941
R3,557,0.14118141073366114
R3,558,0.16851068594453142
R3,559,0.11461583209243748
R3,560,0.12902908055144538
R3,561,0.12097823133636885
R3,562,0.12282383865260645
R3,563,0.12111315653249749
R3,564,0.14076107631836454
R3,565,0.12719106162246466
R3,566,0.11987005378101628
R3,567,0.11698059983838814
R3,568,0.1319913967249092
R3,569,0.14196644608532585
R3,570,0.13970281371383922
R3,571,0.14586376966359269
R3,572,0.13803636386213924
R3,573,0.14457323685993936
R3,574,0.1412343176632386
R3,575,0.1366836524619598
R3,576,0.12409690331780084
R3,577,0.10780365923764418
R3,578,0.11030293670600275
R3,579,0.14335005991804334
R3,580,0.1153807757334384
R3,581,0.11077183154163264
R3,582,0.12253602478964574
R3,583,0.16742815834584485
R3,584,0.137193724386826
R3,585,0.16354232644465969
R3,586,0.1231368143871305
R3,587,0.13750708717736287
R3,588,0.11488393537039769
R3,589,0.14684997168798353
R3,590,0.14450279605097355
R3,591,0.12638519703538148
R3,592,0.1570150692210761
R3,593,0.10867339385060769
R3,594,0.1268442899619204
R3,595,0.16449092255539421
R3,596,0.1470914178356039
R3,597,0.128907877229364
R3,598,0.17513108435746313
R3,599,0.14876063989597738
R3,600,0.13220455024981623
R3,601,0.12026984992257884
R3,602,0.1303368281830269
R3,603,0.1410578225582782
R3,604,0.12410820502376023
R3,605,0.1415770101357056
R3,606,0.11933859489570868
R3,607,0.12620921660118914
R3,608,0.12968831026746327
R3,609,0.11900135781469512
R3,610,0.14768600073316848
R3,611,0.1548598217241195
R3,612,0.14236952422543922
R3,613,0.1381844763562509
R3,614,0.127529003821644
R3,615,0.14354633682972803
R3,616,0.1399538130607496
R3,617,0.1062318935176915
R3,618,0.13878742476495964
R3,619,0.10710269254662086
R3,620,0.166553057357137
R3,621,0.1058194019539883
R3,622,0.13032023866050318
R3,623,0.10226789421375897
R3,624,0.18577687542559787
R3,625,0.11977471392329642
R3,626,0.1539954219728535
R3,627,0.20742290522209703
R3,628,0.1458355581949638
R3,629,0.11222645475703051
R3,630,0.1338169531444952
R3,631,0.11540286258374713
R3,632,0.14145432008214193
R3,633,0.10989874328661058
R3,634,0.16361415532022003
R3,635,0.13011351924108425
R3,636,0.13016150056972187
R3,637,0.14096800865406972
R3,638,0.161294202675043
R3,639,0.13853802267303755
R3,640,0.13607794942381768
R3,641,0.1360329146675499
R3,642,0.11945296311369344
R3,643,0.1342793610801597
R3,644,0.09856897075129954
R3,645,0.14989888622643419
R3,646,0.1684128913621097
R3,647,0.13913962821125664
R3,648,0.11537311622436784
R3,649,0.1310036084218894
R3,650,0.10365369360841578
R3,651,0.11817368063005514
R3,652,0.1563020145042297
R3,653,0.14441376760087457
R3,654,0.11021814320980196
R3,655,0.11190552536971533
R3,656,0.14781779981160298
R3,657,0.15038375264903026
R3,658,0.1268168854636682
R3,659,0.12182846687696708
R3,660,0.08457401427650846
R3,661,0.14322307834054354
R3,662,0.15371201936895337
R3,663,0.11044221426100699
R3,664,0.1844341562734836
R3,665,0.13661550472015796
R3,666,0.11275726963766304
R3,667,0.16258416470861992
R3,668,0.11514560510964182
R3,669,0.12870373957640951
R3,670,0.11192366921609435
R3,671,0.1353359258800246
R3,672,0.12138575419001502
R3,673,0.10814408329016015
R3,674,0.09455221470448495
R3,675,0.1557123971608597
R3,676,0.13000956844232064
R3,677,0.1538374253045559
R3,678,0.10508667555638465
R3,679,0.11108686035781648
R3,680,0.1397206379587093
R3,681,0.1156305940514592
R3,682,0.1170243861441488
R3,683,0.13435022698140536
R3,684,0.10670670853927512
R3,685,0.12759993588449797
R3,686,0.12862658955124054
R3,687,0.12383537680303233
R3,688,0.12967735363110558
R3,689,0.14538010390555708
R3,690,0.15500291533094127
R3,691,0.12675133595460145
R3,692,0.10060455568936406
R3,693,0.11424850841691214
R3,694,0.15495995487757633
R3,695,0.1553648814575003
R3,696,0.12569683091798559
R3,697,0.12008653229931107
R3,698,0.11588069585392322
R3,699,0.11411896600534767
R3,700,0.15518758225605095
R3,701,0.12256715360266454
R3,702,0.1043263045578357
R3,703,0.1291026107226266
R3,704,0.17276856409853192
R3,705,0.13568165216898673
R3,706,0.13528395600009713
R3,707,0.10585289166312295
R3,708,0.13222367440874339
R3,709,0.1459107807564544
R3,710,0.1476041016376445
R3,711,0.16099239335395624
R3,712,0.10917227981039887
R3,713,0.11008369801573634
R3,714,0.14935061072960998
R3,715,0.17806346343065788
R3,716,0.10517804761665955
R3,717,0.11981384553836837
R3,718,0.11698504437809942
R3,719,0.15970059333279
R3,720,0.12394987132148348
R3,721,0.14495137541017414
R3,722,0.13386003153279938
R3,723,0.11451667343174969
R3,724,0.11185109182505379
R3,725,0.12227825461554398
R3,726,0.1311186635479216
R3,727,0.12593866905308143
R3,728,0.15395106639976078
R3,729,0.1319198182277424
R3,730,0.1365490755182477
R3,731,0.13930577990292262
R3,732,0.17254937338937942
R3,733,0.14726214685086803
R3,734,0.11132376278986916
R3,735,0.12462779764654673
R3,736,0.13805144849133671
R3,737,0.107494484596406
R3,738,0.12760160157039252
R3,739,0.11863047446286296
R3,740,0.11527265261893078
R3,741,0.11604625689049028
R3,742,0.1438120974834188
R3,743,0.12255844550524386
R3,744,0.11701478609116944
R3,745,0.15934495307243685
R3,746,0.1357138783807355
R3,747,0.11561174343140714
R3,748,0.13053269694012554
R3,749,0.1148314553240719
R3,750,0.12779910383475776
R3,751,0.16310706954011342
R3,752,0.11969484491590314
R3,753,0.15029714893264165
R3,754,0.14156932945526102
R3,755,0.15122998328975892
R3,756,0.12421635974764791
R3,757,0.11901318832306802
R3,758,0.12150141612461418
R3,759,0.14639482459845685
R3,760,0.10046365695791398
R3,761,0.11037115561090154
R3,762,0.16778546917582018
R3,763,0.13642698110944806
R3,764,0.16457699398344647
R3,765,0.1177938217413423
R3,766,0.12499769569316273
R3,767,0.09541923501389717
R3,768,0.1379676589158652
R3,769,0.1371130727936915
R3,770,0.141670797692659
R3,771,0.1194192119681367
R3,772,0.1809985910705938
R3,773,0.13952119346065506
R3,774,0.1433358475557811
R3,775,0.1624924249296367
R3,776,0.12086610184776134
R3,777,0.12739862123931697
R3,778,0.10748142842065836
R3,779,0.13178358653905275
R3,780,0.15556480264850422
R3,781,0.1321477768783432
R3,782,0.1426829741246959
R3,783,0.1309380035128412
R3,784,0.17812217775594003
R3,785,0.1390168395878102
R3,786,0.13465212125016515
R3,787,0.17200740889765903
R3,788,0.1114531348789795
R3,789,0.16230384617645707
R3,790,0.1390961889773746
R3,791,0.17757310676614635
R3,792,0.1368603428519176
R3,793,0.10029461785670829
R3,794,0.13081492386085128
R3,795,0.10737219731245434
R3,796,0.1533116732430388
R3,797,0.1402893908943953
R3,798,0.134140021515158
R3,799,0.14429460318903986
R3,800,0.13297070759763008
R3,801,0.13341058298797578
R3,802,0.12733385361463115
R3,803,0.1412301362115511
R3,804,0.1171809355320805
R3,805,0.132263041233674
R3,806,0.13012509953033646
R3,807,0.13191216035299896
R3,808,0.11000790299009745
R3,809,0.13453978700766847
R3,810,0.12936497374036046
R3,811,0.13451833870099467
R3,812,0.14752458076841998
R3,813,0.14187311048401977
R3,814,0.16561750914059198
R3,815,0.150475025744113
R3,816,0.13950385435093046
R3,817,0.11488697759963601
R3,818,0.10779316926395832
R3,819,0.13400340773192929
R3,820,0.14361340223406255
R3,821,0.119157670632707
R3,822,0.1298558233792076
R3,823,0.0982649328017926
R3,824,0.18527267933137334
R3,825,0.13762448534331556
R3,826,0.11363605434373608
R3,827,0.11729076828585552
R3,828,0.10774055940316382
R3,829,0.15188539381487806
R3,830,0.12955916757688007
R3,831,0.15949523175586125
R3,832,0.12014680409904277
R3,833,0.1282912872916397
R3,834,0.12385676772097562
R3,835,0.15667323750598247
R3,836,0.1493993566374633
R3,837,0.1273595622246698
R3,838,0.15824202034916715
R3,839,0.12504719606839831
R3,840,0.14156250642148938
R3,841,0.1254747552066032
R3,842,0.11730497653993158
R3,843,0.135985201180323
R3,844,0.11325901579508504
R3,845,0.14270971305511745
R3,846,0.11146839676066926
R3,847,0.1577743298713918
R3,848,0.11161294325681251
R3,849,0.1365570133453432
R3,850,0.10416646687307413
R3,851,0.1651773301364539
R3,852,0.14083124602942054
R3,853,0.1246269160676202
R3,854,0.12726081128352845
R3,855,0.13393074118417309
R3,856,0.12052895047302799
R3,857,0.1420061433111088
R3,858,0.13529266970613157
R3,859,0.14622789335343406
R3,860,0.12915759444405564
R3,861,0.12166960700679849
R3,862,0.11280552156466561
R3,863,0.13629785743667083
R3,864,0.12299567666756035
R3,865,0.12493184711336573
R3,866,0.21052594114691786
R3,867,0.11065458546081264
R3,868,0.12059492525626157
R3,869,0.10836448430725912
R3,870,0.11104545896677252
R3,871,0.12045829250605408
R3,872,0.12401295469961902
R3,873,0.12902725592942305
R3,874,0.1229405456764441
R3,875,0.16203251363310178
R3,876,0.1369583489057418
R3,877,0.10296334670844993
R3,878,0.11019768484162928
R3,879,0.12400578805361814
R3,880,0.13694487419518858
R3,881,0.1331899649619815
R3,882,0.1431463556829668
R3,883,0.14906436508556203
R3,884,0.13115037019028344
R3,885,0.1348928471541391
R3,886,0.120508370300239
R3,887,0.11732148073371293
R3,888,0.1404600196852777
R3,889,0.12025819306634851
R3,890,0.1556858394752773
R3,891,0.10844353674508919
R3,892,0.13449452612582444
R3,893,0.09667869078076428
R3,894,0.1378542171578789
R3,895,0.15200634003236105
R3,896,0.1569387312523619
R3,897,0.1481434362635977
R3,898,0.14919114012793164
R3,899,0.1283826358241537
R3,900,0.1410691289342473
R3,901,0.1325028698934648
R3,902,0.1079887038409013
R3,903,0.1410596384490824
R3,904,0.14589764491079757
R3,905,0.16703901211002145
R3,906,0.15771736261443212
R3,907,0.14842119641080834
R3,908,0.11485550083385213
R3,909,0.13470121229959187
R3,910,0.14133231503963084
R3,911,0.11843950502016781
R3,912,0.11868806176883198
R3,913,0.12809310691412445
R3,914,0.13432666954129485
R3,915,0.1692560824028614
R3,916,0.12071176115139201
R3,917,0.11962800536703361
R3,918,0.11739183018080573
R3,919,0.15256045222888825
R3,920,0.11793215489243619
R3,921,0.12379848945575402
R3,922,0.12015653680248108
R3,923,0.12265896732944744
R3,924,0.11227872199233045
R3,925,0.08758824599455822
R3,926,0.13238216930273558
R3,927,0.12242236781627874
R3,928,0.10927448845652608
R3,929,0.13723480409680855
R3,930,0.10329282992549133
R3,931,0.10000923498202069
R3,932,0.16124292979706173
R3,933,0.09873526577514366
R3,934,0.1492754218958558
R3,935,0.15084258820151256
R3,936,0.13039975764258438
R3,937,0.15510390882506775
R3,938,0.13456596637518378
R3,939,0.09756043557812424
R3,940,0.11586683309651175
R3,941,0.09106110975688764
R3,942,0.17109960510307398
R3,943,0.12816894039752658
R3,944,0.11739907324360616
R3,945,0.12388875087314405
R3,946,0.1258356676592933
R3,947,0.11767658415065287
R3,948,0.13264622625209443
R3,949,0.09307136667051706
R3,950,0.11530753403469479
R3,951,0.09921955480832598
R3,952,0.1074399307137537
R3,953,0.12984484952633593
R3,954,0.13886443253412983
R3,955,0.08426206629511207
R3,956,0.1585727988095572
R3,957,0.1915752749924183
R3,958,0.10405912683213522
R3,959,0.11502844815893662
R3,960,0.1643375112984144
R3,961,0.12344041047155647
R3,962,0.13706417048129982
R3,963,0.10799005312326336
R3,964,0.1010679489711756
R3,965,0.1538870474033983
R3,966,0.13475257537302418
R3,967,0.14158102028647976
R3,968,0.11587976824542891
R3,969,0.14180789586861486
R3,970,0.13406143453806924
R3,971,0.12268563894032934
R3,972,0.10468111745270453
R3,973,0.1145520448120783
R3,974,0.11877982274048868
R3,975,0.13500227108092736
R3,976,0.17835123671722536
R3,977,0.09977237240707208
R3,978,0.10613241352901745
R3,979,0.11847727619947826
R3,980,0.1630141667880394
R3,981,0.17903946436540927
R3,982,0.1499203401842401
R3,983,0.15592954194035608
R3,984,0.1080225947957206
R3,985,0.12298013781058553
R3,986,0.11882423874587016
R3,987,0.09528682944881593
R3,988,0.1302730660533247
R3,989,0.1586778011551248
R3,990,0.10204443218373625
R3,991,0.10407835128417336
R3,992,0.13077287428275045
R3,993,0.13460443404497044
R3,994,0.11561786386226625
R3,995,0.11164872220339571
R3,996,0.11178238358254548
R3,997,0.14832693516963205
R3,998,0.12706215358298156
R3,999,0.13518607624879966
R3,1000,0.10498053724791419
R4,1,0.12510904678359244
R4,2,0.1305516957235848
R4,3,0.20163016924452076
R4,4,0.13199754003350878
R4,5,0.13429852738573284
R4,6,0.09204543474121392
R4,7,0.14546782346077533
R4,8,0.13624392326817195
R4,9,0.12190128448866552
R4,10,0.12595915293060014
R4,11,0.13603147855946046
R4,12,0.12803091617537837
R4,13,0.12153274276953607
R4,14,0.15833111606610714
R4,15,0.1188199509921476
R4,16,0.13430222052638174
R4,17,0.11785964750365617
R4,18,0.12561016597692745
R4,19,0.11660085277623478
R4,20,0.15962123544426923
R4,21,0.14734372229607315
R4,22,0.11810835399169087
R4,23,0.12582681339892962
R4,24,0.12143679991562839
R4,25,0.16823770480934538
R4,26,0.1205710005283143
R4,27,0.11387037746709966
R4,28,0.12913758745667728
R4,29,0.1061384309592125
R4,30,0.15199036584597192
R4,31,0.12794104027993575
R4,32,0.10361487749606539
R4,33,0.1287474758271835
R4,34,0.13359045283739931
R4,35,0.1464825535921728
R4,36,0.12369477328003031
R4,37,0.14941728873324647
R4,38,0.1562798974032318
R4,39,0.14737210212386603
R4,40,0.13832482861467568
R4,41,0.14473926924690697
R4,42,0.14997040152834296
R4,43,0.14163964894067965
R4,44,0.13232488220156072
R4,45,0.11374053117863944
R4,46,0.09987468530532773
R4,47,0.12119745000719315
R4,48,0.11325747693740207
R4,49,0.12076145421077267
R4,50,0.14730590134682292
R4,51,0.12782447317009674
R4,52,0.12392647039128685
R4,53,0.11602771691403567
R4,54,0.13756326892287907
R4,55,0.12241966417148574
R4,56,0.1399432124728006
R4,57,0.14978351132641024
R4,58,0.1420039238681897
R4,59,0.12694116201820724
R4,60,0.09823240791449171
R4,61,0.13203431766042148
R4,62,0.12221453419700841
R4,63,0.15098330297842424
R4,64,0.1356563510596178
R4,65,0.13877043467879066
R4,66,0.11103208338269208
R4,67,0.15493760902554002
R4,68,0.13021920312029545
R4,69,0.1291444893454765
R4,70,0.1258446958789754
R4,71,0.10745333118663014
R4,72,0.11807541095351867
R4,73,0.1280538665198383
R4,74,0.14403633771027313
R4,75,0.11491988203804863
R4,76,0.12680808791685913
R4,77,0.16995985582599463
R4,78,0.15806461801306715
R4,79,0.1659667663216039
R4,80,0.16726505040542178
R4,81,0.13279242526616697
R4,82,0.11698582680250982
R4,83,0.1504575939607979
R4,84,0.1666261178375665
R4,85,0.13213183121400895
R4,86,0.13035127894858214
R4,87,0.16000688682512815
R4,88,0.1385255282047138
R4,89,0.13128584339720997
R4,90,0.1570794489576526
R4,91,0.129656202469976
R4,92,0.12371789610545014
R4,93,0.10171987710310129
R4,94,0.152851869985967
R4,95,0.10880061863053468
R4,96,0.11648262351853746
R4,97,0.08116737295188317
R4,98,0.14353713846601898
R4,99,0.13429132976552957
R4,100,0.125193894110728
R4,101,0.12493974549387626
R4,102,0.11291638781348241
R4,103,0.14032914500222785
R4,104,0.11224041456157065
R4,105,0.1278872676820456
R4,106,0.14643342258679654
R4,107,0.21410914184728072
R4,108,0.17581890604313527
R4,109,0.154595942750271
R4,110,0.12168895203162573
R4,111,0.13121713841616195
R4,112,0.13022425370133256
R4,113,0.1325938343471028
R4,114,0.11253522180109501
R4,115,0.17629692137255268
R4,116,0.14642753714286375
R4,117,0.1634620091354938
R4,118,0.11794706469944606
R4,119,0.1238193533853978
R4,120,0.12618656021005242
R4,121,0.1421058894304883
R4,122,0.15937960666352055
R4,123,0.15280395760537469
R4,124,0.11004500357898105
R4,125,0.17578770687196713
R4,126,0.13365962161300612
R4,127,0.1074483237130054
R4,128,0.14276507976587183
R4,129,0.10982328372368443
R4,130,0.13561148620063293
R4,131,0.12399808985429846
R4,132,0.11653599731106538
R4,133,0.11594315284641372
R4,134,0.1412181151394635
R4,135,0.13774281488471507
R4,136,0.14528971405706118
R4,137,0.1322485727791666
R4,138,0.11429279346388954
R4,139,0.12442069169473793
R4,140,0.14259681924137238
R4,141,0.11599310414131363
R4,142,0.1268531499532286
R4,143,0.13721566711268798
R4,144,0.12138555364325679
R4,145,0.11891002558552226
R4,146,0.14313155530460278
R4,147,0.10581955019064869
R4,148,0.11407358066654903
R4,149,0.10612578521247323
R4,150,0.1178634588793121
R4,151,0.1410350658610753
R4,152,0.12314177161707587
R4,153,0.13743733038997408
R4,154,0.1389867279292595
R4,155,0.10026934780411594
R4,156,0.11038432546414019
R4,157,0.107769559359703
R4,158,0.14835670271891618
R4,159,0.15627446397603162
R4,160,0.14032867143728092
R4,161,0.13676536781043278
R4,162,0.12392983930341964
R4,163,0.11910190759701152
R4,164,0.14901499910514945
R4,165,0.12277668312304697
R4,166,0.10881743830594977
R4,167,0.10179305323398546
R4,168,0.10159324465298886
R4,169,0.15287859407410434
R4,170,0.11066811314208423
R4,171,0.1180373260248691
R4,172,0.14329043094562519
R4,173,0.11757078765439903
R4,174,0.13310174089644014
R4,175,0.13558261189474208
R4,176,0.09612670624947983
R4,177,0.09113991995316933
R4,178,0.11886419006457775
R4,179,0.17415730907365481
R4,180,0.11242569342285026
R4,181,0.12368046391183364
R4,182,0.12204479224064556
R4,183,0.1417660999586485
R4,184,0.14362819551190065
R4,185,0.12167540633536636
R4,186,0.18462492612590617
R4,187,0.11109967052356981
R4,188,0.14763374302761095
R4,189,0.13701310048394516
R4,190,0.1620880328864212
R4,191,0.1552850764431431
R4,192,0.11795806197597479
R4,193,0.12235058395861773
R4,194,0.11909170576973035
R4,195,0.1406580510065842
R4,196,0.13257266200139214
R4,197,0.11037955861832606
R4,198,0.12170238874974382
R4,199,0.09465730014893979
R4,200,0.15772266861592654
R4,201,0.13350484434692972
R4,202,0.1411338625636751
R4,203,0.15802366776968108
R4,204,0.1344683088939827
R4,205,0.15061964384049717
R4,206,0.13359202275672655
R4,207,0.1059916648300364
R4,208,0.1529000013170705
R4,209,0.16675058959749686
R4,210,0.12922634725042995
R4,211,0.1374558198616975
R4,212,0.12887224310868156
R4,213,0.10947131851038013
R4,214,0.18935462751896615
R4,215,0.14366651843437284
R4,216,0.13264701727160083
R4,217,0.09407435945062628
R4,218,0.15828416434536577
R4,219,0.11854398540440247
R4,220,0.13157852534785194
R4,221,0.10892616125009542
R4,222,0.12552017982716268
R4,223,0.13166967320225356
R4,224,0.09673366131628788
R4,225,0.12518318075554113
R4,226,0.11809508346974425
R4,227,0.16674667456171266
R4,228,0.11338236491914093
R4,229,0.1350795849369176
R4,230,0.12078093717260148
R4,231,0.15670433545371817
R4,232,0.1160276020962312
R4,233,0.13704633057215368
R4,234,0.17995845172932778
R4,235,0.13214558931772033
R4,236,0.15289401154169885
R4,237,0.10757727474959465
R4,238,0.12249805862181458
R4,239,0.10641058717563108
R4,240,0.14399018360173077
R4,241,0.1220391537836348
R4,242,0.12388110880422151
R4,243,0.12002321187089977
R4,244,0.14494428622727323
R4,245,0.14804389699658108
R4,246,0.1411082657549642
R4,247,0.18640666142438553
R4,248,0.10972552859825861
R4,249,0.08967740350374652
R4,250,0.1291171569958111
R4,251,0.14464646935239367
R4,252,0.12701318743074821
R4,253,0.11360825474017348
R4,254,0.1388666364919543
R4,255,0.09465856579994412
R4,256,0.15066231324816873
R4,257,0.1441822362247967
R4,258,0.16924167811194282
R4,259,0.13131476524454305
R4,260,0.10906012347313533
R4,261,0.13151154120119177
R4,262,0.11513204169314277
R4,263,0.1112186642734457
R4,264,0.1246067439801648
R4,265,0.13853009027058125
R4,266,0.1236821810508152
R4,267,0.15838983089930644
R4,268,0.14169025114171052
R4,269,0.14475663695699098
R4,270,0.1268900775973532
R4,271,0.13226135808990233
R4,272,0.13293313151667197
R4,273,0.12258177235195318
R4,274,0.12411512020376884
R4,275,0.14454182171068725
R4,276,0.11646261348730501
R4,277,0.14926882449615061
R4,278,0.12863035632547865
R4,279,0.1223649863588543
R4,280,0.1038712522604054
R4,281,0.12612983805342415
R4,282,0.11195204394313475
R4,283,0.13919572439783479
R4,284,0.13408904351455855
R4,285,0.20590433136525269
R4,286,0.13972960992664074
R4,287,0.14258277414190568
R4,288,0.13356109029556906
R4,289,0.1372853064753443
R4,290,0.13735915957277256
R4,291,0.1881709700279128
R4,292,0.09886097293715572
R4,293,0.14095916557939098
R4,294,0.11749776515478819
R4,295,0.11731934721038753
R4,296,0.14227478704076257
R4,297,0.13306959094441517
R4,298,0.12650311180028137
R4,299,0.15727607624998582
R4,300,0.15322821872623255
R4,301,0.13755442172420956
R4,302,0.14981188063796658
R4,303,0.11246722862747337
R4,304,0.11282923138270758
R4,305,0.09403953525863215
R4,306,0.11635461948288327
R4,307,0.1404564640996763
R4,308,0.11167576083322692
R4,309,0.12164631726188872
R4,310,0.12173170244264321
R4,311,0.13193233410761745
R4,312,0.11927507850761193
R4,313,0.11670831319032962
R4,314,0.10959651995464662
R4,315,0.1582132286177478
R4,316,0.12279687951988011
R4,317,0.1433676348234498
R4,318,0.12490494755423849
R4,319,0.13734211948994135
R4,320,0.12681706585434746
R4,321,0.1407924124935409
R4,322,0.16961642973961197
R4,323,0.10552466433969467
R4,324,0.1471757756603404
R4,325,0.1498697228071086
R4,326,0.1372380307577229
R4,327,0.1203376712685738
R4,328,0.11870202638961064
R4,329,0.11962972900211635
R4,330,0.13702226756353197
R4,331,0.12903906402811643
R4,332,0.1322363226717491
R4,333,0.12399223195545678
R4,334,0.13132566995471426
R4,335,0.18508137189472582
R4,336,0.18150565905705443
R4,337,0.11223151634804739
R4,338,0.09348964857068033
R4,339,0.12543417136334647
R4,340,0.1603398753540986
R4,341,0.14012661316200076
R4,342,0.14275228867215742
R4,343,0.12149645606722032
R4,344,0.10844268814124901
R4,345,0.08933456372197543
R4,346,0.10744343298014543
R4,347,0.13148537420534614
R4,348,0.11668495536338724
R4,349,0.15808165829146406
R4,350,0.1595377943707973
R4,351,0.12087778529804635
R4,352,0.13525213664504304
R4,353,0.11688476323664504
R4,354,0.15130023173976245
R4,355,0.10024347903928857
R4,356,0.15309906603335258
R4,357,0.1304491025696522
R4,358,0.12902519900956044
R4,359,0.1289734374380974
R4,360,0.13515306321071718
R4,361,0.1205470750354493
R4,362,0.12500666756625228
R4,363,0.15640970524852527
R4,364,0.11071302336400557
R4,365,0.1548746312567543
R4,366,0.1564299997236253
R4,367,0.14053522214516265
R4,368,0.17253975641382355
R4,369,0.14578840382779584
R4,370,0.10494901441118462
R4,371,0.12694913210010278
R4,372,0.09658420475596616
R4,373,0.1314838747823175
R4,374,0.12677050174394425
R4,375,0.12815116090063183
R4,376,0.1411315088269279
R4,377,0.1441718669844631
R4,378,0.1407751800572239
R4,379,0.10593903040511504
R4,380,0.13485225816977117
R4,381,0.15798662969685703
R4,382,0.13472760194569688
R4,383,0.10564742266632898
R4,384,0.18507281275477344
R4,385,0.12035437748314996
R4,386,0.15679251638850267
R4,387,0.11972267565932569
R4,388,0.12911274464206604
R4,389,0.17293499674406088
R4,390,0.166234437500526
R4,391,0.10211486774953711
R4,392,0.13444278214615724
R4,393,0.11119673294377463
R4,394,0.1355320174962667
R4,395,0.10712989775018751
R4,396,0.1422773158519889
R4,397,0.11114984737597805
R4,398,0.10726390273430166
R4,399,0.12846978316739763
R4,400,0.12093336052328571
R4,401,0.11229902018765932
R4,402,0.1315481961260596
R4,403,0.111818119254544
R4,404,0.15173047966818082
R4,405,0.12872248567537709
R4,406,0.09699065691748776
R4,407,0.12412315551316067
R4,408,0.12027064189915279
R4,409,0.12518748595122334
R4,410,0.16645039610388823
R4,411,0.12689848709205867
R4,412,0.12643545806459294
R4,413,0.10725832276743401
R4,414,0.1401233304500754
R4,415,0.13141652586810273
R4,416,0.1407761599182017
R4,417,0.12830446559961578
R4,418,0.11957228922107349
R4,419,0.12553348274645074
R4,420,0.12608192972040488
R4,421,0.17630534899659944
R4,422,0.12221105239603913
R4,423,0.1365246929907678
R4,424,0.13986763373779343
R4,425,0.10715394356912694
R4,426,0.13311925493858648
R4,427,0.11747532101368288
R4,428,0.11588720465480795
R4,429,0.1187908864964219
R4,430,0.11347859340562347
R4,431,0.12670200655968608
R4,432,0.1287941584245193
R4,433,0.14314452394444802
R4,434,0.12303816317014525
R4,435,0.1355444371388625
R4,436,0.16071387471032197
R4,437,0.11315202802627757
R4,438,0.12544339283326905
R4,439,0.11240415686093135
R4,440,0.11550024425897171
R4,441,0.13697114732702492
R4,442,0.11126691814386953
R4,443,0.12698919263602065
R4,444,0.1391643341915976
R4,445,0.13943934289668053
R4,446,0.12061642265247183
R4,447,0.13195819114953564
R4,448,0.1346711921541735
R4,449,0.12679728903448487
R4,450,0.10277796731582708
R4,451,0.14703168270231648
R4,452,0.09595666289914864
R4,453,0.13593991422317234
R4,454,0.13225387828811777
R4,455,0.14498615444865992
R4,456,0.13439679837868895
R4,457,0.1557269812441025
R4,458,0.13621866447979725
R4,459,0.09746048567187675
R4,460,0.12555313134686258
R4,461,0.1412613146040923
R4,462,0.11769143809488478
R4,463,0.15203309156948563
R4,464,0.13529503046728092
R4,465,0.12333847089687688
R4,466,0.1289799927762432
R4,467,0.12601064544401583
R4,468,0.1457840306237394
R4,469,0.13215096444943375
R4,470,0.1266802526478505
R4,471,0.1443045735040632
R4,472,0.1117787539303152
R4,473,0.12273216846153243
R4,474,0.11959181769430147
R4,475,0.1132387396001851
R4,476,0.1459458772525421
R4,477,0.16210410179899465
R4,478,0.10865492092743334
R4,479,0.17506464523442222
R4,480,0.10674289913900517
R4,481,0.12359189257985284
R4,482,0.14386746310543563
R4,483,0.1458829914868263
R4,484,0.10644582878148007
R4,485,0.1374674515230741
R4,486,0.10903300418741728
R4,487,0.14860893961554336
R4,488,0.1645632071696323
R4,489,0.1430183395746784
R4,490,0.15242059779946657
R4,491,0.15565692132591794
R4,492,0.1553978060393908
R4,493,0.12621339955197602
R4,494,0.19036808990678286
R4,495,0.1308937451558397
R4,496,0.1312091767982676
R4,497,0.0984094262276796
R4,498,0.15842136588133807
R4,499,0.13421115913646633
R4,500,0.10763188164481262
R4,501,0.14932762564638502
R4,502,0.13817357626811824
R4,503,0.13369179994277366
R4,504,0.1634987141334921
R4,505,0.11492767112966484
R4,506,0.13157350805124127
R4,507,0.12634144539617584
R4,508,0.14321740170575484
R4,509,0.10751345510666399
R4,510,0.14171285925788205
R4,511,0.10032552598759253
R4,512,0.17754261297591795
R4,513,0.11280262685774184
R4,514,0.13257452382127946
R4,515,0.12005181325677
R4,516,0.17494876550854704
R4,517,0.09626932611247968
R4,518,0.1208256297323152
R4,519,0.11629161680537124
R4,520,0.10047757793271023
R4,521,0.13987174379569609
R4,522,0.14418839240803616
R4,523,0.14071743211230098
R4,524,0.16946832738304063
R4,525,0.12900814316386836
R4,526,0.15196414655702653
R4,527,0.18628764956887614
R4,528,0.11024614847298264
R4,529,0.1573438700811395
R4,530,0.11176084919291408
R4,531,0.11826466528791708
R4,532,0.15045543559701047
R4,533,0.1092900234993622
R4,534,0.11025578888948266
R4,535,0.13978376899265396
R4,536,0.1109490060896254
R4,537,0.1264917385678115
R4,538,0.10211605680167542
R4,539,0.15260939073920043
R4,540,0.1493430492922991
R4,541,0.16067751034159294
R4,542,0.12111854778930427
R4,543,0.1498276482217018
R4,544,0.13890712340381126
R4,545,0.14350700430313473
R4,546,0.10564171173828192
R4,547,0.110427015083185
R4,548,0.1494187859924933
R4,549,0.11997543756453029
R4,550,0.14839190475963326
R4,551,0.1639985283951098
R4,552,0.21539624578507907
R4,553,0.13649983788656833
R4,554,0.12994189349081223
R4,555,0.11679449389021039
R4,556,0.13340939568984078
R4,557,0.15124205541047636
R4,558,0.13581750994574796
R4,559,0.11631234961847427
R4,560,0.15169332691709436
R4,561,0.17707851512116063
R4,562,0.17056127412359595
R4,563,0.13449376325413945
R4,564,0.13735158928032837
R4,565,0.13080059090826682
R4,566,0.12234374826934122
R4,567,0.17892661277785127
R4,568,0.157485420264954
R4,569,0.13360390902514593
R4,570,0.1676815819492329
R4,571,0.14450597380465374
R4,572,0.09918974859091316
R4,573,0.10315437001726067
R4,574,0.1233315008849721
R4,575,0.1317205486425032
R4,576,0.1264440206407287
R4,577,0.14303093944686368
R4,578,0.16879429405476937
R4,579,0.11120676880864913
R4,580,0.1477965117815809
R4,581,0.13276094026058752
R4,582,0.17285540050522089
R4,583,0.12938916885110932
R4,584,0.12777265198080595
R4,585,0.1261233398353944
R4,586,0.12631553652566077
R4,587,0.12465593947968359
R4,588,0.12470559248089555
R4,589,0.15026399111136918
R4,590,0.13530498364171706
R4,591,0.10338665769137313
R4,592,0.1313612492918147
R4,593,0.14603165914224284
R4,594,0.14548667602127735
R4,595,0.11705411434941745
R4,596,0.13554254441013458
R4,597,0.1162595014744745
R4,598,0.15243902459371397
R4,599,0.1400735274133319
R4,600,0.16403546863877236
R4,601,0.12873850013538027
R4,602,0.12800688409304228
R4,603,0.11326106622868928
R4,604,0.10626489905219219
R4,605,0.13014198186068537
R4,606,0.1223552384544722
R4,607,0.14645525247123792
R4,608,0.14712654286150087
R4,609,0.1382158994536704
R4,610,0.1577361074378984
R4,611,0.1378928648825644
R4,612,0.12473430028131738
R4,613,0.11631711710235938
R4,614,0.16618783096376072
R4,615,0.1248050168884038
R4,616,0.13809591067020294
R4,617,0.12935368246933784
R4,618,0.08772442627133474
R4,619,0.12227840729053012
R4,620,0.14121096063403402
R4,621,0.13293927384641002
R4,622,0.09474977226811827
R4,623,0.1332703340140737
R4,624,0.13320719373049292
R4,625,0.12386830610276002
R4,626,0.15776645515690732
R4,627,0.14325093320910104
R4,628,0.13183827392053646
R4,629,0.11805031819639718
R4,630,0.1014761244120757
R4,631,0.10006236603229308
R4,632,0.11937027656921685
R4,633,0.13332382189029782
R4,634,0.13831381012461869
R4,635,0.1289759752971649
R4,636,0.14321367109109506
R4,637,0.10672928665090414
R4,638,0.1217526667589465
R4,639,0.10624489587685935
R4,640,0.13192487277944864
R4,641,0.12660323138203364
R4,642,0.12801808179352525
R4,643,0.16810426716673202
R4,644,0.13711916512375488
R4,645,0.127485439934002
R4,646,0.10578956540256329
R4,647,0.11818101334753872
R4,648,0.12327371304511842
R4,649,0.1551508793221724
R4,650,0.11198632198724245
R4,651,0.12664497942329528
R4,652,0.10837390835864828
R4,653,0.11852870916008375
R4,654,0.12052954192325467
R4,655,0.1281878788791472
R4,656,0.17525517480552316
R4,657,0.14313674352320563
R4,658,0.16758206453425628
R4,659,0.1181102349348366
R4,660,0.12322979284057513
R4,661,0.13116839989133955
R4,662,0.117467729555488
R4,663,0.1256001924230514
R4,664,0.11092681675421456
R4,665,0.12651612902321402
R4,666,0.17105588663074028
R4,667,0.11651014087560252
R4,668,0.15018088964859191
R4,669,0.1271741914665164
R4,670,0.11965900463172058
R4,671,0.15650445570943602
R4,672,0.10594075886397696
R4,673,0.12181142367287284
R4,674,0.12247179917501745
R4,675,0.11766518328786692
R4,676,0.1288656108055977
R4,677,0.13909810435242329
R4,678,0.11767651164324147
R4,679,0.1649308813510675
R4,680,0.11565918623361499
R4,681,0.1188920546013867
R4,682,0.11564950627795112
R4,683,0.11905878505067545
R4,684,0.15862665469376053
R4,685,0.1363181326884339
R4,686,0.1408401429862282
R4,687,0.12018243224740188
R4,688,0.12676205782707203
R4,689,0.09208266568869541
R4,690,0.12222758522834244
R4,691,0.12023528257801663
R4,692,0.12459869116538919
R4,693,0.15130187298557005
R4,694,0.1235919473537297
R4,695,0.12530768486853447
R4,696,0.12110559415374493
R4,697,0.132895025287471
R4,698,0.1259787844744216
R4,699,0.11631012913155493
R4,700,0.11780510311347982
R4,701,0.12094661437822339
R4,702,0.12503875970303413
R4,703,0.16279660958024067
R4,704,0.09700304286845088
R4,705,0.1398709357958202
R4,706,0.1564870855274287
R4,707,0.15553460641864042
R4,708,0.11199133072682296
R4,709,0.17616601393186185
R4,710,0.10741726624223892
R4,711,0.13256251537742134
R4,712,0.1602384390677834
R4,713,0.13368848973480693
R4,714,0.11403803818510058
R4,715,0.13837646452873154
R4,716,0.1382935750818377
R4,717,0.13441718032832445
R4,718,0.12562917104736288
R4,719,0.15690549896271247
R4,720,0.12284777012029963
R4,721,0.10157547515088351
R4,722,0.18812069443578422
R4,723,0.13208027603814698
R4,724,0.13433335566753815
R4,725,0.16675664687932357
R4,726,0.13548426165540234
R4,727,0.10853428756876621
R4,728,0.11888161876670726
R4,729,0.1631252748095923
R4,730,0.1287107531486041
R4,731,0.12310815532423187
R4,732,0.11494861059707956
R4,733,0.13513234460721324
R4,734,0.12726230662618773
R4,735,0.1617660120353208
R4,736,0.149794511799312
R4,737,0.13284498908886055
R4,738,0.13558113432198035
R4,739,0.11333104315397056
R4,740,0.1429950621154033
R4,741,0.13748138810556165
R4,742,0.13869438142822849
R4,743,0.12046794875923607
R4,744,0.12240335235039852
R4,745,0.12897057462512673
R4,746,0.11288024164413661
R4,747,0.1268089811852814
R4,748,0.12673879692049356
R4,749,0.11700618724331516
R4,750,0.12021008962653826
R4,751,0.12655633785854664
R4,752,0.09566559783420758
R4,753,0.15652009352194665
R4,754,0.16933935008452575
R4,755,0.1660438757111529
R4,756,0.11799221501584657
R4,757,0.14135470548008702
R4,758,0.09606413207487599
R4,759,0.127669810465123
R4,760,0.1066583962196215
R4,761,0.11109955817291312
R4,762,0.11478849982121286
R4,763,0.1580781838174274
R4,764,0.1831128789336604
R4,765,0.1731070932308125
R4,766,0.14445531711926926
R4,767,0.10520698331402213
R4,768,0.11271011106758823
R4,769,0.13359625630602934
R4,770,0.1638265392783946
R4,771,0.15331204520938888
R4,772,0.12033346407563837
R4,773,0.12839605058219966
R4,774,0.12809823668901638
R4,775,0.16623700031451774
R4,776,0.14073423109123603
R4,777,0.14385717656989275
R4,778,0.12374195912910024
R4,779,0.13590096276741165
R4,780,0.10345129098956592
R4,781,0.10930839254490583
R4,782,0.13876157228589897
R4,783,0.1343666200607929
R4,784,0.12553678383482283
R4,785,0.13582988190886197
R4,786,0.11331443150249917
R4,787,0.13634438263681373
R4,788,0.12307114185868845
R4,789,0.13897644037306278
R4,790,0.08545739355576369
R4,791,0.12560059752637615
R4,792,0.14671180908779233
R4,793,0.13960091126715085
R4,794,0.1426422967707256
R4,795,0.1437731359910046
R4,796,0.10877767472929646
R4,797,0.15780975587410376
R4,798,0.125147696217469
R4,799,0.11807682892361344
R4,800,0.12787211009121152
R4,801,0.1305344554075661
R4,802,0.10854729011725613
R4,803,0.12874558831050803
R4,804,0.10734961959091681
R4,805,0.11666561878783481
R4,806,0.1295533332115324
R4,807,0.10845660344170453
R4,808,0.1300561967006158
R4,809,0.10921304621007703
R4,810,0.10791119457436252
R4,811,0.14651821921114924
R4,812,0.12817698928892868
R4,813,0.11634625436644652
R4,814,0.11000739883834018
R4,815,0.11641198296133361
R4,816,0.12624007497976727
R4,817,0.15159854764019193
R4,818,0.0810921777011909
R4,819,0.12871240975154505
R4,820,0.11277150134752394
R4,821,0.1389916590844654
R4,822,0.13341531046062413
R4,823,0.14404469928051755
R4,824,0.10986729811139116
R4,825,0.14872959514901482
R4,826,0.10761801055456954
R4,827,0.1227862196682653
R4,828,0.15640276371689024
R4,829,0.10967617973100346
R4,830,0.11429724958436308
R4,831,0.1446528632228222
R4,832,0.16216803790527673
R4,833,0.12826001450940067
R4,834,0.11523139857615752
R4,835,0.12515436802699023
R4,836,0.112631702648398
R4,837,0.14516136291442777
R4,838,0.1399680801736019
R4,839,0.11324445399229636
R4,840,0.10650410152309196
R4,841,0.0966835366011466
R4,842,0.11498809391841461
R4,843,0.17102159742795772
R4,844,0.1334914848982738
R4,845,0.10765889935187936
R4,846,0.12554831426449975
R4,847,0.11935763557240162
R4,848,0.17993477467075322
R4,849,0.1344536066979671
R4,850,0.1044080535804542
R4,851,0.12871685891449594
R4,852,0.1174967456455272
R4,853,0.13662856993269631
R4,854,0.12746868789988125
R4,855,0.10115499421926495
R4,856,0.1303978408284111
R4,857,0.1535199842694031
R4,858,0.10914661824777748
R4,859,0.15569817434090644
R4,860,0.11698574407484025
R4,861,0.13863414777474753
R4,862,0.13143383467152733
R4,863,0.15705452264976758
R4,864,0.11108913112218917
R4,865,0.12866473525628905
R4,866,0.12193364240716495
R4,867,0.15131956783012834
R4,868,0.12909048656357267
R4,869,0.13052371121885697
R4,870,0.11682099015571316
R4,871,0.1137521525353579
R4,872,0.11894389637313434
R4,873,0.12967235825757453
R4,874,0.1896290841759109
R4,875,0.1385137650216681
R4,876,0.13486732945840724
R4,877,0.11555174441725456
R4,878,0.11598807795508068
R4,879,0.14238136774179733
R4,880,0.12790788966057154
R4,881,0.1639729347190247
R4,882,0.12387265599890789
R4,883,0.13187974975815017
R4,884,0.11980157705439072
R4,885,0.11833871877897569
R4,886,0.14230893178782733
R4,887,0.13581619711763507
R4,888,0.1379528449119487
R4,889,0.1458002072538614
R4,890,0.11535448858995238
R4,891,0.15766900248042576
R4,892,0.1084710593597256
R4,893,0.11397842412005046
R4,894,0.13797429087650478
R4,895,0.13701583384459043
R4,896,0.12728099531746742
R4,897,0.14102498363981442
R4,898,0.15586847255629815
R4,899,0.14352873506792357
R4,900,0.14003692312571558
R4,901,0.14930629229237039
R4,902,0.14005706994679956
R4,903,0.1343588853780658
R4,904,0.09129876959243498
R4,905,0.11296891592402818
R4,906,0.13418604124491254
R4,907,0.13944587292287206
R4,908,0.1460569769347478
R4,909,0.11697275255337374
R4,910,0.11795491081329786
R4,911,0.15509753042031008
R4,912,0.1034222953014524
R4,913,0.11874797539241122
R4,914,0.14465499580122726
R4,915,0.12352317678170686
R4,916,0.12622181552585626
R4,917,0.16569584868123022
R4,918,0.1376146959435241
R4,919,0.1271195985725568
R4,920,0.12594869530455208
R4,921,0.12886084773449477
R4,922,0.13151443086152417
R4,923,0.13082453265107885
R4,924,0.1243744215275239
R4,925,0.12730594726919547
R4,926,0.12177319607160529
R4,927,0.10570176906846993
R4,928,0.12629023339738207
R4,929,0.11089518308948018
R4,930,0.11828403319946405
R4,931,0.17269063669300752
R4,932,0.13186882166007818
R4,933,0.11857360505626649
R4,934,0.12901885886481257
R4,935,0.13647860257089026
R4,936,0.13331465920494942
R4,937,0.1053456753618633
R4,938,0.1707094304487854
R4,939,0.1241942710693239
R4,940,0.13941397334053138
R4,941,0.12435560099892752
R4,942,0.11502332916484725
R4,943,0.12764648780126023
R4,944,0.15073651407397842
R4,945,0.09858303438648235
R4,946,0.13828621623243184
R4,947,0.17342510747858697
R4,948,0.16806904923669544
R4,949,0.16884618260242396
R4,950,0.1141509346801808
R4,951,0.12391698465698676
R4,952,0.12742205746547505
R4,953,0.12823048553686908
R4,954,0.11195268090977285
R4,955,0.13232402023785567
R4,956,0.16142138484243174
R4,957,0.10665721895964844
R4,958,0.10325426051239182
R4,959,0.14025086757399738
R4,960,0.10328013941435617
R4,961,0.12665718251757044
R4,962,0.12718491242822585
R4,963,0.09358370946079483
R4,964,0.13244504079138442
R4,965,0.11780417973460919
R4,966,0.12334473369016227
R4,967,0.13398900622658294
R4,968,0.15796974159072444
R4,969,0.1247733030239109
R4,970,0.15032031344010488
R4,971,0.0973044776322977
R4,972,0.10948291553452666
R4,973,0.13121559273779768
R4,974,0.12050831110363908
R4,975,0.12912239711900417
R4,976,0.12224160553224869
R4,977,0.1696303433830089
R4,978,0.1405121153211401
R4,979,0.12414135383541994
R4,980,0.13751950489241316
R4,981,0.11243616938186295
R4,982,0.11385110068864301
R4,983,0.11604550618466307
R4,984,0.1364583192408671
R4,985,0.1223338897170228
R4,986,0.11217087239448963
R4,987,0.10105116757367323
R4,988,0.13444762246067163
R4,989,0.12342397250282174
R4,990,0.12846628949156494
R4,991,0.10176641309378129
R4,992,0.10368346053455242
R4,993,0.14170149291245887
R4,994,0.14315283066374163
R4,995,0.1341141352960329
R4,996,0.12174480305776499
R4,997,0.12036723260269408
R4,998,0.11745853113954406
R4,999,0.09108272920866818
R4,1000,0.1716187594673533
