representation,replicate,linear_max,nonlinear_max,combined_max
R1,1,0.12480295722356265,0.01710160481045127,0.12480295722356265
R1,2,0.10428845607437148,0.011383626932805962,0.10428845607437148
R1,3,0.14001911651438775,0.014082656457089603,0.14001911651438775
R1,4,0.11061541640314679,0.018242204745551608,0.11061541640314679
R1,5,0.10255857943502618,0.012889870488755962,0.10255857943502618
R1,6,0.10656652146570167,0.013601670053698965,0.10656652146570167
R1,7,0.12287491690413997,0.012902906042296138,0.12287491690413997
R1,8,0.1402036947731432,0.019120201980262676,0.1402036947731432
R1,9,0.1429156702439175,0.015362556267832367,0.1429156702439175
R1,10,0.10260415181780597,0.016340005741228784,0.10260415181780597
R1,11,0.11338908787117041,0.014817513498215808,0.11338908787117041
R1,12,0.11103299219230163,0.01883704332869583,0.11103299219230163
R1,13,0.12031786968272784,0.018315738314073342,0.12031786968272784
R1,14,0.12442248991243311,0.013156743709017907,0.12442248991243311
R1,15,0.19168497776587617,0.014447595177654133,0.19168497776587617
R1,16,0.14187194128998218,0.02437201773157301,0.14187194128998218
R1,17,0.1287235610500672,0.022057161289871768,0.1287235610500672
R1,18,0.09113986013228557,0.01052915167841177,0.09113986013228557
R1,19,0.11515610671551453,0.015554973465969069,0.11515610671551453
R1,20,0.14130706808255117,0.013784426056865607,0.14130706808255117
R1,21,0.1210409499176911,0.015326892594079895,0.1210409499176911
R1,22,0.16831772563143324,0.018871289159536685,0.16831772563143324
R1,23,0.1274206353605521,0.016907356359403044,0.1274206353605521
R1,24,0.1366406090991764,0.01265132403302829,0.1366406090991764
R1,25,0.12012540658957341,0.01866626791499815,0.12012540658957341
R1,26,0.13504207844283395,0.020777412629998167,0.13504207844283395
R1,27,0.1130200303633784,0.013030338949049371,0.1130200303633784
R1,28,0.129670627816851,0.022128882024826595,0.129670627816851
R1,29,0.13284970736156215,0.014749822693406727,0.13284970736156215
R1,30,0.14867145725031095,0.021297898861512916,0.14867145725031095
R1,31,0.13060978978930535,0.014036904656474935,0.13060978978930535
R1,32,0.16020482756386092,0.016547883388747256,0.16020482756386092
R1,33,0.12338011645913549,0.022020570549351186,0.12338011645913549
R1,34,0.14728144991958297,0.02107329820748499,0.14728144991958297
R1,35,0.12499925562878746,0.021176033119769913,0.12499925562878746
R1,36,0.12773166386993406,0.01532611301184974,0.12773166386993406
R1,37,0.1255311488111279,0.01411021300267681,0.1255311488111279
R1,38,0.1404198151483675,0.015470020664066926,0.1404198151483675
R1,39,0.12090862942697425,0.016216926633441292,0.12090862942697425
R1,40,0.1311089232848606,0.009463728395473653,0.1311089232848606
R1,41,0.1421989159509465,0.016216257113268823,0.1421989159509465
R1,42,0.1386546641885895,0.017163001235282457,0.1386546641885895
R1,43,0.12941395815454085,0.016096031830563396,0.12941395815454085
R1,44,0.11354043292477989,0.01235145845561594,0.11354043292477989
R1,45,0.12466548459593287,0.01808071302979263,0.12466548459593287
R1,46,0.15842955226430722,0.01289305566191019,0.15842955226430722
R1,47,0.12841265973670984,0.01741285839468631,0.12841265973670984
R1,48,0.19026022170052778,0.013994660581821692,0.19026022170052778
R1,49,0.1217678169805318,0.01687646313149825,0.1217678169805318
R1,50,0.11904322878117057,0.013444430767972679,0.11904322878117057
R1,51,0.1312143454192974,0.01424221172238792,0.1312143454192974
R1,52,0.1031324208886212,0.01189510191739132,0.1031324208886212
R1,53,0.15771675247066702,0.013401116433852577,0.15771675247066702
R1,54,0.15083980115953954,0.02492286704502288,0.15083980115953954
R1,55,0.1287521450364251,0.01306353335425074,0.1287521450364251
R1,56,0.1229480248498942,0.012102434075382399,0.1229480248498942
R1,57,0.1528929532775384,0.023394833929482668,0.1528929532775384
R1,58,0.11056983522924703,0.01596973973243518,0.11056983522924703
R1,59,0.11137565335084772,0.0139705617509468,0.11137565335084772
R1,60,0.12725183225279335,0.017520014435244435,0.12725183225279335
R1,61,0.13713188109080363,0.01417753047308809,0.13713188109080363
R1,62,0.1480961282697979,0.016982416786865347,0.1480961282697979
R1,63,0.12670970272377508,0.011882946407696828,0.12670970272377508
R1,64,0.09633893795930942,0.02154897514411217,0.09633893795930942
R1,65,0.12903511613254715,0.016317104729249216,0.12903511613254715
R1,66,0.12744488658204198,0.010338612484296433,0.12744488658204198
R1,67,0.13684013048500468,0.01891822895816038,0.13684013048500468
R1,68,0.1393286529810283,0.017172159180315182,0.1393286529810283
R1,69,0.1316423400016429,0.013052578938123359,0.1316423400016429
R1,70,0.11219282672061336,0.012953817539661702,0.11219282672061336
R1,71,0.14953910248971117,0.016177726317811048,0.14953910248971117
R1,72,0.14424432380402785,0.016558830714035425,0.14424432380402785
R1,73,0.11602977262111772,0.014804446305647487,0.11602977262111772
R1,74,0.14237286221611845,0.013808284603531652,0.14237286221611845
R1,75,0.11071743921636723,0.013447734288775909,0.11071743921636723
R1,76,0.11342091439186136,0.013866117998688848,0.11342091439186136
R1,77,0.09128120008659008,0.013137964579109493,0.09128120008659008
R1,78,0.13671575445224987,0.015136008075463017,0.13671575445224987
R1,79,0.1236019722441016,0.017744438172727323,0.1236019722441016
R1,80,0.13435999514462157,0.01456374425826812,0.13435999514462157
R1,81,0.15782081769519332,0.022363916297983084,0.15782081769519332
R1,82,0.11468013218730272,0.011883222457086166,0.11468013218730272
R1,83,0.1257049253997056,0.013465541517742543,0.1257049253997056
R1,84,0.12221483275851011,0.013642927309665685,0.12221483275851011
R1,85,0.13040655639909227,0.015816900518027158,0.13040655639909227
R1,86,0.15998062926849316,0.019145064354265762,0.15998062926849316
R1,87,0.13246198299925993,0.015521787073461146,0.13246198299925993
R1,88,0.11386169974668608,0.013648542955607973,0.11386169974668608
R1,89,0.11629230472163536,0.011685047650446522,0.11629230472163536
R1,90,0.10592134719069844,0.012396220986855817,0.10592134719069844
R1,91,0.13119104690106564,0.018443438127196288,0.13119104690106564
R1,92,0.15371419971676015,0.029392968443327762,0.15371419971676015
R1,93,0.12068227868403145,0.01854694035563145,0.12068227868403145
R1,94,0.11352315084558014,0.013782044281336376,0.11352315084558014
R1,95,0.1333434562527461,0.02134571784104234,0.1333434562527461
R1,96,0.10907145423057107,0.013412180155678544,0.10907145423057107
R1,97,0.1385241079687321,0.012226057188292717,0.1385241079687321
R1,98,0.12413111629560046,0.01682458212204646,0.12413111629560046
R1,99,0.11136616426851204,0.013535231180007544,0.11136616426851204
R1,100,0.14517240936339068,0.019213859003793656,0.14517240936339068
R1,101,0.14960470204154117,0.01315323094543425,0.14960470204154117
R1,102,0.10924268675684401,0.012246142885190698,0.10924268675684401
R1,103,0.1401265295310099,0.016241412359545175,0.1401265295310099
R1,104,0.14446321269158752,0.016301581833604178,0.14446321269158752
R1,105,0.12842757872121513,0.01648281365732452,0.12842757872121513
R1,106,0.11092582700671526,0.013357297724733555,0.11092582700671526
R1,107,0.1195450324835644,0.018224071301734108,0.1195450324835644
R1,108,0.15014461280128846,0.017553561901347606,0.15014461280128846
R1,109,0.12672925884894223,0.012533178376422701,0.12672925884894223
R1,110,0.12654826430272875,0.017179931260310713,0.12654826430272875
R1,111,0.10192815567457812,0.01575119483515878,0.10192815567457812
R1,112,0.11382440875449057,0.01494909952422814,0.11382440875449057
R1,113,0.1231944884351351,0.011235557356026295,0.1231944884351351
R1,114,0.12079648494999497,0.014216200723778966,0.12079648494999497
R1,115,0.14485768959272774,0.016363650478305004,0.14485768959272774
R1,116,0.1320994981645645,0.014996125944246768,0.1320994981645645
R1,117,0.13650697592743088,0.014025607004132658,0.13650697592743088
R1,118,0.1514991574806477,0.014036790226697805,0.1514991574806477
R1,119,0.17767226484114765,0.0200657292349407,0.17767226484114765
R1,120,0.1269466275997605,0.02033984798494737,0.1269466275997605
R1,121,0.14867405624790997,0.015042990724239248,0.14867405624790997
R1,122,0.12379660030697788,0.010771577463730931,0.12379660030697788
R1,123,0.1282471434046931,0.01528083006375537,0.1282471434046931
R1,124,0.16217935762454436,0.014754321219226846,0.16217935762454436
R1,125,0.11417691717779005,0.021392605974936144,0.11417691717779005
R1,126,0.1244349500576035,0.01514118881423192,0.1244349500576035
R1,127,0.13081739574063475,0.018126481635933927,0.13081739574063475
R1,128,0.16293193686599058,0.013640537609604174,0.16293193686599058
R1,129,0.14681014032078102,0.012822315818680836,0.14681014032078102
R1,130,0.11417378724928724,0.015884992165446823,0.11417378724928724
R1,131,0.1428263735434883,0.020787184167619308,0.1428263735434883
R1,132,0.1185509939939015,0.013992318898320675,0.1185509939939015
R1,133,0.10630779630333277,0.01634591701193001,0.10630779630333277
R1,134,0.11435505789651025,0.02141325098813935,0.11435505789651025
R1,135,0.14410942178447547,0.020345553109638564,0.14410942178447547
R1,136,0.14609914198219237,0.017622229495294926,0.14609914198219237
R1,137,0.14451964267307693,0.022342083762691107,0.14451964267307693
R1,138,0.15874916522468127,0.01680119843664785,0.15874916522468127
R1,139,0.14319751456610497,0.017047188098561056,0.14319751456610497
R1,140,0.12958362683287677,0.016983889896277995,0.12958362683287677
R1,141,0.13313361516070882,0.01825725598010641,0.13313361516070882
R1,142,0.1361242217881802,0.019319902967438442,0.1361242217881802
R1,143,0.1191888140172411,0.01189247859791162,0.1191888140172411
R1,144,0.11392111969910543,0.011974565390675212,0.11392111969910543
R1,145,0.14707001691944088,0.021522736911874545,0.14707001691944088
R1,146,0.1300645332334381,0.01677207201066371,0.1300645332334381
R1,147,0.19707597525335735,0.021714588475623957,0.19707597525335735
R1,148,0.11367821327952939,0.012733818164087514,0.11367821327952939
R1,149,0.13470049486529792,0.014679457667534519,0.13470049486529792
R1,150,0.12656617195219175,0.013798694528936827,0.12656617195219175
R1,151,0.17306030956976906,0.016012687324177446,0.17306030956976906
R1,152,0.14733789434175212,0.018439199769369856,0.14733789434175212
R1,153,0.14192144054866648,0.016133241760210457,0.14192144054866648
R1,154,0.12071663424673557,0.012671928181243073,0.12071663424673557
R1,155,0.10635120734810938,0.01757661649797209,0.10635120734810938
R1,156,0.12729585923402334,0.01512008197269446,0.12729585923402334
R1,157,0.11717221949971879,0.015555202702170295,0.11717221949971879
R1,158,0.14198229529357245,0.021325196695928667,0.14198229529357245
R1,159,0.1384515356167929,0.020070048237413186,0.1384515356167929
R1,160,0.14548340349793293,0.013785071093870688,0.14548340349793293
R1,161,0.11719474638651203,0.013824013554851862,0.11719474638651203
R1,162,0.15927724882980823,0.019217724779539223,0.15927724882980823
R1,163,0.14753228394909904,0.01729478285721325,0.14753228394909904
R1,164,0.13252142289436175,0.01957257052606466,0.13252142289436175
R1,165,0.12512351422504814,0.018318183121991842,0.12512351422504814
R1,166,0.13820888184542188,0.012748073555199971,0.13820888184542188
R1,167,0.1363321237172403,0.011756806980366033,0.1363321237172403
R1,168,0.1201540750506407,0.014142660266579439,0.1201540750506407
R1,169,0.12686917462163658,0.015925433131908102,0.12686917462163658
R1,170,0.1664945533194379,0.03558921537630501,0.1664945533194379
R1,171,0.12609082471635932,0.012845073522299959,0.12609082471635932
R1,172,0.1149136669094753,0.01494081271539031,0.1149136669094753
R1,173,0.09682278755754802,0.01380158562546606,0.09682278755754802
R1,174,0.11934034829770254,0.012697773258312568,0.11934034829770254
R1,175,0.14647758175494713,0.013381227144438602,0.14647758175494713
R1,176,0.12941182525767314,0.013667126935168568,0.12941182525767314
R1,177,0.11151857992756349,0.009454501473619144,0.11151857992756349
R1,178,0.13231398646264575,0.014386248052997055,0.13231398646264575
R1,179,0.16002304288844815,0.017220112826949338,0.16002304288844815
R1,180,0.10011924752898022,0.012106969551132357,0.10011924752898022
R1,181,0.11009424517824716,0.01445006098519432,0.11009424517824716
R1,182,0.12840192966076916,0.01435228464355555,0.12840192966076916
R1,183,0.15507737301233507,0.015370051096730748,0.15507737301233507
R1,184,0.1211872074527024,0.012553201864069293,0.1211872074527024
R1,185,0.12510565844207167,0.018700457305523076,0.12510565844207167
R1,186,0.1218923792929107,0.0156964925583447,0.1218923792929107
R1,187,0.1373851109088422,0.018574458107172055,0.1373851109088422
R1,188,0.1667292320701144,0.0180327964436466,0.1667292320701144
R1,189,0.1016008038131278,0.019295708080580103,0.1016008038131278
R1,190,0.1412798242066999,0.015977276099222646,0.1412798242066999
R1,191,0.1300879512064176,0.01411800983352723,0.1300879512064176
R1,192,0.11423799700076173,0.012760119613438184,0.11423799700076173
R1,193,0.13777128989475917,0.01332389479084802,0.13777128989475917
R1,194,0.1341839312081402,0.016825970710600605,0.1341839312081402
R1,195,0.10156522310074349,0.008558377680735654,0.10156522310074349
R1,196,0.13342334393034644,0.012442710969511512,0.13342334393034644
R1,197,0.12302585723641261,0.013849717355277236,0.12302585723641261
R1,198,0.17778615280756468,0.02420628521390947,0.17778615280756468
R1,199,0.1355347446858285,0.01852326812551782,0.1355347446858285
R1,200,0.09852076903443442,0.015694553286490606,0.09852076903443442
R1,201,0.10848422389442113,0.015749898109296424,0.10848422389442113
R1,202,0.12522236696608915,0.01270346727637117,0.12522236696608915
R1,203,0.15114997992685944,0.02009409070260151,0.15114997992685944
R1,204,0.13338884719491084,0.01982360814756822,0.13338884719491084
R1,205,0.14098244428870232,0.01546821215270349,0.14098244428870232
R1,206,0.11418882278034752,0.019109309624623746,0.11418882278034752
R1,207,0.13504510325425959,0.0165221098830912,0.13504510325425959
R1,208,0.1363073071313151,0.016740661804678744,0.1363073071313151
R1,209,0.09387246795065919,0.014908433613823907,0.09387246795065919
R1,210,0.1477328403609452,0.013687023523477998,0.1477328403609452
R1,211,0.10376560465803056,0.009288263048677695,0.10376560465803056
R1,212,0.09307618199058239,0.010787263993636964,0.09307618199058239
R1,213,0.14935811805177387,0.016037831866901737,0.14935811805177387
R1,214,0.11179772611327506,0.012122438140722745,0.11179772611327506
R1,215,0.08825750828607155,0.015089637861276504,0.08825750828607155
R1,216,0.1205624415359245,0.014689748238298649,0.1205624415359245
R1,217,0.13898700133335043,0.01614868592720511,0.13898700133335043
R1,218,0.13820666165190768,0.013901962782334498,0.13820666165190768
R1,219,0.1498358074378056,0.010685837078928243,0.1498358074378056
R1,220,0.10821455725978592,0.014657111662677254,0.10821455725978592
R1,221,0.12863621915298148,0.014473090684593033,0.12863621915298148
R1,222,0.1693361606543766,0.016657013099514905,0.1693361606543766
R1,223,0.13414920796854704,0.014890476896949355,0.13414920796854704
R1,224,0.1510316927450251,0.01621018196174358,0.1510316927450251
R1,225,0.11828965018937551,0.01048502156922443,0.11828965018937551
R1,226,0.1045991001267646,0.011791653778237684,0.1045991001267646
R1,227,0.12115038579488314,0.02054944908717834,0.12115038579488314
R1,228,0.13070629467758477,0.01406919842278836,0.13070629467758477
R1,229,0.17671447055849718,0.02024217227861176,0.17671447055849718
R1,230,0.1523019474602626,0.014965687008767046,0.1523019474602626
R1,231,0.14795279108180995,0.024853206326727696,0.14795279108180995
R1,232,0.11827642664148631,0.014812647740430826,0.11827642664148631
R1,233,0.12066728724745107,0.01747039802290174,0.12066728724745107
R1,234,0.12524909800772405,0.016926074846799186,0.12524909800772405
R1,235,0.15569173389741697,0.023786821434408446,0.15569173389741697
R1,236,0.13703168018075035,0.014934494188723075,0.13703168018075035
R1,237,0.14318577224715123,0.015878008824489583,0.14318577224715123
R1,238,0.11185336945350018,0.014222426778795245,0.11185336945350018
R1,239,0.15285137583520622,0.03510379014061156,0.15285137583520622
R1,240,0.10943964235794001,0.015091634815235176,0.10943964235794001
R1,241,0.1282092580637068,0.014640502170737067,0.1282092580637068
R1,242,0.12493601808663658,0.011010764527808586,0.12493601808663658
R1,243,0.18684458890109604,0.017324274062395072,0.18684458890109604
R1,244,0.1467757092117975,0.016857546187654185,0.1467757092117975
R1,245,0.14099818783417534,0.018230619998982997,0.14099818783417534
R1,246,0.14435108571185207,0.015906174319687487,0.14435108571185207
R1,247,0.12980364646640916,0.018211897240239753,0.12980364646640916
R1,248,0.13644582214452375,0.016872226369293586,0.13644582214452375
R1,249,0.15498915798828633,0.021377686079925354,0.15498915798828633
R1,250,0.11983172829811023,0.010873622399616659,0.11983172829811023
R1,251,0.12867553546153296,0.011298068420216148,0.12867553546153296
R1,252,0.13594355865215363,0.014523931401008059,0.13594355865215363
R1,253,0.12147613922426181,0.012291283890483725,0.12147613922426181
R1,254,0.1698619141316614,0.01903130971121987,0.1698619141316614
R1,255,0.12763173515503198,0.02280451644265949,0.12763173515503198
R1,256,0.1030939733769035,0.010822295227381646,0.1030939733769035
R1,257,0.1240110291888338,0.017783168659634807,0.1240110291888338
R1,258,0.12259716190751153,0.011399694326013421,0.12259716190751153
R1,259,0.12445183532561428,0.013993488028248336,0.12445183532561428
R1,260,0.11505259653555687,0.018324712145547963,0.11505259653555687
R1,261,0.13755208269728453,0.015433897269060288,0.13755208269728453
R1,262,0.12769834484031958,0.016329567252291063,0.12769834484031958
R1,263,0.12047861034302418,0.01741938856327511,0.12047861034302418
R1,264,0.10921503325716042,0.013369482952903652,0.10921503325716042
R1,265,0.13819740329867006,0.02120260856942234,0.13819740329867006
R1,266,0.10649128059420868,0.011652351887672533,0.10649128059420868
R1,267,0.1275721170755178,0.017326998269940153,0.1275721170755178
R1,268,0.13401299355689675,0.018819790362257012,0.13401299355689675
R1,269,0.1381112855909516,0.018812180677790804,0.1381112855909516
R1,270,0.12322471984654856,0.013174095399867221,0.12322471984654856
R1,271,0.10322286863590908,0.011124800413124586,0.10322286863590908
R1,272,0.117487489933063,0.011578657126118401,0.117487489933063
R1,273,0.09937691354786424,0.01590104326964358,0.09937691354786424
R1,274,0.17514427173073516,0.015006634692845933,0.17514427173073516
R1,275,0.13305473419049907,0.015098695306119202,0.13305473419049907
R1,276,0.15596752409119582,0.02033204212091686,0.15596752409119582
R1,277,0.12585003072950798,0.011125167803373857,0.12585003072950798
R1,278,0.15581471621473747,0.016796813828118394,0.15581471621473747
R1,279,0.11762616810623219,0.018082882730972815,0.11762616810623219
R1,280,0.10599384653126512,0.015334557827018367,0.10599384653126512
R1,281,0.12280979878023303,0.016674133023744816,0.12280979878023303
R1,282,0.14862398466620755,0.016926863026258634,0.14862398466620755
R1,283,0.13587498238813872,0.0174806448629765,0.13587498238813872
R1,284,0.12261930955602733,0.01706858519795092,0.12261930955602733
R1,285,0.15195621106743157,0.018553295930262666,0.15195621106743157
R1,286,0.12230404186475166,0.011422209369060247,0.12230404186475166
R1,287,0.15185528764539874,0.018728810091380464,0.15185528764539874
R1,288,0.10958367318930462,0.014264021360418282,0.10958367318930462
R1,289,0.13501348701849608,0.014195225524427396,0.13501348701849608
R1,290,0.1471684343209315,0.023066052104293196,0.1471684343209315
R1,291,0.15176882480907022,0.018862506210549194,0.15176882480907022
R1,292,0.0978767653089437,0.01237334079681727,0.0978767653089437
R1,293,0.11991611570000843,0.016070497519423736,0.11991611570000843
R1,294,0.14385272461180873,0.013336191623695752,0.14385272461180873
R1,295,0.14353454774210767,0.01992678620807244,0.14353454774210767
R1,296,0.11323704682468255,0.012158331913725895,0.11323704682468255
R1,297,0.15135736416010248,0.010460622523336155,0.15135736416010248
R1,298,0.13245844155449377,0.023311865302873647,0.13245844155449377
R1,299,0.10440064002633302,0.01339410489018513,0.10440064002633302
R1,300,0.10759314051832902,0.013605025725238171,0.10759314051832902
R1,301,0.12303310559544235,0.018518719211003152,0.12303310559544235
R1,302,0.13096885755928098,0.014404002242580904,0.13096885755928098
R1,303,0.12873343049813862,0.014411726648868483,0.12873343049813862
R1,304,0.11407755778518591,0.015709857918112146,0.11407755778518591
R1,305,0.1342890423516374,0.015846726508201465,0.1342890423516374
R1,306,0.14448341672147957,0.023265550723134916,0.14448341672147957
R1,307,0.17448349328485815,0.020117942462039493,0.17448349328485815
R1,308,0.12118304329621925,0.013535336295330594,0.12118304329621925
R1,309,0.09704190410077551,0.015586647237615601,0.09704190410077551
R1,310,0.1607964663296619,0.022857193220129336,0.1607964663296619
R1,311,0.10068196252499581,0.01142702820837094,0.10068196252499581
R1,312,0.11464115093189829,0.021687807254036216,0.11464115093189829
R1,313,0.11789924241632704,0.014732132513564427,0.11789924241632704
R1,314,0.12672311715529158,0.017060141569028547,0.12672311715529158
R1,315,0.140046926780695,0.014033499291283807,0.140046926780695
R1,316,0.15868615273192513,0.014291687763655185,0.15868615273192513
R1,317,0.1466392419214091,0.013581607937686039,0.1466392419214091
R1,318,0.14241444902937375,0.0158273896099487,0.14241444902937375
R1,319,0.12903905456066375,0.014065278729457328,0.12903905456066375
R1,320,0.10788485160809892,0.018133310416507058,0.10788485160809892
R1,321,0.1237168737260857,0.020025822567801135,0.1237168737260857
R1,322,0.1462882592694925,0.01748266599060482,0.1462882592694925
R1,323,0.1631304040281348,0.02337466558599035,0.1631304040281348
R1,324,0.13348181819966487,0.013784903272657852,0.13348181819966487
R1,325,0.11368454526504156,0.010828388369811334,0.11368454526504156
R1,326,0.1370604526956817,0.02297907039087261,0.1370604526956817
R1,327,0.13377322802703887,0.013880350809211822,0.13377322802703887
R1,328,0.15743224172519701,0.016391948482012284,0.15743224172519701
R1,329,0.15066678214666887,0.02135746300169388,0.15066678214666887
R1,330,0.1399646242947412,0.017572548171882137,0.1399646242947412
R1,331,0.12966734385394504,0.015643855536124754,0.12966734385394504
R1,332,0.11608869718344764,0.02239831004483036,0.11608869718344764
R1,333,0.13320784118821405,0.01599884970033927,0.13320784118821405
R1,334,0.14169467031433483,0.022768667132223603,0.14169467031433483
R1,335,0.139508186535453,0.011219906462579017,0.139508186535453
R1,336,0.11577378352656964,0.011255598571123454,0.11577378352656964
R1,337,0.09660458485919883,0.01288667032259311,0.09660458485919883
R1,338,0.14320314434675777,0.012448455339764275,0.14320314434675777
R1,339,0.14427163958726266,0.01515077649782985,0.14427163958726266
R1,340,0.12001651366542745,0.016747005685850632,0.12001651366542745
R1,341,0.12134275894404437,0.01632292336253947,0.12134275894404437
R1,342,0.11833850125223142,0.016765232556083698,0.11833850125223142
R1,343,0.09764689372354511,0.01797805193609851,0.09764689372354511
R1,344,0.12224711510070982,0.011924310508432,0.12224711510070982
R1,345,0.13089721091278006,0.019160110846904714,0.13089721091278006
R1,346,0.1194093278821667,0.01879702315402389,0.1194093278821667
R1,347,0.20551036517213422,0.026563924669412337,0.20551036517213422
R1,348,0.14744713295079567,0.011196074992695367,0.14744713295079567
R1,349,0.13973195057139673,0.01782314363088331,0.13973195057139673
R1,350,0.10657021800244412,0.009901101944086386,0.10657021800244412
R1,351,0.16111770626984684,0.015552206835765699,0.16111770626984684
R1,352,0.12816711365822278,0.015460765722757055,0.12816711365822278
R1,353,0.10163687485554439,0.013299481358762001,0.10163687485554439
R1,354,0.1632557316709772,0.021501484246250577,0.1632557316709772
R1,355,0.12131621979625896,0.010956717035133928,0.12131621979625896
R1,356,0.12128478282923816,0.014405811710411252,0.12128478282923816
R1,357,0.11856208205898695,0.01160292907574322,0.11856208205898695
R1,358,0.1428994446738504,0.011091901515373493,0.1428994446738504
R1,359,0.1853934259470204,0.019988410509062575,0.1853934259470204
R1,360,0.12547472304054288,0.017587966949438986,0.12547472304054288
R1,361,0.16384248295534676,0.012910431261464732,0.16384248295534676
R1,362,0.10737205654920129,0.014837577731821842,0.10737205654920129
R1,363,0.15744803858028827,0.021730933497111908,0.15744803858028827
R1,364,0.1259382847093965,0.016106464734782795,0.1259382847093965
R1,365,0.11306002304979695,0.020730244761738795,0.11306002304979695
R1,366,0.11592289754128711,0.01025050331852122,0.11592289754128711
R1,367,0.13256623133055667,0.012189213788792922,0.13256623133055667
R1,368,0.1809120973351743,0.020512990075745294,0.1809120973351743
R1,369,0.13432100903193483,0.015126013561494286,0.13432100903193483
R1,370,0.15353605915485227,0.018037448386180564,0.15353605915485227
R1,371,0.13328017842650547,0.015332751232232765,0.13328017842650547
R1,372,0.1573900361342513,0.01671964742729469,0.1573900361342513
R1,373,0.10377618021137268,0.01118484483164774,0.10377618021137268
R1,374,0.1702246630704885,0.019536261664548367,0.1702246630704885
R1,375,0.09988149692735183,0.012788346475192586,0.09988149692735183
R1,376,0.13587679661221333,0.025026782990509415,0.13587679661221333
R1,377,0.11373250986383497,0.018004228226422718,0.11373250986383497
R1,378,0.11813813604320135,0.011241128496665987,0.11813813604320135
R1,379,0.14947274666094293,0.02158524829425255,0.14947274666094293
R1,380,0.13096264159106508,0.01925905019295823,0.13096264159106508
R1,381,0.14561823303209448,0.017910894325011657,0.14561823303209448
R1,382,0.11582281395121863,0.010340266304875993,0.11582281395121863
R1,383,0.12801332303760662,0.011991582932610769,0.12801332303760662
R1,384,0.14008745492007815,0.015627548753713413,0.14008745492007815
R1,385,0.12781571071921669,0.01438215962299477,0.12781571071921669
R1,386,0.12017224497092346,0.013050865916111104,0.12017224497092346
R1,387,0.1313142113131228,0.015564514898081262,0.1313142113131228
R1,388,0.11982110112153763,0.01181241346700848,0.11982110112153763
R1,389,0.12976540716536597,0.018666167814755788,0.12976540716536597
R1,390,0.12522868157128056,0.014914875293004955,0.12522868157128056
R1,391,0.14651073199235415,0.015843385318175335,0.14651073199235415
R1,392,0.13236561866564361,0.017426312998140476,0.13236561866564361
R1,393,0.11763242674830175,0.010587972327437105,0.11763242674830175
R1,394,0.09715503790321349,0.01517556801502319,0.09715503790321349
R1,395,0.09011617815069098,0.01407426167787281,0.09011617815069098
R1,396,0.13861000488274763,0.020790706650017223,0.13861000488274763
R1,397,0.125520032761368,0.02237580656805772,0.125520032761368
R1,398,0.1640234140882145,0.016905304487249015,0.1640234140882145
R1,399,0.10911760981548187,0.013231932400670875,0.10911760981548187
R1,400,0.14929749755716737,0.027501660771840335,0.14929749755716737
R1,401,0.14057223307853514,0.015599846368063585,0.14057223307853514
R1,402,0.11153967764609135,0.014691287662771562,0.11153967764609135
R1,403,0.1513857625086702,0.019258384942535678,0.1513857625086702
R1,404,0.1671006317492404,0.014947145965329294,0.1671006317492404
R1,405,0.12915377559725336,0.016768903357610117,0.12915377559725336
R1,406,0.16653401580652302,0.016700765173561116,0.16653401580652302
R1,407,0.09520921453786199,0.020112236748616178,0.09520921453786199
R1,408,0.12219087504625169,0.014692366092588404,0.12219087504625169
R1,409,0.11364554377092162,0.013196280480813219,0.11364554377092162
R1,410,0.11157933047597768,0.01973793412699632,0.11157933047597768
R1,411,0.1255625412310293,0.02139487315154164,0.1255625412310293
R1,412,0.12689819840068112,0.020689156471603586,0.12689819840068112
R1,413,0.13717513414408117,0.01606190081126515,0.13717513414408117
R1,414,0.10814640763770299,0.011978469831459015,0.10814640763770299
R1,415,0.14486219949942927,0.020501990492316734,0.14486219949942927
R1,416,0.0936478461005926,0.009613832722539656,0.0936478461005926
R1,417,0.11726468894467938,0.014603195223165612,0.11726468894467938
R1,418,0.14712869583062202,0.020429802436864857,0.14712869583062202
R1,419,0.12672130691442401,0.02024359793359183,0.12672130691442401
R1,420,0.1267898662165128,0.012034032701602712,0.1267898662165128
R1,421,0.11895866534746506,0.025337783699186777,0.11895866534746506
R1,422,0.12872383465774162,0.019231934982118556,0.12872383465774162
R1,423,0.15105921905302386,0.014607208387835524,0.15105921905302386
R1,424,0.1479114981167458,0.01249547813097785,0.1479114981167458
R1,425,0.1361564455641569,0.023000390351562153,0.1361564455641569
R1,426,0.12700893478789813,0.01690897447599112,0.12700893478789813
R1,427,0.0946216367314249,0.016511331433582455,0.0946216367314249
R1,428,0.11586474449630117,0.011423298650686189,0.11586474449630117
R1,429,0.20247474617720193,0.02426775722305038,0.20247474617720193
R1,430,0.10258883279379855,0.010532841977795469,0.10258883279379855
R1,431,0.10610782330558442,0.014891600599887773,0.10610782330558442
R1,432,0.09967004070553553,0.013346826975680211,0.09967004070553553
R1,433,0.12789720892970222,0.013847223647356003,0.12789720892970222
R1,434,0.15391148361078744,0.021010128524931174,0.15391148361078744
R1,435,0.12769451227039208,0.01309226488263162,0.12769451227039208
R1,436,0.12879959011257971,0.028117942600804344,0.12879959011257971
R1,437,0.10604216252948334,0.01451435767684668,0.10604216252948334
R1,438,0.16568313376197494,0.014699506873015506,0.16568313376197494
R1,439,0.14275253042085245,0.01741184473626202,0.14275253042085245
R1,440,0.11759807093856674,0.017445543921120604,0.11759807093856674
R1,441,0.14415207930808158,0.014313105120577974,0.14415207930808158
R1,442,0.12737951955146443,0.01496608970378926,0.12737951955146443
R1,443,0.14132887484823586,0.011313653048918865,0.14132887484823586
R1,444,0.09601288776586173,0.010467963106672301,0.09601288776586173
R1,445,0.14649591097384046,0.017054191958928037,0.14649591097384046
R1,446,0.12502695295326585,0.01894862013959539,0.12502695295326585
R1,447,0.10614505712436244,0.01361502438953239,0.10614505712436244
R1,448,0.14143748338137416,0.020387731311523192,0.14143748338137416
R1,449,0.12729218408450715,0.013340173327354885,0.12729218408450715
R1,450,0.13438339687053222,0.015025403375834285,0.13438339687053222
R1,451,0.11613860361833107,0.014120080002792594,0.11613860361833107
R1,452,0.13493007062079035,0.01389168307995622,0.13493007062079035
R1,453,0.12674754607311364,0.013799115426751577,0.12674754607311364
R1,454,0.12801687836996928,0.01564805382021543,0.12801687836996928
R1,455,0.14398855208553069,0.015364776115498694,0.14398855208553069
R1,456,0.0956364825551102,0.013266944554726722,0.0956364825551102
R1,457,0.16059967383564958,0.022845511515723796,0.16059967383564958
R1,458,0.11113691733896203,0.01218641813075004,0.11113691733896203
R1,459,0.12917964085555306,0.01829520325057017,0.12917964085555306
R1,460,0.1125201066464111,0.013734206989440532,0.1125201066464111
R1,461,0.10260225561459593,0.012101690042109208,0.10260225561459593
R1,462,0.18240261284090215,0.015773789825352304,0.18240261284090215
R1,463,0.14381122900252902,0.013455277311634477,0.14381122900252902
R1,464,0.15614023096273733,0.017925462197427983,0.15614023096273733
R1,465,0.1379291155926125,0.01567672949508091,0.1379291155926125
R1,466,0.11080568953840328,0.014889801739109046,0.11080568953840328
R1,467,0.142034862788273,0.014828720637183102,0.142034862788273
R1,468,0.10795001713851982,0.012387560316014408,0.10795001713851982
R1,469,0.14866796415235797,0.016381892602416088,0.14866796415235797
R1,470,0.1318264716032164,0.012616068462729727,0.1318264716032164
R1,471,0.12922322799024188,0.016429190594135314,0.12922322799024188
R1,472,0.11979833167033797,0.020259448855577313,0.11979833167033797
R1,473,0.12588636566741118,0.01933784014499987,0.12588636566741118
R1,474,0.12463211191105092,0.013076781634621655,0.12463211191105092
R1,475,0.09391167667019731,0.01104153334547336,0.09391167667019731
R1,476,0.1400255717059248,0.02184456247055436,0.1400255717059248
R1,477,0.11687765038356257,0.015674610770025944,0.11687765038356257
R1,478,0.1369508801410877,0.013113800502410114,0.1369508801410877
R1,479,0.14362362895042208,0.024143706636003428,0.14362362895042208
R1,480,0.11937589355333811,0.01299115003610549,0.11937589355333811
R1,481,0.13338096450943723,0.012471630811894306,0.13338096450943723
R1,482,0.12188831709742019,0.013205259537561954,0.12188831709742019
R1,483,0.11284021696075965,0.013708976946066409,0.11284021696075965
R1,484,0.11559631119400147,0.013838321151449881,0.11559631119400147
R1,485,0.16172327551235308,0.022311188294626222,0.16172327551235308
R1,486,0.14908485226955143,0.020160982626201484,0.14908485226955143
R1,487,0.12738115728653152,0.012088641093037531,0.12738115728653152
R1,488,0.14817140117730918,0.016971460795448392,0.14817140117730918
R1,489,0.1413214339846923,0.012089803747516113,0.1413214339846923
R1,490,0.13385050250054023,0.015146342664695405,0.13385050250054023
R1,491,0.14224228608734518,0.015330261980817892,0.14224228608734518
R1,492,0.151554729609962,0.010933772792155497,0.151554729609962
R1,493,0.11594206159766708,0.015341140444641223,0.11594206159766708
R1,494,0.15873055518963924,0.022873237135202895,0.15873055518963924
R1,495,0.1355506029571565,0.013573262279105802,0.1355506029571565
R1,496,0.1365971227090017,0.014969496315693366,0.1365971227090017
R1,497,0.14716234475423925,0.013917335284165272,0.14716234475423925
R1,498,0.10303405254948587,0.016286901454721347,0.10303405254948587
R1,499,0.14599750891309557,0.018188650677882418,0.14599750891309557
R1,500,0.13010153866454102,0.016313524482650606,0.13010153866454102
R1,501,0.14974017069277382,0.017052572337984868,0.14974017069277382
R1,502,0.13298142978062577,0.01774510303069446,0.13298142978062577
R1,503,0.12252512415038085,0.01237973934529392,0.12252512415038085
R1,504,0.1397498668188745,0.02009295201706255,0.1397498668188745
R1,505,0.12154086164377494,0.016977204279719858,0.12154086164377494
R1,506,0.1298696980425608,0.015798671773455758,0.1298696980425608
R1,507,0.16600928397372866,0.0304349300418243,0.16600928397372866
R1,508,0.12599793450612984,0.013476504476051322,0.12599793450612984
R1,509,0.13669949189942093,0.01567394467372944,0.13669949189942093
R1,510,0.19586835396338673,0.01999166316654679,0.19586835396338673
R1,511,0.11301779345154336,0.012516782626806274,0.11301779345154336
R1,512,0.12620602650357418,0.020283906123988026,0.12620602650357418
R1,513,0.11885505103993559,0.013273892196506355,0.11885505103993559
R1,514,0.14190478513552668,0.014629835752550542,0.14190478513552668
R1,515,0.12412092891146156,0.018022158917597654,0.12412092891146156
R1,516,0.11975773495220113,0.013178193839935362,0.11975773495220113
R1,517,0.17682821244641259,0.017164077494272973,0.17682821244641259
R1,518,0.16666400284180632,0.02537680745122716,0.16666400284180632
R1,519,0.16274449072354946,0.025607272879244896,0.16274449072354946
R1,520,0.1183075753085373,0.01295790558852086,0.1183075753085373
R1,521,0.11970511280540962,0.013295763671741193,0.11970511280540962
R1,522,0.14821607350189828,0.017657182846150234,0.14821607350189828
R1,523,0.16640028355706354,0.01636635517710712,0.16640028355706354
R1,524,0.1098099430105819,0.015435591590140718,0.1098099430105819
R1,525,0.10787100074984132,0.010789287567933173,0.10787100074984132
R1,526,0.09460623421737617,0.010103413761707746,0.09460623421737617
R1,527,0.11981347982377127,0.014786214857998614,0.11981347982377127
R1,528,0.12262662240703942,0.014401541321315027,0.12262662240703942
R1,529,0.14581023771475346,0.01872393850430193,0.14581023771475346
R1,530,0.10136556360826163,0.013645439288841885,0.10136556360826163
R1,531,0.12215794292541929,0.015614365374047376,0.12215794292541929
R1,532,0.11196023055289996,0.014818318328898995,0.11196023055289996
R1,533,0.10814351572009287,0.014845326961466163,0.10814351572009287
R1,534,0.1521544947068556,0.02037236341784526,0.1521544947068556
R1,535,0.1047182004251356,0.010746332656686817,0.1047182004251356
R1,536,0.13216760192612814,0.016619868446261093,0.13216760192612814
R1,537,0.10453238619789618,0.013171686562351412,0.10453238619789618
R1,538,0.138848011034314,0.017565280150555054,0.138848011034314
R1,539,0.11473251447898086,0.01898177354400958,0.11473251447898086
R1,540,0.11731468650728562,0.018215670325179564,0.11731468650728562
R1,541,0.14773076224680926,0.011952496621156121,0.14773076224680926
R1,542,0.1363975070136694,0.010074635993914323,0.1363975070136694
R1,543,0.14487750742796301,0.017587867682662916,0.14487750742796301
R1,544,0.12176952317922916,0.017547027185986937,0.12176952317922916
R1,545,0.09237344873653731,0.012850783463686195,0.09237344873653731
R1,546,0.15493169493997722,0.019218388024711718,0.15493169493997722
R1,547,0.12075359911917194,0.012423899031746339,0.12075359911917194
R1,548,0.1586658782020991,0.01424403216841882,0.1586658782020991
R1,549,0.14711455335625306,0.02335669201553483,0.14711455335625306
R1,550,0.15114818916973294,0.016708687806562286,0.15114818916973294
R1,551,0.12029209001465166,0.01189152766934518,0.12029209001465166
R1,552,0.10946883044258038,0.010892543434541671,0.10946883044258038
R1,553,0.12498049812463469,0.011841330266930664,0.12498049812463469
R1,554,0.1712461902278327,0.02211608699715302,0.1712461902278327
R1,555,0.12031011643640012,0.017009719631557823,0.12031011643640012
R1,556,0.13540527160113328,0.015693462201845896,0.13540527160113328
R1,557,0.1140716140043148,0.012674677704025746,0.1140716140043148
R1,558,0.15228667736222468,0.018421032842370295,0.15228667736222468
R1,559,0.1363592509064222,0.01584961392620409,0.1363592509064222
R1,560,0.12518764275734098,0.013294895249128653,0.12518764275734098
R1,561,0.1666827652132062,0.014931776565957688,0.1666827652132062
R1,562,0.14247643243643673,0.014899373037683116,0.14247643243643673
R1,563,0.10296240631152649,0.016637009873166932,0.10296240631152649
R1,564,0.16425849472871404,0.014371562617570333,0.16425849472871404
R1,565,0.13825163495101755,0.014766320960396312,0.13825163495101755
R1,566,0.11987054565302761,0.014821919286545136,0.11987054565302761
R1,567,0.13848732745152595,0.013322853914170318,0.13848732745152595
R1,568,0.13097381210188594,0.029136974556148876,0.13097381210188594
R1,569,0.11941099985352693,0.012305468243162747,0.11941099985352693
R1,570,0.1911179254300109,0.027271562295782543,0.1911179254300109
R1,571,0.13609918114193006,0.011663914807221582,0.13609918114193006
R1,572,0.1371363324779845,0.014508156422807481,0.1371363324779845
R1,573,0.14532886266623846,0.016011383570971847,0.14532886266623846
R1,574,0.14350975874973085,0.01411184010996146,0.14350975874973085
R1,575,0.10945485604254628,0.0171428865980227,0.10945485604254628
R1,576,0.1580877524291556,0.01744089185470228,0.1580877524291556
R1,577,0.11911199514418028,0.017253617574340067,0.11911199514418028
R1,578,0.12240554241991351,0.013048950103949623,0.12240554241991351
R1,579,0.113190721284274,0.010346199898986639,0.113190721284274
R1,580,0.13545740436822115,0.016417253081807203,0.13545740436822115
R1,581,0.14531191651032546,0.02295487016992022,0.14531191651032546
R1,582,0.17387734194140156,0.016783556296598005,0.17387734194140156
R1,583,0.14971517390358335,0.01820624940143519,0.14971517390358335
R1,584,0.12990371973546658,0.011077556615439434,0.12990371973546658
R1,585,0.13270979196246188,0.01586033980826045,0.13270979196246188
R1,586,0.09686903327595285,0.012551030467276899,0.09686903327595285
R1,587,0.16648528475346153,0.021527611056037732,0.16648528475346153
R1,588,0.10656275862586208,0.01117438389060692,0.10656275862586208
R1,589,0.14156462066396158,0.01605047685528942,0.14156462066396158
R1,590,0.15396929058238915,0.016412531466076147,0.15396929058238915
R1,591,0.16241167747177931,0.02127327029649209,0.16241167747177931
R1,592,0.13595098287839297,0.013161181495167103,0.13595098287839297
R1,593,0.14351391434227487,0.021202277307147296,0.14351391434227487
R1,594,0.13037564198523818,0.01274014772525753,0.13037564198523818
R1,595,0.14941522560074666,0.014356270268461152,0.14941522560074666
R1,596,0.11364476837709157,0.015262254684006944,0.11364476837709157
R1,597,0.154510772096212,0.014717102136517396,0.154510772096212
R1,598,0.11743202347948754,0.010290328041214407,0.11743202347948754
R1,599,0.15147029037007315,0.021751356288997645,0.15147029037007315
R1,600,0.12996105393377383,0.01296806095938118,0.12996105393377383
R1,601,0.09007016758630935,0.01003021763068659,0.09007016758630935
R1,602,0.13340031734900826,0.016313961627297993,0.13340031734900826
R1,603,0.165383083694724,0.0224940112914447,0.165383083694724
R1,604,0.1129211546857205,0.013220812222099714,0.1129211546857205
R1,605,0.13899690775422416,0.015060296115208833,0.13899690775422416
R1,606,0.10733322463072062,0.014482512401526476,0.10733322463072062
R1,607,0.13388840554978967,0.017412047402828805,0.13388840554978967
R1,608,0.14488499875763478,0.013800663308216997,0.14488499875763478
R1,609,0.12172993146125125,0.01535355718735386,0.12172993146125125
R1,610,0.1141603642783857,0.015857116473837054,0.1141603642783857
R1,611,0.14131471652563243,0.015372404256360056,0.14131471652563243
R1,612,0.10643273977390538,0.010291947407044724,0.10643273977390538
R1,613,0.11267541460052934,0.01107704978243207,0.11267541460052934
R1,614,0.1206218535756448,0.014978353086935332,0.1206218535756448
R1,615,0.1270752380694879,0.010921023896657342,0.1270752380694879
R1,616,0.13613347771665876,0.015379358485544175,0.13613347771665876
R1,617,0.1989084143607387,0.036118511034656256,0.1989084143607387
R1,618,0.1337402647482686,0.018637291445754933,0.1337402647482686
R1,619,0.1137545016075346,0.01649434908695649,0.1137545016075346
R1,620,0.13383078854227856,0.011619764885687242,0.13383078854227856
R1,621,0.10585208597649087,0.012216788534881515,0.10585208597649087
R1,622,0.16234789945419273,0.016418867839812758,0.16234789945419273
R1,623,0.121894570826004,0.015240100393898386,0.121894570826004
R1,624,0.16551995390996543,0.013614956418717631,0.16551995390996543
R1,625,0.12760135468449438,0.02503891981394196,0.12760135468449438
R1,626,0.15708844433088132,0.01892473915716507,0.15708844433088132
R1,627,0.14139584420197046,0.014510810780534003,0.14139584420197046
R1,628,0.11983234936680454,0.014032350391487964,0.11983234936680454
R1,629,0.13162955070103924,0.013679485366607647,0.13162955070103924
R1,630,0.12616993117299413,0.008635320217508622,0.12616993117299413
R1,631,0.1210214419038946,0.016666019127508078,0.1210214419038946
R1,632,0.12643856049010416,0.012049487866567272,0.12643856049010416
R1,633,0.14593945468321695,0.020164531078089944,0.14593945468321695
R1,634,0.10196350389924873,0.010226136585173873,0.10196350389924873
R1,635,0.20899662652374834,0.019220205258213205,0.20899662652374834
R1,636,0.10752080174889568,0.01875894041665878,0.10752080174889568
R1,637,0.12627115204176612,0.019320544241457054,0.12627115204176612
R1,638,0.16905044258278662,0.014914836390149686,0.16905044258278662
R1,639,0.14074691646371215,0.014260531824817744,0.14074691646371215
R1,640,0.13345060603787048,0.012597010104843601,0.13345060603787048
R1,641,0.1301591949660615,0.012528869217781442,0.1301591949660615
R1,642,0.12724194744501624,0.015241676903402114,0.12724194744501624
R1,643,0.13479097456357148,0.021298361245264543,0.13479097456357148
R1,644,0.1441122583271435,0.018869825384666947,0.1441122583271435
R1,645,0.1491088576723479,0.02058184396563043,0.1491088576723479
R1,646,0.10587399860997608,0.0156362126662141,0.10587399860997608
R1,647,0.12361958175471328,0.018135247120607594,0.12361958175471328
R1,648,0.17540431755283234,0.019299928609921958,0.17540431755283234
R1,649,0.12502522970807595,0.012444176802272595,0.12502522970807595
R1,650,0.13698674534238467,0.015998878055167805,0.13698674534238467
R1,651,0.12620182515092002,0.015597389249957634,0.12620182515092002
R1,652,0.11725379922740874,0.01852018251423753,0.11725379922740874
R1,653,0.1147567539451584,0.012913752942511368,0.1147567539451584
R1,654,0.13122564648521742,0.020009806897007053,0.13122564648521742
R1,655,0.11989450808674929,0.015280367609059875,0.11989450808674929
R1,656,0.18170406706680878,0.030110580345795886,0.18170406706680878
R1,657,0.14378418291325532,0.01473926409835536,0.14378418291325532
R1,658,0.14214955720419367,0.010608079696555032,0.14214955720419367
R1,659,0.13454422165758073,0.01706764847863519,0.13454422165758073
R1,660,0.13394821365707607,0.01127443077929449,0.13394821365707607
R1,661,0.14443546206691985,0.01551704313791471,0.14443546206691985
R1,662,0.1411571597096212,0.014425145545676837,0.1411571597096212
R1,663,0.12169817034025102,0.01465006831785265,0.12169817034025102
R1,664,0.12995293012450715,0.012298260920973391,0.12995293012450715
R1,665,0.13288764462051175,0.016584255012046818,0.13288764462051175
R1,666,0.14718528088979704,0.014292773647746584,0.14718528088979704
R1,667,0.1308956248539962,0.012816558129592422,0.1308956248539962
R1,668,0.15492049138883188,0.018964076269193414,0.15492049138883188
R1,669,0.1466374407246092,0.0189397789007371,0.1466374407246092
R1,670,0.13776548022619428,0.0174276211227547,0.13776548022619428
R1,671,0.1232992680668056,0.017675961098203116,0.1232992680668056
R1,672,0.1182781288784088,0.015950749606204063,0.1182781288784088
R1,673,0.1859528183143205,0.018131701961431344,0.1859528183143205
R1,674,0.11964255345016343,0.014521043197760961,0.11964255345016343
R1,675,0.14791871277295407,0.01593628394540294,0.14791871277295407
R1,676,0.1347909802871409,0.01724505605442365,0.1347909802871409
R1,677,0.11984493598863127,0.014043219595917887,0.11984493598863127
R1,678,0.11712058512440994,0.014683507623187488,0.11712058512440994
R1,679,0.14138881862826766,0.014506498972234513,0.14138881862826766
R1,680,0.1383408445128514,0.015186415831274416,0.1383408445128514
R1,681,0.13230346510455748,0.01331299586096238,0.13230346510455748
R1,682,0.12247793199241747,0.01612257327722295,0.12247793199241747
R1,683,0.13209368666703195,0.014678878716481726,0.13209368666703195
R1,684,0.1440482777816078,0.020908180400479853,0.1440482777816078
R1,685,0.14708755524966588,0.030023095801789315,0.14708755524966588
R1,686,0.11183627002395381,0.015588731234894477,0.11183627002395381
R1,687,0.14107586861625823,0.014021003162163656,0.14107586861625823
R1,688,0.14012191874664082,0.014819317363972339,0.14012191874664082
R1,689,0.12769820783910021,0.014596175846506899,0.12769820783910021
R1,690,0.15124852659559962,0.01331537889812189,0.15124852659559962
R1,691,0.09978137537187173,0.01305404964910816,0.09978137537187173
R1,692,0.15386597508805364,0.018933214188804927,0.15386597508805364
R1,693,0.16637647812510836,0.012010272426836171,0.16637647812510836
R1,694,0.11794931915465466,0.012207960768849582,0.11794931915465466
R1,695,0.13721176449216987,0.01961326557136119,0.13721176449216987
R1,696,0.1093779616017247,0.015218631433734765,0.1093779616017247
R1,697,0.11893922667860957,0.009914045391438179,0.11893922667860957
R1,698,0.14214344481175042,0.025837908498847557,0.14214344481175042
R1,699,0.14177765653339316,0.016160942369881418,0.14177765653339316
R1,700,0.16050730851562273,0.016943057100053935,0.16050730851562273
R1,701,0.15765111494055703,0.024516610358868225,0.15765111494055703
R1,702,0.1361922441907389,0.014048812717822113,0.1361922441907389
R1,703,0.14137031738527428,0.013049370315507503,0.14137031738527428
R1,704,0.11497030538069361,0.016784751619909017,0.11497030538069361
R1,705,0.1213363583128579,0.012241634854375393,0.1213363583128579
R1,706,0.1062216649723826,0.013851037455837626,0.1062216649723826
R1,707,0.11485584642640385,0.01124130772369758,0.11485584642640385
R1,708,0.14805708573968362,0.015196845214683376,0.14805708573968362
R1,709,0.14980136246083506,0.019624778503465813,0.14980136246083506
R1,710,0.14573684306753107,0.02118546451415935,0.14573684306753107
R1,711,0.1322628724639633,0.01789683648849523,0.1322628724639633
R1,712,0.11261961100805698,0.014669156586303803,0.11261961100805698
R1,713,0.12980734713559036,0.0109533346627457,0.12980734713559036
R1,714,0.12229660609201028,0.01729518542285938,0.12229660609201028
R1,715,0.14838035120291845,0.01574237120153431,0.14838035120291845
R1,716,0.13924874883768698,0.0295390165769559,0.13924874883768698
R1,717,0.1293828242776661,0.01719282504661725,0.1293828242776661
R1,718,0.11171039621501733,0.01555235430768248,0.11171039621501733
R1,719,0.11745253736008276,0.01025767230290168,0.11745253736008276
R1,720,0.1295046173639876,0.020434536537881832,0.1295046173639876
R1,721,0.11601876851032537,0.012348159792942988,0.11601876851032537
R1,722,0.13715714699084638,0.0212426043509427,0.13715714699084638
R1,723,0.1442996822067592,0.017268994991462654,0.1442996822067592
R1,724,0.08926199779264841,0.013866641294020349,0.08926199779264841
R1,725,0.0832817229409711,0.013549288812309884,0.0832817229409711
R1,726,0.13047496056070945,0.016460224456315026,0.13047496056070945
R1,727,0.10460687034889327,0.010024228520697918,0.10460687034889327
R1,728,0.10344415534018507,0.01673458832969561,0.10344415534018507
R1,729,0.1435904091139535,0.016500639958054276,0.1435904091139535
R1,730,0.13165401769923166,0.013127814499165278,0.13165401769923166
R1,731,0.12358178970362008,0.012716682398370337,0.12358178970362008
R1,732,0.10447796953947497,0.013433447732643196,0.10447796953947497
R1,733,0.09631105890814445,0.013802425857890465,0.09631105890814445
R1,734,0.09930239488138791,0.01818795665495593,0.09930239488138791
R1,735,0.129958880758279,0.01684730762307547,0.129958880758279
R1,736,0.13947917189604797,0.011991916820229386,0.13947917189604797
R1,737,0.14727769918299943,0.015475627988551774,0.14727769918299943
R1,738,0.13464249898475456,0.01512209507368541,0.13464249898475456
R1,739,0.1612629666847515,0.018043603112571135,0.1612629666847515
R1,740,0.20283769038376945,0.026622893824954787,0.20283769038376945
R1,741,0.13543311751673734,0.013893100443946756,0.13543311751673734
R1,742,0.09782532282416745,0.016232621440227385,0.09782532282416745
R1,743,0.18999792292594034,0.023868070338315138,0.18999792292594034
R1,744,0.1436847949897246,0.018061608041798707,0.1436847949897246
R1,745,0.11640634812196887,0.013701021313695435,0.11640634812196887
R1,746,0.16925597747355856,0.020859228830748887,0.16925597747355856
R1,747,0.1432374253442339,0.01809020429630722,0.1432374253442339
R1,748,0.12617065208855027,0.017657025475360154,0.12617065208855027
R1,749,0.13259150637000586,0.0226047256285258,0.13259150637000586
R1,750,0.15300575864444563,0.011764104320414703,0.15300575864444563
R1,751,0.15222291093596974,0.014200325260554009,0.15222291093596974
R1,752,0.10349645493382151,0.01565525824775206,0.10349645493382151
R1,753,0.12210207292829219,0.017196632680531933,0.12210207292829219
R1,754,0.11316485401516742,0.015654157458031986,0.11316485401516742
R1,755,0.1269749146670285,0.012624831372067434,0.1269749146670285
R1,756,0.14778506651080928,0.013110406752773602,0.14778506651080928
R1,757,0.11052722871450536,0.009841868861325547,0.11052722871450536
R1,758,0.1344807754262353,0.014194479998966057,0.1344807754262353
R1,759,0.16170567575632036,0.020190567925738614,0.16170567575632036
R1,760,0.14851627121590327,0.021750023179249133,0.14851627121590327
R1,761,0.1284565101709565,0.012470440678451522,0.1284565101709565
R1,762,0.13270581434484685,0.024850269406333458,0.13270581434484685
R1,763,0.15782371155774613,0.012312444684746918,0.15782371155774613
R1,764,0.16584073184612289,0.02229340860447275,0.16584073184612289
R1,765,0.130450059667692,0.01382648210885708,0.130450059667692
R1,766,0.13958280894764827,0.019499571361130737,0.13958280894764827
R1,767,0.11009007870220931,0.012340824349075913,0.11009007870220931
R1,768,0.12097889367848916,0.012381048709866699,0.12097889367848916
R1,769,0.12690394192569435,0.016742646902526075,0.12690394192569435
R1,770,0.12210401157772637,0.015364147045535386,0.12210401157772637
R1,771,0.1530150064382193,0.015764648646182065,0.1530150064382193
R1,772,0.11671564070267892,0.015826046564850094,0.11671564070267892
R1,773,0.14165057680211995,0.014939054187254924,0.14165057680211995
R1,774,0.1203800509723871,0.02466227714322078,0.1203800509723871
R1,775,0.14534174615516554,0.01970932955365156,0.14534174615516554
R1,776,0.11669458859536624,0.017466447304334224,0.11669458859536624
R1,777,0.10524642531145763,0.011949103427539529,0.10524642531145763
R1,778,0.12073065695087801,0.010576882602042268,0.12073065695087801
R1,779,0.1113578070401287,0.012612526092352569,0.1113578070401287
R1,780,0.13403839494952044,0.010792735514133062,0.13403839494952044
R1,781,0.13275126606934273,0.015554474894491438,0.13275126606934273
R1,782,0.14592118558202877,0.017033567250848182,0.14592118558202877
R1,783,0.12490768171284448,0.01812869843273748,0.12490768171284448
R1,784,0.13013591693135593,0.01796493266776434,0.13013591693135593
R1,785,0.1504306203210248,0.01723077749224293,0.1504306203210248
R1,786,0.1487904651113436,0.015400413290928408,0.1487904651113436
R1,787,0.09165495227926,0.007961847569323595,0.09165495227926
R1,788,0.14163534050181972,0.01492852365567378,0.14163534050181972
R1,789,0.12438125358935706,0.02367926550778604,0.12438125358935706
R1,790,0.18100527208936662,0.02304485125485681,0.18100527208936662
R1,791,0.14354553931329084,0.012161353834525813,0.14354553931329084
R1,792,0.1335961038704355,0.02023262951161257,0.1335961038704355
R1,793,0.16247098415419844,0.01861067927195605,0.16247098415419844
R1,794,0.131648037369109,0.011985930455970321,0.131648037369109
R1,795,0.14054887880981035,0.020857457166206978,0.14054887880981035
R1,796,0.11468123095258818,0.020760827687262808,0.11468123095258818
R1,797,0.1307002699843363,0.019705868046598716,0.1307002699843363
R1,798,0.1328379193468925,0.011354766112851761,0.1328379193468925
R1,799,0.11748404950003943,0.01759656810796881,0.11748404950003943
R1,800,0.1344862086603891,0.016997521605067498,0.1344862086603891
R1,801,0.10647827699972778,0.01721061074039845,0.10647827699972778
R1,802,0.12585813417507516,0.015300782056950187,0.12585813417507516
R1,803,0.12612054917986873,0.01610210093620817,0.12612054917986873
R1,804,0.10849768351073025,0.015116039705510573,0.10849768351073025
R1,805,0.14644191996332803,0.011337695832294825,0.14644191996332803
R1,806,0.17961907714318887,0.017589520154842966,0.17961907714318887
R1,807,0.15930235279901211,0.013140029374905762,0.15930235279901211
R1,808,0.15316439042587054,0.022055491972271246,0.15316439042587054
R1,809,0.10671882056527479,0.011868512843213094,0.10671882056527479
R1,810,0.11890945195042855,0.016121920307171977,0.11890945195042855
R1,811,0.12256424864478697,0.020357018616693322,0.12256424864478697
R1,812,0.16333481521579685,0.01741710340610602,0.16333481521579685
R1,813,0.13694253042639112,0.013094794056574094,0.13694253042639112
R1,814,0.12257103639114597,0.012070916579796124,0.12257103639114597
R1,815,0.15195031089181565,0.01501049554704969,0.15195031089181565
R1,816,0.15266331890866042,0.014704138876979354,0.15266331890866042
R1,817,0.11922617935577963,0.013490997239334888,0.11922617935577963
R1,818,0.1409243377093564,0.01174006401553919,0.1409243377093564
R1,819,0.1336615471795569,0.013957885044461302,0.1336615471795569
R1,820,0.10587410111667916,0.011543221317060802,0.10587410111667916
R1,821,0.1559473177727856,0.020616690645602447,0.1559473177727856
R1,822,0.11561734504394698,0.013052730595502679,0.11561734504394698
R1,823,0.12112844746016309,0.01308976902230953,0.12112844746016309
R1,824,0.13312031217372727,0.013633645577286909,0.13312031217372727
R1,825,0.1010203410403516,0.013012218908701119,0.1010203410403516
R1,826,0.11850510508786477,0.018885964145964045,0.11850510508786477
R1,827,0.15218754893257097,0.020554682947557856,0.15218754893257097
R1,828,0.10645226574977627,0.014454875132290679,0.10645226574977627
R1,829,0.0981366506682228,0.01583929370612767,0.0981366506682228
R1,830,0.11124960495426743,0.016501016475392084,0.11124960495426743
R1,831,0.1814813923209695,0.026677531360382353,0.1814813923209695
R1,832,0.16334036103767563,0.018268325141049126,0.16334036103767563
R1,833,0.11482648959964935,0.017363661315138924,0.11482648959964935
R1,834,0.12465617230355633,0.01794057596476759,0.12465617230355633
R1,835,0.14503200686676374,0.017711747583148627,0.14503200686676374
R1,836,0.1578953408067419,0.018683939185332905,0.1578953408067419
R1,837,0.10651070499855834,0.013213194798121108,0.10651070499855834
R1,838,0.10559163681079727,0.014397776744801723,0.10559163681079727
R1,839,0.12777121387133367,0.013465614154358572,0.12777121387133367
R1,840,0.11771162496082892,0.019917712519850656,0.11771162496082892
R1,841,0.1172335072606741,0.017457909447093536,0.1172335072606741
R1,842,0.12472221611234781,0.019183207955376938,0.12472221611234781
R1,843,0.15973291571562287,0.01702142454963057,0.15973291571562287
R1,844,0.18643812473910062,0.02241532622279402,0.18643812473910062
R1,845,0.13380170214028175,0.019269930982360548,0.13380170214028175
R1,846,0.1440393858102365,0.010840212126989114,0.1440393858102365
R1,847,0.10561596334030392,0.01609652970905741,0.10561596334030392
R1,848,0.16355730462438997,0.015407380587821514,0.16355730462438997
R1,849,0.12791041766184436,0.016877794792611617,0.12791041766184436
R1,850,0.1309756809443483,0.01461361959817355,0.1309756809443483
R1,851,0.12655790279908485,0.018480286600814674,0.12655790279908485
R1,852,0.11501837023544631,0.014343502582980136,0.11501837023544631
R1,853,0.13864717559470835,0.014693802619161407,0.13864717559470835
R1,854,0.1223729336304192,0.013077355856336733,0.1223729336304192
R1,855,0.11428475531990614,0.013079529398935771,0.11428475531990614
R1,856,0.10117632046920227,0.012336856827841532,0.10117632046920227
R1,857,0.19667253655446354,0.022721291296677847,0.19667253655446354
R1,858,0.16127899896041306,0.01589972268842538,0.16127899896041306
R1,859,0.09966202293095436,0.01198060051134054,0.09966202293095436
R1,860,0.11968882785328011,0.012746122439573092,0.11968882785328011
R1,861,0.12107700771335973,0.012850236384706868,0.12107700771335973
R1,862,0.11921787074705892,0.016068004008814654,0.11921787074705892
R1,863,0.13624940622142634,0.016888482318315808,0.13624940622142634
R1,864,0.10589838251960833,0.01397390203257574,0.10589838251960833
R1,865,0.10811208330641377,0.011578495189549632,0.10811208330641377
R1,866,0.1354614045988719,0.02172243721756038,0.1354614045988719
R1,867,0.0969475324299942,0.010774906189785407,0.0969475324299942
R1,868,0.09452670985490902,0.013822171422518797,0.09452670985490902
R1,869,0.11013192839622346,0.013899316014465445,0.11013192839622346
R1,870,0.15732154552377223,0.01981131605126677,0.15732154552377223
R1,871,0.11995797810813016,0.013034041752392861,0.11995797810813016
R1,872,0.11974355190768864,0.013868451511963517,0.11974355190768864
R1,873,0.16918938082090532,0.018080367950960186,0.16918938082090532
R1,874,0.1332521314064024,0.013767129315497628,0.1332521314064024
R1,875,0.13818642816611257,0.016073381042943945,0.13818642816611257
R1,876,0.14573070349605918,0.014496308097605978,0.14573070349605918
R1,877,0.10946841016654509,0.015727719595491116,0.10946841016654509
R1,878,0.11155311090097479,0.017635131332079466,0.11155311090097479
R1,879,0.11993002097362213,0.017645354140445536,0.11993002097362213
R1,880,0.13706461232428538,0.015561143058963353,0.13706461232428538
R1,881,0.22344439236426586,0.047074067938297846,0.22344439236426586
R1,882,0.14836827175029352,0.01529966873082727,0.14836827175029352
R1,883,0.113240556465676,0.013923296260503273,0.113240556465676
R1,884,0.16102402142957795,0.02259401504771117,0.16102402142957795
R1,885,0.1319687343107948,0.01605313976953547,0.1319687343107948
R1,886,0.13312495688028936,0.017220036904302818,0.13312495688028936
R1,887,0.11378259135086179,0.014362769571474409,0.11378259135086179
R1,888,0.11312974658365946,0.012842815944641046,0.11312974658365946
R1,889,0.12416916002579075,0.028267300338498308,0.12416916002579075
R1,890,0.14823221205245618,0.017572207920198996,0.14823221205245618
R1,891,0.12278743623638544,0.013956163889605671,0.12278743623638544
R1,892,0.12994186268716856,0.02056469550209332,0.12994186268716856
R1,893,0.13776237431319716,0.014009890050746748,0.13776237431319716
R1,894,0.12365465353073238,0.021793637882161845,0.12365465353073238
R1,895,0.12633277940898544,0.01386876882421939,0.12633277940898544
R1,896,0.14862931390246228,0.022093131489454482,0.14862931390246228
R1,897,0.11921105605443971,0.017768857990588045,0.11921105605443971
R1,898,0.15763227507248553,0.01661371962960937,0.15763227507248553
R1,899,0.10337498230570526,0.017092415537775178,0.10337498230570526
R1,900,0.12728946463124144,0.00969019339805284,0.12728946463124144
R1,901,0.15766223615278419,0.02262147661104516,0.15766223615278419
R1,902,0.1279460331073826,0.014947841529795435,0.1279460331073826
R1,903,0.11277021567733614,0.011348993945557499,0.11277021567733614
R1,904,0.1356473206461903,0.01351761651684772,0.1356473206461903
R1,905,0.10303804968720937,0.009680690082309654,0.10303804968720937
R1,906,0.12876398052370494,0.015077803318275351,0.12876398052370494
R1,907,0.10142914713114652,0.014512730855820515,0.10142914713114652
R1,908,0.15894559118561688,0.018123242687772174,0.15894559118561688
R1,909,0.13568078984236379,0.02428720794105308,0.13568078984236379
R1,910,0.14726818623233237,0.017001240009377222,0.14726818623233237
R1,911,0.11359367153409027,0.010231074368640992,0.11359367153409027
R1,912,0.1342127363873839,0.013259615027036965,0.1342127363873839
R1,913,0.13531559192684725,0.013820373015140731,0.13531559192684725
R1,914,0.15106942471982268,0.015930752882951826,0.15106942471982268
R1,915,0.19010072572534584,0.01986889518105563,0.19010072572534584
R1,916,0.11330577934923117,0.015172746398759438,0.11330577934923117
R1,917,0.10231481246062775,0.016618836084355323,0.10231481246062775
R1,918,0.14652619549187573,0.01725644353189163,0.14652619549187573
R1,919,0.10018797550096616,0.010576742769190193,0.10018797550096616
R1,920,0.12441798698044061,0.012507374630361844,0.12441798698044061
R1,921,0.11876343876656892,0.016299262488871914,0.11876343876656892
R1,922,0.14493957104862012,0.01981830644826994,0.14493957104862012
R1,923,0.12674447535587977,0.014238845120881695,0.12674447535587977
R1,924,0.1140393543528398,0.01276786134010467,0.1140393543528398
R1,925,0.15977170259150655,0.015395925826929283,0.15977170259150655
R1,926,0.13442861485698204,0.014313331618723165,0.13442861485698204
R1,927,0.10918826725083894,0.012785879434618364,0.10918826725083894
R1,928,0.11230703555512894,0.011398035090969792,0.11230703555512894
R1,929,0.11995378546952452,0.013543763922265977,0.11995378546952452
R1,930,0.16769027999408093,0.017369951532287094,0.16769027999408093
R1,931,0.17681573015723692,0.02230107662286094,0.17681573015723692
R1,932,0.13208165356091223,0.012095763320085657,0.13208165356091223
R1,933,0.12471753935536911,0.012622837345176123,0.12471753935536911
R1,934,0.14800300769298402,0.016281831756066865,0.14800300769298402
R1,935,0.10421503387109822,0.016614004358285278,0.10421503387109822
R1,936,0.252009744993145,0.0536356099203461,0.252009744993145
R1,937,0.14131847684164744,0.020016776896602386,0.14131847684164744
R1,938,0.14726867627917778,0.018380464069750448,0.14726867627917778
R1,939,0.15495391922991378,0.019163558624019854,0.15495391922991378
R1,940,0.10381805291402708,0.01380434960031903,0.10381805291402708
R1,941,0.12562098105832087,0.014289270354102672,0.12562098105832087
R1,942,0.14243499304981894,0.015138500153823562,0.14243499304981894
R1,943,0.1288550958810524,0.013831381950321736,0.1288550958810524
R1,944,0.1507676939314955,0.021209275163970278,0.1507676939314955
R1,945,0.11203574759452543,0.01338546332728899,0.11203574759452543
R1,946,0.1621970485286514,0.018355155905630426,0.1621970485286514
R1,947,0.15888093179216722,0.020911557584848157,0.15888093179216722
R1,948,0.1712211225722051,0.02338049488566388,0.1712211225722051
R1,949,0.10282276071570641,0.012677330884585968,0.10282276071570641
R1,950,0.11074337402636963,0.016894367317473836,0.11074337402636963
R1,951,0.11850199314519097,0.011413982726148589,0.11850199314519097
R1,952,0.11167511831181201,0.013044730221647007,0.11167511831181201
R1,953,0.11091814731695696,0.01658424603205655,0.11091814731695696
R1,954,0.13946692086567392,0.014090083843785881,0.13946692086567392
R1,955,0.2499406966341697,0.03162411551657897,0.2499406966341697
R1,956,0.13804220705687856,0.01701987877913841,0.13804220705687856
R1,957,0.18904505828438523,0.018356512346239435,0.18904505828438523
R1,958,0.12718061091535954,0.01563636263149375,0.12718061091535954
R1,959,0.12520174628919495,0.016069378463743546,0.12520174628919495
R1,960,0.12170894097127057,0.013982481191902449,0.12170894097127057
R1,961,0.1519620967116192,0.025231719105833102,0.1519620967116192
R1,962,0.14439320321773094,0.017484159791326257,0.14439320321773094
R1,963,0.1611679522697117,0.012984488624466044,0.1611679522697117
R1,964,0.1470566104343567,0.024965518776701782,0.1470566104343567
R1,965,0.09208970932920972,0.016253633034193537,0.09208970932920972
R1,966,0.14498765512539005,0.014569591015775658,0.14498765512539005
R1,967,0.14941241756551968,0.014127536493437672,0.14941241756551968
R1,968,0.1576644025168041,0.01701337360890723,0.1576644025168041
R1,969,0.13734896586201506,0.014647477004772265,0.13734896586201506
R1,970,0.12283603869797162,0.020726644628619686,0.12283603869797162
R1,971,0.14067281807400459,0.014576289000322132,0.14067281807400459
R1,972,0.17910100938243614,0.020695978267515475,0.17910100938243614
R1,973,0.14937296180549936,0.024100834169954514,0.14937296180549936
R1,974,0.10926964456374208,0.01373595006558636,0.10926964456374208
R1,975,0.13096131681213877,0.014031658939453132,0.13096131681213877
R1,976,0.10592118118055831,0.009178661087548052,0.10592118118055831
R1,977,0.1298192507436063,0.015540468769651811,0.1298192507436063
R1,978,0.11793466982334642,0.01673223171461147,0.11793466982334642
R1,979,0.1319943647164403,0.013210244039630217,0.1319943647164403
R1,980,0.15733707533622251,0.021079460783865894,0.15733707533622251
R1,981,0.11918917281069367,0.018577616972766702,0.11918917281069367
R1,982,0.1329465718116683,0.015796281234664707,0.1329465718116683
R1,983,0.10415010210195852,0.014042083541592466,0.10415010210195852
R1,984,0.1285511914803721,0.010916250538788669,0.1285511914803721
R1,985,0.13655606556585445,0.014033279703285325,0.13655606556585445
R1,986,0.1210436939073277,0.01687144527245528,0.1210436939073277
R1,987,0.15185578591138513,0.01616540049346806,0.15185578591138513
R1,988,0.12869103327869333,0.01321214364100876,0.12869103327869333
R1,989,0.1396112161540756,0.011266825820347626,0.1396112161540756
R1,990,0.15860944434574906,0.022723307918015686,0.15860944434574906
R1,991,0.15599844924742073,0.01750876446310302,0.15599844924742073
R1,992,0.11439028420675325,0.015386352973944592,0.11439028420675325
R1,993,0.13991904302584612,0.012278764132102854,0.13991904302584612
R1,994,0.13311674142482563,0.01599419016648521,0.13311674142482563
R1,995,0.11821062617843581,0.013596135889790343,0.11821062617843581
R1,996,0.14431365085847048,0.022475617821951743,0.14431365085847048
R1,997,0.12860743669994573,0.016108810580171294,0.12860743669994573
R1,998,0.11798623090665096,0.01822441252332376,0.11798623090665096
R1,999,0.13430152558570546,0.011320943257859383,0.13430152558570546
R1,1000,0.10740888573203222,0.013283575231280275,0.10740888573203222
R1,1001,0.14340689049042674,0.010932098096909986,0.14340689049042674
R1,1002,0.09719886571209002,0.010331922112677475,0.09719886571209002
R1,1003,0.12219173895871599,0.017253443778388857,0.12219173895871599
R1,1004,0.14471581372293432,0.015159837144335431,0.14471581372293432
R1,1005,0.13990598309143815,0.019282146524685528,0.13990598309143815
R1,1006,0.15067313045138522,0.013803574223162234,0.15067313045138522
R1,1007,0.16257559759860013,0.018518609783122746,0.16257559759860013
R1,1008,0.13252933254756172,0.012560015253318176,0.13252933254756172
R1,1009,0.1166499966459659,0.012196625577048741,0.1166499966459659
R1,1010,0.14209375855806541,0.020617735606601264,0.14209375855806541
R1,1011,0.1474263941443513,0.016344092732842496,0.1474263941443513
R1,1012,0.0942476934939831,0.012776970442259694,0.0942476934939831
R1,1013,0.1470297158420468,0.019280973134314556,0.1470297158420468
R1,1014,0.1178582411645667,0.013435964434979936,0.1178582411645667
R1,1015,0.14897022433018658,0.013595384641894135,0.14897022433018658
R1,1016,0.1264565825573551,0.012673365921553697,0.1264565825573551
R1,1017,0.14401622617490936,0.014041023903570388,0.14401622617490936
R1,1018,0.14732591515914345,0.02381574939468141,0.14732591515914345
R1,1019,0.13004414974793904,0.018680365265252602,0.13004414974793904
R1,1020,0.12116156026713182,0.015102671363670878,0.12116156026713182
R1,1021,0.12954524866245126,0.021601148174546975,0.12954524866245126
R1,1022,0.17393931646914612,0.024139480733366612,0.17393931646914612
R1,1023,0.11137420452328559,0.02026345937753746,0.11137420452328559
R1,1024,0.14335757472500515,0.01608077553721172,0.14335757472500515
R1,1025,0.14656536109683166,0.016877552338921676,0.14656536109683166
R1,1026,0.18057445494733337,0.034785093754912205,0.18057445494733337
R1,1027,0.16908793195911173,0.026193007608441836,0.16908793195911173
R1,1028,0.13192578737911595,0.01556394599765556,0.13192578737911595
R1,1029,0.12527894218411983,0.014092971939611608,0.12527894218411983
R1,1030,0.10244912098599189,0.015092615449445117,0.10244912098599189
R1,1031,0.15608369878960943,0.015103287298712536,0.15608369878960943
R1,1032,0.10556493013164447,0.013092511439914724,0.10556493013164447
R1,1033,0.14975100154065885,0.020964269684451895,0.14975100154065885
R1,1034,0.13291128751642386,0.016329423591214358,0.13291128751642386
R1,1035,0.14872870926802004,0.016235746609002163,0.14872870926802004
R1,1036,0.10906667710931071,0.01086703590700073,0.10906667710931071
R1,1037,0.11697913718119243,0.017549903972952408,0.11697913718119243
R1,1038,0.1268714128130939,0.015075387985511533,0.1268714128130939
R1,1039,0.12323217861587887,0.0174127136155733,0.12323217861587887
R1,1040,0.12460610659532449,0.01240631171873217,0.12460610659532449
R1,1041,0.12954429064355905,0.01641229586310283,0.12954429064355905
R1,1042,0.14271176580569042,0.015619795765990454,0.14271176580569042
R1,1043,0.11887837725615694,0.013126854712713977,0.11887837725615694
R1,1044,0.1270999031880087,0.016784967278417447,0.1270999031880087
R1,1045,0.15760672829581274,0.017663806798083288,0.15760672829581274
R1,1046,0.13957319752004047,0.018290275273472163,0.13957319752004047
R1,1047,0.1468151627012111,0.013566710741901475,0.1468151627012111
R1,1048,0.12360042284532788,0.01145973077461451,0.12360042284532788
R1,1049,0.14726319858310655,0.016940789150576518,0.14726319858310655
R1,1050,0.14804810533754953,0.022135551075143287,0.14804810533754953
R1,1051,0.1262132645545909,0.015193958658574933,0.1262132645545909
R1,1052,0.12610140559494737,0.013528089210684982,0.12610140559494737
R1,1053,0.1217578564247791,0.013211881055186631,0.1217578564247791
R1,1054,0.11181634578215205,0.011969239465280435,0.11181634578215205
R1,1055,0.14568226726907857,0.01416787521570146,0.14568226726907857
R1,1056,0.11990819434699897,0.014895158411618634,0.11990819434699897
R1,1057,0.14255967819345847,0.016141613213803984,0.14255967819345847
R1,1058,0.13640540556566405,0.01684084274997144,0.13640540556566405
R1,1059,0.11457024013919612,0.014455584226413692,0.11457024013919612
R1,1060,0.14838078852063138,0.02448383151493211,0.14838078852063138
R1,1061,0.13622358507707005,0.020187926970686255,0.13622358507707005
R1,1062,0.1426418390177232,0.0163603898622498,0.1426418390177232
R1,1063,0.1286188925832259,0.014239818832560135,0.1286188925832259
R1,1064,0.15235275236188772,0.017914962446048815,0.15235275236188772
R1,1065,0.1561862474903604,0.020217427442353417,0.1561862474903604
R1,1066,0.1447869985912721,0.0193390857340291,0.1447869985912721
R1,1067,0.1457966227320333,0.012231925674781348,0.1457966227320333
R1,1068,0.12889871609036993,0.013879861858329902,0.12889871609036993
R1,1069,0.12988259232136104,0.013384237232886089,0.12988259232136104
R1,1070,0.12304529940454398,0.017945152654077937,0.12304529940454398
R1,1071,0.11557048606114997,0.012570003558048052,0.11557048606114997
R1,1072,0.12002075621465258,0.013762879650377391,0.12002075621465258
R1,1073,0.12374930086892286,0.018579525240252984,0.12374930086892286
R1,1074,0.1333722999036908,0.014046295584390203,0.1333722999036908
R1,1075,0.116713580581695,0.014116858379621969,0.116713580581695
R1,1076,0.10763996171597072,0.012421701791173927,0.10763996171597072
R1,1077,0.1356354717734444,0.011209588844341735,0.1356354717734444
R1,1078,0.13415417098750684,0.01591415097032274,0.13415417098750684
R1,1079,0.13626950953275624,0.013086480174559382,0.13626950953275624
R1,1080,0.11307880059220696,0.019130893996309475,0.11307880059220696
R1,1081,0.13542929127813264,0.015437712432379779,0.13542929127813264
R1,1082,0.15077723660153508,0.017288168511183862,0.15077723660153508
R1,1083,0.16378449776167786,0.028155016803729165,0.16378449776167786
R1,1084,0.15057133809214698,0.01473151497746949,0.15057133809214698
R1,1085,0.09064721236292385,0.010739247295395743,0.09064721236292385
R1,1086,0.14415137294922953,0.0157894287482273,0.14415137294922953
R1,1087,0.1435234348261014,0.01530316513122598,0.1435234348261014
R1,1088,0.1517849799024886,0.02947997779929063,0.1517849799024886
R1,1089,0.09930943486401503,0.013821567702111917,0.09930943486401503
R1,1090,0.1549870634793016,0.026301129773542813,0.1549870634793016
R1,1091,0.11242819327947734,0.012257527702713994,0.11242819327947734
R1,1092,0.14653624742891558,0.01689004387476742,0.14653624742891558
R1,1093,0.12376569687283205,0.020458832857493166,0.12376569687283205
R1,1094,0.15378597839867866,0.015954462984450028,0.15378597839867866
R1,1095,0.14034812623195328,0.011545524852567522,0.14034812623195328
R1,1096,0.10554988691965911,0.013268809685217436,0.10554988691965911
R1,1097,0.11678804853415134,0.019617930105421927,0.11678804853415134
R1,1098,0.1204413077482537,0.012538673734292438,0.1204413077482537
R1,1099,0.12759448494335804,0.013456276586349255,0.12759448494335804
R1,1100,0.1443534871390989,0.014657118983294302,0.1443534871390989
R1,1101,0.11669064259435218,0.01145024146382616,0.11669064259435218
R1,1102,0.08930400313437614,0.01711626630962054,0.08930400313437614
R1,1103,0.15220097648772327,0.016267531924097238,0.15220097648772327
R1,1104,0.11190973506924477,0.012775669948868938,0.11190973506924477
R1,1105,0.12437091893030387,0.016280008822275063,0.12437091893030387
R1,1106,0.16024400209373965,0.02095409093016162,0.16024400209373965
R1,1107,0.14681878184065736,0.018631155962470107,0.14681878184065736
R1,1108,0.13001422449593789,0.014499274611294096,0.13001422449593789
R1,1109,0.11866474948417283,0.011983730146157322,0.11866474948417283
R1,1110,0.14232762448919098,0.018349531153458103,0.14232762448919098
R1,1111,0.14526946359763704,0.01590229611928223,0.14526946359763704
R1,1112,0.13187450983877397,0.015213554667109776,0.13187450983877397
R1,1113,0.11724559945285212,0.017524804040616338,0.11724559945285212
R1,1114,0.17021609463296158,0.023212887522284415,0.17021609463296158
R1,1115,0.10832710399545648,0.015755307194942565,0.10832710399545648
R1,1116,0.10831333257162522,0.012184425079210515,0.10831333257162522
R1,1117,0.13000797054645136,0.012512938500187944,0.13000797054645136
R1,1118,0.11382765692873324,0.019817940794011734,0.11382765692873324
R1,1119,0.11577170069113368,0.016428807909394175,0.11577170069113368
R1,1120,0.13868873154741698,0.015124241058272455,0.13868873154741698
R1,1121,0.1460195183971854,0.014757967821466477,0.1460195183971854
R1,1122,0.11492285897567044,0.01927013518494705,0.11492285897567044
R1,1123,0.1286807728592111,0.013413515096366516,0.1286807728592111
R1,1124,0.12449034779520612,0.01926622237445234,0.12449034779520612
R1,1125,0.1420418536744719,0.014589111746600037,0.1420418536744719
R1,1126,0.10722244112906984,0.013589870886308952,0.10722244112906984
R1,1127,0.1575577048692485,0.015867290164855597,0.1575577048692485
R1,1128,0.15598006086190735,0.015740884220027625,0.15598006086190735
R1,1129,0.11369699067118796,0.010110907379812609,0.11369699067118796
R1,1130,0.16150649457952565,0.016946206585432146,0.16150649457952565
R1,1131,0.0943760300982321,0.013037796751380499,0.0943760300982321
R1,1132,0.1285684480524342,0.018547448918611393,0.1285684480524342
R1,1133,0.1375220277638447,0.012289315547674397,0.1375220277638447
R1,1134,0.14987246092775666,0.020986242991742555,0.14987246092775666
R1,1135,0.12596735698131295,0.017250221079144822,0.12596735698131295
R1,1136,0.17153058331046594,0.023997739950304953,0.17153058331046594
R1,1137,0.1782355150493799,0.02118327624696844,0.1782355150493799
R1,1138,0.13114415996540005,0.011625478544048148,0.13114415996540005
R1,1139,0.18435680412925737,0.012526249208873548,0.18435680412925737
R1,1140,0.1301131408500011,0.01505845530108094,0.1301131408500011
R1,1141,0.13378656979987189,0.013773629673045767,0.13378656979987189
R1,1142,0.13992659973748905,0.0181096077709061,0.13992659973748905
R1,1143,0.12303521650931744,0.012630819800939287,0.12303521650931744
R1,1144,0.13578616694734527,0.02281810902237586,0.13578616694734527
R1,1145,0.17179017640761074,0.022584660842652246,0.17179017640761074
R1,1146,0.11646981816457161,0.019894838264390535,0.11646981816457161
R1,1147,0.11862604622101595,0.013716197430610607,0.11862604622101595
R1,1148,0.15394559203348893,0.02269959510122463,0.15394559203348893
R1,1149,0.1690830111950612,0.0209803359127116,0.1690830111950612
R1,1150,0.1336337977857016,0.016186939078988008,0.1336337977857016
R1,1151,0.11873018502004747,0.012944095618619544,0.11873018502004747
R1,1152,0.1456174203580256,0.019655184383946,0.1456174203580256
R1,1153,0.15056056327774986,0.014275973533173168,0.15056056327774986
R1,1154,0.1555017334725102,0.016863597144103785,0.1555017334725102
R1,1155,0.14898179406158357,0.018897083001053368,0.14898179406158357
R1,1156,0.14966767253155996,0.01951027887605919,0.14966767253155996
R1,1157,0.1576197523844496,0.014707270313696572,0.1576197523844496
R1,1158,0.08740932293818023,0.01222978926116171,0.08740932293818023
R1,1159,0.09551757065060532,0.016635884105250975,0.09551757065060532
R1,1160,0.1572698815076846,0.013000983952790611,0.1572698815076846
R1,1161,0.17651086624345683,0.0301321187074383,0.17651086624345683
R1,1162,0.1540987683385197,0.014918642730543571,0.1540987683385197
R1,1163,0.11960867379784633,0.014235230919108954,0.11960867379784633
R1,1164,0.1360469161386987,0.023189419695488604,0.1360469161386987
R1,1165,0.14057809066011717,0.021422657311214267,0.14057809066011717
R1,1166,0.10757906116898494,0.015049284345706421,0.10757906116898494
R1,1167,0.10539061208150606,0.015892379174692023,0.10539061208150606
R1,1168,0.13715064997365875,0.02149689936728894,0.13715064997365875
R1,1169,0.12897236517507854,0.017734045448157796,0.12897236517507854
R1,1170,0.1060192863396624,0.019866331463744506,0.1060192863396624
R1,1171,0.09830323390167865,0.013962329643030902,0.09830323390167865
R1,1172,0.16037227897806391,0.01800534263790433,0.16037227897806391
R1,1173,0.1527494468948686,0.02173393007857492,0.1527494468948686
R1,1174,0.11216180724106727,0.01724689369016098,0.11216180724106727
R1,1175,0.15394630659339037,0.01944986584420737,0.15394630659339037
R1,1176,0.16018963671668823,0.019276486670179626,0.16018963671668823
R1,1177,0.160849300067896,0.014336953877364372,0.160849300067896
R1,1178,0.1663377667155957,0.01658230953375812,0.1663377667155957
R1,1179,0.15633707617318118,0.02030588327446395,0.15633707617318118
R1,1180,0.15610922783604833,0.01700184574020227,0.15610922783604833
R1,1181,0.11614273184285076,0.01488822913226876,0.11614273184285076
R1,1182,0.10519501786683122,0.015484425493828113,0.10519501786683122
R1,1183,0.09323849625983731,0.015702816486365023,0.09323849625983731
R1,1184,0.14347128371845208,0.02069691145903446,0.14347128371845208
R1,1185,0.1027023266293496,0.013016381427667778,0.1027023266293496
R1,1186,0.1913025462600149,0.032451530995820835,0.1913025462600149
R1,1187,0.12464267712260717,0.014892999973909743,0.12464267712260717
R1,1188,0.12631532925135727,0.012594819344005024,0.12631532925135727
R1,1189,0.14443614406216373,0.015712576984855613,0.14443614406216373
R1,1190,0.11414371506648381,0.012468303124552315,0.11414371506648381
R1,1191,0.13526218942204973,0.016976893540726783,0.13526218942204973
R1,1192,0.1175683697999324,0.017846831309886128,0.1175683697999324
R1,1193,0.12601442631563872,0.012451149721281673,0.12601442631563872
R1,1194,0.14011922607566504,0.014995586210640477,0.14011922607566504
R1,1195,0.11929972850126896,0.010889133915953505,0.11929972850126896
R1,1196,0.12175634030117202,0.015864213490269768,0.12175634030117202
R1,1197,0.09868695544645383,0.010441393185901399,0.09868695544645383
R1,1198,0.13326870461580514,0.013926436062904404,0.13326870461580514
R1,1199,0.13512484232917646,0.012182574381037798,0.13512484232917646
R1,1200,0.12480743485539281,0.015595706580090664,0.12480743485539281
R1,1201,0.14476897660789062,0.01843318013996974,0.14476897660789062
R1,1202,0.12251233032029206,0.013585589689126574,0.12251233032029206
R1,1203,0.14387383922851874,0.012527689456258057,0.14387383922851874
R1,1204,0.13876247918766998,0.01800595051777605,0.13876247918766998
R1,1205,0.1328909452076329,0.015450045318248095,0.1328909452076329
R1,1206,0.16412347478238887,0.02264297443352437,0.16412347478238887
R1,1207,0.11879408966995428,0.01332128735130686,0.11879408966995428
R1,1208,0.16663318106708214,0.0184571872778213,0.16663318106708214
R1,1209,0.14191492137250625,0.020284502171050444,0.14191492137250625
R1,1210,0.12546203239373027,0.01679707321401691,0.12546203239373027
R1,1211,0.1331471181132979,0.01404241878306794,0.1331471181132979
R1,1212,0.16876015468220357,0.013611415293533468,0.16876015468220357
R1,1213,0.23077045651839345,0.03370849371146819,0.23077045651839345
R1,1214,0.11014691915696603,0.01132026799530405,0.11014691915696603
R1,1215,0.11327566842256828,0.013002179276277434,0.11327566842256828
R1,1216,0.10607779553507778,0.015062450021658493,0.10607779553507778
R1,1217,0.11682257283200603,0.017080534140691158,0.11682257283200603
R1,1218,0.13535100929239205,0.015247758487781274,0.13535100929239205
R1,1219,0.12203529685772398,0.019170708776591997,0.12203529685772398
R1,1220,0.1522170536026304,0.024143666979083954,0.1522170536026304
R1,1221,0.13874810003968802,0.01713571551323062,0.13874810003968802
R1,1222,0.15532980626225606,0.028706481769505472,0.15532980626225606
R1,1223,0.11862056112447568,0.013308802042833471,0.11862056112447568
R1,1224,0.14471597841290346,0.02300116092342649,0.14471597841290346
R1,1225,0.13005893740915547,0.025447214759232634,0.13005893740915547
R1,1226,0.11856910553212745,0.019132883090309687,0.11856910553212745
R1,1227,0.12645761008214673,0.011890208964723264,0.12645761008214673
R1,1228,0.12237446716414209,0.013440872042478468,0.12237446716414209
R1,1229,0.13554350675148039,0.01718702869663862,0.13554350675148039
R1,1230,0.11282537997961069,0.01534252838338587,0.11282537997961069
R1,1231,0.1416684218221715,0.011573418200949686,0.1416684218221715
R1,1232,0.15115943223153766,0.016452102930900176,0.15115943223153766
R1,1233,0.1120588921322127,0.01745360957508594,0.1120588921322127
R1,1234,0.12522758087143895,0.011816829485455833,0.12522758087143895
R1,1235,0.121892259755262,0.025406169341784933,0.121892259755262
R1,1236,0.13982587836730787,0.02074583803589021,0.13982587836730787
R1,1237,0.13048199115929277,0.01580205275100018,0.13048199115929277
R1,1238,0.12997599857453207,0.018112219599360168,0.12997599857453207
R1,1239,0.12542945861210414,0.016485125825548338,0.12542945861210414
R1,1240,0.1428688960367155,0.014488157597123207,0.1428688960367155
R1,1241,0.150056135077812,0.011552647544351074,0.150056135077812
R1,1242,0.1428484846921633,0.0139367996901598,0.1428484846921633
R1,1243,0.13888249141346926,0.014191265730650632,0.13888249141346926
R1,1244,0.0958306550416239,0.015809951450121335,0.0958306550416239
R1,1245,0.1163831114276786,0.011641331228891178,0.1163831114276786
R1,1246,0.14562764408896223,0.019752193566200907,0.14562764408896223
R1,1247,0.13324214064435544,0.018630937968149464,0.13324214064435544
R1,1248,0.10287112210032923,0.013277291239708921,0.10287112210032923
R1,1249,0.11949357065318472,0.014125108864611501,0.11949357065318472
R1,1250,0.1265770440202444,0.011699361010542567,0.1265770440202444
R1,1251,0.1605380514749373,0.020320070626682257,0.1605380514749373
R1,1252,0.15127263173471509,0.018733262770520513,0.15127263173471509
R1,1253,0.13006117327817723,0.013850692994752035,0.13006117327817723
R1,1254,0.10967252252697804,0.01955050138228148,0.10967252252697804
R1,1255,0.14381620993267563,0.011396055718063446,0.14381620993267563
R1,1256,0.1268345316549605,0.01042986950535285,0.1268345316549605
R1,1257,0.16742304924732831,0.012467613868044748,0.16742304924732831
R1,1258,0.1392260266061313,0.012952579652109,0.1392260266061313
R1,1259,0.1693916998166992,0.016274626037445616,0.1693916998166992
R1,1260,0.11205475380029382,0.010666656490756743,0.11205475380029382
R1,1261,0.11905314540159777,0.012838074765937263,0.11905314540159777
R1,1262,0.14315019774726093,0.014400306354602625,0.14315019774726093
R1,1263,0.17697064145065006,0.03160226440590542,0.17697064145065006
R1,1264,0.11909323786713713,0.010381039171287628,0.11909323786713713
R1,1265,0.14970970303257677,0.01463916513697011,0.14970970303257677
R1,1266,0.12139693978537602,0.01803591686490982,0.12139693978537602
R1,1267,0.15742185209705242,0.018270090401362613,0.15742185209705242
R1,1268,0.13424475822703572,0.01152414430999312,0.13424475822703572
R1,1269,0.13982154957044396,0.019140212506272843,0.13982154957044396
R1,1270,0.12876301131619863,0.013019422101240396,0.12876301131619863
R1,1271,0.1076963724303129,0.015952909565100138,0.1076963724303129
R1,1272,0.14638319750779805,0.017104997979773596,0.14638319750779805
R1,1273,0.10902069403827373,0.015907484435766454,0.10902069403827373
R1,1274,0.12087423379133244,0.015470322454046953,0.12087423379133244
R1,1275,0.15556478938256463,0.016726367099701836,0.15556478938256463
R1,1276,0.14729262808576638,0.012370366060335383,0.14729262808576638
R1,1277,0.1270068337368136,0.02693227427638471,0.1270068337368136
R1,1278,0.14970386345579048,0.015855152835291833,0.14970386345579048
R1,1279,0.1384744021422029,0.01701489486488997,0.1384744021422029
R1,1280,0.1106000571966943,0.01205704329182084,0.1106000571966943
R1,1281,0.15931415617810837,0.017148837279731037,0.15931415617810837
R1,1282,0.14598206744158232,0.01789582912799668,0.14598206744158232
R1,1283,0.10109056062119451,0.009073532730880657,0.10109056062119451
R1,1284,0.10543342634380984,0.012035726975785853,0.10543342634380984
R1,1285,0.1370936881930061,0.016457041285114587,0.1370936881930061
R1,1286,0.11747054954591814,0.020094849139733677,0.11747054954591814
R1,1287,0.16868636039775048,0.018612088346719225,0.16868636039775048
R1,1288,0.13318762078349528,0.0185035380685084,0.13318762078349528
R1,1289,0.1250616683901061,0.012911693287667045,0.1250616683901061
R1,1290,0.10569480645144841,0.014029284988516777,0.10569480645144841
R1,1291,0.09902852660631983,0.010207417558574338,0.09902852660631983
R1,1292,0.11032770916703677,0.011710781247553556,0.11032770916703677
R1,1293,0.09973639455513508,0.011050888804144047,0.09973639455513508
R1,1294,0.12249050694544729,0.011036720922089795,0.12249050694544729
R1,1295,0.10990059613426398,0.011052418332355854,0.10990059613426398
R1,1296,0.12106066925844851,0.016260563826189206,0.12106066925844851
R1,1297,0.11733733679646594,0.013022729307312885,0.11733733679646594
R1,1298,0.14183690199825932,0.013710551609135053,0.14183690199825932
R1,1299,0.12863977244334415,0.014536177677400904,0.12863977244334415
R1,1300,0.15294840899875092,0.02543068156179464,0.15294840899875092
R1,1301,0.17614880567647964,0.023023331490827782,0.17614880567647964
R1,1302,0.1547364280210907,0.015722835760070067,0.1547364280210907
R1,1303,0.13867164904877213,0.020415952627625685,0.13867164904877213
R1,1304,0.12768917605144042,0.014983723286998091,0.12768917605144042
R1,1305,0.14789072823387597,0.017565660358887465,0.14789072823387597
R1,1306,0.1316019642691961,0.015516464892292178,0.1316019642691961
R1,1307,0.14864608142499364,0.02162583334748462,0.14864608142499364
R1,1308,0.16802228249667178,0.015137445247567051,0.16802228249667178
R1,1309,0.1590792956109038,0.011648566453812315,0.1590792956109038
R1,1310,0.140970530005722,0.018221084338419135,0.140970530005722
R1,1311,0.1155476985843985,0.011254398329380974,0.1155476985843985
R1,1312,0.14335637871291607,0.012188033424900014,0.14335637871291607
R1,1313,0.13699807649600684,0.016277045068380694,0.13699807649600684
R1,1314,0.13602616732526898,0.012228425813019434,0.13602616732526898
R1,1315,0.1884222259848007,0.037928395569859975,0.1884222259848007
R1,1316,0.15146691046987631,0.018341614926906707,0.15146691046987631
R1,1317,0.11443092220611181,0.011467245574979936,0.11443092220611181
R1,1318,0.12371716434726404,0.01177430230409819,0.12371716434726404
R1,1319,0.1411035911576827,0.014457700385364229,0.1411035911576827
R1,1320,0.13961184689859904,0.01489184989189731,0.13961184689859904
R1,1321,0.1524232857147261,0.020516012444005405,0.1524232857147261
R1,1322,0.12159568861416163,0.013963044523469328,0.12159568861416163
R1,1323,0.1016913766126581,0.009112506692854837,0.1016913766126581
R1,1324,0.14705954633415083,0.011548422109218859,0.14705954633415083
R1,1325,0.15068660155472086,0.017266781447848396,0.15068660155472086
R1,1326,0.1161308632635444,0.016752585750923414,0.1161308632635444
R1,1327,0.16530160673132477,0.022421183663834242,0.16530160673132477
R1,1328,0.11456519261495259,0.011914695168423488,0.11456519261495259
R1,1329,0.14921721705386387,0.018153099904294496,0.14921721705386387
R1,1330,0.1534747381661423,0.015320899862659781,0.1534747381661423
R1,1331,0.11236652734284078,0.017072398280674486,0.11236652734284078
R1,1332,0.11938852224776966,0.015155543968251136,0.11938852224776966
R1,1333,0.1172867653596435,0.014735994178999661,0.1172867653596435
R1,1334,0.1264344336472054,0.012965861735918495,0.1264344336472054
R1,1335,0.14306872056695247,0.02681814829733042,0.14306872056695247
R1,1336,0.13825483802335656,0.015271989830183932,0.13825483802335656
R1,1337,0.1510800210916034,0.022400482550420025,0.1510800210916034
R1,1338,0.14587296946454398,0.015633682839445034,0.14587296946454398
R1,1339,0.14148755700893573,0.022707280176618987,0.14148755700893573
R1,1340,0.12104368358746746,0.013031300918288915,0.12104368358746746
R1,1341,0.14540681383986895,0.012053261566497803,0.14540681383986895
R1,1342,0.1401105718156918,0.015629725975322657,0.1401105718156918
R1,1343,0.19367665845215,0.027858506893209307,0.19367665845215
R1,1344,0.12088507412427868,0.02195253176412695,0.12088507412427868
R1,1345,0.10341263796369667,0.01587752705345609,0.10341263796369667
R1,1346,0.14064526470665095,0.016617125848426152,0.14064526470665095
R1,1347,0.1487423199562504,0.011581692194887123,0.1487423199562504
R1,1348,0.10767522956657571,0.016167066779871626,0.10767522956657571
R1,1349,0.12981277244601516,0.011419295007923371,0.12981277244601516
R1,1350,0.10891614783889222,0.01412421632793518,0.10891614783889222
R1,1351,0.10846408644012397,0.009404741888528674,0.10846408644012397
R1,1352,0.09766296735049856,0.010345052555727444,0.09766296735049856
R1,1353,0.11416872643759778,0.010332127604659394,0.11416872643759778
R1,1354,0.16780550691414575,0.022279581761618174,0.16780550691414575
R1,1355,0.13174424527410195,0.013526320704507905,0.13174424527410195
R1,1356,0.13746152424746322,0.017836276692089058,0.13746152424746322
R1,1357,0.12443324144393858,0.014190640467792939,0.12443324144393858
R1,1358,0.1198747927287789,0.01415217270823811,0.1198747927287789
R1,1359,0.10046654337089923,0.011654046844604528,0.10046654337089923
R1,1360,0.11848500746807664,0.01836500493165703,0.11848500746807664
R1,1361,0.13810883265769913,0.016807895167252524,0.13810883265769913
R1,1362,0.1512164567115619,0.019544221748086395,0.1512164567115619
R1,1363,0.14864450479202904,0.012077369337220758,0.14864450479202904
R1,1364,0.09399326852166495,0.009355703052467605,0.09399326852166495
R1,1365,0.1334831982945048,0.014999437246169135,0.1334831982945048
R1,1366,0.11927414783966628,0.02664244095996221,0.11927414783966628
R1,1367,0.1444122947120941,0.018654064052932615,0.1444122947120941
R1,1368,0.14228744183400677,0.020433390630300967,0.14228744183400677
R1,1369,0.15088264994531758,0.015237350128923315,0.15088264994531758
R1,1370,0.11319394187159688,0.014732078150952505,0.11319394187159688
R1,1371,0.1493002460727159,0.013655154697042047,0.1493002460727159
R1,1372,0.11338021289812789,0.0177908407114894,0.11338021289812789
R1,1373,0.12974897754691928,0.013218887570053161,0.12974897754691928
R1,1374,0.1282816313504661,0.013330683051293422,0.1282816313504661
R1,1375,0.11241891833131794,0.02018640014555386,0.11241891833131794
R1,1376,0.11296486825887729,0.01716899426482219,0.11296486825887729
R1,1377,0.18416313406796073,0.0282178659515545,0.18416313406796073
R1,1378,0.1250493472605478,0.02195647164519414,0.1250493472605478
R1,1379,0.12745997918470223,0.014262953343060679,0.12745997918470223
R1,1380,0.18936921493097134,0.030716564613458116,0.18936921493097134
R1,1381,0.10211027336761866,0.017980618543435536,0.10211027336761866
R1,1382,0.11442564796828163,0.01722513201144613,0.11442564796828163
R1,1383,0.1457846818519366,0.015377090018797085,0.1457846818519366
R1,1384,0.12612411852891847,0.01407396613595191,0.12612411852891847
R1,1385,0.1262904334553437,0.0181727636394176,0.1262904334553437
R1,1386,0.11987022582297713,0.013870726443173251,0.11987022582297713
R1,1387,0.09217403879174466,0.017670617524026044,0.09217403879174466
R1,1388,0.1549595937449295,0.013686461963561623,0.1549595937449295
R1,1389,0.14525398018639687,0.01467770715566857,0.14525398018639687
R1,1390,0.1466308283512201,0.015631432318646013,0.1466308283512201
R1,1391,0.1538248586510226,0.01999161194914235,0.1538248586510226
R1,1392,0.12504088386033038,0.0094447336095172,0.12504088386033038
R1,1393,0.11785920532490117,0.015302645017932614,0.11785920532490117
R1,1394,0.12872003048516123,0.012794271194145005,0.12872003048516123
R1,1395,0.1361473948756365,0.013241967082314017,0.1361473948756365
R1,1396,0.12441040831358507,0.011921938391070447,0.12441040831358507
R1,1397,0.12993228635401521,0.013406067762186438,0.12993228635401521
R1,1398,0.11636181916745272,0.01582038543453559,0.11636181916745272
R1,1399,0.1352293363535243,0.013544267526079934,0.1352293363535243
R1,1400,0.09869280575577218,0.009627732706254357,0.09869280575577218
R1,1401,0.13683794363073995,0.01757321490733466,0.13683794363073995
R1,1402,0.1104328813135349,0.015306125568430104,0.1104328813135349
R1,1403,0.13393285820750472,0.021358040219318173,0.13393285820750472
R1,1404,0.09667320278788645,0.011581437833502085,0.09667320278788645
R1,1405,0.1652631024473584,0.020820937955355355,0.1652631024473584
R1,1406,0.11756291010911532,0.011098072037399723,0.11756291010911532
R1,1407,0.16708965640420922,0.02493683101447204,0.16708965640420922
R1,1408,0.15172531348983254,0.014406719149405237,0.15172531348983254
R1,1409,0.14358302274552753,0.013679625072744088,0.14358302274552753
R1,1410,0.10436326013813932,0.015914958900449198,0.10436326013813932
R1,1411,0.14278827077939293,0.013172012258842085,0.14278827077939293
R1,1412,0.14256243236432378,0.013940191545964245,0.14256243236432378
R1,1413,0.14300070091324554,0.021456547141920294,0.14300070091324554
R1,1414,0.11111440780986144,0.010437400339383287,0.11111440780986144
R1,1415,0.12427516113086898,0.016151676776987638,0.12427516113086898
R1,1416,0.1340576724044273,0.011615680819128426,0.1340576724044273
R1,1417,0.10297949882565174,0.01273112976493635,0.10297949882565174
R1,1418,0.12435301226633479,0.011673071215305678,0.12435301226633479
R1,1419,0.12000571530523939,0.015971328464388843,0.12000571530523939
R1,1420,0.12382135432042954,0.01397757467729063,0.12382135432042954
R1,1421,0.1287726499174022,0.014639847728946732,0.1287726499174022
R1,1422,0.14716429026987524,0.020691046344938548,0.14716429026987524
R1,1423,0.11058526221609975,0.01446313747307608,0.11058526221609975
R1,1424,0.14406559585125878,0.020164657996835082,0.14406559585125878
R1,1425,0.14255658949198766,0.012566165233649704,0.14255658949198766
R1,1426,0.13696578778715568,0.01877349630203398,0.13696578778715568
R1,1427,0.15016607223736217,0.018945176405802625,0.15016607223736217
R1,1428,0.17170511413522035,0.021379346871980825,0.17170511413522035
R1,1429,0.18629107452123278,0.0157274830287097,0.18629107452123278
R1,1430,0.1191867413864092,0.011809733716363423,0.1191867413864092
R1,1431,0.13708016798557834,0.01679339195335315,0.13708016798557834
R1,1432,0.20066021475608986,0.027900720611341464,0.20066021475608986
R1,1433,0.12541423475923086,0.01535453223319229,0.12541423475923086
R1,1434,0.14815489846336002,0.017640640803571625,0.14815489846336002
R1,1435,0.1280787193005168,0.01375093056653789,0.1280787193005168
R1,1436,0.14420719955669442,0.018357724013161124,0.14420719955669442
R1,1437,0.13083309049704353,0.016616145619089293,0.13083309049704353
R1,1438,0.151307634654644,0.01563467038324738,0.151307634654644
R1,1439,0.1391809648465967,0.015601732425096637,0.1391809648465967
R1,1440,0.14796549764950104,0.01984791271828303,0.14796549764950104
R1,1441,0.15353137458871127,0.012252277194266607,0.15353137458871127
R1,1442,0.12953980238393104,0.013830703334985602,0.12953980238393104
R1,1443,0.12503088583762242,0.012710432916408223,0.12503088583762242
R1,1444,0.139573756091173,0.012746924059264718,0.139573756091173
R1,1445,0.1005323194325537,0.012008975229788083,0.1005323194325537
R1,1446,0.14299180177654727,0.015561638714307354,0.14299180177654727
R1,1447,0.10697450348425662,0.018799662820174416,0.10697450348425662
R1,1448,0.13014135678862085,0.013050973734136594,0.13014135678862085
R1,1449,0.13237533812570637,0.01774746415786623,0.13237533812570637
R1,1450,0.12355973685118696,0.016681216916480533,0.12355973685118696
R1,1451,0.1647518213060237,0.01379439109434251,0.1647518213060237
R1,1452,0.1310793440775921,0.014527716552798458,0.1310793440775921
R1,1453,0.1092082549029036,0.017307897672857335,0.1092082549029036
R1,1454,0.1326999253210552,0.018795803839668793,0.1326999253210552
R1,1455,0.14112249253139358,0.017535301244405273,0.14112249253139358
R1,1456,0.12408152529167209,0.01284041007823006,0.12408152529167209
R1,1457,0.10423085159287632,0.01025037139083216,0.10423085159287632
R1,1458,0.11010246484139269,0.018613250259551465,0.11010246484139269
R1,1459,0.18448654263937506,0.01973348651409481,0.18448654263937506
R1,1460,0.12338519984696887,0.01596436624764489,0.12338519984696887
R1,1461,0.12758065149020673,0.011857024960022292,0.12758065149020673
R1,1462,0.10581342313627973,0.014718485696347107,0.10581342313627973
R1,1463,0.158036624029984,0.015355444915317052,0.158036624029984
R1,1464,0.12757675864095439,0.011922565034282347,0.12757675864095439
R1,1465,0.12950626776774557,0.01867450683223531,0.12950626776774557
R1,1466,0.1278312532772782,0.010632773182989353,0.1278312532772782
R1,1467,0.12000926974063938,0.013078397210456666,0.12000926974063938
R1,1468,0.14518787512450587,0.01897271326643595,0.14518787512450587
R1,1469,0.11528798095564298,0.009605656019736205,0.11528798095564298
R1,1470,0.12333124006160368,0.012084424181105544,0.12333124006160368
R1,1471,0.1276049840534376,0.015524623680121414,0.1276049840534376
R1,1472,0.12968720920628118,0.012434496777492515,0.12968720920628118
R1,1473,0.11192053600143968,0.010863955675467909,0.11192053600143968
R1,1474,0.13086875546765506,0.013555854925513046,0.13086875546765506
R1,1475,0.10656336631689126,0.010380957471593719,0.10656336631689126
R1,1476,0.09640059019987167,0.012897056246511857,0.09640059019987167
R1,1477,0.10663037426142079,0.018923368400800323,0.10663037426142079
R1,1478,0.12468541156153898,0.013862656318539607,0.12468541156153898
R1,1479,0.13809630334394468,0.011824392341297073,0.13809630334394468
R1,1480,0.11136625334676734,0.011405282015394045,0.11136625334676734
R1,1481,0.14376149508645866,0.01527678725950021,0.14376149508645866
R1,1482,0.1264414367841319,0.015889479785861436,0.1264414367841319
R1,1483,0.1711095929023601,0.020038918823019083,0.1711095929023601
R1,1484,0.13560178007968063,0.018266882993209454,0.13560178007968063
R1,1485,0.13076932404653202,0.02073719700099258,0.13076932404653202
R1,1486,0.12175772002663067,0.014755061650993597,0.12175772002663067
R1,1487,0.1174758976602199,0.010539833356483926,0.1174758976602199
R1,1488,0.2174245336078159,0.024844702018037672,0.2174245336078159
R1,1489,0.10810284631135784,0.015568265539627589,0.10810284631135784
R1,1490,0.12443409195632502,0.014273112043144125,0.12443409195632502
R1,1491,0.1233407050287204,0.015051707654654568,0.1233407050287204
R1,1492,0.11785445863868654,0.016512247309900453,0.11785445863868654
R1,1493,0.13860177823728387,0.013944403400415521,0.13860177823728387
R1,1494,0.11595842739596993,0.013582543329386076,0.11595842739596993
R1,1495,0.10533839835596194,0.014655763916862638,0.10533839835596194
R1,1496,0.16123612354125674,0.018685568251113747,0.16123612354125674
R1,1497,0.12196560171514959,0.013041963789144252,0.12196560171514959
R1,1498,0.11954412817415916,0.020964029235582184,0.11954412817415916
R1,1499,0.13048438825457212,0.01882877637114048,0.13048438825457212
R1,1500,0.16111401615754498,0.014123329076051882,0.16111401615754498
R1,1501,0.117100115393627,0.01794372138928099,0.117100115393627
R1,1502,0.10410680695567544,0.01664943193222328,0.10410680695567544
R1,1503,0.1604312153765069,0.024180309296082125,0.1604312153765069
R1,1504,0.15776541118310455,0.014253325319000936,0.15776541118310455
R1,1505,0.1599525716172261,0.016399576650159238,0.1599525716172261
R1,1506,0.1209904347130132,0.014631160949767429,0.1209904347130132
R1,1507,0.15087833007264653,0.012008517939339288,0.15087833007264653
R1,1508,0.1374843571688023,0.019464999965884647,0.1374843571688023
R1,1509,0.1611551479743284,0.017852795718770076,0.1611551479743284
R1,1510,0.12781652489250908,0.017793533427746477,0.12781652489250908
R1,1511,0.11565173105359625,0.01448636118742228,0.11565173105359625
R1,1512,0.12410665669671973,0.014646473443749542,0.12410665669671973
R1,1513,0.1464876591439661,0.022935238791622303,0.1464876591439661
R1,1514,0.14359234632791879,0.018827985350895513,0.14359234632791879
R1,1515,0.14748669091046637,0.014909785125598188,0.14748669091046637
R1,1516,0.14232866267884692,0.018213628178549057,0.14232866267884692
R1,1517,0.1273231579092225,0.012846836620531063,0.1273231579092225
R1,1518,0.16067550022976604,0.01828160445544995,0.16067550022976604
R1,1519,0.12294719312470502,0.01224656145341488,0.12294719312470502
R1,1520,0.13796391933408625,0.011993281372897043,0.13796391933408625
R1,1521,0.0964568447089814,0.011210019392828069,0.0964568447089814
R1,1522,0.12005711599937122,0.014226869105428886,0.12005711599937122
R1,1523,0.10805194679246719,0.011947505408759511,0.10805194679246719
R1,1524,0.13047260248646522,0.014714614095625156,0.13047260248646522
R1,1525,0.10407879587793775,0.01587132679399786,0.10407879587793775
R1,1526,0.14123378392750197,0.017237568757284192,0.14123378392750197
R1,1527,0.14051989464450415,0.015265640992945815,0.14051989464450415
R1,1528,0.11483906041354654,0.01592043594226866,0.11483906041354654
R1,1529,0.11983508415395158,0.013179086590136873,0.11983508415395158
R1,1530,0.12889156153569026,0.017356944994931917,0.12889156153569026
R1,1531,0.1215307315943489,0.011006637689990582,0.1215307315943489
R1,1532,0.10969493673190757,0.014141277402622362,0.10969493673190757
R1,1533,0.1431389778537186,0.016200046254715376,0.1431389778537186
R1,1534,0.10898704810498297,0.02762169167289054,0.10898704810498297
R1,1535,0.1512288642997769,0.010854207177378917,0.1512288642997769
R1,1536,0.14415209079311636,0.017432141055789635,0.14415209079311636
R1,1537,0.12545652617756967,0.014251267350747748,0.12545652617756967
R1,1538,0.14450943927731638,0.01311971168568462,0.14450943927731638
R1,1539,0.15230636894718805,0.012430158206878601,0.15230636894718805
R1,1540,0.12043018015248073,0.01205265147791551,0.12043018015248073
R1,1541,0.10786948882505974,0.01060545967516707,0.10786948882505974
R1,1542,0.16627503395775547,0.015356730673515048,0.16627503395775547
R1,1543,0.13478063255918504,0.0157030070507126,0.13478063255918504
R1,1544,0.14402578476476155,0.016556158210064648,0.14402578476476155
R1,1545,0.10239350882846385,0.010434618203365456,0.10239350882846385
R1,1546,0.13527716388563304,0.017301126312249598,0.13527716388563304
R1,1547,0.09727977047293397,0.011307813283860293,0.09727977047293397
R1,1548,0.1124444775115526,0.012302091263913864,0.1124444775115526
R1,1549,0.12852444032638516,0.014651436217378078,0.12852444032638516
R1,1550,0.15353097649743802,0.02165076071208691,0.15353097649743802
R1,1551,0.14058881742628235,0.020578741571041757,0.14058881742628235
R1,1552,0.13875546671343927,0.01770517059067746,0.13875546671343927
R1,1553,0.1410981392205235,0.016267924525916945,0.1410981392205235
R1,1554,0.1198702373564017,0.0174370473442459,0.1198702373564017
R1,1555,0.13787364090776796,0.01575485263993862,0.13787364090776796
R1,1556,0.10850289149734511,0.017683386905755452,0.10850289149734511
R1,1557,0.16649054898959112,0.015469645193835516,0.16649054898959112
R1,1558,0.12914716525198586,0.023159940352971312,0.12914716525198586
R1,1559,0.16470039995627225,0.018032932473021405,0.16470039995627225
R1,1560,0.14672342661238827,0.013052085079748746,0.14672342661238827
R1,1561,0.1386311618386749,0.01582821774546242,0.1386311618386749
R1,1562,0.1259921820906299,0.019860305437047435,0.1259921820906299
R1,1563,0.12880186581459993,0.015449990626388492,0.12880186581459993
R1,1564,0.12402641129238468,0.012660513414441906,0.12402641129238468
R1,1565,0.13137472009528062,0.013322883870137605,0.13137472009528062
R1,1566,0.12816819534039245,0.010917366064512567,0.12816819534039245
R1,1567,0.11696777160181634,0.015395952069387374,0.11696777160181634
R1,1568,0.17666246555144452,0.027356032353847676,0.17666246555144452
R1,1569,0.14563250705942976,0.017232520077353965,0.14563250705942976
R1,1570,0.13585744237415934,0.018917630356970278,0.13585744237415934
R1,1571,0.1578358283428746,0.02091298806552677,0.1578358283428746
R1,1572,0.14245429740102167,0.015903124887270848,0.14245429740102167
R1,1573,0.13190557711712286,0.014761351548586231,0.13190557711712286
R1,1574,0.14663687310700738,0.014472133903887378,0.14663687310700738
R1,1575,0.14678821673453193,0.013715917598714482,0.14678821673453193
R1,1576,0.12528158648353135,0.014575725464326067,0.12528158648353135
R1,1577,0.137897671648985,0.016680189803100876,0.137897671648985
R1,1578,0.13472949538876036,0.009024529892912914,0.13472949538876036
R1,1579,0.12699358267903046,0.019908054296204646,0.12699358267903046
R1,1580,0.11083100330679253,0.013247626126701972,0.11083100330679253
R1,1581,0.11377420123843171,0.014031143067926393,0.11377420123843171
R1,1582,0.13544853891603542,0.012312607225412303,0.13544853891603542
R1,1583,0.13037043384138533,0.013009701333759406,0.13037043384138533
R1,1584,0.10808407123629765,0.014519459228126046,0.10808407123629765
R1,1585,0.15838160935710888,0.021000980935260587,0.15838160935710888
R1,1586,0.11348454048469553,0.013733200901638492,0.11348454048469553
R1,1587,0.1117019568587438,0.0176404301300745,0.1117019568587438
R1,1588,0.1345159176498351,0.01677581924025389,0.1345159176498351
R1,1589,0.14065924554447357,0.015549532587831604,0.14065924554447357
R1,1590,0.12304968547047468,0.01188468507881283,0.12304968547047468
R1,1591,0.1487683265439795,0.018859239655418424,0.1487683265439795
R1,1592,0.11751018742698031,0.01689470049082485,0.11751018742698031
R1,1593,0.13928616784999984,0.016263931224394356,0.13928616784999984
R1,1594,0.1283904645728252,0.014711562333743253,0.1283904645728252
R1,1595,0.124965547424517,0.016116914524830318,0.124965547424517
R1,1596,0.13253233529411845,0.012177800855996344,0.13253233529411845
R1,1597,0.14612669543896914,0.02493709033168396,0.14612669543896914
R1,1598,0.15188939666152868,0.019499528943840144,0.15188939666152868
R1,1599,0.11784057327961014,0.014420471248887165,0.11784057327961014
R1,1600,0.1150807084396603,0.01303139107958373,0.1150807084396603
R1,1601,0.09266899919372051,0.01556804449869551,0.09266899919372051
R1,1602,0.11409382744565649,0.012558706725426638,0.11409382744565649
R1,1603,0.12419573752021613,0.013984517618180392,0.12419573752021613
R1,1604,0.10589890160143069,0.01701877504621421,0.10589890160143069
R1,1605,0.16038353014608922,0.02599346785087373,0.16038353014608922
R1,1606,0.14687019833619136,0.01430766390994173,0.14687019833619136
R1,1607,0.11669267124021564,0.010881102294490545,0.11669267124021564
R1,1608,0.1281397510110389,0.014257140034378231,0.1281397510110389
R1,1609,0.13961815047324802,0.015459347196413314,0.13961815047324802
R1,1610,0.13809388756089544,0.020801645201443845,0.13809388756089544
R1,1611,0.1263921475540594,0.018775672294007326,0.1263921475540594
R1,1612,0.15609452026348636,0.019174572205639433,0.15609452026348636
R1,1613,0.13958949081922173,0.01617621315436075,0.13958949081922173
R1,1614,0.13632290833448538,0.016476340207674585,0.13632290833448538
R1,1615,0.13417526125517534,0.012610938192304928,0.13417526125517534
R1,1616,0.13257309203940296,0.013397280936122974,0.13257309203940296
R1,1617,0.1338663953852817,0.012707909926992257,0.1338663953852817
R1,1618,0.15801052424687265,0.016430957941390018,0.15801052424687265
R1,1619,0.11157585097376188,0.019797447518026617,0.11157585097376188
R1,1620,0.1159035145586287,0.015756812273843526,0.1159035145586287
R1,1621,0.11258360300492776,0.015059496463432617,0.11258360300492776
R1,1622,0.10352467484150747,0.01590287738349717,0.10352467484150747
R1,1623,0.12176426351196225,0.015356815006250009,0.12176426351196225
R1,1624,0.1689486001269968,0.012399920634341885,0.1689486001269968
R1,1625,0.1448777775553532,0.011887138322014795,0.1448777775553532
R1,1626,0.10844922127628945,0.013267888479888598,0.10844922127628945
R1,1627,0.15556789969688073,0.020112653406732663,0.15556789969688073
R1,1628,0.1476815367418412,0.018287504458048266,0.1476815367418412
R1,1629,0.09847685953857184,0.014882204807428374,0.09847685953857184
R1,1630,0.12658630493171438,0.013033944394348625,0.12658630493171438
R1,1631,0.12241174086583909,0.013330638429871824,0.12241174086583909
R1,1632,0.12709760945524004,0.02327017044478053,0.12709760945524004
R1,1633,0.11220699660040317,0.014759316783591749,0.11220699660040317
R1,1634,0.12612232616026334,0.017146735647384698,0.12612232616026334
R1,1635,0.11322535343288374,0.017358907063082154,0.11322535343288374
R1,1636,0.11324351098568267,0.013324750052814135,0.11324351098568267
R1,1637,0.12615956061746988,0.024202232996639286,0.12615956061746988
R1,1638,0.11972316644090236,0.014116334280502133,0.11972316644090236
R1,1639,0.10857176969006081,0.01895547298217068,0.10857176969006081
R1,1640,0.14193551948021887,0.021815505274287775,0.14193551948021887
R1,1641,0.1243537095692453,0.03166120291992825,0.1243537095692453
R1,1642,0.1317247584149304,0.013949342000286817,0.1317247584149304
R1,1643,0.1439559454851722,0.01625828013079891,0.1439559454851722
R1,1644,0.10845211796388915,0.012863184695898618,0.10845211796388915
R1,1645,0.14335038227211314,0.016751981790741048,0.14335038227211314
R1,1646,0.17050450045196724,0.015414162319213932,0.17050450045196724
R1,1647,0.1472777543974265,0.020216505830610704,0.1472777543974265
R1,1648,0.13175323430741592,0.011231133925045681,0.13175323430741592
R1,1649,0.13558477560267707,0.017056840949317243,0.13558477560267707
R1,1650,0.12359000371254998,0.012422168458547916,0.12359000371254998
R1,1651,0.11808723304526283,0.011251882342731287,0.11808723304526283
R1,1652,0.13004436247226658,0.011507650163223122,0.13004436247226658
R1,1653,0.08875717893258539,0.01586482376987505,0.08875717893258539
R1,1654,0.12816503281904687,0.014173783306593496,0.12816503281904687
R1,1655,0.12990648156304024,0.019840207365322857,0.12990648156304024
R1,1656,0.15911097008921993,0.017633359850661397,0.15911097008921993
R1,1657,0.15681001925070265,0.018417845322343942,0.15681001925070265
R1,1658,0.13051268554692944,0.015274634057516638,0.13051268554692944
R1,1659,0.13854960381151382,0.01728583615208786,0.13854960381151382
R1,1660,0.13247092984141925,0.015814057064257595,0.13247092984141925
R1,1661,0.15792484775067925,0.01960791805653087,0.15792484775067925
R1,1662,0.1342638564893981,0.013666017085591646,0.1342638564893981
R1,1663,0.15985923719768486,0.017136988105396884,0.15985923719768486
R1,1664,0.12302840256184601,0.011989896626288389,0.12302840256184601
R1,1665,0.11938884354419026,0.012924274541474682,0.11938884354419026
R1,1666,0.13303811804466079,0.01921528924129113,0.13303811804466079
R1,1667,0.10114705220500358,0.009531431907678429,0.10114705220500358
R1,1668,0.16318202821492153,0.016485699231518956,0.16318202821492153
R1,1669,0.12413308940542031,0.018908095667122208,0.12413308940542031
R1,1670,0.12499862137468246,0.013525741351864101,0.12499862137468246
R1,1671,0.11843629708671956,0.013375298976460148,0.11843629708671956
R1,1672,0.11888365881210698,0.011564653193730515,0.11888365881210698
R1,1673,0.1635494112532584,0.022466468997161357,0.1635494112532584
R1,1674,0.1419378984361667,0.016912362015022844,0.1419378984361667
R1,1675,0.1332842501710921,0.015391295224638807,0.1332842501710921
R1,1676,0.1549050102235029,0.02188739769269903,0.1549050102235029
R1,1677,0.10997694741976824,0.01766428590712171,0.10997694741976824
R1,1678,0.12552850882299435,0.014994215268704328,0.12552850882299435
R1,1679,0.1264132889997544,0.016528023198748618,0.1264132889997544
R1,1680,0.14120684606584477,0.013367336952588554,0.14120684606584477
R1,1681,0.1305210656783261,0.017447614710668618,0.1305210656783261
R1,1682,0.13656217291582062,0.020410062820558888,0.13656217291582062
R1,1683,0.13109975761197487,0.013251817572256531,0.13109975761197487
R1,1684,0.15743986904916868,0.01935812804204431,0.15743986904916868
R1,1685,0.14800029309750395,0.018379314771478802,0.14800029309750395
R1,1686,0.16683460800177732,0.01406472499278565,0.16683460800177732
R1,1687,0.1380061482642447,0.011924665391483333,0.1380061482642447
R1,1688,0.13269788113835357,0.017055753720972577,0.13269788113835357
R1,1689,0.16249894591888064,0.018858986399231528,0.16249894591888064
R1,1690,0.12901790783542788,0.014349572901701616,0.12901790783542788
R1,1691,0.13974828887035898,0.017392195678575383,0.13974828887035898
R1,1692,0.11428873900727182,0.02322462737058399,0.11428873900727182
R1,1693,0.11796036059830321,0.017221937518844942,0.11796036059830321
R1,1694,0.09658458226077167,0.01415582916166243,0.09658458226077167
R1,1695,0.1598889125882505,0.020926872117967055,0.1598889125882505
R1,1696,0.12975952002868388,0.012171111334933744,0.12975952002868388
R1,1697,0.11914951515392054,0.011151529149384299,0.11914951515392054
R1,1698,0.11575854645633415,0.01593999667620534,0.11575854645633415
R1,1699,0.138511847062425,0.018126565712333273,0.138511847062425
R1,1700,0.17370132373002772,0.02258871075959654,0.17370132373002772
R1,1701,0.13621991836904387,0.012646827623953043,0.13621991836904387
R1,1702,0.139773629984083,0.017839783676576723,0.139773629984083
R1,1703,0.16166796359069888,0.01627767448595849,0.16166796359069888
R1,1704,0.14888165949568344,0.016927405840447857,0.14888165949568344
R1,1705,0.11396322891667976,0.010538450333767506,0.11396322891667976
R1,1706,0.15365518592804428,0.014680242875455024,0.15365518592804428
R1,1707,0.1326650822008809,0.01416437547415167,0.1326650822008809
R1,1708,0.14892844455715673,0.015230882736866012,0.14892844455715673
R1,1709,0.15126323942645445,0.02240516788271616,0.15126323942645445
R1,1710,0.15620771716141782,0.02486896401340941,0.15620771716141782
R1,1711,0.15421439623700364,0.0211082926397555,0.15421439623700364
R1,1712,0.14623087019501138,0.016822773326882617,0.14623087019501138
R1,1713,0.14347839917158028,0.020520419159317314,0.14347839917158028
R1,1714,0.14175846373155784,0.012595194408888377,0.14175846373155784
R1,1715,0.13284868005272196,0.012828034195466768,0.13284868005272196
R1,1716,0.13597441584568465,0.014054292465605826,0.13597441584568465
R1,1717,0.1526238905617307,0.024250204592829755,0.1526238905617307
R1,1718,0.1289540411845879,0.015358575551857491,0.1289540411845879
R1,1719,0.13853517266957016,0.019468548096511957,0.13853517266957016
R1,1720,0.15055478348884943,0.015279118087266933,0.15055478348884943
R1,1721,0.13180285811914577,0.01592035259562129,0.13180285811914577
R1,1722,0.11646607550415437,0.012219404978190034,0.11646607550415437
R1,1723,0.14221582401323718,0.0145943731616848,0.14221582401323718
R1,1724,0.12129608709226591,0.023545958965624336,0.12129608709226591
R1,1725,0.12648700079608688,0.015477114601972871,0.12648700079608688
R1,1726,0.14372621025508966,0.013779256196212435,0.14372621025508966
R1,1727,0.1189864845967058,0.018199466554805758,0.1189864845967058
R1,1728,0.10070272639514341,0.012252331629913925,0.10070272639514341
R1,1729,0.13980665635321943,0.016657788696409492,0.13980665635321943
R1,1730,0.14479717459487035,0.017000087685208647,0.14479717459487035
R1,1731,0.14490112401670907,0.029925765842544777,0.14490112401670907
R1,1732,0.13332678436294781,0.017454216701936837,0.13332678436294781
R1,1733,0.13165813656118777,0.017584987395935385,0.13165813656118777
R1,1734,0.18703428593783367,0.014181969282031404,0.18703428593783367
R1,1735,0.15913506960340035,0.01776986227358477,0.15913506960340035
R1,1736,0.13557400844575465,0.01584510937836856,0.13557400844575465
R1,1737,0.12965473928511112,0.017903096953545777,0.12965473928511112
R1,1738,0.13061737954204455,0.013737615364327114,0.13061737954204455
R1,1739,0.11487654014210621,0.01634238113687835,0.11487654014210621
R1,1740,0.10534808758659478,0.02333372066565049,0.10534808758659478
R1,1741,0.1304879836479844,0.019882333286956204,0.1304879836479844
R1,1742,0.1412197804778617,0.031257094738877306,0.1412197804778617
R1,1743,0.12438272242523318,0.014532400391758082,0.12438272242523318
R1,1744,0.20589059497252715,0.015037109800893391,0.20589059497252715
R1,1745,0.1228421968071052,0.01550359874380735,0.1228421968071052
R1,1746,0.1385622023548952,0.017072215135294402,0.1385622023548952
R1,1747,0.2022209304965084,0.016349879280978467,0.2022209304965084
R1,1748,0.1407548652479688,0.019770425958165787,0.1407548652479688
R1,1749,0.10176609023577304,0.012848393275140878,0.10176609023577304
R1,1750,0.1789779792288573,0.017645671818236563,0.1789779792288573
R1,1751,0.10882192376073965,0.011138312456947401,0.10882192376073965
R1,1752,0.12665278535854477,0.013999846261376929,0.12665278535854477
R1,1753,0.16815542801163794,0.02428276590469588,0.16815542801163794
R1,1754,0.11260203327534966,0.011630271478051254,0.11260203327534966
R1,1755,0.10651243368070998,0.015181530662844781,0.10651243368070998
R1,1756,0.12266116792247068,0.012973089493355487,0.12266116792247068
R1,1757,0.14386790059881086,0.019750730484174018,0.14386790059881086
R1,1758,0.125996933121395,0.014860928533497462,0.125996933121395
R1,1759,0.14175399823135731,0.014236835157939987,0.14175399823135731
R1,1760,0.09362195683007081,0.014513304759604951,0.09362195683007081
R1,1761,0.1462412603901328,0.015097377527160396,0.1462412603901328
R1,1762,0.16132335033898595,0.0229389902002089,0.16132335033898595
R1,1763,0.14280482129336788,0.02259983222460717,0.14280482129336788
R1,1764,0.22270148331056416,0.04501827069159433,0.22270148331056416
R1,1765,0.11821242645888587,0.011978515530031451,0.11821242645888587
R1,1766,0.1677174730902533,0.0206382107738371,0.1677174730902533
R1,1767,0.1680613106906217,0.030969511394883895,0.1680613106906217
R1,1768,0.18076648788576083,0.016828428742440858,0.18076648788576083
R1,1769,0.14827158911973112,0.011749543417436841,0.14827158911973112
R1,1770,0.11539174758081772,0.018492465108274358,0.11539174758081772
R1,1771,0.11696519285808639,0.013047223562877838,0.11696519285808639
R1,1772,0.13046904068120843,0.015560056033547303,0.13046904068120843
R1,1773,0.12947807189837027,0.020469484096809997,0.12947807189837027
R1,1774,0.13041604185476946,0.016665306344729555,0.13041604185476946
R1,1775,0.13950152515960024,0.011223940492129257,0.13950152515960024
R1,1776,0.13353328031923148,0.01721558176992505,0.13353328031923148
R1,1777,0.12322817963836907,0.015054567403436902,0.12322817963836907
R1,1778,0.14363684524379833,0.01719004532343122,0.14363684524379833
R1,1779,0.1273396587552354,0.012888239597491276,0.1273396587552354
R1,1780,0.11830694224105717,0.024646192485464864,0.11830694224105717
R1,1781,0.12852243080645329,0.03529902888740707,0.12852243080645329
R1,1782,0.1471248471019328,0.019480917569644596,0.1471248471019328
R1,1783,0.12646388834197533,0.019402598348085654,0.12646388834197533
R1,1784,0.1280926511559316,0.01994782687202126,0.1280926511559316
R1,1785,0.11304773593146678,0.013439297484524243,0.11304773593146678
R1,1786,0.15804430445068,0.01749453749064159,0.15804430445068
R1,1787,0.14478527375083633,0.015932761594115868,0.14478527375083633
R1,1788,0.19306614306761796,0.021855665316286486,0.19306614306761796
R1,1789,0.14953860897630458,0.017636128107425625,0.14953860897630458
R1,1790,0.17826274802197087,0.01603826717540416,0.17826274802197087
R1,1791,0.11676079594049504,0.01934562447528412,0.11676079594049504
R1,1792,0.12161868191530845,0.01521342971978158,0.12161868191530845
R1,1793,0.11749946340890981,0.013689656658193036,0.11749946340890981
R1,1794,0.11764586858746207,0.011826043453772455,0.11764586858746207
R1,1795,0.1406710383938095,0.015169667035300032,0.1406710383938095
R1,1796,0.16160619903458964,0.01990867400711416,0.16160619903458964
R1,1797,0.11469846480196462,0.016941448315240873,0.11469846480196462
R1,1798,0.11973731300614972,0.020123401785580027,0.11973731300614972
R1,1799,0.15726589999422985,0.02097021776310497,0.15726589999422985
R1,1800,0.1531901158001594,0.027387545841865847,0.1531901158001594
R1,1801,0.1290709272828469,0.024001750469584224,0.1290709272828469
R1,1802,0.12655453573220415,0.01347362918546846,0.12655453573220415
R1,1803,0.11508534134937254,0.013810217193899379,0.11508534134937254
R1,1804,0.11115127980234983,0.011914802219162066,0.11115127980234983
R1,1805,0.102307035835219,0.012077712296018749,0.102307035835219
R1,1806,0.16878794852685763,0.020335250318421202,0.16878794852685763
R1,1807,0.12610761063955606,0.014862319407298513,0.12610761063955606
R1,1808,0.11409313704806433,0.013186402625024381,0.11409313704806433
R1,1809,0.1402462238807941,0.01461075579655246,0.1402462238807941
R1,1810,0.14715145027801216,0.021553023422460463,0.14715145027801216
R1,1811,0.10737126051125534,0.011943646654142643,0.10737126051125534
R1,1812,0.1336456065095262,0.017776642328035507,0.1336456065095262
R1,1813,0.13125583897190785,0.017249056862241593,0.13125583897190785
R1,1814,0.10735907917774616,0.01615052012623669,0.10735907917774616
R1,1815,0.11343598811982455,0.014293431924963603,0.11343598811982455
R1,1816,0.12967188904166532,0.01941331516024993,0.12967188904166532
R1,1817,0.12466708495709412,0.018609409835272112,0.12466708495709412
R1,1818,0.15096175798834793,0.016632827960477225,0.15096175798834793
R1,1819,0.11970718801854534,0.01307948939566096,0.11970718801854534
R1,1820,0.12172485912751621,0.01165220087717626,0.12172485912751621
R1,1821,0.12742206046545,0.012623506212034806,0.12742206046545
R1,1822,0.14631477027123418,0.011206381844981567,0.14631477027123418
R1,1823,0.11955659011555676,0.018630822427219994,0.11955659011555676
R1,1824,0.11904668337891178,0.01407267238847826,0.11904668337891178
R1,1825,0.1265317452150252,0.024136842286689175,0.1265317452150252
R1,1826,0.1871455151668916,0.023934579571506454,0.1871455151668916
R1,1827,0.11328874942156805,0.012046168725690993,0.11328874942156805
R1,1828,0.1619539712823158,0.020702249675256818,0.1619539712823158
R1,1829,0.12581216825669098,0.01875689536793403,0.12581216825669098
R1,1830,0.13838114036505297,0.023128657788751242,0.13838114036505297
R1,1831,0.16454034227096515,0.021527731524430663,0.16454034227096515
R1,1832,0.11331607654711112,0.014833968861472521,0.11331607654711112
R1,1833,0.20138033831887578,0.02120300009202468,0.20138033831887578
R1,1834,0.1320738711914894,0.016473991328208485,0.1320738711914894
R1,1835,0.13881561682756183,0.012559178299870938,0.13881561682756183
R1,1836,0.14089634261857664,0.02083268298209812,0.14089634261857664
R1,1837,0.1085376391803563,0.02182202587797387,0.1085376391803563
R1,1838,0.18194302801409842,0.018550190689727342,0.18194302801409842
R1,1839,0.10993791173013678,0.011417874306981381,0.10993791173013678
R1,1840,0.13426252278483272,0.01345639319640421,0.13426252278483272
R1,1841,0.13981878951090634,0.014775218573093264,0.13981878951090634
R1,1842,0.1423322202235766,0.015255375827336586,0.1423322202235766
R1,1843,0.13708884756137726,0.017528856701417704,0.13708884756137726
R1,1844,0.1426877320130937,0.017509113789216813,0.1426877320130937
R1,1845,0.10831630339816949,0.014259614856888798,0.10831630339816949
R1,1846,0.121106808482965,0.017122796059870108,0.121106808482965
R1,1847,0.15306999110704575,0.021226963219330527,0.15306999110704575
R1,1848,0.16478499369885663,0.012931618878020435,0.16478499369885663
R1,1849,0.11729900971699837,0.013707107484456324,0.11729900971699837
R1,1850,0.14917680879114806,0.012724987337172288,0.14917680879114806
R1,1851,0.13396605212154944,0.013557016833132159,0.13396605212154944
R1,1852,0.16702445228733426,0.02004747136939004,0.16702445228733426
R1,1853,0.13796297555122355,0.02629998396285713,0.13796297555122355
R1,1854,0.1384262099202909,0.01258157815176998,0.1384262099202909
R1,1855,0.1521092272407585,0.016557567324017815,0.1521092272407585
R1,1856,0.12364213067355491,0.012607193826657443,0.12364213067355491
R1,1857,0.12690365999498646,0.013818441348306126,0.12690365999498646
R1,1858,0.1415966693936133,0.01126510527389285,0.1415966693936133
R1,1859,0.12924042103265088,0.01173399381444834,0.12924042103265088
R1,1860,0.12406236397444394,0.01267155254321455,0.12406236397444394
R1,1861,0.1369031662699212,0.02164452870242343,0.1369031662699212
R1,1862,0.11330041628340126,0.014772668549408122,0.11330041628340126
R1,1863,0.12592116776325896,0.015738622155751357,0.12592116776325896
R1,1864,0.13456411250097702,0.017825238432493822,0.13456411250097702
R1,1865,0.14115860767903074,0.019433689700114536,0.14115860767903074
R1,1866,0.1493183591349658,0.015370014520526212,0.1493183591349658
R1,1867,0.18821847680623327,0.020638780636496178,0.18821847680623327
R1,1868,0.15563194653299364,0.01646431473678743,0.15563194653299364
R1,1869,0.12331911879122437,0.013183774183893455,0.12331911879122437
R1,1870,0.13663376680161168,0.01410998366105461,0.13663376680161168
R1,1871,0.11465940216970481,0.012115899971275273,0.11465940216970481
R1,1872,0.16865023441751,0.018548575283303524,0.16865023441751
R1,1873,0.12092061787758192,0.016457669333543735,0.12092061787758192
R1,1874,0.1464009878650587,0.015246240609383776,0.1464009878650587
R1,1875,0.10522089698947415,0.013743753132605497,0.10522089698947415
R1,1876,0.11835400137502132,0.012490646370661988,0.11835400137502132
R1,1877,0.12382736162298588,0.022317757325404187,0.12382736162298588
R1,1878,0.10231108805322812,0.01601971133790817,0.10231108805322812
R1,1879,0.09860906243212067,0.01424725440334374,0.09860906243212067
R1,1880,0.14763464520297664,0.01454604262637436,0.14763464520297664
R1,1881,0.16519029041539268,0.020049727725930524,0.16519029041539268
R1,1882,0.14330105602902143,0.019868942461832535,0.14330105602902143
R1,1883,0.1347566179053104,0.015320679230271807,0.1347566179053104
R1,1884,0.1062454746405392,0.010784296024076259,0.1062454746405392
R1,1885,0.10137388461203453,0.013042025643418397,0.10137388461203453
R1,1886,0.10923287769641009,0.018515420252106316,0.10923287769641009
R1,1887,0.13169457210704522,0.01570394643713623,0.13169457210704522
R1,1888,0.15169249889429426,0.015412711335084425,0.15169249889429426
R1,1889,0.14504718672043485,0.014501859062301886,0.14504718672043485
R1,1890,0.13658379656608044,0.020669856920409135,0.13658379656608044
R1,1891,0.10338166470146691,0.016798952759910196,0.10338166470146691
R1,1892,0.11864992745950555,0.014839669778984347,0.11864992745950555
R1,1893,0.1261411782128204,0.014558529462384248,0.1261411782128204
R1,1894,0.1481748755031194,0.01653245475740888,0.1481748755031194
R1,1895,0.12874584149037263,0.016023685151238278,0.12874584149037263
R1,1896,0.12710015052888365,0.02052961878915167,0.12710015052888365
R1,1897,0.10570903165526314,0.014618910822029351,0.10570903165526314
R1,1898,0.11230263825515172,0.01484081817503043,0.11230263825515172
R1,1899,0.1106475584679484,0.01435407222538403,0.1106475584679484
R1,1900,0.1328464390288408,0.015470513039829195,0.1328464390288408
R1,1901,0.1770710586372951,0.021036648087336605,0.1770710586372951
R1,1902,0.12651716507668992,0.011770654324548263,0.12651716507668992
R1,1903,0.12821134711147894,0.012857807835060077,0.12821134711147894
R1,1904,0.14458486918377525,0.01806323856175294,0.14458486918377525
R1,1905,0.11847952224108164,0.015657733088310456,0.11847952224108164
R1,1906,0.19083741991082398,0.016339972668499445,0.19083741991082398
R1,1907,0.1271511133631433,0.01589101668381947,0.1271511133631433
R1,1908,0.15871922635517285,0.019395522070792058,0.15871922635517285
R1,1909,0.1799674238764941,0.018813713861461794,0.1799674238764941
R1,1910,0.12731750912144155,0.01875546217593149,0.12731750912144155
R1,1911,0.11860592180483677,0.008582061188365573,0.11860592180483677
R1,1912,0.13803333594308942,0.019219854004453474,0.13803333594308942
R1,1913,0.14861423488603895,0.020867693077977995,0.14861423488603895
R1,1914,0.1536324596114016,0.016649654816404964,0.1536324596114016
R1,1915,0.12045096059166396,0.016560248204776726,0.12045096059166396
R1,1916,0.15946894674291964,0.01775844866586665,0.15946894674291964
R1,1917,0.12400353955762984,0.015211084371063591,0.12400353955762984
R1,1918,0.1827917407577195,0.02288328583754454,0.1827917407577195
R1,1919,0.12067164853505749,0.01552643764279541,0.12067164853505749
R1,1920,0.11958499369181858,0.016572846795699935,0.11958499369181858
R1,1921,0.11945016046544073,0.014433575560821036,0.11945016046544073
R1,1922,0.13681865671503368,0.01491671921051158,0.13681865671503368
R1,1923,0.15224117096053089,0.02424015188922715,0.15224117096053089
R1,1924,0.17674281597573493,0.02284762384987665,0.17674281597573493
R1,1925,0.11516073809597589,0.014839464259755271,0.11516073809597589
R1,1926,0.09813912882664788,0.014792542380081736,0.09813912882664788
R1,1927,0.17399250759953844,0.029222023832096704,0.17399250759953844
R1,1928,0.12923669462422332,0.0196925975501444,0.12923669462422332
R1,1929,0.13679032911264802,0.013014692370562663,0.13679032911264802
R1,1930,0.17976068054703942,0.019042164758093186,0.17976068054703942
R1,1931,0.11937632509623247,0.011608733720813164,0.11937632509623247
R1,1932,0.12700340408097693,0.015653873828519942,0.12700340408097693
R1,1933,0.1413769634987631,0.02380247967326788,0.1413769634987631
R1,1934,0.16322867161521198,0.01566005531963666,0.16322867161521198
R1,1935,0.13106209349416267,0.016476751456417166,0.13106209349416267
R1,1936,0.10428226556247064,0.018377031728730772,0.10428226556247064
R1,1937,0.16570247796198476,0.017334229376283178,0.16570247796198476
R1,1938,0.12865765177514146,0.018381822393942114,0.12865765177514146
R1,1939,0.11677608776161116,0.016276847433837314,0.11677608776161116
R1,1940,0.12337229264102212,0.0255721182321831,0.12337229264102212
R1,1941,0.1445090121340345,0.01672896834982592,0.1445090121340345
R1,1942,0.14864873920499827,0.01776544399572192,0.14864873920499827
R1,1943,0.12390936906968805,0.014033490030766508,0.12390936906968805
R1,1944,0.11466907591838092,0.016555083931032003,0.11466907591838092
R1,1945,0.13851885945708578,0.016712243960801954,0.13851885945708578
R1,1946,0.1472330960319337,0.019159529101104147,0.1472330960319337
R1,1947,0.16856430514797738,0.014915725487441734,0.16856430514797738
R1,1948,0.1309704068398438,0.019854344270716563,0.1309704068398438
R1,1949,0.15244355752353567,0.024634974082633904,0.15244355752353567
R1,1950,0.13774577394238782,0.012671561127068421,0.13774577394238782
R1,1951,0.1347716235636858,0.013532469283607807,0.1347716235636858
R1,1952,0.12780294273450712,0.014826149111250998,0.12780294273450712
R1,1953,0.12183454472178291,0.01453089338311071,0.12183454472178291
R1,1954,0.13719879873824828,0.013206096937250661,0.13719879873824828
R1,1955,0.128636047286114,0.01909137761141544,0.128636047286114
R1,1956,0.12921066590317518,0.014850614234673409,0.12921066590317518
R1,1957,0.10151518123177103,0.013516611229639854,0.10151518123177103
R1,1958,0.12024522866502056,0.016422447101954993,0.12024522866502056
R1,1959,0.17862826582021227,0.019141878122388857,0.17862826582021227
R1,1960,0.12852476129010074,0.012171168365683398,0.12852476129010074
R1,1961,0.1600418227081354,0.016771405058912777,0.1600418227081354
R1,1962,0.11143397655970658,0.013617200894405924,0.11143397655970658
R1,1963,0.11097789957442487,0.012196479373343,0.11097789957442487
R1,1964,0.14802396154668265,0.01405243998862657,0.14802396154668265
R1,1965,0.07870245045365033,0.010150247198640008,0.07870245045365033
R1,1966,0.12426066709576174,0.014420787931470835,0.12426066709576174
R1,1967,0.09434720643891424,0.011604095086101445,0.09434720643891424
R1,1968,0.10759087143354619,0.011781848147851647,0.10759087143354619
R1,1969,0.10321840929643056,0.012276924960727952,0.10321840929643056
R1,1970,0.12179799772213713,0.013854675849020733,0.12179799772213713
R1,1971,0.14349498761636523,0.0137044936188674,0.14349498761636523
R1,1972,0.14121434948488326,0.01354359263560098,0.14121434948488326
R1,1973,0.14796345875353728,0.019609249327578092,0.14796345875353728
R1,1974,0.11915347879134529,0.01861582788234421,0.11915347879134529
R1,1975,0.1247002300426677,0.016519356671312074,0.1247002300426677
R1,1976,0.139459472924559,0.010799833946431069,0.139459472924559
R1,1977,0.15331095785744597,0.023252133755707827,0.15331095785744597
R1,1978,0.13475233252051486,0.016318421368945544,0.13475233252051486
R1,1979,0.10457674276768783,0.010244405624525006,0.10457674276768783
R1,1980,0.11416161841807144,0.01386872557498855,0.11416161841807144
R1,1981,0.15836112270606992,0.01925889838736198,0.15836112270606992
R1,1982,0.12137344146059212,0.016444040664444052,0.12137344146059212
R1,1983,0.15134449514287696,0.014719685281015917,0.15134449514287696
R1,1984,0.12765546448441617,0.016753084223978157,0.12765546448441617
R1,1985,0.13212886723330827,0.01663621103360581,0.13212886723330827
R1,1986,0.15362531648057248,0.015389950828274039,0.15362531648057248
R1,1987,0.10829912010412401,0.0165845198359256,0.10829912010412401
R1,1988,0.129678514746577,0.012418742485082896,0.129678514746577
R1,1989,0.13569543226665212,0.012304947946894287,0.13569543226665212
R1,1990,0.13077715072355248,0.017447826514976433,0.13077715072355248
R1,1991,0.11428827183095462,0.013724204947438083,0.11428827183095462
R1,1992,0.12530420587185673,0.014348353965649784,0.12530420587185673
R1,1993,0.12318199365714401,0.020429458816871665,0.12318199365714401
R1,1994,0.1179852255788324,0.014788699703771772,0.1179852255788324
R1,1995,0.17444723893774383,0.017602399481204473,0.17444723893774383
R1,1996,0.1447674390030909,0.018571237097091086,0.1447674390030909
R1,1997,0.1493699816384227,0.02519412375207596,0.1493699816384227
R1,1998,0.13973822750353526,0.030045333356590948,0.13973822750353526
R1,1999,0.10333380060655371,0.012725474239455527,0.10333380060655371
R2,1,0.1661309432504528,0.022987939380752293,0.1661309432504528
R2,2,0.10552751066354017,0.013503697421082995,0.10552751066354017
R2,3,0.11836528282558649,0.016480610906643267,0.11836528282558649
R2,4,0.1343648401510157,0.014668487274835029,0.1343648401510157
R2,5,0.12350600408464053,0.017861434726863537,0.12350600408464053
R2,6,0.11035342669060065,0.013159489145429233,0.11035342669060065
R2,7,0.16319144469309463,0.017360517164389657,0.16319144469309463
R2,8,0.10046698214610283,0.010843152262245671,0.10046698214610283
R2,9,0.10394303268375435,0.012711205592344463,0.10394303268375435
R2,10,0.12928328726949476,0.015484271026290172,0.12928328726949476
R2,11,0.12499126729384731,0.018332953443428487,0.12499126729384731
R2,12,0.12077555847812446,0.015451188339492772,0.12077555847812446
R2,13,0.08199662397844734,0.012459686751073368,0.08199662397844734
R2,14,0.13172076981114106,0.01468535368279472,0.13172076981114106
R2,15,0.13441320741061447,0.019670963921427594,0.13441320741061447
R2,16,0.1529428402030836,0.020351771977529298,0.1529428402030836
R2,17,0.12796069254644396,0.01567631253723437,0.12796069254644396
R2,18,0.15610611245507683,0.014793116665157625,0.15610611245507683
R2,19,0.1272667689911623,0.010827695685993751,0.1272667689911623
R2,20,0.11479608730482536,0.018542340302338284,0.11479608730482536
R2,21,0.13176064452946365,0.01832602648542391,0.13176064452946365
R2,22,0.14534747833214579,0.018601565625982124,0.14534747833214579
R2,23,0.11873208680887104,0.01123576954148243,0.11873208680887104
R2,24,0.13227521666260952,0.01581244552182115,0.13227521666260952
R2,25,0.1636492361243157,0.018250874147168042,0.1636492361243157
R2,26,0.1411335749640896,0.013967691601303867,0.1411335749640896
R2,27,0.13243765082792996,0.017711046532971935,0.13243765082792996
R2,28,0.12349779353996668,0.013780247525952938,0.12349779353996668
R2,29,0.1398058246032246,0.015644440229466507,0.1398058246032246
R2,30,0.11681010514781633,0.01439366974261729,0.11681010514781633
R2,31,0.16069911628946665,0.021199667158809797,0.16069911628946665
R2,32,0.16915751493476266,0.025433491086591993,0.16915751493476266
R2,33,0.17777126748835226,0.013095642945427548,0.17777126748835226
R2,34,0.1165130420666822,0.010964303276722626,0.1165130420666822
R2,35,0.21118222474525702,0.04140176944149544,0.21118222474525702
R2,36,0.12473463187941175,0.01329639238607899,0.12473463187941175
R2,37,0.11832901155197105,0.02222196106120573,0.11832901155197105
R2,38,0.18314377734332846,0.025656012903898816,0.18314377734332846
R2,39,0.13101392661542177,0.017360754124223186,0.13101392661542177
R2,40,0.1326715248329364,0.019762276380401393,0.1326715248329364
R2,41,0.14406577562732875,0.019464813534921747,0.14406577562732875
R2,42,0.1152562341693195,0.014004901113674766,0.1152562341693195
R2,43,0.12136715333061122,0.012105162124110941,0.12136715333061122
R2,44,0.1301742399625886,0.019690189821642355,0.1301742399625886
R2,45,0.14688899198646124,0.020791378129703598,0.14688899198646124
R2,46,0.14803162165060235,0.016490020797832093,0.14803162165060235
R2,47,0.1459464864390423,0.01699577976100518,0.1459464864390423
R2,48,0.13207953139310086,0.012222309254760621,0.13207953139310086
R2,49,0.1245673737430505,0.012526072563509058,0.1245673737430505
R2,50,0.14751724280836778,0.019919831813300183,0.14751724280836778
R2,51,0.15114298596693881,0.018928460442743315,0.15114298596693881
R2,52,0.10436324056339209,0.01654125792653404,0.10436324056339209
R2,53,0.12678945594650207,0.014372334715984598,0.12678945594650207
R2,54,0.11194349334821722,0.02125939859180612,0.11194349334821722
R2,55,0.1604895669896488,0.0236167960277721,0.1604895669896488
R2,56,0.10597076092459069,0.012060284619325729,0.10597076092459069
R2,57,0.15674594248912255,0.012729697451011067,0.15674594248912255
R2,58,0.11442628643251478,0.015364573047143143,0.11442628643251478
R2,59,0.13790553017922905,0.01612869397926641,0.13790553017922905
R2,60,0.12330578054590653,0.011748432145865052,0.12330578054590653
R2,61,0.15045945944138558,0.015034184786645515,0.15045945944138558
R2,62,0.14883700739834455,0.023184642986707825,0.14883700739834455
R2,63,0.14097544793020583,0.015531074280719964,0.14097544793020583
R2,64,0.11392936087688874,0.013374414396358687,0.11392936087688874
R2,65,0.12221444874056672,0.01727261220902198,0.12221444874056672
R2,66,0.1226179550553132,0.013997400793308567,0.1226179550553132
R2,67,0.13047934096281025,0.016510143017107463,0.13047934096281025
R2,68,0.13953889393467744,0.014874279751624444,0.13953889393467744
R2,69,0.19653802021934774,0.017858345682336164,0.19653802021934774
R2,70,0.13003777708610192,0.01723078757042949,0.13003777708610192
R2,71,0.10302488473844762,0.015705939411491655,0.10302488473844762
R2,72,0.10055422116490849,0.011378361562226009,0.10055422116490849
R2,73,0.13506519797041122,0.012572533586761081,0.13506519797041122
R2,74,0.11975518315003406,0.010915808523363938,0.11975518315003406
R2,75,0.14649096842626735,0.019185056803849,0.14649096842626735
R2,76,0.1546341282610354,0.016213660040916338,0.1546341282610354
R2,77,0.1392595237791202,0.02513456470205877,0.1392595237791202
R2,78,0.09882388530334246,0.012437406885453365,0.09882388530334246
R2,79,0.1420840699632572,0.01828725175868132,0.1420840699632572
R2,80,0.09541391086651044,0.02145554515406875,0.09541391086651044
R2,81,0.11180772114690134,0.013969748372307739,0.11180772114690134
R2,82,0.15499338244092314,0.01642320079508444,0.15499338244092314
R2,83,0.11748042265713471,0.011699278593875302,0.11748042265713471
R2,84,0.10759858445548597,0.012083262991351497,0.10759858445548597
R2,85,0.14281044246451616,0.014041059131739456,0.14281044246451616
R2,86,0.131105309117552,0.012209456448137522,0.131105309117552
R2,87,0.1509180663386885,0.014239624131635022,0.1509180663386885
R2,88,0.1505237286518815,0.019794112152504602,0.1505237286518815
R2,89,0.12337338430428733,0.014086975723901517,0.12337338430428733
R2,90,0.12698260187485536,0.011947949432561404,0.12698260187485536
R2,91,0.14428793953562846,0.018909697885587672,0.14428793953562846
R2,92,0.12207764520887579,0.01432395667480383,0.12207764520887579
R2,93,0.1474391140295974,0.020668140736176267,0.1474391140295974
R2,94,0.12444261966092639,0.015827233214096775,0.12444261966092639
R2,95,0.11328247445174011,0.014380629665217203,0.11328247445174011
R2,96,0.12368830580832973,0.013345002395112472,0.12368830580832973
R2,97,0.1666667873398707,0.021750326500300825,0.1666667873398707
R2,98,0.12733744787777534,0.019101426047016958,0.12733744787777534
R2,99,0.1687116676592083,0.01532264229750871,0.1687116676592083
R2,100,0.10698086651829343,0.011968088941682494,0.10698086651829343
R2,101,0.11012487604192425,0.016544017354432197,0.11012487604192425
R2,102,0.14111768752207934,0.01593084196480299,0.14111768752207934
R2,103,0.18108290041856723,0.02008595983414257,0.18108290041856723
R2,104,0.1321045924637161,0.015605647084879975,0.1321045924637161
R2,105,0.1389741852628052,0.016659058532854064,0.1389741852628052
R2,106,0.11670546843992304,0.01509699388990425,0.11670546843992304
R2,107,0.14333368173848018,0.0162256036213512,0.14333368173848018
R2,108,0.10346922743030924,0.015448807872043283,0.10346922743030924
R2,109,0.13581794391337104,0.01835250064045069,0.13581794391337104
R2,110,0.14015408759155926,0.01596817935240169,0.14015408759155926
R2,111,0.12205148620876853,0.014091769795183375,0.12205148620876853
R2,112,0.12426625598255646,0.011255853072124844,0.12426625598255646
R2,113,0.15869848232077693,0.017613257786402384,0.15869848232077693
R2,114,0.1639156774637402,0.016699493402365005,0.1639156774637402
R2,115,0.14836705954061616,0.013553951345098564,0.14836705954061616
R2,116,0.1141292603083655,0.013143234882938804,0.1141292603083655
R2,117,0.1304187428839254,0.014774801497304658,0.1304187428839254
R2,118,0.11252707057375823,0.010180938210201407,0.11252707057375823
R2,119,0.1139069419781024,0.01848126818688327,0.1139069419781024
R2,120,0.1094751552556463,0.011804066483171737,0.1094751552556463
R2,121,0.1219443639370154,0.014561800252829814,0.1219443639370154
R2,122,0.09305141193478855,0.012820343180210886,0.09305141193478855
R2,123,0.15899869407448095,0.01477227453356118,0.15899869407448095
R2,124,0.12808293710637517,0.012679387744068026,0.12808293710637517
R2,125,0.17034829113040276,0.017455427583722913,0.17034829113040276
R2,126,0.13176924434845885,0.018216229942352374,0.13176924434845885
R2,127,0.1236748425025618,0.01750821503221718,0.1236748425025618
R2,128,0.1413593070651617,0.022190111504264674,0.1413593070651617
R2,129,0.14754264315926327,0.01868649353890056,0.14754264315926327
R2,130,0.14010837032687562,0.010399802068569112,0.14010837032687562
R2,131,0.15037918110343462,0.0266171396004666,0.15037918110343462
R2,132,0.12080697379878043,0.014833799666392134,0.12080697379878043
R2,133,0.13696421352330346,0.024150179119456147,0.13696421352330346
R2,134,0.17023434704359974,0.028720461426336795,0.17023434704359974
R2,135,0.10917375988013557,0.013145601526740984,0.10917375988013557
R2,136,0.11872950378953206,0.012974881414727055,0.11872950378953206
R2,137,0.12423566169678796,0.012366694346911815,0.12423566169678796
R2,138,0.13176314497795713,0.01639984072940211,0.13176314497795713
R2,139,0.12269217587714897,0.014063407074079154,0.12269217587714897
R2,140,0.13870112771835222,0.011575715236023576,0.13870112771835222
R2,141,0.13995151629995736,0.02095228182442993,0.13995151629995736
R2,142,0.13943280752526854,0.019929846919682612,0.13943280752526854
R2,143,0.11754043115717022,0.012605685864069018,0.11754043115717022
R2,144,0.1613286681459284,0.018210364244821357,0.1613286681459284
R2,145,0.15077932838782468,0.011822451682369553,0.15077932838782468
R2,146,0.09408770653741687,0.012131571019415345,0.09408770653741687
R2,147,0.1272325872511406,0.014250903196586373,0.1272325872511406
R2,148,0.1196401953528983,0.013114806051101565,0.1196401953528983
R2,149,0.12222198238375205,0.014764407499689863,0.12222198238375205
R2,150,0.13625176373368986,0.01416650523594091,0.13625176373368986
R2,151,0.110410298402502,0.011619922644888772,0.110410298402502
R2,152,0.11439980389452359,0.01660465695952331,0.11439980389452359
R2,153,0.09137617103053294,0.01550070984483883,0.09137617103053294
R2,154,0.13225245916702055,0.017074847332751924,0.13225245916702055
R2,155,0.13865758520206936,0.01509557136310082,0.13865758520206936
R2,156,0.11547484926984979,0.011371276282407812,0.11547484926984979
R2,157,0.15170094480532362,0.015227846450978369,0.15170094480532362
R2,158,0.1387534203197738,0.014324490839191177,0.1387534203197738
R2,159,0.11647951220289951,0.018123536491596117,0.11647951220289951
R2,160,0.1280088470947265,0.013038416357316457,0.1280088470947265
R2,161,0.12480943649784756,0.012521047650305369,0.12480943649784756
R2,162,0.13676597253744324,0.013973250255826387,0.13676597253744324
R2,163,0.1959886423946063,0.019566278651579387,0.1959886423946063
R2,164,0.14422260377435592,0.02639751635050054,0.14422260377435592
R2,165,0.17340077168702422,0.030114641512835976,0.17340077168702422
R2,166,0.13183679372789336,0.014090892981426554,0.13183679372789336
R2,167,0.14701814371636895,0.01452196309101988,0.14701814371636895
R2,168,0.15023489163298392,0.0301091123589152,0.15023489163298392
R2,169,0.11185118568031512,0.01642819279832418,0.11185118568031512
R2,170,0.10542407037164737,0.012715921519185502,0.10542407037164737
R2,171,0.10493209149034008,0.010120975856449398,0.10493209149034008
R2,172,0.1405337563366992,0.015453598186990785,0.1405337563366992
R2,173,0.13381146923614007,0.01973755861684663,0.13381146923614007
R2,174,0.14247616570928184,0.017351613496202126,0.14247616570928184
R2,175,0.12422519133674638,0.01678720833158386,0.12422519133674638
R2,176,0.11039085181926268,0.015209790764289,0.11039085181926268
R2,177,0.1165441281858811,0.011710787987801804,0.1165441281858811
R2,178,0.12170641451401594,0.017727718785182634,0.12170641451401594
R2,179,0.14908833611146421,0.02085062550040242,0.14908833611146421
R2,180,0.1461342990649738,0.012078085672422427,0.1461342990649738
R2,181,0.1437181121131274,0.013972792158947112,0.1437181121131274
R2,182,0.14237123832184168,0.01362993725651724,0.14237123832184168
R2,183,0.13366569162519135,0.02105506893162614,0.13366569162519135
R2,184,0.1696433411095578,0.017507752475879806,0.1696433411095578
R2,185,0.12844833579528983,0.014771572556928248,0.12844833579528983
R2,186,0.16262298407180636,0.01765629271371533,0.16262298407180636
R2,187,0.11865257098125659,0.011021680665277759,0.11865257098125659
R2,188,0.10425665730936855,0.00974079013577741,0.10425665730936855
R2,189,0.141758986838324,0.016284638424065145,0.141758986838324
R2,190,0.1306155441240755,0.01854929899688974,0.1306155441240755
R2,191,0.15733192160589352,0.019346020364632472,0.15733192160589352
R2,192,0.1396530605089813,0.016452135162106574,0.1396530605089813
R2,193,0.13088740201759028,0.02394860076533939,0.13088740201759028
R2,194,0.10667001691284324,0.015527400838718597,0.10667001691284324
R2,195,0.14010541511108504,0.01725691762021851,0.14010541511108504
R2,196,0.09522423009681873,0.014361013708889052,0.09522423009681873
R2,197,0.15958210993082936,0.022224697384833934,0.15958210993082936
R2,198,0.13429606875675293,0.015822692908481765,0.13429606875675293
R2,199,0.1110216572766643,0.013114233408700753,0.1110216572766643
R2,200,0.1699750553403392,0.014797886280638311,0.1699750553403392
R2,201,0.13665460323784834,0.0152819986751901,0.13665460323784834
R2,202,0.1393429947707206,0.012830670407826539,0.1393429947707206
R2,203,0.12357343371816544,0.011414694777699831,0.12357343371816544
R2,204,0.12644643089554788,0.013370787892675307,0.12644643089554788
R2,205,0.13878825031696482,0.016117171528305507,0.13878825031696482
R2,206,0.12303543826722219,0.011722663729927571,0.12303543826722219
R2,207,0.12942224864387736,0.018843262351946267,0.12942224864387736
R2,208,0.12194097714067074,0.015679472708573686,0.12194097714067074
R2,209,0.10293354293832103,0.014407392868954691,0.10293354293832103
R2,210,0.11781966056925178,0.015178399197040546,0.11781966056925178
R2,211,0.1516079705827837,0.024466574163268497,0.1516079705827837
R2,212,0.1785638229325073,0.020619541072069716,0.1785638229325073
R2,213,0.11217722701433586,0.012724121495529093,0.11217722701433586
R2,214,0.14915078190623868,0.027304970726939895,0.14915078190623868
R2,215,0.18124802579552493,0.016244378705302157,0.18124802579552493
R2,216,0.11738495617379394,0.011727602889513746,0.11738495617379394
R2,217,0.1071497595304421,0.014906145900788531,0.1071497595304421
R2,218,0.13181577605757602,0.01213084169480348,0.13181577605757602
R2,219,0.11308582867226157,0.021487203324446327,0.11308582867226157
R2,220,0.10977367786380128,0.012341771325090647,0.10977367786380128
R2,221,0.13288431749567567,0.0153362585272889,0.13288431749567567
R2,222,0.1418662072697487,0.01995543792415288,0.1418662072697487
R2,223,0.09339984503319144,0.012318446910635768,0.09339984503319144
R2,224,0.1883568741698313,0.019634363819147047,0.1883568741698313
R2,225,0.12425592402469862,0.011109036576458118,0.12425592402469862
R2,226,0.10265472193542587,0.009597540808065819,0.10265472193542587
R2,227,0.15757374493841167,0.01342049113951011,0.15757374493841167
R2,228,0.1220090300129543,0.012770683444465327,0.1220090300129543
R2,229,0.1077068831399229,0.01156858287758291,0.1077068831399229
R2,230,0.12839206863749755,0.01726753561272439,0.12839206863749755
R2,231,0.13706595490477977,0.016885754047708746,0.13706595490477977
R2,232,0.09227088475941007,0.013858066860097511,0.09227088475941007
R2,233,0.1527894151405806,0.011436767351263042,0.1527894151405806
R2,234,0.12101580914346086,0.014490862535870478,0.12101580914346086
R2,235,0.1337367012612332,0.019183211854127243,0.1337367012612332
R2,236,0.11749888588837398,0.01115949403136734,0.11749888588837398
R2,237,0.18175429230573018,0.017695059540259947,0.18175429230573018
R2,238,0.16485370385104672,0.021708208705385246,0.16485370385104672
R2,239,0.12667613046343784,0.01915579064804815,0.12667613046343784
R2,240,0.12315249924437299,0.017065284333994863,0.12315249924437299
R2,241,0.10440504160554666,0.01036946727580055,0.10440504160554666
R2,242,0.14591237330602938,0.01537919776726915,0.14591237330602938
R2,243,0.11792192163087122,0.016306910424894034,0.11792192163087122
R2,244,0.14960990519127335,0.020431303261143126,0.14960990519127335
R2,245,0.10739453801475385,0.012427524690091429,0.10739453801475385
R2,246,0.1300066941246567,0.014387312951657382,0.1300066941246567
R2,247,0.18104694020462503,0.017596052025913418,0.18104694020462503
R2,248,0.12647236863962874,0.013778236953483408,0.12647236863962874
R2,249,0.11219300032765232,0.013834824612505705,0.11219300032765232
R2,250,0.09912728806448803,0.011985026956895777,0.09912728806448803
R2,251,0.1411865221296079,0.01356076485840854,0.1411865221296079
R2,252,0.1338464135081365,0.017081916094350013,0.1338464135081365
R2,253,0.1086475917000955,0.013467922335327634,0.1086475917000955
R2,254,0.1402805838389722,0.015841967889622107,0.1402805838389722
R2,255,0.14486892732289175,0.01953501030773359,0.14486892732289175
R2,256,0.09977945746581182,0.011696395241517733,0.09977945746581182
R2,257,0.1294326942515992,0.01724688202571465,0.1294326942515992
R2,258,0.1314230198966197,0.01830803780443162,0.1314230198966197
R2,259,0.13761000119315725,0.0193685378651116,0.13761000119315725
R2,260,0.12439760080342403,0.014741079161292128,0.12439760080342403
R2,261,0.12348655262271431,0.026758756291679432,0.12348655262271431
R2,262,0.18006483596158646,0.02019514468064674,0.18006483596158646
R2,263,0.13416504247592578,0.016922677119606908,0.13416504247592578
R2,264,0.11106920821520441,0.011169598020094472,0.11106920821520441
R2,265,0.11577487678679867,0.018305559780976137,0.11577487678679867
R2,266,0.13309433337459764,0.016923911472139178,0.13309433337459764
R2,267,0.11936504387542576,0.009241068217109754,0.11936504387542576
R2,268,0.14080344951874504,0.015324928029795976,0.14080344951874504
R2,269,0.1331807194745625,0.017950178609712094,0.1331807194745625
R2,270,0.11134332013600685,0.013850508771336489,0.11134332013600685
R2,271,0.14878262496013905,0.0169501984619074,0.14878262496013905
R2,272,0.12684328826332383,0.01577250329931237,0.12684328826332383
R2,273,0.13064670976722106,0.01942816137539313,0.13064670976722106
R2,274,0.10552659267999846,0.01186281140704531,0.10552659267999846
R2,275,0.13036494793585676,0.020648034831321795,0.13036494793585676
R2,276,0.14377839860665748,0.01201342593848871,0.14377839860665748
R2,277,0.16061537786141072,0.021605276964719842,0.16061537786141072
R2,278,0.1318858863155298,0.013967874623730413,0.1318858863155298
R2,279,0.1397960640952809,0.014040220829564456,0.1397960640952809
R2,280,0.13120882776649037,0.012236004562890907,0.13120882776649037
R2,281,0.12092312963693877,0.01502800334416485,0.12092312963693877
R2,282,0.1065069037329319,0.01188906623691805,0.1065069037329319
R2,283,0.15179896512505456,0.012323324091993338,0.15179896512505456
R2,284,0.10965749857707889,0.014597193457848115,0.10965749857707889
R2,285,0.14023239926590664,0.01506833681031234,0.14023239926590664
R2,286,0.14040929992028706,0.02506651965916529,0.14040929992028706
R2,287,0.11996935354753209,0.0120563554833405,0.11996935354753209
R2,288,0.11777834927244185,0.014060644343189281,0.11777834927244185
R2,289,0.12673291615995277,0.01748828264962211,0.12673291615995277
R2,290,0.12002904171698602,0.015307198075502466,0.12002904171698602
R2,291,0.10053233745268388,0.013598735260014098,0.10053233745268388
R2,292,0.1346986940856961,0.016521733665112597,0.1346986940856961
R2,293,0.12946382547515992,0.01694920222796985,0.12946382547515992
R2,294,0.10329681487406175,0.013624046467619331,0.10329681487406175
R2,295,0.09779626138006584,0.013303445025324986,0.09779626138006584
R2,296,0.11995127963831119,0.023422314047600246,0.11995127963831119
R2,297,0.12002390569980578,0.014100420973932166,0.12002390569980578
R2,298,0.15717708655795795,0.017598203202218075,0.15717708655795795
R2,299,0.17384938896903956,0.02115867962794727,0.17384938896903956
R2,300,0.10703412637940696,0.01467499365380706,0.10703412637940696
R2,301,0.19332092138562573,0.014540986019041236,0.19332092138562573
R2,302,0.12492235395948476,0.014785152672694627,0.12492235395948476
R2,303,0.1464902837813967,0.016044993128356954,0.1464902837813967
R2,304,0.16273704966720226,0.014110223524765089,0.16273704966720226
R2,305,0.11426146874930185,0.022581401076908682,0.11426146874930185
R2,306,0.17848767379747232,0.017531595303732984,0.17848767379747232
R2,307,0.0932518951757513,0.014965196795045111,0.0932518951757513
R2,308,0.13278848680059932,0.011602023533784695,0.13278848680059932
R2,309,0.1428045900182094,0.016674879457256642,0.1428045900182094
R2,310,0.12661781628055055,0.02141859222925506,0.12661781628055055
R2,311,0.14096543803961442,0.012790350979275493,0.14096543803961442
R2,312,0.1682132584683687,0.019536757386645596,0.1682132584683687
R2,313,0.1388943384439463,0.02034538046262941,0.1388943384439463
R2,314,0.10742267564265053,0.015505498773513536,0.10742267564265053
R2,315,0.1284097113326932,0.020705184970651182,0.1284097113326932
R2,316,0.14203458233256025,0.01335795620068363,0.14203458233256025
R2,317,0.14356704595114575,0.015869717383212602,0.14356704595114575
R2,318,0.1273979942861684,0.014147176794586614,0.1273979942861684
R2,319,0.13642002375994333,0.017796725500950558,0.13642002375994333
R2,320,0.13526711705505415,0.018041264741710056,0.13526711705505415
R2,321,0.12684299324791637,0.014284836006035025,0.12684299324791637
R2,322,0.11061979059296116,0.01536030148376706,0.11061979059296116
R2,323,0.11550104844430889,0.012619735635388622,0.11550104844430889
R2,324,0.1323892391914837,0.014465986595190602,0.1323892391914837
R2,325,0.1526378460473941,0.013894660179593905,0.1526378460473941
R2,326,0.12501679322010353,0.014066884103720402,0.12501679322010353
R2,327,0.1297819096917133,0.01707866967109316,0.1297819096917133
R2,328,0.11428830501972077,0.016203480050766102,0.11428830501972077
R2,329,0.12478511478342356,0.023146212087531474,0.12478511478342356
R2,330,0.14807821041779898,0.016707892975668617,0.14807821041779898
R2,331,0.14177487902159133,0.01854017084700631,0.14177487902159133
R2,332,0.1301133502973728,0.011639523849994407,0.1301133502973728
R2,333,0.15488072277785273,0.018285627681070754,0.15488072277785273
R2,334,0.11332000192652139,0.015222818022630239,0.11332000192652139
R2,335,0.1844052856323398,0.02053442244401577,0.1844052856323398
R2,336,0.15623163008914592,0.016685538865023112,0.15623163008914592
R2,337,0.1701565659113044,0.02024648251763343,0.1701565659113044
R2,338,0.1200864568737797,0.014253369581241996,0.1200864568737797
R2,339,0.11578805554465053,0.011662131922933881,0.11578805554465053
R2,340,0.16533113696289514,0.01755591123955436,0.16533113696289514
R2,341,0.17059538029101232,0.022172107706642453,0.17059538029101232
R2,342,0.12593576263646514,0.017641544807893997,0.12593576263646514
R2,343,0.12504629733006928,0.014511657523072102,0.12504629733006928
R2,344,0.13378528582270813,0.01894776057504771,0.13378528582270813
R2,345,0.12651271023089236,0.011819838525833792,0.12651271023089236
R2,346,0.1312670140864892,0.021682470645972955,0.1312670140864892
R2,347,0.1340552226173397,0.02394297711122236,0.1340552226173397
R2,348,0.12033143676004378,0.016727031317130672,0.12033143676004378
R2,349,0.10981532555555297,0.013282818040391556,0.10981532555555297
R2,350,0.1547131448640586,0.01631147008635287,0.1547131448640586
R2,351,0.11949290224682996,0.023053761084022826,0.11949290224682996
R2,352,0.12693737940318015,0.013016177000030915,0.12693737940318015
R2,353,0.15134511710831466,0.014594872014598147,0.15134511710831466
R2,354,0.14029975253671678,0.028022366579236062,0.14029975253671678
R2,355,0.13871329347969513,0.014048563306456064,0.13871329347969513
R2,356,0.13352745924347534,0.019002377682108357,0.13352745924347534
R2,357,0.12364668604626682,0.012613448105395279,0.12364668604626682
R2,358,0.12094796655261436,0.015647096917318422,0.12094796655261436
R2,359,0.11475545455444086,0.014611449536495975,0.11475545455444086
R2,360,0.1531026669077722,0.013912751394268192,0.1531026669077722
R2,361,0.12401994656001598,0.019127054806773906,0.12401994656001598
R2,362,0.13630743017518107,0.022086436494045084,0.13630743017518107
R2,363,0.1280009324214047,0.014022152066733642,0.1280009324214047
R2,364,0.15314526937517214,0.019138507222829348,0.15314526937517214
R2,365,0.12952708911179342,0.013925433358403362,0.12952708911179342
R2,366,0.11234152286614767,0.01283832199753846,0.11234152286614767
R2,367,0.15101421782807772,0.013522481455256051,0.15101421782807772
R2,368,0.09955239718808719,0.02100802366223945,0.09955239718808719
R2,369,0.1404168869525184,0.016433877056069728,0.1404168869525184
R2,370,0.19723261248250015,0.018945819139068242,0.19723261248250015
R2,371,0.1583624268438347,0.015687303968300866,0.1583624268438347
R2,372,0.13527647716085509,0.014927319172560613,0.13527647716085509
R2,373,0.18083264823186448,0.04487275084956115,0.18083264823186448
R2,374,0.16887409270723966,0.019795903426151968,0.16887409270723966
R2,375,0.11171718034561803,0.02247289702256758,0.11171718034561803
R2,376,0.17150099871910163,0.019900969412005347,0.17150099871910163
R2,377,0.18410050611074893,0.021014796243080454,0.18410050611074893
R2,378,0.12008453036300318,0.016039007435817338,0.12008453036300318
R2,379,0.14790312000415312,0.01988655491385942,0.14790312000415312
R2,380,0.13046942119230712,0.01870586519128527,0.13046942119230712
R2,381,0.18052755960887454,0.01638123322394896,0.18052755960887454
R2,382,0.11790557515480284,0.019433052776595138,0.11790557515480284
R2,383,0.12462760243122382,0.016057715588972635,0.12462760243122382
R2,384,0.10583666726103895,0.015995037456425998,0.10583666726103895
R2,385,0.11648729269714454,0.013505275950611902,0.11648729269714454
R2,386,0.14401483329596262,0.014214592766393638,0.14401483329596262
R2,387,0.10384460704588842,0.013442970483164283,0.10384460704588842
R2,388,0.1213030959719066,0.014218827295571647,0.1213030959719066
R2,389,0.14386366135190032,0.017940164617663425,0.14386366135190032
R2,390,0.14708133474194562,0.013542739839079646,0.14708133474194562
R2,391,0.13752963620690703,0.0112862081387607,0.13752963620690703
R2,392,0.1206034745921213,0.011240830843025898,0.1206034745921213
R2,393,0.11629327039181031,0.012980200432656025,0.11629327039181031
R2,394,0.13020436795012846,0.024404001714657977,0.13020436795012846
R2,395,0.15719974169806267,0.026309851209073046,0.15719974169806267
R2,396,0.13044663307172083,0.014852736310733845,0.13044663307172083
R2,397,0.15405721173798625,0.01567429821110173,0.15405721173798625
R2,398,0.13880521565576617,0.013679803796155913,0.13880521565576617
R2,399,0.21212242273303172,0.027725198566808995,0.21212242273303172
R2,400,0.1376310340816549,0.013712370318434213,0.1376310340816549
R2,401,0.12240783011571287,0.013078649218570193,0.12240783011571287
R2,402,0.11863268332824582,0.009973536740384658,0.11863268332824582
R2,403,0.13616459392907765,0.025120550085716616,0.13616459392907765
R2,404,0.11698130483748746,0.020044845241236436,0.11698130483748746
R2,405,0.14950904283640265,0.017832918528456237,0.14950904283640265
R2,406,0.11193803964249839,0.017551595073172627,0.11193803964249839
R2,407,0.12792071817464093,0.012562871790378433,0.12792071817464093
R2,408,0.17631412608867664,0.021589203165788228,0.17631412608867664
R2,409,0.12028633796675112,0.028924113417359662,0.12028633796675112
R2,410,0.11188765404783756,0.012395543538619349,0.11188765404783756
R2,411,0.1334486747315181,0.0127978184772735,0.1334486747315181
R2,412,0.17792367201897066,0.027200936403243472,0.17792367201897066
R2,413,0.1425856589137823,0.012696446154643833,0.1425856589137823
R2,414,0.14196029747943958,0.013066865729544037,0.14196029747943958
R2,415,0.15839512355577617,0.031361727328540805,0.15839512355577617
R2,416,0.12061844717322093,0.012214732127326699,0.12061844717322093
R2,417,0.10772982090470981,0.01280187921743209,0.10772982090470981
R2,418,0.11431036649566347,0.015443084717371906,0.11431036649566347
R2,419,0.1560458810388084,0.016863958837777922,0.1560458810388084
R2,420,0.1405102903707753,0.016669560764403304,0.1405102903707753
R2,421,0.12180183014079585,0.01767746126305223,0.12180183014079585
R2,422,0.09627878213483196,0.014314135611984469,0.09627878213483196
R2,423,0.15662892490557134,0.022684418027677046,0.15662892490557134
R2,424,0.11413035649025434,0.011601793431076661,0.11413035649025434
R2,425,0.11034974914441184,0.011757033987151786,0.11034974914441184
R2,426,0.11072600738835983,0.015846635165637262,0.11072600738835983
R2,427,0.135231722848344,0.011054751294103875,0.135231722848344
R2,428,0.1038567358236903,0.015171008905277086,0.1038567358236903
R2,429,0.13453811068370036,0.018640868765722178,0.13453811068370036
R2,430,0.15279678380733253,0.015174445968353292,0.15279678380733253
R2,431,0.12591450330271636,0.017694115151505936,0.12591450330271636
R2,432,0.16250276412813072,0.02188252487289893,0.16250276412813072
R2,433,0.15286610694995187,0.019507326648909973,0.15286610694995187
R2,434,0.14862294685779776,0.01395923573850547,0.14862294685779776
R2,435,0.14447737877245817,0.01828459827201378,0.14447737877245817
R2,436,0.14472583167908468,0.013232950225547331,0.14472583167908468
R2,437,0.11923151297785012,0.019212638129932593,0.11923151297785012
R2,438,0.1296095381189036,0.015534084448849005,0.1296095381189036
R2,439,0.12623638018822841,0.013999278237589029,0.12623638018822841
R2,440,0.15424890684761797,0.01617800866814531,0.15424890684761797
R2,441,0.14091443929787467,0.02326775179018154,0.14091443929787467
R2,442,0.14935750063074854,0.016887246755144112,0.14935750063074854
R2,443,0.14663067453583165,0.015072986101161368,0.14663067453583165
R2,444,0.12370216346883352,0.02138178376116965,0.12370216346883352
R2,445,0.17743523056822993,0.016420873414398542,0.17743523056822993
R2,446,0.10519523035648262,0.013486592905844213,0.10519523035648262
R2,447,0.12305238300568073,0.022569748609002984,0.12305238300568073
R2,448,0.16347812157863678,0.015288768231782752,0.16347812157863678
R2,449,0.1540320584170855,0.028494429419247735,0.1540320584170855
R2,450,0.16085426729457697,0.01601765301502637,0.16085426729457697
R2,451,0.11139344733317509,0.017137796755041977,0.11139344733317509
R2,452,0.17950832250683976,0.023468479523709923,0.17950832250683976
R2,453,0.11835664446877424,0.012508484439633956,0.11835664446877424
R2,454,0.14437655581251652,0.021415057259906077,0.14437655581251652
R2,455,0.11353761473255727,0.012575541217483263,0.11353761473255727
R2,456,0.11298574159223147,0.014105408919015216,0.11298574159223147
R2,457,0.15294909798974868,0.010558602770990572,0.15294909798974868
R2,458,0.13637303968877243,0.016445165178854707,0.13637303968877243
R2,459,0.13251903570463558,0.014255334242596084,0.13251903570463558
R2,460,0.1404498119972248,0.013393724766299823,0.1404498119972248
R2,461,0.1334086089626926,0.019525781829080515,0.1334086089626926
R2,462,0.15372319391004433,0.01450268851879379,0.15372319391004433
R2,463,0.11256289573972302,0.016050216637511872,0.11256289573972302
R2,464,0.18683014830716127,0.021653059568725364,0.18683014830716127
R2,465,0.12865517323700607,0.01213164109426882,0.12865517323700607
R2,466,0.11301015711265207,0.014420153411957981,0.11301015711265207
R2,467,0.15022572106076687,0.014816649905648526,0.15022572106076687
R2,468,0.17502126339611226,0.021052616646812693,0.17502126339611226
R2,469,0.0961062436411583,0.012167533244458885,0.0961062436411583
R2,470,0.14111771133783768,0.016232429623068444,0.14111771133783768
R2,471,0.09772711301202261,0.010222640834130856,0.09772711301202261
R2,472,0.13646870073483705,0.015804916006441367,0.13646870073483705
R2,473,0.15374879427618132,0.025311837573331896,0.15374879427618132
R2,474,0.12414785722922474,0.012984906929869264,0.12414785722922474
R2,475,0.14787720520516298,0.016881818965332484,0.14787720520516298
R2,476,0.14737952642574123,0.01744980739264324,0.14737952642574123
R2,477,0.13995887031298082,0.013483415509057663,0.13995887031298082
R2,478,0.15534145489906995,0.01935543164119319,0.15534145489906995
R2,479,0.14780273868116048,0.018149346097620707,0.14780273868116048
R2,480,0.12076385989125436,0.013862232057399358,0.12076385989125436
R2,481,0.10686632897227773,0.013163806002006577,0.10686632897227773
R2,482,0.1122546885200795,0.010238357551956519,0.1122546885200795
R2,483,0.121604950325094,0.011390274049274215,0.121604950325094
R2,484,0.13797506761782868,0.02222355106172505,0.13797506761782868
R2,485,0.15101199382422953,0.01339641219699636,0.15101199382422953
R2,486,0.10196531308575485,0.015123036599955158,0.10196531308575485
R2,487,0.09830699722673483,0.012378043082127081,0.09830699722673483
R2,488,0.13016236171043338,0.019983006321705278,0.13016236171043338
R2,489,0.10858365789718541,0.01467102573873143,0.10858365789718541
R2,490,0.1646209482925599,0.016682754800575343,0.1646209482925599
R2,491,0.14546561521387125,0.02381288085609718,0.14546561521387125
R2,492,0.12916873311383698,0.01461631039682921,0.12916873311383698
R2,493,0.11538304536743037,0.013002116417509221,0.11538304536743037
R2,494,0.12476695685022371,0.01308868440353431,0.12476695685022371
R2,495,0.10673074733126979,0.013262188650488003,0.10673074733126979
R2,496,0.12997018344415615,0.012933390684059154,0.12997018344415615
R2,497,0.1236022064450067,0.01950438300759352,0.1236022064450067
R2,498,0.13152091398944418,0.015616155613528008,0.13152091398944418
R2,499,0.13004955001608343,0.015572034169128201,0.13004955001608343
R2,500,0.12557735870626752,0.014284512667979548,0.12557735870626752
R2,501,0.15138103646017007,0.020126450646730198,0.15138103646017007
R2,502,0.12393336826914686,0.012391416337534133,0.12393336826914686
R2,503,0.1652109672665491,0.01645359796762209,0.1652109672665491
R2,504,0.13133274352460653,0.01427593422658596,0.13133274352460653
R2,505,0.1008681514159235,0.013818121486066618,0.1008681514159235
R2,506,0.10587655092370202,0.013240235152554333,0.10587655092370202
R2,507,0.10042874595395711,0.014055205516215603,0.10042874595395711
R2,508,0.1066114503310856,0.016123515942290084,0.1066114503310856
R2,509,0.1582915726962652,0.01437374753254181,0.1582915726962652
R2,510,0.1621403691449402,0.017000608060138724,0.1621403691449402
R2,511,0.12649811504050307,0.013423514273612233,0.12649811504050307
R2,512,0.1171989117147506,0.01321086407175576,0.1171989117147506
R2,513,0.17810615945161598,0.018051730559685324,0.17810615945161598
R2,514,0.15020274524011362,0.014343290352117993,0.15020274524011362
R2,515,0.16003719669092095,0.017085267210642147,0.16003719669092095
R2,516,0.15918268428570131,0.017398500407618374,0.15918268428570131
R2,517,0.14074277800355459,0.021405926457029552,0.14074277800355459
R2,518,0.14641160283407742,0.016119645819531344,0.14641160283407742
R2,519,0.1277143572468305,0.01638117906887034,0.1277143572468305
R2,520,0.14730207181187455,0.018863724778350556,0.14730207181187455
R2,521,0.12889167132310253,0.013692824238855966,0.12889167132310253
R2,522,0.1413427939606361,0.012677449026588327,0.1413427939606361
R2,523,0.135204087261362,0.011335029597170395,0.135204087261362
R2,524,0.11946641114136772,0.021445579574791433,0.11946641114136772
R2,525,0.16086476307525255,0.01948596566864229,0.16086476307525255
R2,526,0.1222196317791185,0.017034271076771496,0.1222196317791185
R2,527,0.13818356482846786,0.01782229925925005,0.13818356482846786
R2,528,0.1377294425118903,0.011781345217876328,0.1377294425118903
R2,529,0.13187636534263739,0.01676518112041984,0.13187636534263739
R2,530,0.11470662923663907,0.01417563954295999,0.11470662923663907
R2,531,0.15388056154666144,0.013042337169363961,0.15388056154666144
R2,532,0.11672535099076885,0.016744956552117447,0.11672535099076885
R2,533,0.10825425385336869,0.010913941524644106,0.10825425385336869
R2,534,0.13466238379969975,0.01554005824882523,0.13466238379969975
R2,535,0.11833630387341602,0.013921504589353898,0.11833630387341602
R2,536,0.1150439168596009,0.018843830335256852,0.1150439168596009
R2,537,0.11471458610238841,0.014139589129082315,0.11471458610238841
R2,538,0.1759999739948984,0.014354660080502084,0.1759999739948984
R2,539,0.1182774822202153,0.015983482453208554,0.1182774822202153
R2,540,0.13472781698127168,0.016653352552114743,0.13472781698127168
R2,541,0.14659879508588738,0.011614639057450894,0.14659879508588738
R2,542,0.0999388487017798,0.014901685794881736,0.0999388487017798
R2,543,0.1201848565973915,0.01691471770934291,0.1201848565973915
R2,544,0.1448405584489397,0.019382445742098454,0.1448405584489397
R2,545,0.11603748937477365,0.014640337950817707,0.11603748937477365
R2,546,0.165527284221501,0.012444015091456926,0.165527284221501
R2,547,0.1246311793795032,0.015013637191222302,0.1246311793795032
R2,548,0.13022984726290932,0.016211138012011538,0.13022984726290932
R2,549,0.16414779485088074,0.022631713872641845,0.16414779485088074
R2,550,0.1405785622023929,0.019417691764479085,0.1405785622023929
R2,551,0.11226051359526648,0.014902158546801733,0.11226051359526648
R2,552,0.1422173684444816,0.014905401075094565,0.1422173684444816
R2,553,0.12910369822539874,0.019907610571859587,0.12910369822539874
R2,554,0.16510059259135695,0.02021585975457338,0.16510059259135695
R2,555,0.12037167397917342,0.01516710972130868,0.12037167397917342
R2,556,0.1297568228120858,0.017170355722139978,0.1297568228120858
R2,557,0.12884924978905782,0.013445485431225016,0.12884924978905782
R2,558,0.14917358058028152,0.018876112066586903,0.14917358058028152
R2,559,0.1089325549722679,0.012348474078466929,0.1089325549722679
R2,560,0.13533352408244398,0.01800782124067949,0.13533352408244398
R2,561,0.11793909849143111,0.014966471290383128,0.11793909849143111
R2,562,0.201010184230996,0.021472319538600806,0.201010184230996
R2,563,0.12526430204680059,0.01968735311339279,0.12526430204680059
R2,564,0.13110955571678548,0.02355921654642461,0.13110955571678548
R2,565,0.12379951496031547,0.017457670444795827,0.12379951496031547
R2,566,0.11597292110918063,0.011743528437081815,0.11597292110918063
R2,567,0.1143362188806214,0.011973729841505189,0.1143362188806214
R2,568,0.14401488529971163,0.01972086448639876,0.14401488529971163
R2,569,0.18079626384584477,0.024074440324930273,0.18079626384584477
R2,570,0.1560978946241532,0.01955080527369917,0.1560978946241532
R2,571,0.09616005114969274,0.014802286823921216,0.09616005114969274
R2,572,0.1334464820157008,0.01403714670631617,0.1334464820157008
R2,573,0.12150990533398254,0.016240564789157908,0.12150990533398254
R2,574,0.09498518377085907,0.011488918119042199,0.09498518377085907
R2,575,0.1294716465845237,0.029061078353037787,0.1294716465845237
R2,576,0.15637742272657,0.01576315693605777,0.15637742272657
R2,577,0.15216196712151486,0.014881115943490139,0.15216196712151486
R2,578,0.1411515149268476,0.01892301716300245,0.1411515149268476
R2,579,0.11829612758318618,0.014125384149794033,0.11829612758318618
R2,580,0.10915460950769974,0.017120553419306517,0.10915460950769974
R2,581,0.11819800144516907,0.016424673805503335,0.11819800144516907
R2,582,0.11379315572554707,0.013405742108646526,0.11379315572554707
R2,583,0.1053282614942259,0.013389015012072094,0.1053282614942259
R2,584,0.14523288683872446,0.023653609026648675,0.14523288683872446
R2,585,0.12190701558284639,0.014340847327918585,0.12190701558284639
R2,586,0.16870895074799583,0.015565449066385342,0.16870895074799583
R2,587,0.13710725461078288,0.016952782286089135,0.13710725461078288
R2,588,0.11656776726352597,0.013716987710100558,0.11656776726352597
R2,589,0.12026860979629658,0.014321410553114967,0.12026860979629658
R2,590,0.13795138608788596,0.01816154456931565,0.13795138608788596
R2,591,0.15331541657674233,0.014641189448704182,0.15331541657674233
R2,592,0.11926322280115799,0.01504245721443344,0.11926322280115799
R2,593,0.12434639344165085,0.01368073699473395,0.12434639344165085
R2,594,0.1540309370438396,0.016192513265859045,0.1540309370438396
R2,595,0.13610957635955573,0.020172482033722627,0.13610957635955573
R2,596,0.12104413964356385,0.014580728696621477,0.12104413964356385
R2,597,0.1181105497539674,0.012883504087352279,0.1181105497539674
R2,598,0.18998141314492553,0.017913592025871675,0.18998141314492553
R2,599,0.1270595003061209,0.017058533053370274,0.1270595003061209
R2,600,0.12136821050892785,0.012755100329793297,0.12136821050892785
R2,601,0.1601565060776733,0.017518723617766723,0.1601565060776733
R2,602,0.1095578344140224,0.01413172150046846,0.1095578344140224
R2,603,0.12919097240217037,0.009778296568205608,0.12919097240217037
R2,604,0.1422809176712303,0.01610698769252767,0.1422809176712303
R2,605,0.11214232765192159,0.012296228440009657,0.11214232765192159
R2,606,0.15934318086402877,0.01929028002419295,0.15934318086402877
R2,607,0.1220362151914733,0.015482823392242669,0.1220362151914733
R2,608,0.17168067394955658,0.026927290763044082,0.17168067394955658
R2,609,0.1456540165305106,0.01649788269959845,0.1456540165305106
R2,610,0.1365349970403257,0.014788892277404136,0.1365349970403257
R2,611,0.1514999913743335,0.019274909592192885,0.1514999913743335
R2,612,0.10648488999592766,0.011238931019496695,0.10648488999592766
R2,613,0.12839657039721072,0.02183856694345405,0.12839657039721072
R2,614,0.10253473900072547,0.011019299665178301,0.10253473900072547
R2,615,0.14785404563274882,0.011627826267533645,0.14785404563274882
R2,616,0.12697457927354788,0.01950786046291467,0.12697457927354788
R2,617,0.19109803629101985,0.01689097294924492,0.19109803629101985
R2,618,0.16503728784473037,0.03241906203755711,0.16503728784473037
R2,619,0.1342154763014901,0.015064072304945757,0.1342154763014901
R2,620,0.14154504371242688,0.012481424653205838,0.14154504371242688
R2,621,0.14520347900102892,0.013309557997895289,0.14520347900102892
R2,622,0.10740360133788865,0.010484090500268063,0.10740360133788865
R2,623,0.16444202829768237,0.01931361260771327,0.16444202829768237
R2,624,0.15379791274124222,0.020109085981546045,0.15379791274124222
R2,625,0.11570250654879426,0.017033225094447626,0.11570250654879426
R2,626,0.14355389194532323,0.015975333311495445,0.14355389194532323
R2,627,0.11615068197769042,0.01983997795233921,0.11615068197769042
R2,628,0.13777776550275955,0.023540518542525084,0.13777776550275955
R2,629,0.1506032567161095,0.013016902684222956,0.1506032567161095
R2,630,0.13727660358798782,0.015261959320936023,0.13727660358798782
R2,631,0.19335721243523302,0.027749617772165315,0.19335721243523302
R2,632,0.10778233493719178,0.014421531641247511,0.10778233493719178
R2,633,0.13149793795370898,0.01739972455426504,0.13149793795370898
R2,634,0.14714893381939834,0.015104270723203788,0.14714893381939834
R2,635,0.11923895115717813,0.018378391722469106,0.11923895115717813
R2,636,0.12339180445516754,0.01548791643765744,0.12339180445516754
R2,637,0.14215400957411878,0.013002188508788353,0.14215400957411878
R2,638,0.11927249778232694,0.01325206747070702,0.11927249778232694
R2,639,0.12478007888174342,0.014317056673591696,0.12478007888174342
R2,640,0.12246590253616566,0.01533376129424078,0.12246590253616566
R2,641,0.14752348180093014,0.016666804220821594,0.14752348180093014
R2,642,0.11979835468475174,0.011569576626620523,0.11979835468475174
R2,643,0.12524732944060848,0.01211629717665353,0.12524732944060848
R2,644,0.15077210310541242,0.010743517776170006,0.15077210310541242
R2,645,0.12276800909897928,0.012471770643778921,0.12276800909897928
R2,646,0.11256105320622994,0.016126162754210617,0.11256105320622994
R2,647,0.16068901233501887,0.020695813758791138,0.16068901233501887
R2,648,0.1296748879638593,0.020723979008004167,0.1296748879638593
R2,649,0.1655091029465821,0.01769679030831214,0.1655091029465821
R2,650,0.13776904456795488,0.02811463066049601,0.13776904456795488
R2,651,0.13802025231885387,0.01375475951368721,0.13802025231885387
R2,652,0.12427679595902778,0.019224190066381836,0.12427679595902778
R2,653,0.15742782782348858,0.01616230368662371,0.15742782782348858
R2,654,0.13628756558228444,0.019280353678574825,0.13628756558228444
R2,655,0.11052207767155257,0.01569317844916525,0.11052207767155257
R2,656,0.08807691172204803,0.01523563053761991,0.08807691172204803
R2,657,0.11527178624129189,0.012730569950794761,0.11527178624129189
R2,658,0.20733447259616636,0.021041265262554634,0.20733447259616636
R2,659,0.1514764006827319,0.02884978383556488,0.1514764006827319
R2,660,0.10486707229102352,0.010013396828336348,0.10486707229102352
R2,661,0.15658065720034503,0.018536187742227175,0.15658065720034503
R2,662,0.12556135876436972,0.02666873535583198,0.12556135876436972
R2,663,0.14551152960046332,0.014004304327540422,0.14551152960046332
R2,664,0.15034939720857007,0.01368313203703604,0.15034939720857007
R2,665,0.12285564130431333,0.012691321685144356,0.12285564130431333
R2,666,0.1358989187589088,0.01831635203559644,0.1358989187589088
R2,667,0.15105279823002915,0.016215744348199435,0.15105279823002915
R2,668,0.15792171321413906,0.019596145736710792,0.15792171321413906
R2,669,0.11387265972157001,0.02111408630338646,0.11387265972157001
R2,670,0.15501550385061752,0.020920171266253666,0.15501550385061752
R2,671,0.1638578054379186,0.01808540757339693,0.1638578054379186
R2,672,0.1616020893168354,0.020045943344520277,0.1616020893168354
R2,673,0.08771794954187696,0.01792333406178482,0.08771794954187696
R2,674,0.14259418581279143,0.014056042463282716,0.14259418581279143
R2,675,0.15628529758628376,0.010381830040821834,0.15628529758628376
R2,676,0.1543658982681653,0.012748640751016185,0.1543658982681653
R2,677,0.11775191464361698,0.01644306913824356,0.11775191464361698
R2,678,0.20282521677035056,0.014398350745908724,0.20282521677035056
R2,679,0.16768990460447541,0.020925165765775522,0.16768990460447541
R2,680,0.14752631271663397,0.01504023037081802,0.14752631271663397
R2,681,0.10715627595017793,0.013613575681782534,0.10715627595017793
R2,682,0.11214420642825898,0.016030339169819104,0.11214420642825898
R2,683,0.1318066419043873,0.015232909332674774,0.1318066419043873
R2,684,0.11978662844615412,0.012186347394334301,0.11978662844615412
R2,685,0.16309152418445197,0.02013588082573584,0.16309152418445197
R2,686,0.1531414034509488,0.021303041493246997,0.1531414034509488
R2,687,0.1182195387704468,0.021736199220659575,0.1182195387704468
R2,688,0.11142120987918454,0.011869975134347269,0.11142120987918454
R2,689,0.12500101084543047,0.014852450051722726,0.12500101084543047
R2,690,0.15841090040637135,0.01652447445875983,0.15841090040637135
R2,691,0.14629036197382064,0.015176052883257057,0.14629036197382064
R2,692,0.13634853189188442,0.015963107028713685,0.13634853189188442
R2,693,0.1086322274621712,0.013182898303472622,0.1086322274621712
R2,694,0.14405499132275512,0.012622138870916403,0.14405499132275512
R2,695,0.12591395227824628,0.01881403079446777,0.12591395227824628
R2,696,0.14844881915500288,0.018052316569837374,0.14844881915500288
R2,697,0.1472808871477449,0.019001655309516374,0.1472808871477449
R2,698,0.16918203442116586,0.03285224612102192,0.16918203442116586
R2,699,0.15885621034436528,0.020196459108999136,0.15885621034436528
R2,700,0.16196249105635005,0.02104338528530999,0.16196249105635005
R2,701,0.19994993206075226,0.015536365082196338,0.19994993206075226
R2,702,0.10656611774392429,0.011596848082689404,0.10656611774392429
R2,703,0.12757738840990843,0.015262165591541626,0.12757738840990843
R2,704,0.1386170733663561,0.015969172455551565,0.1386170733663561
R2,705,0.1461812715083006,0.01700173147231806,0.1461812715083006
R2,706,0.12473517481974107,0.017002027667743228,0.12473517481974107
R2,707,0.1159039517020481,0.011118336266649313,0.1159039517020481
R2,708,0.2191979728387298,0.024892240705045594,0.2191979728387298
R2,709,0.17878867188578446,0.015318217763635886,0.17878867188578446
R2,710,0.15126579793371636,0.021373930884387292,0.15126579793371636
R2,711,0.18767087474143382,0.01633299769829197,0.18767087474143382
R2,712,0.14358319606830866,0.016797231899041316,0.14358319606830866
R2,713,0.1426509496831163,0.021556619707000874,0.1426509496831163
R2,714,0.12034816307933675,0.011778516613058876,0.12034816307933675
R2,715,0.15095743576087128,0.012914991691100068,0.15095743576087128
R2,716,0.13444968186299391,0.012642283857733758,0.13444968186299391
R2,717,0.15444337853179146,0.020654890629969457,0.15444337853179146
R2,718,0.11176763183442658,0.017275064065342138,0.11176763183442658
R2,719,0.11004563620929991,0.020577238909279594,0.11004563620929991
R2,720,0.164340480389124,0.020084158571390235,0.164340480389124
R2,721,0.09744091709024277,0.014000087221989468,0.09744091709024277
R2,722,0.12830533792198434,0.01168907009531773,0.12830533792198434
R2,723,0.11181775553601533,0.01656882708247462,0.11181775553601533
R2,724,0.16196711576713205,0.013086310305929492,0.16196711576713205
R2,725,0.1248666958129664,0.01921262857497646,0.1248666958129664
R2,726,0.13029750083234382,0.017307880211228276,0.13029750083234382
R2,727,0.14865104836420584,0.016316525651009543,0.14865104836420584
R2,728,0.15660014165651495,0.021538973343836792,0.15660014165651495
R2,729,0.1287359922171486,0.015467544905061404,0.1287359922171486
R2,730,0.1303502345542921,0.015379521654120848,0.1303502345542921
R2,731,0.09620918120408684,0.013299055632702204,0.09620918120408684
R2,732,0.1650256319575995,0.02165702103766957,0.1650256319575995
R2,733,0.1278827960649188,0.022220763528656234,0.1278827960649188
R2,734,0.13203968390019002,0.015980531104373908,0.13203968390019002
R2,735,0.1737503340502061,0.015376150655523496,0.1737503340502061
R2,736,0.12269543874891771,0.01855065672131189,0.12269543874891771
R2,737,0.20498185924640028,0.026667512507285236,0.20498185924640028
R2,738,0.13202071859037637,0.014083447097221504,0.13202071859037637
R2,739,0.12695396254777186,0.012719824498983907,0.12695396254777186
R2,740,0.1706486055297544,0.02438377551111979,0.1706486055297544
R2,741,0.1384895420642547,0.013472235645181258,0.1384895420642547
R2,742,0.14375223116592478,0.03074081304008112,0.14375223116592478
R2,743,0.15777277055943556,0.01864553236885878,0.15777277055943556
R2,744,0.10181616061802919,0.012592978599215763,0.10181616061802919
R2,745,0.13533918498309827,0.01774289098105818,0.13533918498309827
R2,746,0.10934366040538676,0.009514509619076359,0.10934366040538676
R2,747,0.13494474283951935,0.01910453505149366,0.13494474283951935
R2,748,0.1112010837314801,0.014109797228592402,0.1112010837314801
R2,749,0.11290480208855894,0.013751333680735032,0.11290480208855894
R2,750,0.13872090380741575,0.014740426841272428,0.13872090380741575
R2,751,0.09363956789166207,0.012880967133558237,0.09363956789166207
R2,752,0.1474504003355799,0.013817406413963848,0.1474504003355799
R2,753,0.10173635332884713,0.013197616598946978,0.10173635332884713
R2,754,0.14704495334567036,0.015697482702329606,0.14704495334567036
R2,755,0.13602385145839416,0.014230831835689987,0.13602385145839416
R2,756,0.15275757941375537,0.014130501187945716,0.15275757941375537
R2,757,0.12952947181859462,0.016472126643877653,0.12952947181859462
R2,758,0.12036087174360136,0.010740540974368145,0.12036087174360136
R2,759,0.12645909879539308,0.016103417844756836,0.12645909879539308
R2,760,0.13554804006348073,0.01566634620991109,0.13554804006348073
R2,761,0.10076148600134405,0.011265646187863845,0.10076148600134405
R2,762,0.11645684105324997,0.010676061122857947,0.11645684105324997
R2,763,0.11743468709620357,0.019911932432501386,0.11743468709620357
R2,764,0.1203254814465221,0.011906852949172288,0.1203254814465221
R2,765,0.10951165881341389,0.010761521928293185,0.10951165881341389
R2,766,0.12370002291956436,0.012539784750691632,0.12370002291956436
R2,767,0.12721467463139288,0.016393114674635265,0.12721467463139288
R2,768,0.12237834216998218,0.01414507924166153,0.12237834216998218
R2,769,0.11378999579917265,0.018964173518073904,0.11378999579917265
R2,770,0.14552545830173674,0.015388521943402744,0.14552545830173674
R2,771,0.15926178149160058,0.012452245461732285,0.15926178149160058
R2,772,0.18955425187074812,0.031112272883888667,0.18955425187074812
R2,773,0.12293589654564821,0.012554348722590099,0.12293589654564821
R2,774,0.11911398393643467,0.013294074871692596,0.11911398393643467
R2,775,0.15102453508266278,0.01756625745619906,0.15102453508266278
R2,776,0.17757855341399792,0.01829769198134642,0.17757855341399792
R2,777,0.1096323061411046,0.013203449611290571,0.1096323061411046
R2,778,0.13523552529016727,0.025325680754878236,0.13523552529016727
R2,779,0.1492570117491235,0.021977567395189024,0.1492570117491235
R2,780,0.11368834140618944,0.01815192732729064,0.11368834140618944
R2,781,0.12417306705989879,0.0174812497530903,0.12417306705989879
R2,782,0.11880446099173873,0.017713151780456977,0.11880446099173873
R2,783,0.14162992894203275,0.013554861536777952,0.14162992894203275
R2,784,0.17165674676529094,0.01922635584440758,0.17165674676529094
R2,785,0.13433185213273413,0.014174591834667141,0.13433185213273413
R2,786,0.13700034873582073,0.01810472007563612,0.13700034873582073
R2,787,0.14345351834434442,0.012901039781053041,0.14345351834434442
R2,788,0.1381393273176785,0.028114470283107103,0.1381393273176785
R2,789,0.14008462709221708,0.015276020125209375,0.14008462709221708
R2,790,0.09798751600631629,0.014544522432454635,0.09798751600631629
R2,791,0.11469853596380679,0.009897707290151998,0.11469853596380679
R2,792,0.12965441799644895,0.015896137220656692,0.12965441799644895
R2,793,0.12417185603446457,0.011115006942448458,0.12417185603446457
R2,794,0.167306535937099,0.018474888796790156,0.167306535937099
R2,795,0.1420923754740956,0.015881338508473723,0.1420923754740956
R2,796,0.13307785177560533,0.020149853923790005,0.13307785177560533
R2,797,0.14962497123570526,0.019244888990119297,0.14962497123570526
R2,798,0.1161325625157847,0.015980576245648765,0.1161325625157847
R2,799,0.13800787104326195,0.021562354024755356,0.13800787104326195
R2,800,0.11820989154293927,0.012333147475556878,0.11820989154293927
R2,801,0.14302958784077857,0.013489835357912492,0.14302958784077857
R2,802,0.09014164993482185,0.013254883589442904,0.09014164993482185
R2,803,0.1358574252474836,0.014115665906512365,0.1358574252474836
R2,804,0.1561463104469272,0.018684425897725124,0.1561463104469272
R2,805,0.1450478619693182,0.014103753484458453,0.1450478619693182
R2,806,0.19275628350466767,0.02238008218178265,0.19275628350466767
R2,807,0.1327374980271604,0.02088336858472938,0.1327374980271604
R2,808,0.1505741774263561,0.02023553170315593,0.1505741774263561
R2,809,0.11604172902270392,0.01380751547391714,0.11604172902270392
R2,810,0.11262734826861977,0.012966718259485487,0.11262734826861977
R2,811,0.16219547210263205,0.020880362734449518,0.16219547210263205
R2,812,0.13618444326389562,0.015906608248845242,0.13618444326389562
R2,813,0.1315095203462414,0.012750399741568648,0.1315095203462414
R2,814,0.1419868907424903,0.021012920578149158,0.1419868907424903
R2,815,0.14531752023621922,0.014783065717221813,0.14531752023621922
R2,816,0.16500151697046475,0.020069601434798717,0.16500151697046475
R2,817,0.13554385944976496,0.014709755986610047,0.13554385944976496
R2,818,0.14245470823718523,0.016020184310176454,0.14245470823718523
R2,819,0.15907573719480603,0.01758927818501565,0.15907573719480603
R2,820,0.13356354257262557,0.020737063859162522,0.13356354257262557
R2,821,0.11325915266296502,0.014597072994856427,0.11325915266296502
R2,822,0.10921172290809895,0.01088178248202253,0.10921172290809895
R2,823,0.1324238906905838,0.013462192960147874,0.1324238906905838
R2,824,0.1591459541560816,0.014929691377120038,0.1591459541560816
R2,825,0.13174397093194012,0.018739579266150844,0.13174397093194012
R2,826,0.20768880126131486,0.017550660168558285,0.20768880126131486
R2,827,0.11005773818198555,0.018230950737566868,0.11005773818198555
R2,828,0.17558019492181526,0.024961136934354103,0.17558019492181526
R2,829,0.12324527080424073,0.012557441962240241,0.12324527080424073
R2,830,0.12963114258548197,0.016034174687372147,0.12963114258548197
R2,831,0.11401027894769258,0.01588047671538916,0.11401027894769258
R2,832,0.10531221111023219,0.017210923548180077,0.10531221111023219
R2,833,0.12725141805674675,0.013537228391553063,0.12725141805674675
R2,834,0.11268434001715974,0.0160951341105557,0.11268434001715974
R2,835,0.13677495536189496,0.012890604872962513,0.13677495536189496
R2,836,0.12946035731735756,0.016050411557935934,0.12946035731735756
R2,837,0.10825873224800879,0.011200780517216544,0.10825873224800879
R2,838,0.1291270803550518,0.016294756422547817,0.1291270803550518
R2,839,0.13511912849958202,0.02144955101024975,0.13511912849958202
R2,840,0.10545563923672027,0.011148412926219878,0.10545563923672027
R2,841,0.11580941980481217,0.020306127165127353,0.11580941980481217
R2,842,0.15458795716352217,0.015558802365604233,0.15458795716352217
R2,843,0.16840732212823503,0.031393627356721084,0.16840732212823503
R2,844,0.14000027056548675,0.015477068773591323,0.14000027056548675
R2,845,0.10006443424863125,0.017330548922307613,0.10006443424863125
R2,846,0.09442586730957835,0.02010645524925044,0.09442586730957835
R2,847,0.11950965059753547,0.017811020578470668,0.11950965059753547
R2,848,0.15878352777251817,0.016119056976154702,0.15878352777251817
R2,849,0.14769655421252123,0.012054661241291217,0.14769655421252123
R2,850,0.11029525500350928,0.01312500858890238,0.11029525500350928
R2,851,0.12941611727817956,0.016739013599787834,0.12941611727817956
R2,852,0.19239925151265952,0.01851914735496167,0.19239925151265952
R2,853,0.11950361894386627,0.015161250904292696,0.11950361894386627
R2,854,0.12162754099082604,0.017491956065786688,0.12162754099082604
R2,855,0.11258999833172081,0.010962236379096922,0.11258999833172081
R2,856,0.17052087288075266,0.022498815193892793,0.17052087288075266
R2,857,0.12026459404629461,0.012328862694447683,0.12026459404629461
R2,858,0.13827363427357786,0.0124311601602024,0.13827363427357786
R2,859,0.11397992687655649,0.015518282360240285,0.11397992687655649
R2,860,0.17119565556264416,0.019827769440178184,0.17119565556264416
R2,861,0.1537091135045756,0.026252171684562065,0.1537091135045756
R2,862,0.1429034263876677,0.014604626791430545,0.1429034263876677
R2,863,0.15496389041115774,0.012837871065452703,0.15496389041115774
R2,864,0.13451919727573647,0.013249893622072743,0.13451919727573647
R2,865,0.13770197149444718,0.016852029439224273,0.13770197149444718
R2,866,0.12552515445425572,0.013572355708037413,0.12552515445425572
R2,867,0.1642105137265322,0.012969347963494148,0.1642105137265322
R2,868,0.15094779558336316,0.016211121230496235,0.15094779558336316
R2,869,0.15232316479244465,0.014335824926995077,0.15232316479244465
R2,870,0.09009390069969263,0.011319908066212107,0.09009390069969263
R2,871,0.16024487194352588,0.017201874197551682,0.16024487194352588
R2,872,0.14750847050466712,0.015071092070794226,0.14750847050466712
R2,873,0.1440083062034579,0.017324852583872875,0.1440083062034579
R2,874,0.1724947451550145,0.027484954190980102,0.1724947451550145
R2,875,0.148923938615078,0.01480165474821794,0.148923938615078
R2,876,0.13242707119686767,0.012730587865381626,0.13242707119686767
R2,877,0.14578141521021457,0.013235613890189958,0.14578141521021457
R2,878,0.1509537676564636,0.01735704747096611,0.1509537676564636
R2,879,0.14376825094178527,0.01614472186660426,0.14376825094178527
R2,880,0.13466042188804836,0.03186854572428622,0.13466042188804836
R2,881,0.12645710649281855,0.01226247775358797,0.12645710649281855
R2,882,0.12465813714459467,0.01829735349128352,0.12465813714459467
R2,883,0.14379916255696348,0.017884054310579565,0.14379916255696348
R2,884,0.17277900153137038,0.016889583947520628,0.17277900153137038
R2,885,0.12979363645897163,0.01980005425080601,0.12979363645897163
R2,886,0.14520041018355184,0.013544148278190568,0.14520041018355184
R2,887,0.12688219141638363,0.010516804895689342,0.12688219141638363
R2,888,0.16444286855924345,0.024415063340646824,0.16444286855924345
R2,889,0.11723518033514461,0.017916649923276493,0.11723518033514461
R2,890,0.13006182917244086,0.014852281789005408,0.13006182917244086
R2,891,0.1429687216476251,0.015329964236938247,0.1429687216476251
R2,892,0.10222713062909115,0.015172520666093208,0.10222713062909115
R2,893,0.19621013451551741,0.03065250456715179,0.19621013451551741
R2,894,0.10711083929671232,0.016462824323547835,0.10711083929671232
R2,895,0.11031849303855701,0.012832914087112334,0.11031849303855701
R2,896,0.14542789454224436,0.022927614288393412,0.14542789454224436
R2,897,0.14232061633644041,0.014533975144379797,0.14232061633644041
R2,898,0.11162645151743306,0.012525787395139928,0.11162645151743306
R2,899,0.12331042705245973,0.019053530647555106,0.12331042705245973
R2,900,0.1919749064670924,0.021946800225919834,0.1919749064670924
R2,901,0.12703911354852893,0.011751381578056884,0.12703911354852893
R2,902,0.1243688170244121,0.012499274822420749,0.1243688170244121
R2,903,0.15489775795135244,0.015373834959634302,0.15489775795135244
R2,904,0.12715798400133108,0.01658887063717599,0.12715798400133108
R2,905,0.1388660902008322,0.01804464776570669,0.1388660902008322
R2,906,0.13471247879200438,0.017888214625822015,0.13471247879200438
R2,907,0.15478788329625634,0.013433164863857837,0.15478788329625634
R2,908,0.12360389769177055,0.014902984550121717,0.12360389769177055
R2,909,0.10624429189705985,0.01118773984141557,0.10624429189705985
R2,910,0.2116413658219045,0.02146671944273351,0.2116413658219045
R2,911,0.14080496056890593,0.015013323400502494,0.14080496056890593
R2,912,0.15536751594026324,0.012584594602341834,0.15536751594026324
R2,913,0.11674635456713962,0.01815296756624071,0.11674635456713962
R2,914,0.10287144648088214,0.013796513807128881,0.10287144648088214
R2,915,0.12259718057506308,0.01475918676072626,0.12259718057506308
R2,916,0.10419921225609866,0.019304883813745836,0.10419921225609866
R2,917,0.1294957433698208,0.015524403450098537,0.1294957433698208
R2,918,0.1044524462021641,0.012492127747766084,0.1044524462021641
R2,919,0.1031125054915573,0.011222163859370481,0.1031125054915573
R2,920,0.11476889679850671,0.012848296554607395,0.11476889679850671
R2,921,0.14332924532560176,0.021491100920563343,0.14332924532560176
R2,922,0.13010459695801765,0.018768176873503382,0.13010459695801765
R2,923,0.12582507947799013,0.014682787033049826,0.12582507947799013
R2,924,0.14677834072266027,0.01594010836350838,0.14677834072266027
R2,925,0.11392872505138457,0.015968653692218334,0.11392872505138457
R2,926,0.10190034800572238,0.015175712853317693,0.10190034800572238
R2,927,0.12390792300464956,0.02466308161733164,0.12390792300464956
R2,928,0.12745127009876567,0.01708738701378999,0.12745127009876567
R2,929,0.13266898848468706,0.012735803971276875,0.13266898848468706
R2,930,0.09330155621734403,0.009044306613036726,0.09330155621734403
R2,931,0.14649889245051256,0.017916714982075695,0.14649889245051256
R2,932,0.16700537911515217,0.020233534067740845,0.16700537911515217
R2,933,0.16468941625444242,0.033586933723950836,0.16468941625444242
R2,934,0.12797734908248656,0.012121328081880113,0.12797734908248656
R2,935,0.12043196659602194,0.012934919403882037,0.12043196659602194
R2,936,0.13443558816628293,0.01114510045909346,0.13443558816628293
R2,937,0.1468563254197857,0.016140238773900105,0.1468563254197857
R2,938,0.1412131485406125,0.020385672536992798,0.1412131485406125
R2,939,0.11796222266228361,0.013461625170108,0.11796222266228361
R2,940,0.10889385438188341,0.011581690706175485,0.10889385438188341
R2,941,0.12878066040625893,0.019893183403415598,0.12878066040625893
R2,942,0.12640824574030532,0.017721240113351463,0.12640824574030532
R2,943,0.11097116200666442,0.013527127434502611,0.11097116200666442
R2,944,0.12946865417934442,0.01256428870089195,0.12946865417934442
R2,945,0.12059638440974481,0.015497953726712813,0.12059638440974481
R2,946,0.13610191676860683,0.021666662683933614,0.13610191676860683
R2,947,0.14241101731988384,0.02601782154949218,0.14241101731988384
R2,948,0.11880898836158812,0.019637107507593947,0.11880898836158812
R2,949,0.13550762536547425,0.01680130456084347,0.13550762536547425
R2,950,0.13277295343420184,0.020388267666441043,0.13277295343420184
R2,951,0.14199790933942685,0.014367840026304956,0.14199790933942685
R2,952,0.1468965355213685,0.017408694352933178,0.1468965355213685
R2,953,0.17191907051473743,0.018591951786393595,0.17191907051473743
R2,954,0.14454405668684825,0.016151070870502583,0.14454405668684825
R2,955,0.12670279123262562,0.012275752482216204,0.12670279123262562
R2,956,0.10636919908974828,0.014214067902463056,0.10636919908974828
R2,957,0.15622947250925617,0.018363419825138023,0.15622947250925617
R2,958,0.12528271671014304,0.016596704556924625,0.12528271671014304
R2,959,0.1226780460785839,0.017491932427009894,0.1226780460785839
R2,960,0.12510834015568573,0.013716334588069394,0.12510834015568573
R2,961,0.17487067357748343,0.03177101914459607,0.17487067357748343
R2,962,0.10887085555639418,0.013769960697073556,0.10887085555639418
R2,963,0.14784984967651044,0.02172037533855879,0.14784984967651044
R2,964,0.09569023124718508,0.014259034743535988,0.09569023124718508
R2,965,0.13100642476524513,0.012923868840464712,0.13100642476524513
R2,966,0.13053697207616988,0.014323313589442773,0.13053697207616988
R2,967,0.1470309408580411,0.015006418822392665,0.1470309408580411
R2,968,0.14001897540665542,0.013763000295654958,0.14001897540665542
R2,969,0.11225921757209831,0.012750234752538404,0.11225921757209831
R2,970,0.1265349537592493,0.017274939928216108,0.1265349537592493
R2,971,0.10135961433379893,0.018155851114947195,0.10135961433379893
R2,972,0.1041022023589488,0.017712902840353612,0.1041022023589488
R2,973,0.1300424547525388,0.015582898120439486,0.1300424547525388
R2,974,0.16445485626954306,0.024473009160181865,0.16445485626954306
R2,975,0.16133923747294468,0.014526997822474429,0.16133923747294468
R2,976,0.11788389917818433,0.015382315228907444,0.11788389917818433
R2,977,0.14894161914598603,0.01432128397668593,0.14894161914598603
R2,978,0.09167666887270687,0.014470804972655467,0.09167666887270687
R2,979,0.13617307486327018,0.017281662769273672,0.13617307486327018
R2,980,0.12870823095289366,0.015785760920472625,0.12870823095289366
R2,981,0.1627275538452664,0.018440885167845776,0.1627275538452664
R2,982,0.11248019371414429,0.011258940947482473,0.11248019371414429
R2,983,0.15923654383337107,0.018591733393294736,0.15923654383337107
R2,984,0.11381201608679507,0.018424874087575968,0.11381201608679507
R2,985,0.11999589750359466,0.012865532009422604,0.11999589750359466
R2,986,0.15726574101784882,0.022737234439104886,0.15726574101784882
R2,987,0.14263746965645777,0.02068363917762827,0.14263746965645777
R2,988,0.13922391535387346,0.018873395152917586,0.13922391535387346
R2,989,0.1482053204858534,0.010515479174776592,0.1482053204858534
R2,990,0.1229019826735258,0.01108810136042148,0.1229019826735258
R2,991,0.14228838929280463,0.014807832004933552,0.14228838929280463
R2,992,0.15285595440462016,0.01842143022634383,0.15285595440462016
R2,993,0.152545057437606,0.023475336050544002,0.152545057437606
R2,994,0.12087878959308447,0.015005132605371238,0.12087878959308447
R2,995,0.14611236387631196,0.012620641907971722,0.14611236387631196
R2,996,0.16368773595184016,0.027891486852724943,0.16368773595184016
R2,997,0.12072712561295955,0.014040865956066519,0.12072712561295955
R2,998,0.1157354120683511,0.014609934796632529,0.1157354120683511
R2,999,0.12373132681164356,0.015046520123564206,0.12373132681164356
R2,1000,0.14478936442114926,0.019108755105110217,0.14478936442114926
R2,1001,0.15385390264505006,0.01535369575713479,0.15385390264505006
R2,1002,0.14122006735208997,0.017945904383211742,0.14122006735208997
R2,1003,0.12446407646618413,0.01950653232459957,0.12446407646618413
R2,1004,0.1299484969221718,0.012571699566208124,0.1299484969221718
R2,1005,0.16291081092657503,0.029592978870022428,0.16291081092657503
R2,1006,0.14811329032483034,0.020619709649390527,0.14811329032483034
R2,1007,0.1567617788908721,0.016641576793324765,0.1567617788908721
R2,1008,0.14607053379840482,0.01703447611397519,0.14607053379840482
R2,1009,0.1491035526880894,0.01280280112688808,0.1491035526880894
R2,1010,0.14398928380861964,0.013672256529257574,0.14398928380861964
R2,1011,0.10208882962788854,0.021266401249570844,0.10208882962788854
R2,1012,0.14641683631500851,0.01565362373809648,0.14641683631500851
R2,1013,0.16384574676796732,0.017134769448893757,0.16384574676796732
R2,1014,0.12384950042315912,0.012736184602170042,0.12384950042315912
R2,1015,0.11565491003856704,0.015349239355372196,0.11565491003856704
R2,1016,0.12884980438593371,0.011259770768113938,0.12884980438593371
R2,1017,0.106861298569806,0.014499482662527732,0.106861298569806
R2,1018,0.10511349838843476,0.011161090509747583,0.10511349838843476
R2,1019,0.13579284735402333,0.011927931927054013,0.13579284735402333
R2,1020,0.12335300009258882,0.01537647932580123,0.12335300009258882
R2,1021,0.1415474652279681,0.02024051620335045,0.1415474652279681
R2,1022,0.11450743152091648,0.013909896295066856,0.11450743152091648
R2,1023,0.16425045594596083,0.01610477450924381,0.16425045594596083
R2,1024,0.1525157795044371,0.01721463646161424,0.1525157795044371
R2,1025,0.10832789609816414,0.014182266623125212,0.10832789609816414
R2,1026,0.12121473443784063,0.012234955887850183,0.12121473443784063
R2,1027,0.15261406667582086,0.016549074513659452,0.15261406667582086
R2,1028,0.17236187733668257,0.015067566377125108,0.17236187733668257
R2,1029,0.11068940109329836,0.017513783850168073,0.11068940109329836
R2,1030,0.10765549138483957,0.012273049222258695,0.10765549138483957
R2,1031,0.16777046746769728,0.012222520020399837,0.16777046746769728
R2,1032,0.15204836613200057,0.016236921535525303,0.15204836613200057
R2,1033,0.15050273807530787,0.011644818623623394,0.15050273807530787
R2,1034,0.16802784091938214,0.016586306347649665,0.16802784091938214
R2,1035,0.13326185144106167,0.012949770863807728,0.13326185144106167
R2,1036,0.15383695351417817,0.01692884775772787,0.15383695351417817
R2,1037,0.13129362810491835,0.015206233316202826,0.13129362810491835
R2,1038,0.15133504853721977,0.016933408699330445,0.15133504853721977
R2,1039,0.1285358214765986,0.0157166185822389,0.1285358214765986
R2,1040,0.14504374844990556,0.015496656920712693,0.14504374844990556
R2,1041,0.11873101855176348,0.018367026468256286,0.11873101855176348
R2,1042,0.11750647217979765,0.011971961001307452,0.11750647217979765
R2,1043,0.11846024963384807,0.013482516495369143,0.11846024963384807
R2,1044,0.14348468534305298,0.01357501939696813,0.14348468534305298
R2,1045,0.1377504557972148,0.012293076977666606,0.1377504557972148
R2,1046,0.17297562799535962,0.012227659423488333,0.17297562799535962
R2,1047,0.10199719863512458,0.014398067018016969,0.10199719863512458
R2,1048,0.15821968674870523,0.017103780948224463,0.15821968674870523
R2,1049,0.1431445271104767,0.013372319747872582,0.1431445271104767
R2,1050,0.12251583197502386,0.011122797319069164,0.12251583197502386
R2,1051,0.13444973280175745,0.011326887126104539,0.13444973280175745
R2,1052,0.1272703169296296,0.011567637135739538,0.1272703169296296
R2,1053,0.1481121812556442,0.015858730783885708,0.1481121812556442
R2,1054,0.09470918506716947,0.017180658789958815,0.09470918506716947
R2,1055,0.15447054254546758,0.01406299492274786,0.15447054254546758
R2,1056,0.16859973218863927,0.01928122254580213,0.16859973218863927
R2,1057,0.1411300029105936,0.02246356820373821,0.1411300029105936
R2,1058,0.13567880842888216,0.01494778168966272,0.13567880842888216
R2,1059,0.11056801633825261,0.013857623980802185,0.11056801633825261
R2,1060,0.10410166010288859,0.01605074968287054,0.10410166010288859
R2,1061,0.19779605751667403,0.018082850000568286,0.19779605751667403
R2,1062,0.13761237990989922,0.013236255983745527,0.13761237990989922
R2,1063,0.126606059396048,0.011088788589102136,0.126606059396048
R2,1064,0.15051486057788485,0.012239904450372171,0.15051486057788485
R2,1065,0.15292503394611767,0.011808336484614788,0.15292503394611767
R2,1066,0.1475757741355461,0.014808400641756514,0.1475757741355461
R2,1067,0.1613328866702515,0.01774381418425194,0.1613328866702515
R2,1068,0.12134616243498689,0.013684153785560092,0.12134616243498689
R2,1069,0.10966071586483082,0.01275556675101598,0.10966071586483082
R2,1070,0.1151761313615555,0.014041744265226737,0.1151761313615555
R2,1071,0.172012089017008,0.012740069076430419,0.172012089017008
R2,1072,0.12406018764831271,0.01571005383452725,0.12406018764831271
R2,1073,0.12934201003853715,0.016926149278538898,0.12934201003853715
R2,1074,0.11783790801708474,0.013747480157229085,0.11783790801708474
R2,1075,0.11940089652430597,0.014501410060949661,0.11940089652430597
R2,1076,0.1421208633623523,0.011283424119597535,0.1421208633623523
R2,1077,0.12428957303254937,0.018131938534671307,0.12428957303254937
R2,1078,0.1709175100530051,0.01792743226812755,0.1709175100530051
R2,1079,0.11767564678724772,0.021464074358432984,0.11767564678724772
R2,1080,0.13247814123734847,0.015468327123272986,0.13247814123734847
R2,1081,0.11740624652908863,0.013855927463744418,0.11740624652908863
R2,1082,0.16643288865640382,0.022412886750403514,0.16643288865640382
R2,1083,0.14035063318643534,0.016695505832162345,0.14035063318643534
R2,1084,0.14279703330752921,0.01373181047425323,0.14279703330752921
R2,1085,0.2032012428894694,0.024127426140485173,0.2032012428894694
R2,1086,0.1351084979337984,0.01657114475016924,0.1351084979337984
R2,1087,0.15692344198493202,0.021093628383562588,0.15692344198493202
R2,1088,0.10744970488169298,0.01804495327475446,0.10744970488169298
R2,1089,0.1369669014970353,0.015774046699038292,0.1369669014970353
R2,1090,0.17463095476668555,0.020525957485747832,0.17463095476668555
R2,1091,0.13807884250226546,0.015087448235977833,0.13807884250226546
R2,1092,0.11715831177654762,0.013712613969891811,0.11715831177654762
R2,1093,0.14190732694732802,0.014304720113105613,0.14190732694732802
R2,1094,0.14040423938537722,0.014062693626923316,0.14040423938537722
R2,1095,0.12488161442913683,0.013327845912945007,0.12488161442913683
R2,1096,0.10770548429051578,0.01364093622467112,0.10770548429051578
R2,1097,0.11326986980755561,0.012413524293192308,0.11326986980755561
R2,1098,0.12420500244442229,0.01861967920260692,0.12420500244442229
R2,1099,0.1655495587509699,0.018250210736209724,0.1655495587509699
R2,1100,0.12812041797572746,0.012683429120681945,0.12812041797572746
R2,1101,0.14480828479958668,0.016330760117913245,0.14480828479958668
R2,1102,0.14216814395825245,0.012109360174993686,0.14216814395825245
R2,1103,0.13588842857450895,0.02083050183494575,0.13588842857450895
R2,1104,0.15147621524710925,0.02011526983178216,0.15147621524710925
R2,1105,0.12008418827207244,0.011005438594207828,0.12008418827207244
R2,1106,0.1431645212702707,0.019098323167411307,0.1431645212702707
R2,1107,0.10117515215932299,0.015855551945463363,0.10117515215932299
R2,1108,0.11132716004165435,0.015052135926316474,0.11132716004165435
R2,1109,0.12913176344841387,0.014810097349660578,0.12913176344841387
R2,1110,0.14680139260265634,0.012585450234629775,0.14680139260265634
R2,1111,0.13349802496010504,0.022881132237403227,0.13349802496010504
R2,1112,0.13969868246747713,0.020461178628880673,0.13969868246747713
R2,1113,0.11001174062108035,0.015161677597770644,0.11001174062108035
R2,1114,0.13554637184495863,0.015208456525071285,0.13554637184495863
R2,1115,0.13447507697879096,0.0156426292222879,0.13447507697879096
R2,1116,0.10047545633275194,0.02195484356145512,0.10047545633275194
R2,1117,0.14591777200767123,0.018432146662655746,0.14591777200767123
R2,1118,0.13359637333651403,0.021035789558903964,0.13359637333651403
R2,1119,0.16746114251523983,0.016575933441133936,0.16746114251523983
R2,1120,0.12690319309761958,0.02744802545627353,0.12690319309761958
R2,1121,0.1430453419236257,0.018359249672668453,0.1430453419236257
R2,1122,0.13657836176027477,0.01450843844010223,0.13657836176027477
R2,1123,0.14365850167142036,0.0184936428314142,0.14365850167142036
R2,1124,0.12194905610424592,0.020633229601055975,0.12194905610424592
R2,1125,0.15697469753221918,0.017397422432922832,0.15697469753221918
R2,1126,0.09195521099303053,0.013875006649181953,0.09195521099303053
R2,1127,0.1642283314585905,0.015227365566082776,0.1642283314585905
R2,1128,0.16964206472947527,0.031535528043875834,0.16964206472947527
R2,1129,0.12288922049817555,0.015658965403125558,0.12288922049817555
R2,1130,0.12101320167853918,0.015191023695145255,0.12101320167853918
R2,1131,0.11608415129868083,0.016255242035475008,0.11608415129868083
R2,1132,0.11390571819788635,0.012340902195777121,0.11390571819788635
R2,1133,0.1309782002035402,0.015168689278946068,0.1309782002035402
R2,1134,0.11933070301073873,0.013951274330828746,0.11933070301073873
R2,1135,0.1452406836629199,0.015351855978445362,0.1452406836629199
R2,1136,0.12986520890737963,0.02117789571482076,0.12986520890737963
R2,1137,0.20777786152175387,0.01595335842603767,0.20777786152175387
R2,1138,0.12059842041257905,0.01552378608178785,0.12059842041257905
R2,1139,0.11681886611961434,0.013526462535562396,0.11681886611961434
R2,1140,0.13659807414249586,0.019834565079211386,0.13659807414249586
R2,1141,0.17413201561517463,0.014304610291357822,0.17413201561517463
R2,1142,0.13568801093975433,0.016697032786076784,0.13568801093975433
R2,1143,0.15367598516633227,0.016195191909351953,0.15367598516633227
R2,1144,0.11898506325030833,0.017412385699033275,0.11898506325030833
R2,1145,0.1244459658716943,0.01617199842161626,0.1244459658716943
R2,1146,0.11669576754617418,0.01076904747997533,0.11669576754617418
R2,1147,0.12060794670664879,0.015949495783244696,0.12060794670664879
R2,1148,0.13475286932566544,0.020744321511192057,0.13475286932566544
R2,1149,0.14647634103541718,0.014856870341443765,0.14647634103541718
R2,1150,0.13113820326992523,0.01457070739533947,0.13113820326992523
R2,1151,0.11964462158242813,0.01460279534596844,0.11964462158242813
R2,1152,0.16382530430035705,0.023316109877405646,0.16382530430035705
R2,1153,0.15633733062033256,0.032322935995342326,0.15633733062033256
R2,1154,0.14549431736442825,0.019836419958996657,0.14549431736442825
R2,1155,0.14295780218905738,0.019969766419986955,0.14295780218905738
R2,1156,0.13281453379314292,0.015092100730738833,0.13281453379314292
R2,1157,0.12925506439824935,0.02120237292097908,0.12925506439824935
R2,1158,0.11861135238023084,0.014815737845228343,0.11861135238023084
R2,1159,0.13387391438770554,0.012865286639538696,0.13387391438770554
R2,1160,0.10972066271035028,0.017279198381494672,0.10972066271035028
R2,1161,0.15158129239411633,0.018346140213168036,0.15158129239411633
R2,1162,0.1691237858485509,0.022432824434200097,0.1691237858485509
R2,1163,0.11370385906529488,0.017696852496298855,0.11370385906529488
R2,1164,0.12922695968150227,0.016892800857659297,0.12922695968150227
R2,1165,0.14128183181407408,0.015033846856796344,0.14128183181407408
R2,1166,0.1253399511478847,0.015532540807320597,0.1253399511478847
R2,1167,0.11181209619828036,0.008626869057535043,0.11181209619828036
R2,1168,0.11892709820230703,0.014730900171032955,0.11892709820230703
R2,1169,0.10877780814992515,0.01316176151676793,0.10877780814992515
R2,1170,0.12879365094214584,0.01736205056474908,0.12879365094214584
R2,1171,0.15525450083161907,0.01675570624230904,0.15525450083161907
R2,1172,0.17765814815596112,0.015077619954061098,0.17765814815596112
R2,1173,0.09349847691610863,0.011429013135307699,0.09349847691610863
R2,1174,0.10355637517462676,0.011436833970461333,0.10355637517462676
R2,1175,0.11073496503127515,0.014933238598411799,0.11073496503127515
R2,1176,0.12046099408271412,0.018493093509843166,0.12046099408271412
R2,1177,0.14072474033376353,0.015505108141990888,0.14072474033376353
R2,1178,0.12187870395421145,0.013564228143570868,0.12187870395421145
R2,1179,0.12668215430205515,0.014211383761007721,0.12668215430205515
R2,1180,0.1387564747974284,0.014456673153227163,0.1387564747974284
R2,1181,0.11588472775750924,0.014232678439474905,0.11588472775750924
R2,1182,0.1258923629458951,0.01413623707901764,0.1258923629458951
R2,1183,0.11409922821827909,0.014461325272755872,0.11409922821827909
R2,1184,0.11459478904051558,0.018769721499850622,0.11459478904051558
R2,1185,0.10554093577395725,0.015654484024336005,0.10554093577395725
R2,1186,0.1279031237985697,0.017835776996283116,0.1279031237985697
R2,1187,0.123453731086327,0.019950948136022315,0.123453731086327
R2,1188,0.139552654053971,0.02276917041593581,0.139552654053971
R2,1189,0.191475514077131,0.023223893511695435,0.191475514077131
R2,1190,0.11902731756698326,0.015811967744509655,0.11902731756698326
R2,1191,0.13222275717488552,0.013893065744838708,0.13222275717488552
R2,1192,0.15936722666628245,0.018684597528895987,0.15936722666628245
R2,1193,0.14341004660158588,0.014393445408821013,0.14341004660158588
R2,1194,0.13149151416733776,0.01978195647885189,0.13149151416733776
R2,1195,0.1634631519159144,0.026891719953989784,0.1634631519159144
R2,1196,0.15040982011148604,0.016955640052090184,0.15040982011148604
R2,1197,0.1748129608724315,0.017290484321909355,0.1748129608724315
R2,1198,0.12158032957542682,0.011273332439835866,0.12158032957542682
R2,1199,0.11083689072490094,0.013256875154174008,0.11083689072490094
R2,1200,0.11973697986078777,0.01173353497240165,0.11973697986078777
R2,1201,0.15367250727612441,0.012408133766626236,0.15367250727612441
R2,1202,0.1340539595588697,0.026539706078967377,0.1340539595588697
R2,1203,0.11496536153912419,0.019641978486510052,0.11496536153912419
R2,1204,0.1426906738909828,0.02792298002028885,0.1426906738909828
R2,1205,0.1363197473467436,0.018076127181928796,0.1363197473467436
R2,1206,0.1434932017037286,0.016764656019673405,0.1434932017037286
R2,1207,0.12911996246415416,0.012454227651928567,0.12911996246415416
R2,1208,0.07680395590990878,0.010440618607440508,0.07680395590990878
R2,1209,0.1355906654346007,0.012237873683008943,0.1355906654346007
R2,1210,0.11093780116274998,0.0166967684016601,0.11093780116274998
R2,1211,0.10512611940756997,0.011680324446076959,0.10512611940756997
R2,1212,0.12430487287074474,0.015353899870796304,0.12430487287074474
R2,1213,0.11964867171031707,0.009040444560887026,0.11964867171031707
R2,1214,0.14327409968856186,0.015440572908613361,0.14327409968856186
R2,1215,0.1328772537632212,0.01712948408747415,0.1328772537632212
R2,1216,0.13378833535224416,0.014398494538620056,0.13378833535224416
R2,1217,0.16154526407213307,0.017886141351873386,0.16154526407213307
R2,1218,0.10184245899514506,0.013888735825361322,0.10184245899514506
R2,1219,0.11472935103765793,0.017122585561412645,0.11472935103765793
R2,1220,0.15242038207397243,0.03625659753859878,0.15242038207397243
R2,1221,0.13866474334289344,0.017771008398117034,0.13866474334289344
R2,1222,0.09448689807378224,0.014648902882714783,0.09448689807378224
R2,1223,0.12166135687714806,0.02559506760797272,0.12166135687714806
R2,1224,0.10620082475678606,0.012725600998836926,0.10620082475678606
R2,1225,0.12036555884033995,0.01156838145608417,0.12036555884033995
R2,1226,0.13933321053876574,0.018039147265619702,0.13933321053876574
R2,1227,0.11336635011482832,0.021711732587726247,0.11336635011482832
R2,1228,0.1217044542228284,0.013647537626397395,0.1217044542228284
R2,1229,0.1080660966244674,0.02077822909044837,0.1080660966244674
R2,1230,0.11954691502257296,0.013913159042958947,0.11954691502257296
R2,1231,0.11876085620180495,0.02145376054115616,0.11876085620180495
R2,1232,0.14000769893096296,0.015470025273956385,0.14000769893096296
R2,1233,0.13392587810414971,0.017046189839818076,0.13392587810414971
R2,1234,0.12714001566315647,0.015760260961959652,0.12714001566315647
R2,1235,0.12172158859991296,0.017090291753082833,0.12172158859991296
R2,1236,0.1156881856082561,0.012349297305254801,0.1156881856082561
R2,1237,0.09360180635879645,0.00972732779790601,0.09360180635879645
R2,1238,0.15224997503597676,0.02584699491330605,0.15224997503597676
R2,1239,0.15489578889899938,0.024531948252823312,0.15489578889899938
R2,1240,0.12790956149223562,0.015701922288667458,0.12790956149223562
R2,1241,0.13203229920673146,0.017173890945992892,0.13203229920673146
R2,1242,0.13503079253291017,0.012965031586413607,0.13503079253291017
R2,1243,0.16854747152425542,0.01785323220020584,0.16854747152425542
R2,1244,0.20805889156329466,0.022937105357925376,0.20805889156329466
R2,1245,0.12602911064089306,0.015675432276896818,0.12602911064089306
R2,1246,0.10687933314743508,0.011419394932028272,0.10687933314743508
R2,1247,0.13272552714070418,0.012435365284898312,0.13272552714070418
R2,1248,0.10387232270797887,0.015466135809324731,0.10387232270797887
R2,1249,0.11671939455071685,0.017286020560333203,0.11671939455071685
R2,1250,0.1945137774287787,0.03167470460374526,0.1945137774287787
R2,1251,0.11718421229273322,0.013474879121224059,0.11718421229273322
R2,1252,0.1066526122421475,0.013611646260548498,0.1066526122421475
R2,1253,0.14037839406029773,0.01358498623990045,0.14037839406029773
R2,1254,0.18593487978302375,0.015370002318563659,0.18593487978302375
R2,1255,0.12498934939096545,0.014989778513787059,0.12498934939096545
R2,1256,0.14239678235169717,0.013018257101002056,0.14239678235169717
R2,1257,0.1390085161158235,0.01571457790355751,0.1390085161158235
R2,1258,0.10805851505674835,0.01621812403945963,0.10805851505674835
R2,1259,0.13459390422665013,0.01630864626599902,0.13459390422665013
R2,1260,0.13393541669020598,0.023380240272652526,0.13393541669020598
R2,1261,0.13651924290860756,0.013161707135079439,0.13651924290860756
R2,1262,0.1369298542072054,0.018136407913138086,0.1369298542072054
R2,1263,0.1423992325777563,0.0120149140790135,0.1423992325777563
R2,1264,0.17637819229172536,0.022892795953190062,0.17637819229172536
R2,1265,0.1995482798617256,0.021847699017591597,0.1995482798617256
R2,1266,0.14239438771024118,0.016390045563993514,0.14239438771024118
R2,1267,0.11798694641508287,0.020383031570578324,0.11798694641508287
R2,1268,0.09132871374860223,0.012565619471142516,0.09132871374860223
R2,1269,0.13132161920798918,0.014646602354424408,0.13132161920798918
R2,1270,0.1473305207928418,0.015527513322363153,0.1473305207928418
R2,1271,0.153893735548794,0.01610562051855792,0.153893735548794
R2,1272,0.12636467912396163,0.017099530645469433,0.12636467912396163
R2,1273,0.14419193885082632,0.021129597677082203,0.14419193885082632
R2,1274,0.13071958806516004,0.012206900404823612,0.13071958806516004
R2,1275,0.201546602225956,0.023099533308633548,0.201546602225956
R2,1276,0.11224802471496285,0.020656977923572642,0.11224802471496285
R2,1277,0.12090415122343305,0.014828573289148777,0.12090415122343305
R2,1278,0.16119911611383617,0.018438001659284962,0.16119911611383617
R2,1279,0.10031339481487805,0.011887812344769133,0.10031339481487805
R2,1280,0.14338980061933126,0.020661513422454526,0.14338980061933126
R2,1281,0.1526586131715106,0.022184088883443875,0.1526586131715106
R2,1282,0.1582151716326947,0.021639313343834145,0.1582151716326947
R2,1283,0.18024679525313458,0.01901500789208375,0.18024679525313458
R2,1284,0.14885862100537225,0.01838179084025113,0.14885862100537225
R2,1285,0.17124705787587144,0.016571330428210324,0.17124705787587144
R2,1286,0.12859101026823935,0.013887777663975963,0.12859101026823935
R2,1287,0.12637631021953968,0.011652865509255157,0.12637631021953968
R2,1288,0.1097292596839795,0.015247514742247456,0.1097292596839795
R2,1289,0.13147168568268536,0.011837172686289286,0.13147168568268536
R2,1290,0.11596951171614758,0.012882043724753801,0.11596951171614758
R2,1291,0.1405619664811831,0.013112097879295355,0.1405619664811831
R2,1292,0.12200646832973892,0.01128071678137287,0.12200646832973892
R2,1293,0.12340746034951837,0.009642907669411779,0.12340746034951837
R2,1294,0.12041844765004442,0.016635410457114058,0.12041844765004442
R2,1295,0.13352198396349388,0.011782804663665693,0.13352198396349388
R2,1296,0.11553315383385912,0.015804409324710885,0.11553315383385912
R2,1297,0.12270361643619941,0.01464875975390664,0.12270361643619941
R2,1298,0.12273010411136796,0.019738269664539974,0.12273010411136796
R2,1299,0.1163241213777634,0.015826277169996232,0.1163241213777634
R2,1300,0.1567956800149588,0.01680739029060437,0.1567956800149588
R2,1301,0.1302728257138295,0.01566081768882205,0.1302728257138295
R2,1302,0.11380318185966472,0.012520580312856858,0.11380318185966472
R2,1303,0.14566164943579402,0.018278815207528696,0.14566164943579402
R2,1304,0.12764798975464584,0.012771803722628781,0.12764798975464584
R2,1305,0.1302085174888462,0.019870302081623957,0.1302085174888462
R2,1306,0.1511509699430602,0.019847581333974434,0.1511509699430602
R2,1307,0.12628036087728114,0.023144440216641533,0.12628036087728114
R2,1308,0.14523656817760933,0.023740904786786084,0.14523656817760933
R2,1309,0.1105912044376076,0.01730657977214199,0.1105912044376076
R2,1310,0.14557025307425528,0.01502956058038539,0.14557025307425528
R2,1311,0.13564921641893674,0.01714320745466282,0.13564921641893674
R2,1312,0.13579206089549617,0.01357996002808617,0.13579206089549617
R2,1313,0.10650238147841844,0.01525790833087415,0.10650238147841844
R2,1314,0.11887124987632151,0.013357308463657836,0.11887124987632151
R2,1315,0.13371102939113075,0.01581814774564034,0.13371102939113075
R2,1316,0.13135068533622313,0.011936611629365683,0.13135068533622313
R2,1317,0.11253087757413673,0.011640555784221376,0.11253087757413673
R2,1318,0.18213999497904032,0.021596356619366094,0.18213999497904032
R2,1319,0.1458618504877595,0.01924519284346025,0.1458618504877595
R2,1320,0.15407293998005764,0.02670778923208164,0.15407293998005764
R2,1321,0.15824316739418587,0.017644938517161656,0.15824316739418587
R2,1322,0.16770125633551042,0.021473999578039443,0.16770125633551042
R2,1323,0.10211055886925752,0.009691366079740494,0.10211055886925752
R2,1324,0.14103420838458966,0.014772799982312481,0.14103420838458966
R2,1325,0.137688464450314,0.013425309075609355,0.137688464450314
R2,1326,0.13907903545879424,0.013136900442729109,0.13907903545879424
R2,1327,0.11335640555176854,0.0181607680285393,0.11335640555176854
R2,1328,0.158393490028891,0.027262324259631963,0.158393490028891
R2,1329,0.1306096936665594,0.016678106482348465,0.1306096936665594
R2,1330,0.10596084752607941,0.014632559530268027,0.10596084752607941
R2,1331,0.15823736851829945,0.013563333297709632,0.15823736851829945
R2,1332,0.10099798580330176,0.011643564300452002,0.10099798580330176
R2,1333,0.17888282200842012,0.019042309023382366,0.17888282200842012
R2,1334,0.13467145696290703,0.018995871226955705,0.13467145696290703
R2,1335,0.14282216877529033,0.020039719776008408,0.14282216877529033
R2,1336,0.12372550441020583,0.012696142147277944,0.12372550441020583
R2,1337,0.13750492473270864,0.01636789118868275,0.13750492473270864
R2,1338,0.13693736545968277,0.014104082951703312,0.13693736545968277
R2,1339,0.12087208768400555,0.019913853445153014,0.12087208768400555
R2,1340,0.15516839317133008,0.017355618851344748,0.15516839317133008
R2,1341,0.13027447964136793,0.011821977908249721,0.13027447964136793
R2,1342,0.14111411321850306,0.01505268921963008,0.14111411321850306
R2,1343,0.1690009837674613,0.012648446794974937,0.1690009837674613
R2,1344,0.1302657135001922,0.012540470014373318,0.1302657135001922
R2,1345,0.14601898609683509,0.014653972952513927,0.14601898609683509
R2,1346,0.1350272140088446,0.014091291658018654,0.1350272140088446
R2,1347,0.13848071465215084,0.017892995068737202,0.13848071465215084
R2,1348,0.11413242471019167,0.013964046660949905,0.11413242471019167
R2,1349,0.15199433657796219,0.033021277113045006,0.15199433657796219
R2,1350,0.12498079991976936,0.013459662763244177,0.12498079991976936
R2,1351,0.11382059734067472,0.013254315170477125,0.11382059734067472
R2,1352,0.14664321095716812,0.016712353892077165,0.14664321095716812
R2,1353,0.11516611765550477,0.013066054492359166,0.11516611765550477
R2,1354,0.13588582774862237,0.012946499463555762,0.13588582774862237
R2,1355,0.12996608395638692,0.026522259550557974,0.12996608395638692
R2,1356,0.10968483116031348,0.013850805062218727,0.10968483116031348
R2,1357,0.14523536706669,0.012521347856181865,0.14523536706669
R2,1358,0.1270054926301885,0.014957406127585669,0.1270054926301885
R2,1359,0.11206243488945114,0.013863966513853541,0.11206243488945114
R2,1360,0.17470152316748427,0.016236148361512586,0.17470152316748427
R2,1361,0.13924872406409458,0.018215394104466775,0.13924872406409458
R2,1362,0.13981083643919026,0.01744786293904669,0.13981083643919026
R2,1363,0.12183727087599622,0.01123879779573054,0.12183727087599622
R2,1364,0.12062573737218908,0.01602575444094576,0.12062573737218908
R2,1365,0.12275805083393287,0.01784122366376973,0.12275805083393287
R2,1366,0.15315224017767448,0.015349678780516228,0.15315224017767448
R2,1367,0.135640943780537,0.020765862098089675,0.135640943780537
R2,1368,0.1653557098126696,0.014509005990786542,0.1653557098126696
R2,1369,0.1479086189894547,0.014961830645921891,0.1479086189894547
R2,1370,0.11565831065182906,0.021136579895853432,0.11565831065182906
R2,1371,0.10331080728174961,0.013448000685838327,0.10331080728174961
R2,1372,0.14330581015015115,0.02074380182915296,0.14330581015015115
R2,1373,0.1377791685786322,0.014699620970227721,0.1377791685786322
R2,1374,0.1064323701550871,0.012388162961847004,0.1064323701550871
R2,1375,0.11735545016324885,0.01776104924680053,0.11735545016324885
R2,1376,0.10536719703790258,0.02171706395937107,0.10536719703790258
R2,1377,0.11694045050806741,0.01089785458475451,0.11694045050806741
R2,1378,0.1686942943785428,0.017148976495025003,0.1686942943785428
R2,1379,0.11892644189501358,0.014105190823119087,0.11892644189501358
R2,1380,0.13624238325427854,0.014556968540549246,0.13624238325427854
R2,1381,0.12395657418166034,0.012744125142791477,0.12395657418166034
R2,1382,0.11238692764117802,0.014755353287007743,0.11238692764117802
R2,1383,0.12067213285704627,0.013181769518044367,0.12067213285704627
R2,1384,0.13164742379921415,0.012070762632039949,0.13164742379921415
R2,1385,0.1185288354920401,0.019729500848352118,0.1185288354920401
R2,1386,0.1491370193990957,0.01340227122917397,0.1491370193990957
R2,1387,0.11498457614150431,0.011636316173774659,0.11498457614150431
R2,1388,0.12850094501255116,0.014917106417522863,0.12850094501255116
R2,1389,0.19636189803230672,0.029364282192146263,0.19636189803230672
R2,1390,0.1379739477924637,0.020751471053739628,0.1379739477924637
R2,1391,0.1171344244711367,0.01295292710269926,0.1171344244711367
R2,1392,0.11208858442687429,0.0175532032612988,0.11208858442687429
R2,1393,0.12743408497113248,0.01823638849144437,0.12743408497113248
R2,1394,0.1093552011816357,0.0167993184389678,0.1093552011816357
R2,1395,0.14725097716863605,0.017340234981055375,0.14725097716863605
R2,1396,0.12912855618211785,0.015058839052746891,0.12912855618211785
R2,1397,0.10976129658685731,0.014885854996485086,0.10976129658685731
R2,1398,0.1134908275702003,0.01248286020753995,0.1134908275702003
R2,1399,0.16752978673865623,0.01818588015079265,0.16752978673865623
R2,1400,0.10603773368998189,0.013157117969679456,0.10603773368998189
R2,1401,0.12068382082334543,0.015801933522348717,0.12068382082334543
R2,1402,0.18686559798057217,0.016386775518298032,0.18686559798057217
R2,1403,0.16144955869600033,0.01933465970005098,0.16144955869600033
R2,1404,0.13601360540409294,0.02088739078057157,0.13601360540409294
R2,1405,0.1357312726809134,0.012567959101902376,0.1357312726809134
R2,1406,0.13796415197755005,0.012872616594413116,0.13796415197755005
R2,1407,0.10279432205621922,0.016532261821816607,0.10279432205621922
R2,1408,0.15757535495026784,0.019549604702502086,0.15757535495026784
R2,1409,0.15983028598747318,0.015419677078881748,0.15983028598747318
R2,1410,0.13520445564344147,0.011905196905967353,0.13520445564344147
R2,1411,0.11767376058963414,0.013184384126613779,0.11767376058963414
R2,1412,0.10833201852692124,0.011839165498458626,0.10833201852692124
R2,1413,0.13448859447154413,0.01630413570882731,0.13448859447154413
R2,1414,0.11204824316767135,0.013966577678025763,0.11204824316767135
R2,1415,0.14349635399426391,0.016215144128245526,0.14349635399426391
R2,1416,0.14293878630814186,0.012678197889200216,0.14293878630814186
R2,1417,0.11490291578013254,0.013087928050752352,0.11490291578013254
R2,1418,0.14040998270929958,0.017711908134384266,0.14040998270929958
R2,1419,0.1562008617589488,0.0162504871128014,0.1562008617589488
R2,1420,0.15997920814201502,0.016963437428684114,0.15997920814201502
R2,1421,0.11525344708115728,0.01449714163319262,0.11525344708115728
R2,1422,0.09590709816560736,0.01439305704301075,0.09590709816560736
R2,1423,0.13276499574597433,0.021608961374808448,0.13276499574597433
R2,1424,0.12122085159628267,0.013025978663058503,0.12122085159628267
R2,1425,0.14201721049061633,0.01945244033540206,0.14201721049061633
R2,1426,0.13433137065668735,0.01714968302251611,0.13433137065668735
R2,1427,0.17868037402053377,0.029580259478792077,0.17868037402053377
R2,1428,0.17416173359126919,0.018528578371164933,0.17416173359126919
R2,1429,0.13844468075482452,0.017506901473414008,0.13844468075482452
R2,1430,0.16844289240499172,0.014545098760779682,0.16844289240499172
R2,1431,0.11907241414989357,0.016566883772073306,0.11907241414989357
R2,1432,0.12597700474985293,0.012026404728597869,0.12597700474985293
R2,1433,0.12312174932790021,0.02026406738370227,0.12312174932790021
R2,1434,0.12293927678693344,0.013671300113751263,0.12293927678693344
R2,1435,0.10794595294550025,0.014677080312297657,0.10794595294550025
R2,1436,0.13818170779721134,0.013533393298162413,0.13818170779721134
R2,1437,0.17394606022227732,0.02366545181177392,0.17394606022227732
R2,1438,0.1456579115948308,0.01734716829680174,0.1456579115948308
R2,1439,0.13955008370846228,0.019183448655997096,0.13955008370846228
R2,1440,0.14257635397360183,0.01680328303014751,0.14257635397360183
R2,1441,0.09327078667154438,0.011508470423178365,0.09327078667154438
R2,1442,0.1600341259327347,0.021448428661182115,0.1600341259327347
R2,1443,0.12196195572008099,0.0161764097390115,0.12196195572008099
R2,1444,0.10893808734539735,0.010697065266704787,0.10893808734539735
R2,1445,0.12901949280437003,0.015923380764704825,0.12901949280437003
R2,1446,0.13058530202974822,0.013953672678647831,0.13058530202974822
R2,1447,0.13455339169165959,0.01871515170080734,0.13455339169165959
R2,1448,0.10579417399202488,0.012977162875011139,0.10579417399202488
R2,1449,0.13237713340323576,0.018726886089982093,0.13237713340323576
R2,1450,0.15849757254112998,0.01689796214586886,0.15849757254112998
R2,1451,0.11736998454991447,0.014551183527596078,0.11736998454991447
R2,1452,0.15934491115158053,0.02155025133363529,0.15934491115158053
R2,1453,0.12689924007864967,0.014769403875071743,0.12689924007864967
R2,1454,0.14090324049737354,0.020401670733307883,0.14090324049737354
R2,1455,0.12821736616115834,0.015711886098048876,0.12821736616115834
R2,1456,0.14024727135939535,0.014203592515651552,0.14024727135939535
R2,1457,0.1697560991946508,0.017004314932476536,0.1697560991946508
R2,1458,0.11625693809155944,0.010710653625180616,0.11625693809155944
R2,1459,0.13419708792062723,0.012791954936341738,0.13419708792062723
R2,1460,0.15447428477261113,0.015350137415990292,0.15447428477261113
R2,1461,0.14387525628499165,0.014845698720132134,0.14387525628499165
R2,1462,0.11935073989514287,0.012076864668530916,0.11935073989514287
R2,1463,0.16950096747686685,0.02339716764627752,0.16950096747686685
R2,1464,0.10996964339888143,0.012415064937745506,0.10996964339888143
R2,1465,0.14256036608285647,0.01479277132047944,0.14256036608285647
R2,1466,0.10170074290711796,0.015751587418296645,0.10170074290711796
R2,1467,0.12868683891932012,0.01173260188655823,0.12868683891932012
R2,1468,0.10715497140934607,0.01196582550726715,0.10715497140934607
R2,1469,0.14557945869291603,0.014210590894486452,0.14557945869291603
R2,1470,0.15425301480674336,0.020285997973170922,0.15425301480674336
R2,1471,0.15207280343398424,0.015975090011514252,0.15207280343398424
R2,1472,0.1408387413289807,0.02010066409431264,0.1408387413289807
R2,1473,0.1465200358876802,0.017041781401090302,0.1465200358876802
R2,1474,0.14707404901266857,0.02423924651588956,0.14707404901266857
R2,1475,0.09566016204836447,0.011995848370221062,0.09566016204836447
R2,1476,0.12289841977955808,0.01546329401907682,0.12289841977955808
R2,1477,0.18281223788162212,0.018767340777098757,0.18281223788162212
R2,1478,0.16316039118318576,0.019608088286842375,0.16316039118318576
R2,1479,0.11841349707906725,0.015211435802838834,0.11841349707906725
R2,1480,0.15077458643475666,0.012417923457046861,0.15077458643475666
R2,1481,0.14023613899948095,0.013540060205947318,0.14023613899948095
R2,1482,0.11939339514645149,0.0111047159116446,0.11939339514645149
R2,1483,0.14062093004360776,0.012548162924047325,0.14062093004360776
R2,1484,0.1023245736722299,0.01765270883374767,0.1023245736722299
R2,1485,0.16305796784154467,0.016683545609943055,0.16305796784154467
R2,1486,0.15082165988672724,0.010451466821501396,0.15082165988672724
R2,1487,0.10862314754838191,0.014998894138567096,0.10862314754838191
R2,1488,0.14863139059507663,0.013887214585449269,0.14863139059507663
R2,1489,0.13096451444662438,0.02038937128376333,0.13096451444662438
R2,1490,0.1435860374434244,0.015157667754532044,0.1435860374434244
R2,1491,0.11767623338118921,0.009640528110143822,0.11767623338118921
R2,1492,0.09683817550386696,0.009524648066273048,0.09683817550386696
R2,1493,0.1615336842864257,0.0210968838323995,0.1615336842864257
R2,1494,0.11969156339064281,0.018870633588194165,0.11969156339064281
R2,1495,0.12586003455982636,0.02695624481821735,0.12586003455982636
R2,1496,0.10924289932451083,0.010352845335399114,0.10924289932451083
R2,1497,0.213164412610518,0.021289499637970197,0.213164412610518
R2,1498,0.12960368181962933,0.015942531385125584,0.12960368181962933
R2,1499,0.11366577956967767,0.010128503125347481,0.11366577956967767
R2,1500,0.12240849141347601,0.014952036169928434,0.12240849141347601
R2,1501,0.16266188946224716,0.016161518162384935,0.16266188946224716
R2,1502,0.1529293442625426,0.016800936730526527,0.1529293442625426
R2,1503,0.16734971561777753,0.0185363090113489,0.16734971561777753
R2,1504,0.13810851395434845,0.01798837403144095,0.13810851395434845
R2,1505,0.13192437932331597,0.020817386044555325,0.13192437932331597
R2,1506,0.1104961928967388,0.013500197502735121,0.1104961928967388
R2,1507,0.13541540118357653,0.021070857675277103,0.13541540118357653
R2,1508,0.13857612532062213,0.015830330680957655,0.13857612532062213
R2,1509,0.10862873220199486,0.013941966073882605,0.10862873220199486
R2,1510,0.12632215584056697,0.02038223630787129,0.12632215584056697
R2,1511,0.12635722926325754,0.014084546981131029,0.12635722926325754
R2,1512,0.10018398418106185,0.011554463866779233,0.10018398418106185
R2,1513,0.12232869176459413,0.015227751605564019,0.12232869176459413
R2,1514,0.10602417078552182,0.01198373151311768,0.10602417078552182
R2,1515,0.10864267842479339,0.0122542229446819,0.10864267842479339
R2,1516,0.13097026358434877,0.017068998829511784,0.13097026358434877
R2,1517,0.13135002563996287,0.01444964952931264,0.13135002563996287
R2,1518,0.1420068922071247,0.012136560397241763,0.1420068922071247
R2,1519,0.14390527515107202,0.015322764928783933,0.14390527515107202
R2,1520,0.13438836893219405,0.014488562316978676,0.13438836893219405
R2,1521,0.10605307911679498,0.014253293855732046,0.10605307911679498
R2,1522,0.12485234626720217,0.01104995649355201,0.12485234626720217
R2,1523,0.14431441443399506,0.020436339588131503,0.14431441443399506
R2,1524,0.11194450680903648,0.011969361515347623,0.11194450680903648
R2,1525,0.14758072763388214,0.015577550293087649,0.14758072763388214
R2,1526,0.12415109712216822,0.013777226316785334,0.12415109712216822
R2,1527,0.1275644131973932,0.014713892853014335,0.1275644131973932
R2,1528,0.13807400553604657,0.014563830020771799,0.13807400553604657
R2,1529,0.17882417388491276,0.022430919285632397,0.17882417388491276
R2,1530,0.16247942731258824,0.01585006334433174,0.16247942731258824
R2,1531,0.10100138967855204,0.012726568920996125,0.10100138967855204
R2,1532,0.17881765359416865,0.02041836574117172,0.17881765359416865
R2,1533,0.11425312270350832,0.01563080022780863,0.11425312270350832
R2,1534,0.1279912339609643,0.013243612591888618,0.1279912339609643
R2,1535,0.1174661279892251,0.013780149543702309,0.1174661279892251
R2,1536,0.11967369622007187,0.014509324645203383,0.11967369622007187
R2,1537,0.13001555369684403,0.015593451736744677,0.13001555369684403
R2,1538,0.13706340238402084,0.010172992904165047,0.13706340238402084
R2,1539,0.1446873846497721,0.015831107925355685,0.1446873846497721
R2,1540,0.1522938582811044,0.018760649862892182,0.1522938582811044
R2,1541,0.144573895487301,0.014282121990609598,0.144573895487301
R2,1542,0.14110770389855942,0.013254505603716915,0.14110770389855942
R2,1543,0.1463616594467565,0.016310271326900896,0.1463616594467565
R2,1544,0.11322446191103991,0.02306428864014227,0.11322446191103991
R2,1545,0.14031057647332168,0.014452887648479176,0.14031057647332168
R2,1546,0.16804843735072447,0.02104584592218353,0.16804843735072447
R2,1547,0.14442161928253433,0.01682146556867494,0.14442161928253433
R2,1548,0.12851338983784824,0.02407122089599307,0.12851338983784824
R2,1549,0.1307513688243957,0.017799822308578895,0.1307513688243957
R2,1550,0.11835735666718086,0.017386768343971938,0.11835735666718086
R2,1551,0.12729956885465316,0.013084287816565088,0.12729956885465316
R2,1552,0.11841654856729482,0.011769211853373108,0.11841654856729482
R2,1553,0.12146240470879428,0.018114728767142475,0.12146240470879428
R2,1554,0.13377693034194246,0.01699902392969505,0.13377693034194246
R2,1555,0.13622436415821687,0.016212791767433645,0.13622436415821687
R2,1556,0.15874564655172627,0.019567634383310707,0.15874564655172627
R2,1557,0.1327954846266441,0.010844608159235743,0.1327954846266441
R2,1558,0.11479765160553752,0.016171472776768517,0.11479765160553752
R2,1559,0.15520603129928823,0.019623400875156655,0.15520603129928823
R2,1560,0.14527587049595903,0.019544111299412355,0.14527587049595903
R2,1561,0.12768160564321293,0.018065210399973927,0.12768160564321293
R2,1562,0.12029879223907938,0.011029383489525995,0.12029879223907938
R2,1563,0.12061372020193113,0.009655283430618443,0.12061372020193113
R2,1564,0.11648166513464896,0.020045825919440798,0.11648166513464896
R2,1565,0.140766382958225,0.01646454921717218,0.140766382958225
R2,1566,0.1682667305683837,0.01924280197425031,0.1682667305683837
R2,1567,0.1620414855186974,0.014918868487968268,0.1620414855186974
R2,1568,0.15039561719308553,0.015904577203247148,0.15039561719308553
R2,1569,0.12589220249323518,0.012737883795741776,0.12589220249323518
R2,1570,0.1852051826997565,0.02685578352529326,0.1852051826997565
R2,1571,0.1237311474093939,0.015413948618570782,0.1237311474093939
R2,1572,0.15814683518965286,0.017405344029541883,0.15814683518965286
R2,1573,0.16602285443381337,0.021727913490040354,0.16602285443381337
R2,1574,0.15031489403225606,0.02005369843311917,0.15031489403225606
R2,1575,0.16726057045997542,0.017376851598415694,0.16726057045997542
R2,1576,0.15734999985649603,0.01442896899263809,0.15734999985649603
R2,1577,0.14424128898962538,0.01382316882954193,0.14424128898962538
R2,1578,0.15330901334557107,0.021416766902490964,0.15330901334557107
R2,1579,0.10033234117301665,0.011526840281814612,0.10033234117301665
R2,1580,0.1278420381038868,0.021222359443199095,0.1278420381038868
R2,1581,0.14707280552038327,0.015991467715974025,0.14707280552038327
R2,1582,0.14614702958905063,0.016417314605568688,0.14614702958905063
R2,1583,0.127013005360285,0.013420314080073362,0.127013005360285
R2,1584,0.11928492224148272,0.019255993169137293,0.11928492224148272
R2,1585,0.12013468420552842,0.013113697451400933,0.12013468420552842
R2,1586,0.1257549059800283,0.019179407149495002,0.1257549059800283
R2,1587,0.13779891736731756,0.018987397902237777,0.13779891736731756
R2,1588,0.13490084752759451,0.012231294699891423,0.13490084752759451
R2,1589,0.15874349733707785,0.012284959185398785,0.15874349733707785
R2,1590,0.16563031908610432,0.023513127119029902,0.16563031908610432
R2,1591,0.1331207468232432,0.01905962225717041,0.1331207468232432
R2,1592,0.1580401296469455,0.01311223076419811,0.1580401296469455
R2,1593,0.1289903930248877,0.012218314288164006,0.1289903930248877
R2,1594,0.13499365678677208,0.02121320565611647,0.13499365678677208
R2,1595,0.13848490711687067,0.02424911226772613,0.13848490711687067
R2,1596,0.14476469464993025,0.01660526741289071,0.14476469464993025
R2,1597,0.1166974790404342,0.0186196355325922,0.1166974790404342
R2,1598,0.1574155303249651,0.016071941245576538,0.1574155303249651
R2,1599,0.14241800037055521,0.01871380729215388,0.14241800037055521
R2,1600,0.14273259231336746,0.02171620451324197,0.14273259231336746
R2,1601,0.1421181848570909,0.012644598045683393,0.1421181848570909
R2,1602,0.13232956347722163,0.017818743121437098,0.13232956347722163
R2,1603,0.1514320779737768,0.014884897825648806,0.1514320779737768
R2,1604,0.1618073580428427,0.01849022567315861,0.1618073580428427
R2,1605,0.12780600607596573,0.011731033724692188,0.12780600607596573
R2,1606,0.13023311268907792,0.016734975778968788,0.13023311268907792
R2,1607,0.13294115832438747,0.018102897917771216,0.13294115832438747
R2,1608,0.15268168431514054,0.01731296826929214,0.15268168431514054
R2,1609,0.12315809671443298,0.01684000319008194,0.12315809671443298
R2,1610,0.13584704627010102,0.013264796860990666,0.13584704627010102
R2,1611,0.11283532195043067,0.014293195707289133,0.11283532195043067
R2,1612,0.15476187052601464,0.01597754642828244,0.15476187052601464
R2,1613,0.1868628858862249,0.01828536874758049,0.1868628858862249
R2,1614,0.15654303102087316,0.01685661099918507,0.15654303102087316
R2,1615,0.1167681127700674,0.012034580350225688,0.1167681127700674
R2,1616,0.15238824307058824,0.014774418492085627,0.15238824307058824
R2,1617,0.11681203277885972,0.01183452862505793,0.11681203277885972
R2,1618,0.1389871548989658,0.012315860081760865,0.1389871548989658
R2,1619,0.17896147357612055,0.022341235989361746,0.17896147357612055
R2,1620,0.1677721362569504,0.021108298077557746,0.1677721362569504
R2,1621,0.11556983481933031,0.02249504930220183,0.11556983481933031
R2,1622,0.11353708978750267,0.01122288133964078,0.11353708978750267
R2,1623,0.1293695191056334,0.014238065876243934,0.1293695191056334
R2,1624,0.12413319842268017,0.019162026533949075,0.12413319842268017
R2,1625,0.10435094280524611,0.016177464817398353,0.10435094280524611
R2,1626,0.1557249459783627,0.012930874785420817,0.1557249459783627
R2,1627,0.14730773851422535,0.01935809403127764,0.14730773851422535
R2,1628,0.1435877214189812,0.022586561913924334,0.1435877214189812
R2,1629,0.10981979559321292,0.013678490470654205,0.10981979559321292
R2,1630,0.17606489672016318,0.017689200991247985,0.17606489672016318
R2,1631,0.14627193634859204,0.015662417373395614,0.14627193634859204
R2,1632,0.12665944765541304,0.015386996625928644,0.12665944765541304
R2,1633,0.14943491094956815,0.01870887455110434,0.14943491094956815
R2,1634,0.11641831160590922,0.01303365008400388,0.11641831160590922
R2,1635,0.1561804818043646,0.025820620063396593,0.1561804818043646
R2,1636,0.17061092375241163,0.016180494074861773,0.17061092375241163
R2,1637,0.1457697571389576,0.020110976874799895,0.1457697571389576
R2,1638,0.1620919150792091,0.020695633272142324,0.1620919150792091
R2,1639,0.13821933847697826,0.0289560965632222,0.13821933847697826
R2,1640,0.11030010119547703,0.021118409271375933,0.11030010119547703
R2,1641,0.12170221772987382,0.014952750724149875,0.12170221772987382
R2,1642,0.12267117240524204,0.013292529983305401,0.12267117240524204
R2,1643,0.11929445467599237,0.016810712742130036,0.11929445467599237
R2,1644,0.1064307884146486,0.013398714104790455,0.1064307884146486
R2,1645,0.1696541203982498,0.014760838803033046,0.1696541203982498
R2,1646,0.14786432674826908,0.016415161315142538,0.14786432674826908
R2,1647,0.1353548919879616,0.02260732325940842,0.1353548919879616
R2,1648,0.13540920205793816,0.0198416375540779,0.13540920205793816
R2,1649,0.1317876505832506,0.01573680252545445,0.1317876505832506
R2,1650,0.15195421260226227,0.01793724450861736,0.15195421260226227
R2,1651,0.11396632420261571,0.013916722377615542,0.11396632420261571
R2,1652,0.12076933445832948,0.015727586281423497,0.12076933445832948
R2,1653,0.11652497003850891,0.014409632332161153,0.11652497003850891
R2,1654,0.16314412103220688,0.021342676200353843,0.16314412103220688
R2,1655,0.12638837497338204,0.016431971735994564,0.12638837497338204
R2,1656,0.15553337553880206,0.01954818938957952,0.15553337553880206
R2,1657,0.13879978167724233,0.01872898468705247,0.13879978167724233
R2,1658,0.13372816100998267,0.02348363247507979,0.13372816100998267
R2,1659,0.11827360691018875,0.016367759900709374,0.11827360691018875
R2,1660,0.11214639260524055,0.019503589181381117,0.11214639260524055
R2,1661,0.12272972924830404,0.011924408360320125,0.12272972924830404
R2,1662,0.11329928076751264,0.014828176936393154,0.11329928076751264
R2,1663,0.14781742991709365,0.020654248914832522,0.14781742991709365
R2,1664,0.11481417325993397,0.02362134800110667,0.11481417325993397
R2,1665,0.13752984032332033,0.019430500150477082,0.13752984032332033
R2,1666,0.12778533922905108,0.01582269260417488,0.12778533922905108
R2,1667,0.10854554641485571,0.015051951776216946,0.10854554641485571
R2,1668,0.103929768853589,0.010805747710644902,0.103929768853589
R2,1669,0.1401856139538696,0.02244287103880924,0.1401856139538696
R2,1670,0.10995076213766083,0.020025151475385385,0.10995076213766083
R2,1671,0.11669412793026047,0.012839481444104975,0.11669412793026047
R2,1672,0.14959705004742974,0.013276015585019757,0.14959705004742974
R2,1673,0.14188939207817947,0.017758167549404125,0.14188939207817947
R2,1674,0.1354749572452614,0.018830760164466467,0.1354749572452614
R2,1675,0.11408744452156436,0.01601749120857898,0.11408744452156436
R2,1676,0.1302335085108372,0.02055685549463642,0.1302335085108372
R2,1677,0.1074448913868186,0.014580585246807118,0.1074448913868186
R2,1678,0.15207094179885952,0.017935349195994783,0.15207094179885952
R2,1679,0.10902571580256376,0.01271399516058079,0.10902571580256376
R2,1680,0.14581228419989276,0.013513072974527352,0.14581228419989276
R2,1681,0.2125877275349277,0.02852464951252326,0.2125877275349277
R2,1682,0.16471630099754758,0.026062247890005125,0.16471630099754758
R2,1683,0.10719680588313697,0.013225204443953422,0.10719680588313697
R2,1684,0.13078007727717747,0.01474356609653225,0.13078007727717747
R2,1685,0.1089633043207647,0.018530059963938285,0.1089633043207647
R2,1686,0.12309413255949347,0.011677996884576118,0.12309413255949347
R2,1687,0.1624146955321461,0.014519015364934407,0.1624146955321461
R2,1688,0.12107334426323683,0.012611262824804192,0.12107334426323683
R2,1689,0.14242260653549957,0.021635001005638956,0.14242260653549957
R2,1690,0.11581075469067098,0.014630659329897017,0.11581075469067098
R2,1691,0.11382117541852207,0.013256044844087461,0.11382117541852207
R2,1692,0.11185070154387236,0.01465923753330707,0.11185070154387236
R2,1693,0.12734743953540392,0.016395810013621573,0.12734743953540392
R2,1694,0.11234321424733812,0.01711603374715325,0.11234321424733812
R2,1695,0.151297470183619,0.010825968474702343,0.151297470183619
R2,1696,0.13078480350981903,0.015440642157966629,0.13078480350981903
R2,1697,0.12697564627854482,0.01440831275324686,0.12697564627854482
R2,1698,0.12454994492222927,0.014707240800071025,0.12454994492222927
R2,1699,0.10404397852057055,0.0159075365019067,0.10404397852057055
R2,1700,0.16865966279814243,0.02070868407941856,0.16865966279814243
R2,1701,0.10546675166076998,0.013021708239541692,0.10546675166076998
R2,1702,0.14465873836462834,0.01385268055634782,0.14465873836462834
R2,1703,0.11950246678895513,0.011671094394517655,0.11950246678895513
R2,1704,0.121559836786072,0.01416360833062712,0.121559836786072
R2,1705,0.13839545876095177,0.01558185425207208,0.13839545876095177
R2,1706,0.15144467732083025,0.01754899079213408,0.15144467732083025
R2,1707,0.14531688987158364,0.019701060929073096,0.14531688987158364
R2,1708,0.14231635401950196,0.013273001392717728,0.14231635401950196
R2,1709,0.12149833700827499,0.021045580298846962,0.12149833700827499
R2,1710,0.19803921569061567,0.025184260144636855,0.19803921569061567
R2,1711,0.1655010069853297,0.021907651852748334,0.1655010069853297
R2,1712,0.12405965898743952,0.015186693359880064,0.12405965898743952
R2,1713,0.10788184870488329,0.01322167625812093,0.10788184870488329
R2,1714,0.13269677759586138,0.013661623199281185,0.13269677759586138
R2,1715,0.13544983124018461,0.015485601368643931,0.13544983124018461
R2,1716,0.144903415010931,0.021275581134507587,0.144903415010931
R2,1717,0.14859959041067825,0.01546404539628687,0.14859959041067825
R2,1718,0.1367807549690544,0.01937958010605597,0.1367807549690544
R2,1719,0.17958994755233532,0.02659782440671642,0.17958994755233532
R2,1720,0.1517008280390446,0.016252059933181507,0.1517008280390446
R2,1721,0.0934254235434101,0.019337010094028457,0.0934254235434101
R2,1722,0.12526622980609228,0.01660375045762856,0.12526622980609228
R2,1723,0.14549571440966158,0.01784682779906955,0.14549571440966158
R2,1724,0.09575493925763005,0.015338005383790498,0.09575493925763005
R2,1725,0.12093097026590792,0.014087173755011357,0.12093097026590792
R2,1726,0.1360083864058753,0.01948589963852695,0.1360083864058753
R2,1727,0.15052908781725355,0.016054367244316192,0.15052908781725355
R2,1728,0.14607767276940153,0.022379200568827248,0.14607767276940153
R2,1729,0.15643518013590058,0.01626248452461685,0.15643518013590058
R2,1730,0.13243762869940476,0.014168406292912732,0.13243762869940476
R2,1731,0.19079434411123453,0.03649486951509701,0.19079434411123453
R2,1732,0.12130102773310386,0.01765362658999346,0.12130102773310386
R2,1733,0.12802416454990814,0.017787208553525155,0.12802416454990814
R2,1734,0.19161492872084696,0.014828403358275977,0.19161492872084696
R2,1735,0.1496129793064927,0.01788338159247958,0.1496129793064927
R2,1736,0.14207818344787757,0.01545438057206514,0.14207818344787757
R2,1737,0.1283540892617213,0.012659950569309795,0.1283540892617213
R2,1738,0.13083052005557586,0.012535639939913669,0.13083052005557586
R2,1739,0.13518472062506948,0.0194486634566402,0.13518472062506948
R2,1740,0.11500034047967846,0.018152637803085313,0.11500034047967846
R2,1741,0.15219456606605453,0.023323407013843285,0.15219456606605453
R2,1742,0.1069722010744102,0.014398402472236432,0.1069722010744102
R2,1743,0.14458989118972582,0.014856336766990797,0.14458989118972582
R2,1744,0.14421372351204753,0.02111169207731082,0.14421372351204753
R2,1745,0.1566864047003472,0.018953185569595382,0.1566864047003472
R2,1746,0.1570238739212677,0.015296422082613819,0.1570238739212677
R2,1747,0.109137235347479,0.01294560653653495,0.109137235347479
R2,1748,0.1559243608857908,0.016065913466893008,0.1559243608857908
R2,1749,0.1370251086490921,0.02043623737409712,0.1370251086490921
R2,1750,0.1475408107765373,0.018829465498537274,0.1475408107765373
R2,1751,0.1382436918877055,0.018661844003959444,0.1382436918877055
R2,1752,0.11277542934811341,0.015367172694760903,0.11277542934811341
R2,1753,0.14095856269638996,0.02499066027999247,0.14095856269638996
R2,1754,0.15241282488384603,0.02078024601203425,0.15241282488384603
R2,1755,0.19389189680654,0.0262666854199433,0.19389189680654
R2,1756,0.1315785752383815,0.022883754689650405,0.1315785752383815
R2,1757,0.10768030441441602,0.013086453619322638,0.10768030441441602
R2,1758,0.1737491872192233,0.017897866529639976,0.1737491872192233
R2,1759,0.1303475237312281,0.013826951525621316,0.1303475237312281
R2,1760,0.13813102227110088,0.01088222242314674,0.13813102227110088
R2,1761,0.1548536781374825,0.017882823022977796,0.1548536781374825
R2,1762,0.15787787012624788,0.019215696629065904,0.15787787012624788
R2,1763,0.18161991822253273,0.017539734542884374,0.18161991822253273
R2,1764,0.10922802668928636,0.010557066074744978,0.10922802668928636
R2,1765,0.12821426823648685,0.01649102503991625,0.12821426823648685
R2,1766,0.17154766219423315,0.01650573123501876,0.17154766219423315
R2,1767,0.11733651242658936,0.013324070942870716,0.11733651242658936
R2,1768,0.09370067883994655,0.014605043638237438,0.09370067883994655
R2,1769,0.12190078116548321,0.01446999060616889,0.12190078116548321
R2,1770,0.12904678566312347,0.014015322140909812,0.12904678566312347
R2,1771,0.21459722838689732,0.02597577828483924,0.21459722838689732
R2,1772,0.12073235906982586,0.02255150398874308,0.12073235906982586
R2,1773,0.1399441189078448,0.018335937681640962,0.1399441189078448
R2,1774,0.16816746050974984,0.022487781463173498,0.16816746050974984
R2,1775,0.1163951797780429,0.015300495123578185,0.1163951797780429
R2,1776,0.15351949062796943,0.016197629926462682,0.15351949062796943
R2,1777,0.12419097270241587,0.011678714512801754,0.12419097270241587
R2,1778,0.13323219564419442,0.012993582603107385,0.13323219564419442
R2,1779,0.14343419749210887,0.017757212002744164,0.14343419749210887
R2,1780,0.12462017458887181,0.017290969411205115,0.12462017458887181
R2,1781,0.1676377146193477,0.015061389009951338,0.1676377146193477
R2,1782,0.1903020526385211,0.02656935584301205,0.1903020526385211
R2,1783,0.14028057510454803,0.03615679231488841,0.14028057510454803
R2,1784,0.11488819979653014,0.012767601177259412,0.11488819979653014
R2,1785,0.17258618747003063,0.017621569481460493,0.17258618747003063
R2,1786,0.1587180266974038,0.015419528939719419,0.1587180266974038
R2,1787,0.13353319385169854,0.014598898282534698,0.13353319385169854
R2,1788,0.12020460235638107,0.014930242797871824,0.12020460235638107
R2,1789,0.12604082287883125,0.016115018125557906,0.12604082287883125
R2,1790,0.15832088428935545,0.011556159517510442,0.15832088428935545
R2,1791,0.11683740756349388,0.013491689535541898,0.11683740756349388
R2,1792,0.10457900460674661,0.012098731360014454,0.10457900460674661
R2,1793,0.11663252402504358,0.017879338514077796,0.11663252402504358
R2,1794,0.144138104453733,0.014563966645014852,0.144138104453733
R2,1795,0.12771766406480128,0.014724631847747442,0.12771766406480128
R2,1796,0.16362398837938505,0.021555137688992476,0.16362398837938505
R2,1797,0.14540633602069314,0.012223929936315188,0.14540633602069314
R2,1798,0.13713532250695637,0.021059484322440845,0.13713532250695637
R2,1799,0.1473094050892161,0.016153052520277923,0.1473094050892161
R2,1800,0.1363204544638473,0.01590282838696212,0.1363204544638473
R2,1801,0.16253085592027577,0.021540768754454834,0.16253085592027577
R2,1802,0.2139363840860764,0.030325363242814464,0.2139363840860764
R2,1803,0.1334846196981973,0.01879888380793613,0.1334846196981973
R2,1804,0.12173896367301126,0.019166438371899238,0.12173896367301126
R2,1805,0.12276979798804029,0.012530163984927071,0.12276979798804029
R2,1806,0.1433317418377942,0.016156409831896115,0.1433317418377942
R2,1807,0.15845236950407668,0.02270756223226809,0.15845236950407668
R2,1808,0.10097412372375567,0.010648894667102133,0.10097412372375567
R2,1809,0.1300194660541451,0.020185956893278127,0.1300194660541451
R2,1810,0.13189828536201406,0.015216595252329199,0.13189828536201406
R2,1811,0.10959071397021794,0.011484704473318588,0.10959071397021794
R2,1812,0.10711714040824331,0.021976430841187177,0.10711714040824331
R2,1813,0.13579990182287696,0.01739585238877716,0.13579990182287696
R2,1814,0.12192061888884949,0.013159824840199553,0.12192061888884949
R2,1815,0.15620273325369444,0.019606203262085696,0.15620273325369444
R2,1816,0.13163364833590352,0.01260676318067453,0.13163364833590352
R2,1817,0.12342870514717516,0.01616354743204649,0.12342870514717516
R2,1818,0.12298483942959157,0.012632302904457902,0.12298483942959157
R2,1819,0.1589133816217011,0.0181999140310634,0.1589133816217011
R2,1820,0.10510036823055467,0.017534510204332315,0.10510036823055467
R2,1821,0.13315634506880203,0.014869130957943313,0.13315634506880203
R2,1822,0.13638144374945374,0.014714908683017728,0.13638144374945374
R2,1823,0.12849447162503447,0.011767732641095483,0.12849447162503447
R2,1824,0.15176090887801064,0.019506119188649255,0.15176090887801064
R2,1825,0.16547454853935936,0.013369399743179107,0.16547454853935936
R2,1826,0.11537305060260292,0.010850254576378142,0.11537305060260292
R2,1827,0.15068539922640273,0.02313781602594394,0.15068539922640273
R2,1828,0.11543970112298683,0.014991777344563634,0.11543970112298683
R2,1829,0.16398938761204898,0.01528782986302814,0.16398938761204898
R2,1830,0.11915105333238322,0.01222172374655737,0.11915105333238322
R2,1831,0.11074477463126707,0.017393149992035284,0.11074477463126707
R2,1832,0.12155980010788316,0.01090781632629201,0.12155980010788316
R2,1833,0.1310926896287269,0.01275804313769184,0.1310926896287269
R2,1834,0.12726858839924612,0.01257909987990449,0.12726858839924612
R2,1835,0.1419070433769604,0.01141334796951652,0.1419070433769604
R2,1836,0.12836337588476673,0.015866609593181567,0.12836337588476673
R2,1837,0.12459700690322169,0.016486637258174345,0.12459700690322169
R2,1838,0.11982111346184544,0.008952139052937055,0.11982111346184544
R2,1839,0.13681433493176876,0.014860061334497087,0.13681433493176876
R2,1840,0.10199698496435472,0.01073699245187815,0.10199698496435472
R2,1841,0.11323632952738458,0.011546401760884282,0.11323632952738458
R2,1842,0.14230361148704082,0.022200069071317344,0.14230361148704082
R2,1843,0.1148490982284543,0.013834102622121721,0.1148490982284543
R2,1844,0.17978391812154873,0.02154001159579644,0.17978391812154873
R2,1845,0.12156113650586445,0.016300654383413056,0.12156113650586445
R2,1846,0.15927036345922146,0.020295446280954643,0.15927036345922146
R2,1847,0.17237326052920554,0.014725070374560771,0.17237326052920554
R2,1848,0.12201215017844973,0.023842509231242332,0.12201215017844973
R2,1849,0.1378765542279092,0.013193575056134563,0.1378765542279092
R2,1850,0.1324155196954646,0.0118199084489351,0.1324155196954646
R2,1851,0.13935146908335855,0.016492763578708252,0.13935146908335855
R2,1852,0.1458429535813397,0.01294254388933139,0.1458429535813397
R2,1853,0.11461320567667158,0.012407841386576668,0.11461320567667158
R2,1854,0.1345272493091801,0.015680658389477548,0.1345272493091801
R2,1855,0.15599960095899837,0.0154958868739342,0.15599960095899837
R2,1856,0.1196231155524492,0.02141467966052619,0.1196231155524492
R2,1857,0.10522034714576514,0.011869670859051894,0.10522034714576514
R2,1858,0.14193837437593015,0.016580671441524985,0.14193837437593015
R2,1859,0.13936197708904213,0.015522604187629987,0.13936197708904213
R2,1860,0.1195807312554658,0.0149734143866363,0.1195807312554658
R2,1861,0.1624344504417512,0.03225074772222085,0.1624344504417512
R2,1862,0.18949165873180746,0.014340463255459937,0.18949165873180746
R2,1863,0.1000629639438232,0.016395846808261776,0.1000629639438232
R2,1864,0.11053455683183752,0.015490406872576626,0.11053455683183752
R2,1865,0.1298398774497362,0.013492587930273492,0.1298398774497362
R2,1866,0.13109987570647624,0.011713795795405808,0.13109987570647624
R2,1867,0.15097632324198396,0.015083616949210695,0.15097632324198396
R2,1868,0.12808643285550847,0.014758810068936895,0.12808643285550847
R2,1869,0.15422271315282868,0.026403707226739122,0.15422271315282868
R2,1870,0.14429572075653121,0.015179608221248874,0.14429572075653121
R2,1871,0.11440195341022863,0.013515729406079808,0.11440195341022863
R2,1872,0.12322149588435392,0.013050338472760109,0.12322149588435392
R2,1873,0.14118374410063933,0.019868228883417063,0.14118374410063933
R2,1874,0.1239379846280915,0.015147255992406648,0.1239379846280915
R2,1875,0.1473744398199455,0.012781614475800208,0.1473744398199455
R2,1876,0.17524973398717097,0.021916881582946728,0.17524973398717097
R2,1877,0.13479285687391848,0.009164853428768452,0.13479285687391848
R2,1878,0.10706904199433563,0.012595033480517416,0.10706904199433563
R2,1879,0.11172999953293562,0.015046160320982572,0.11172999953293562
R2,1880,0.13809315048397214,0.02336480401198297,0.13809315048397214
R2,1881,0.114171227369972,0.015919705910042756,0.114171227369972
R2,1882,0.13286763424922343,0.013977970994865231,0.13286763424922343
R2,1883,0.11271549604765561,0.01856606475432105,0.11271549604765561
R2,1884,0.12239292751031794,0.014078802149969566,0.12239292751031794
R2,1885,0.14587312748710635,0.013154084807048877,0.14587312748710635
R2,1886,0.11958127541940755,0.013988134590259391,0.11958127541940755
R2,1887,0.11709619028126397,0.015218175554732365,0.11709619028126397
R2,1888,0.1733272269829031,0.02160169719549839,0.1733272269829031
R2,1889,0.16312541139088396,0.01994799272106305,0.16312541139088396
R2,1890,0.14472171729949082,0.011479134665933416,0.14472171729949082
R2,1891,0.1013391839589317,0.011433688481202799,0.1013391839589317
R2,1892,0.12909108792003096,0.013902558533569328,0.12909108792003096
R2,1893,0.1594787612226289,0.013833102205415261,0.1594787612226289
R2,1894,0.14680000087756515,0.01806982663496795,0.14680000087756515
R2,1895,0.1418520434309109,0.010550356477409064,0.1418520434309109
R2,1896,0.19720310949165235,0.0271155466967401,0.19720310949165235
R2,1897,0.14564858711597825,0.010880804150645526,0.14564858711597825
R2,1898,0.16080935339313024,0.016672572936512902,0.16080935339313024
R2,1899,0.12002082257188185,0.014536984201028896,0.12002082257188185
R2,1900,0.13090062526725488,0.018512872217190085,0.13090062526725488
R2,1901,0.14957687882003057,0.017232529922004185,0.14957687882003057
R2,1902,0.14299464268620396,0.012136785167747256,0.14299464268620396
R2,1903,0.1790589140701285,0.02976667808728971,0.1790589140701285
R2,1904,0.12509891529374356,0.013538061753584144,0.12509891529374356
R2,1905,0.11759825237597422,0.01365427778273283,0.11759825237597422
R2,1906,0.12348590203906215,0.016083514140878736,0.12348590203906215
R2,1907,0.12784013981284978,0.014021683379656504,0.12784013981284978
R2,1908,0.12529688569231728,0.01642712802432371,0.12529688569231728
R2,1909,0.1460971209144461,0.015813925782053213,0.1460971209144461
R2,1910,0.14368852981734667,0.013251215804316555,0.14368852981734667
R2,1911,0.14281275179965067,0.016506008967093658,0.14281275179965067
R2,1912,0.13710125344252888,0.0202964197199139,0.13710125344252888
R2,1913,0.15510807852752498,0.017718365898675724,0.15510807852752498
R2,1914,0.14134645186852463,0.01958406450745225,0.14134645186852463
R2,1915,0.14808235761894023,0.01475111212231588,0.14808235761894023
R2,1916,0.10516893803945972,0.020679553304411034,0.10516893803945972
R2,1917,0.1299667991147658,0.015827182519384787,0.1299667991147658
R2,1918,0.14918029222644846,0.01736219654778676,0.14918029222644846
R2,1919,0.14014836335184924,0.01657545758518265,0.14014836335184924
R2,1920,0.1465769534323117,0.02430060215324136,0.1465769534323117
R2,1921,0.12255661249993906,0.01699514998504808,0.12255661249993906
R2,1922,0.13363871687850362,0.022672793197878117,0.13363871687850362
R2,1923,0.13213155158551348,0.022232790854403283,0.13213155158551348
R2,1924,0.11319974379295443,0.022106486526153966,0.11319974379295443
R2,1925,0.10940174402557205,0.014271375547774495,0.10940174402557205
R2,1926,0.1044235144973474,0.01254371529246372,0.1044235144973474
R2,1927,0.11165388459137456,0.01764850810100563,0.11165388459137456
R2,1928,0.14105222456082223,0.018078846629613683,0.14105222456082223
R2,1929,0.1243670116269452,0.010443529218719858,0.1243670116269452
R2,1930,0.11463402425581398,0.015707280600162864,0.11463402425581398
R2,1931,0.1448225253450816,0.017001921608204823,0.1448225253450816
R2,1932,0.13915323130624024,0.015334189007873793,0.13915323130624024
R2,1933,0.11517596537925374,0.009933617654857436,0.11517596537925374
R2,1934,0.12605230637978093,0.016737459524645296,0.12605230637978093
R2,1935,0.1518185088435681,0.01609254694917149,0.1518185088435681
R2,1936,0.10872807876941365,0.008657827503805969,0.10872807876941365
R2,1937,0.10997757917826086,0.0164153671955941,0.10997757917826086
R2,1938,0.11385129593129031,0.020632088142010292,0.11385129593129031
R2,1939,0.16530731003878876,0.015114166891153632,0.16530731003878876
R2,1940,0.1281732078180453,0.014622064279692383,0.1281732078180453
R2,1941,0.13107035766303252,0.015266960416863866,0.13107035766303252
R2,1942,0.17606330869525386,0.02181584136008054,0.17606330869525386
R2,1943,0.1188338502871607,0.013760146752610782,0.1188338502871607
R2,1944,0.12877792674511424,0.013878959579915445,0.12877792674511424
R2,1945,0.11940436214530754,0.009423891054428483,0.11940436214530754
R2,1946,0.1080183260288202,0.017530449716104034,0.1080183260288202
R2,1947,0.11606821289457268,0.013236303131194626,0.11606821289457268
R2,1948,0.12679554584249716,0.01474173171308231,0.12679554584249716
R2,1949,0.16738615483028682,0.013097904286949083,0.16738615483028682
R2,1950,0.16163742018150629,0.020119297973557996,0.16163742018150629
R2,1951,0.12519321535870775,0.018435101532636857,0.12519321535870775
R2,1952,0.11691816336671279,0.014381936869107477,0.11691816336671279
R2,1953,0.10299877854859055,0.012155921942531374,0.10299877854859055
R2,1954,0.12284765454039737,0.01021341576607433,0.12284765454039737
R2,1955,0.1747469549703865,0.028009161851329675,0.1747469549703865
R2,1956,0.14837859551034846,0.013888113972644,0.14837859551034846
R2,1957,0.12223084807996917,0.014613402999456368,0.12223084807996917
R2,1958,0.13310946866964707,0.01553726334022669,0.13310946866964707
R2,1959,0.13573334642638096,0.012407615219496413,0.13573334642638096
R2,1960,0.13024412723860798,0.015770400139796983,0.13024412723860798
R2,1961,0.14987969241067162,0.014119621605057283,0.14987969241067162
R2,1962,0.1399281522500098,0.018360420209256986,0.1399281522500098
R2,1963,0.11561709964404068,0.012233537942713245,0.11561709964404068
R2,1964,0.1168450813803684,0.01216524064967506,0.1168450813803684
R2,1965,0.20564241250018014,0.030313068429495126,0.20564241250018014
R2,1966,0.13886019356500215,0.01682338529575732,0.13886019356500215
R2,1967,0.1022460267329369,0.02503161446843401,0.1022460267329369
R2,1968,0.1613995203423201,0.015944364297871452,0.1613995203423201
R2,1969,0.15120733152178467,0.014322332652652038,0.15120733152178467
R2,1970,0.17868731522376163,0.01565878807863449,0.17868731522376163
R2,1971,0.14220170899253184,0.014202308459694236,0.14220170899253184
R2,1972,0.10494106440632098,0.017130647566004256,0.10494106440632098
R2,1973,0.13157911547258078,0.010394015313803262,0.13157911547258078
R2,1974,0.14156694580373785,0.015008871656540952,0.14156694580373785
R2,1975,0.1555972124139289,0.019442229693000815,0.1555972124139289
R2,1976,0.09009937078732974,0.014770385588260613,0.09009937078732974
R2,1977,0.1158802993812012,0.013543551635027903,0.1158802993812012
R2,1978,0.13276492913046464,0.016283234339660075,0.13276492913046464
R2,1979,0.15054468791437936,0.01568708387103868,0.15054468791437936
R2,1980,0.11851150171529637,0.017418952337338475,0.11851150171529637
R2,1981,0.1645335448249199,0.020784262304528345,0.1645335448249199
R2,1982,0.10842401786752043,0.02134552762556399,0.10842401786752043
R2,1983,0.14368396011840986,0.01879243580189113,0.14368396011840986
R2,1984,0.11669427570805353,0.015765014864325928,0.11669427570805353
R2,1985,0.1259919574818153,0.015290347478290877,0.1259919574818153
R2,1986,0.1399482912091316,0.013378327630836346,0.1399482912091316
R2,1987,0.18319390673506844,0.01900397257329074,0.18319390673506844
R2,1988,0.12017164537536973,0.01239942078629324,0.12017164537536973
R2,1989,0.12843013330867453,0.01677407660317755,0.12843013330867453
R2,1990,0.1322989800620694,0.013892634247006926,0.1322989800620694
R2,1991,0.15233116186434614,0.013975012639682443,0.15233116186434614
R2,1992,0.14600867156481562,0.020630205741133337,0.14600867156481562
R2,1993,0.0982491739770245,0.012204533720293448,0.0982491739770245
R2,1994,0.11062022267986932,0.012184683831297094,0.11062022267986932
R2,1995,0.11652764775500805,0.011312588795480569,0.11652764775500805
R2,1996,0.16090262299799027,0.014524268478309501,0.16090262299799027
R2,1997,0.11295112209468523,0.018191910619387564,0.11295112209468523
R2,1998,0.12751654426923803,0.01503567412126333,0.12751654426923803
R2,1999,0.11355821763061894,0.01312884250981234,0.11355821763061894
R3,1,0.11532597377693447,0.016858897943866052,0.11532597377693447
R3,2,0.1292112747077706,0.013770430715798908,0.1292112747077706
R3,3,0.17887870107523446,0.01301321909382525,0.17887870107523446
R3,4,0.14319250669881137,0.02208268832631989,0.14319250669881137
R3,5,0.17262244229089763,0.02038953936419796,0.17262244229089763
R3,6,0.12179370012520448,0.021830355094320995,0.12179370012520448
R3,7,0.11911857441480607,0.014555458738239024,0.11911857441480607
R3,8,0.10963533752429444,0.012192158998553772,0.10963533752429444
R3,9,0.15574396610582206,0.029860785742152555,0.15574396610582206
R3,10,0.1465599190231818,0.019117203435765517,0.1465599190231818
R3,11,0.16240639513034208,0.015787893785748047,0.16240639513034208
R3,12,0.18157761186314814,0.019824973432605128,0.18157761186314814
R3,13,0.13079094579230208,0.017975074702121684,0.13079094579230208
R3,14,0.11294453002802601,0.01591845155770442,0.11294453002802601
R3,15,0.11825943856894895,0.012699986456307828,0.11825943856894895
R3,16,0.11361125069688847,0.013198230238094914,0.11361125069688847
R3,17,0.14855854152226328,0.017357532838559137,0.14855854152226328
R3,18,0.12535978151565752,0.02856380780378486,0.12535978151565752
R3,19,0.1480500015660133,0.014098053301546986,0.1480500015660133
R3,20,0.1843396507615975,0.01679284273518719,0.1843396507615975
R3,21,0.13330482138091426,0.012197326966252546,0.13330482138091426
R3,22,0.16017283831594653,0.01878038843200642,0.16017283831594653
R3,23,0.13948837877476716,0.014138345633090011,0.13948837877476716
R3,24,0.159642194992533,0.016643884478979142,0.159642194992533
R3,25,0.17167620110420306,0.018891764513351252,0.17167620110420306
R3,26,0.12358555396619592,0.013795962382341563,0.12358555396619592
R3,27,0.12923612195976628,0.01513259612680176,0.12923612195976628
R3,28,0.1395709070332966,0.013388478304229777,0.1395709070332966
R3,29,0.14589483668540876,0.0146875350228306,0.14589483668540876
R3,30,0.09784036039977433,0.01184916505810168,0.09784036039977433
R3,31,0.14027956693374455,0.013967352383161468,0.14027956693374455
R3,32,0.16846336506211557,0.024070512586896374,0.16846336506211557
R3,33,0.12916547926079971,0.011514193568526787,0.12916547926079971
R3,34,0.10204921294425415,0.01590345786067377,0.10204921294425415
R3,35,0.14546296061503816,0.0286063871025227,0.14546296061503816
R3,36,0.1360382918910805,0.016455869737046696,0.1360382918910805
R3,37,0.13769972596436175,0.01446901003639261,0.13769972596436175
R3,38,0.13430234558354068,0.013833561275187676,0.13430234558354068
R3,39,0.10101772179164101,0.01510042627663601,0.10101772179164101
R3,40,0.14222591057973374,0.015161536726451558,0.14222591057973374
R3,41,0.12885272320738803,0.011324033761051054,0.12885272320738803
R3,42,0.1315865454106958,0.018109302370151625,0.1315865454106958
R3,43,0.1232391452550484,0.016131422114120556,0.1232391452550484
R3,44,0.1352387843293236,0.015236024501494125,0.1352387843293236
R3,45,0.16145330998856586,0.019393083846909215,0.16145330998856586
R3,46,0.14555041515302558,0.0110981749373667,0.14555041515302558
R3,47,0.20077107005725786,0.022434352804406567,0.20077107005725786
R3,48,0.1328822840891221,0.015258583270298916,0.1328822840891221
R3,49,0.10329301689736621,0.013214227848212592,0.10329301689736621
R3,50,0.15106887573244981,0.022771682908795533,0.15106887573244981
R3,51,0.16073221586767536,0.017693144873612166,0.16073221586767536
R3,52,0.13457460723669074,0.01269372665898204,0.13457460723669074
R3,53,0.13049465038961086,0.01604866557806549,0.13049465038961086
R3,54,0.12525098369234405,0.010819162203775441,0.12525098369234405
R3,55,0.10909702089684015,0.011773606354190839,0.10909702089684015
R3,56,0.11515578092954418,0.014207098952010248,0.11515578092954418
R3,57,0.12161097259998116,0.010213914904009906,0.12161097259998116
R3,58,0.1229041268470327,0.013215616301229778,0.1229041268470327
R3,59,0.1196758285372754,0.012039424446202452,0.1196758285372754
R3,60,0.1339382193870944,0.017749532213543386,0.1339382193870944
R3,61,0.15023464556988894,0.011438085369467874,0.15023464556988894
R3,62,0.11855325786868905,0.014473047226565857,0.11855325786868905
R3,63,0.15709131559557893,0.015480672140036024,0.15709131559557893
R3,64,0.15338956162204687,0.009863881863647053,0.15338956162204687
R3,65,0.09540308980483804,0.012318425980928548,0.09540308980483804
R3,66,0.1295244979071569,0.01464450192342817,0.1295244979071569
R3,67,0.13872930257421098,0.017586014895314802,0.13872930257421098
R3,68,0.1426429568135611,0.012197947330337564,0.1426429568135611
R3,69,0.13320282595385655,0.014506879419730459,0.13320282595385655
R3,70,0.15221503980091253,0.012779271900505467,0.15221503980091253
R3,71,0.12137101119570075,0.012797290816023347,0.12137101119570075
R3,72,0.13468352295938163,0.014205013201465413,0.13468352295938163
R3,73,0.11169188170974341,0.01146234856807786,0.11169188170974341
R3,74,0.13594153033277537,0.01699803270328335,0.13594153033277537
R3,75,0.14040949959089363,0.01692835758054422,0.14040949959089363
R3,76,0.1341045568138283,0.010440802616141201,0.1341045568138283
R3,77,0.11738225070733078,0.013530904092733758,0.11738225070733078
R3,78,0.12303410842617,0.014624691971733755,0.12303410842617
R3,79,0.10987496456607478,0.013301869023178321,0.10987496456607478
R3,80,0.11330611378420635,0.010827085250510394,0.11330611378420635
R3,81,0.18294482906749063,0.01969173638928152,0.18294482906749063
R3,82,0.16877762847079725,0.015567332841032806,0.16877762847079725
R3,83,0.11627179137012088,0.017325867148981572,0.11627179137012088
R3,84,0.13713295801802144,0.01775933096538565,0.13713295801802144
R3,85,0.13827919962305799,0.012974833952544718,0.13827919962305799
R3,86,0.14663207818059135,0.015686520971503973,0.14663207818059135
R3,87,0.18029385197373607,0.026863524226359414,0.18029385197373607
R3,88,0.10730357605013534,0.01389095002877419,0.10730357605013534
R3,89,0.12892695070435656,0.018297770431339146,0.12892695070435656
R3,90,0.1020060423815511,0.012467077593573206,0.1020060423815511
R3,91,0.1110861281558624,0.015317986874791288,0.1110861281558624
R3,92,0.16084182326776547,0.020564231936224565,0.16084182326776547
R3,93,0.16529101864178994,0.014520880613219378,0.16529101864178994
R3,94,0.10424450695491765,0.010840471025861302,0.10424450695491765
R3,95,0.12906477692923377,0.015400902656779245,0.12906477692923377
R3,96,0.13749765432832572,0.013179848707542739,0.13749765432832572
R3,97,0.13528399698359983,0.011860331607481454,0.13528399698359983
R3,98,0.1264647789002838,0.014872712688519843,0.1264647789002838
R3,99,0.15108597474434302,0.017795821983557697,0.15108597474434302
R3,100,0.12478193795671368,0.02140735928490177,0.12478193795671368
R3,101,0.14410261108807687,0.018960769480303525,0.14410261108807687
R3,102,0.14721381258472835,0.017800896374717608,0.14721381258472835
R3,103,0.16901370115127104,0.016109650018876553,0.16901370115127104
R3,104,0.16590178702422625,0.015094558254390437,0.16590178702422625
R3,105,0.11814082977188833,0.016836118274653367,0.11814082977188833
R3,106,0.12486294841244192,0.010929051370921154,0.12486294841244192
R3,107,0.10845527194089147,0.015521693154947194,0.10845527194089147
R3,108,0.10287821380500903,0.012307507180546124,0.10287821380500903
R3,109,0.11414891096669014,0.013566751155822296,0.11414891096669014
R3,110,0.1420924881364103,0.019590935612812246,0.1420924881364103
R3,111,0.11007409606262165,0.01344833083514351,0.11007409606262165
R3,112,0.13463722645395895,0.013247977659729241,0.13463722645395895
R3,113,0.13667440504176734,0.01431500737371543,0.13667440504176734
R3,114,0.17544942129833976,0.02549805905241394,0.17544942129833976
R3,115,0.12323690125573585,0.015764937107542905,0.12323690125573585
R3,116,0.1090668813811417,0.010668479360283782,0.1090668813811417
R3,117,0.15942447484101632,0.01638332167809534,0.15942447484101632
R3,118,0.1257599438469501,0.011816266762520983,0.1257599438469501
R3,119,0.10881309264836449,0.012775735152950309,0.10881309264836449
R3,120,0.14376428066040364,0.013870818298524839,0.14376428066040364
R3,121,0.12800389591300515,0.015215698829888397,0.12800389591300515
R3,122,0.11815579063387165,0.01297926027941972,0.11815579063387165
R3,123,0.16050806845628027,0.021763120625677795,0.16050806845628027
R3,124,0.1666573033712332,0.02471183060506099,0.1666573033712332
R3,125,0.11729288321186153,0.015353842042559704,0.11729288321186153
R3,126,0.13682614021456188,0.018455987048403684,0.13682614021456188
R3,127,0.10800242955031675,0.01832712795917995,0.10800242955031675
R3,128,0.12414527759222727,0.019462899168055894,0.12414527759222727
R3,129,0.13246961962285803,0.016787180587695957,0.13246961962285803
R3,130,0.18186985866681485,0.014144779591453046,0.18186985866681485
R3,131,0.15642867204613312,0.01679886225843898,0.15642867204613312
R3,132,0.12146508096480935,0.011918473862071243,0.12146508096480935
R3,133,0.12372990179866852,0.01427157303416024,0.12372990179866852
R3,134,0.12730030425855524,0.013405009790077155,0.12730030425855524
R3,135,0.16007838372156677,0.017948118425677406,0.16007838372156677
R3,136,0.12561521857584404,0.011864858291715734,0.12561521857584404
R3,137,0.11536491142366483,0.013862748341586477,0.11536491142366483
R3,138,0.10601322551742483,0.01582503123286342,0.10601322551742483
R3,139,0.12293060394452043,0.014130897203948906,0.12293060394452043
R3,140,0.14022043059879333,0.017086693414893134,0.14022043059879333
R3,141,0.15377575970539534,0.024801548981108167,0.15377575970539534
R3,142,0.11018661794383289,0.01710847362799254,0.11018661794383289
R3,143,0.15115156318610312,0.01644373275929177,0.15115156318610312
R3,144,0.14301130077430996,0.01936355025596376,0.14301130077430996
R3,145,0.132550452201579,0.015056119315821464,0.132550452201579
R3,146,0.1685217816973929,0.016808182650169663,0.1685217816973929
R3,147,0.10227548164551603,0.013497935941536771,0.10227548164551603
R3,148,0.09591519200253902,0.01661670935148352,0.09591519200253902
R3,149,0.1575343815690884,0.015819412595047665,0.1575343815690884
R3,150,0.1268157563439172,0.012046680003554197,0.1268157563439172
R3,151,0.14865112917836276,0.014671249900768563,0.14865112917836276
R3,152,0.12859470727373007,0.018438576529846182,0.12859470727373007
R3,153,0.15251671085639654,0.02116265776158068,0.15251671085639654
R3,154,0.12832365040486485,0.013989183831552865,0.12832365040486485
R3,155,0.15806192657780005,0.009965974699671145,0.15806192657780005
R3,156,0.1748611886953392,0.013894154091885495,0.1748611886953392
R3,157,0.10473463667163913,0.010297716546634122,0.10473463667163913
R3,158,0.1444724767718507,0.012259257108539683,0.1444724767718507
R3,159,0.14671139913776526,0.01558003493429688,0.14671139913776526
R3,160,0.13808648432957657,0.013547893104443938,0.13808648432957657
R3,161,0.18840786820373093,0.018172478370275504,0.18840786820373093
R3,162,0.10388825215160455,0.015456641211927795,0.10388825215160455
R3,163,0.17628317068576288,0.019975333037415725,0.17628317068576288
R3,164,0.1426445673004577,0.012842097066632386,0.1426445673004577
R3,165,0.13706653792071358,0.012707599953046385,0.13706653792071358
R3,166,0.16082368682564363,0.019564999780743823,0.16082368682564363
R3,167,0.10734117799123367,0.01731858718739217,0.10734117799123367
R3,168,0.12296677093665731,0.015283310907007967,0.12296677093665731
R3,169,0.11151841380988106,0.014864110089196424,0.11151841380988106
R3,170,0.11503078233060948,0.015751305115218793,0.11503078233060948
R3,171,0.10711745805651449,0.011423744833523198,0.10711745805651449
R3,172,0.13186810720975842,0.02127487959555371,0.13186810720975842
R3,173,0.13158278890155362,0.011906437657920672,0.13158278890155362
R3,174,0.1377046349452594,0.016728056231697642,0.1377046349452594
R3,175,0.13982779765842226,0.017116118150551394,0.13982779765842226
R3,176,0.1305649086471228,0.014457864516923416,0.1305649086471228
R3,177,0.11992876454412604,0.021529899180041025,0.11992876454412604
R3,178,0.1379788103708844,0.015978060358531172,0.1379788103708844
R3,179,0.15931378227929616,0.02427303795107945,0.15931378227929616
R3,180,0.12251078469192817,0.012011817132798901,0.12251078469192817
R3,181,0.15549553535570798,0.012098383710163167,0.15549553535570798
R3,182,0.1204390709322513,0.013061401686021509,0.1204390709322513
R3,183,0.11380004658006099,0.023155183934853444,0.11380004658006099
R3,184,0.10963550727902764,0.013321468278686821,0.10963550727902764
R3,185,0.1735775468488728,0.02212091612109555,0.1735775468488728
R3,186,0.12061346315321554,0.015424185755994382,0.12061346315321554
R3,187,0.10193086803143281,0.012660095334731678,0.10193086803143281
R3,188,0.113069879801585,0.012030438379367804,0.113069879801585
R3,189,0.09228726158985853,0.015028097806579653,0.09228726158985853
R3,190,0.10426005023273087,0.013304464473575415,0.10426005023273087
R3,191,0.11591156961382955,0.013814713747197435,0.11591156961382955
R3,192,0.15392018230425197,0.01439426111879776,0.15392018230425197
R3,193,0.1802898697850492,0.024339638178414145,0.1802898697850492
R3,194,0.17010347432783857,0.019965916151883166,0.17010347432783857
R3,195,0.1458513527565834,0.0150856140223611,0.1458513527565834
R3,196,0.16173361376807507,0.019644761455659965,0.16173361376807507
R3,197,0.10559851202723192,0.018366400146336462,0.10559851202723192
R3,198,0.1280078502622889,0.015167162139276524,0.1280078502622889
R3,199,0.13181765539498097,0.015878044711172042,0.13181765539498097
R3,200,0.1633974036883689,0.020893238670631593,0.1633974036883689
R3,201,0.12916320781095578,0.01765600287708546,0.12916320781095578
R3,202,0.12582109607131264,0.012787448890656358,0.12582109607131264
R3,203,0.16828847943508574,0.018681439424659812,0.16828847943508574
R3,204,0.12319093968994063,0.016373265784895754,0.12319093968994063
R3,205,0.11633816244803538,0.014536385410769473,0.11633816244803538
R3,206,0.14941876482386557,0.021304268727644845,0.14941876482386557
R3,207,0.11230126472733888,0.018057165819526665,0.11230126472733888
R3,208,0.14259034727569525,0.01593000546202187,0.14259034727569525
R3,209,0.14788268110634128,0.02452300225927569,0.14788268110634128
R3,210,0.14156583802061767,0.012410695203739112,0.14156583802061767
R3,211,0.12941772296788884,0.017647590117162798,0.12941772296788884
R3,212,0.15195942928876516,0.015659110650787095,0.15195942928876516
R3,213,0.11446882531368181,0.013294254559611385,0.11446882531368181
R3,214,0.12179338251398095,0.01255690054979896,0.12179338251398095
R3,215,0.13266606136011197,0.01562806718497407,0.13266606136011197
R3,216,0.12877675905627267,0.018494128897221913,0.12877675905627267
R3,217,0.11509897018069563,0.013906128015105464,0.11509897018069563
R3,218,0.11387911686342418,0.014081378224394215,0.11387911686342418
R3,219,0.14693745483269727,0.020936709196664478,0.14693745483269727
R3,220,0.12342613307529134,0.01269370571045363,0.12342613307529134
R3,221,0.13058569992968333,0.019907383543192044,0.13058569992968333
R3,222,0.10400167399535162,0.014174754278890863,0.10400167399535162
R3,223,0.11723359203822371,0.02051050658469272,0.11723359203822371
R3,224,0.14597124729976604,0.014417740895779933,0.14597124729976604
R3,225,0.15702601952840886,0.012109773561745385,0.15702601952840886
R3,226,0.12480699759255946,0.01774238626002491,0.12480699759255946
R3,227,0.1275219597246952,0.01773571877713922,0.1275219597246952
R3,228,0.12008922429140317,0.023638710194923064,0.12008922429140317
R3,229,0.1049605927055478,0.013791393123411468,0.1049605927055478
R3,230,0.1333738152194908,0.012805290591122512,0.1333738152194908
R3,231,0.09917446438360782,0.012479024601379849,0.09917446438360782
R3,232,0.17779930031853836,0.018422257857856093,0.17779930031853836
R3,233,0.14940529650982678,0.017724945981836143,0.14940529650982678
R3,234,0.15190431352273523,0.016074545048458042,0.15190431352273523
R3,235,0.08930592155353674,0.015290680796579793,0.08930592155353674
R3,236,0.10638772374574257,0.018672284364971373,0.10638772374574257
R3,237,0.10523155302605494,0.01217881918321751,0.10523155302605494
R3,238,0.13551139570924553,0.03270084684904727,0.13551139570924553
R3,239,0.11781562963952562,0.01556574711353769,0.11781562963952562
R3,240,0.15310281328017544,0.02594845815916102,0.15310281328017544
R3,241,0.16652648758565494,0.01715611533483081,0.16652648758565494
R3,242,0.11013201210144055,0.016454970856746444,0.11013201210144055
R3,243,0.1228980816863395,0.014258299024876016,0.1228980816863395
R3,244,0.10279473145301259,0.013858720080559835,0.10279473145301259
R3,245,0.10635881422871982,0.011675770141640267,0.10635881422871982
R3,246,0.11949325575366437,0.013351597832557556,0.11949325575366437
R3,247,0.1015958427140298,0.01699025486783868,0.1015958427140298
R3,248,0.1789601807807232,0.021868904034392195,0.1789601807807232
R3,249,0.12692838328880857,0.01670532877551189,0.12692838328880857
R3,250,0.1196971148546,0.012415493626034103,0.1196971148546
R3,251,0.15774252632404426,0.016017792970636532,0.15774252632404426
R3,252,0.13976200486832938,0.013987563264126502,0.13976200486832938
R3,253,0.10055684374705232,0.01375311204840232,0.10055684374705232
R3,254,0.11170962501843504,0.011727522738573463,0.11170962501843504
R3,255,0.13406275061284978,0.013207651392733525,0.13406275061284978
R3,256,0.12244946368739498,0.015867995529730755,0.12244946368739498
R3,257,0.09862760051051073,0.015196456627097671,0.09862760051051073
R3,258,0.14539147766350816,0.015850088969654133,0.14539147766350816
R3,259,0.12370092040414153,0.01535362042606131,0.12370092040414153
R3,260,0.1154998834622718,0.015204811341500467,0.1154998834622718
R3,261,0.13378408415218834,0.023346596193078512,0.13378408415218834
R3,262,0.12003599250275852,0.011500418399414288,0.12003599250275852
R3,263,0.09997360997092518,0.008830869837514183,0.09997360997092518
R3,264,0.1420379330167235,0.015697335662459733,0.1420379330167235
R3,265,0.11998205740246101,0.012887785924262464,0.11998205740246101
R3,266,0.12992127980627297,0.02388525872579715,0.12992127980627297
R3,267,0.17806443909064962,0.02060732153732312,0.17806443909064962
R3,268,0.13291636712615967,0.02113582897602324,0.13291636712615967
R3,269,0.16915895207151793,0.018921896802435514,0.16915895207151793
R3,270,0.13246607731900714,0.016208279980776827,0.13246607731900714
R3,271,0.1464871732279071,0.020594311139117045,0.1464871732279071
R3,272,0.10477028478727429,0.01624463607555835,0.10477028478727429
R3,273,0.1153211599544944,0.015180747474222834,0.1153211599544944
R3,274,0.130468091199336,0.020520277754330876,0.130468091199336
R3,275,0.1532598051807733,0.016835321655978147,0.1532598051807733
R3,276,0.10988272453616012,0.023153111137549292,0.10988272453616012
R3,277,0.14909099563589534,0.019515976679465075,0.14909099563589534
R3,278,0.1320506882083312,0.016263389510300836,0.1320506882083312
R3,279,0.16444292514909067,0.014591283052109515,0.16444292514909067
R3,280,0.11360276517433571,0.0179743880392975,0.11360276517433571
R3,281,0.1205495254412761,0.013572295690234326,0.1205495254412761
R3,282,0.15623504995830623,0.019083454697704977,0.15623504995830623
R3,283,0.08857119751908808,0.010026585509603364,0.08857119751908808
R3,284,0.137010385010203,0.023857553582023357,0.137010385010203
R3,285,0.15985276345544594,0.022203702384832543,0.15985276345544594
R3,286,0.15197463160583732,0.01390720558609187,0.15197463160583732
R3,287,0.13594462821357756,0.012222025668332871,0.13594462821357756
R3,288,0.16381012154654992,0.022837082380336715,0.16381012154654992
R3,289,0.09177714865599956,0.009687469293087244,0.09177714865599956
R3,290,0.1264081010463185,0.01512531702707655,0.1264081010463185
R3,291,0.1362920059049774,0.013565232861395025,0.1362920059049774
R3,292,0.1158120618507188,0.012525542828583976,0.1158120618507188
R3,293,0.13945380086651513,0.016167351598507802,0.13945380086651513
R3,294,0.151365949034323,0.021919754749545887,0.151365949034323
R3,295,0.10563273518277756,0.01862304230230034,0.10563273518277756
R3,296,0.14191524724368224,0.021306746374556686,0.14191524724368224
R3,297,0.1295632258397008,0.013345165754120612,0.1295632258397008
R3,298,0.11710569656041277,0.012114851074209424,0.11710569656041277
R3,299,0.10913431046508604,0.015114013593588679,0.10913431046508604
R3,300,0.15343922060931806,0.012501820381394772,0.15343922060931806
R3,301,0.1252781878880782,0.010484637035839316,0.1252781878880782
R3,302,0.10397667513565936,0.018268940377167357,0.10397667513565936
R3,303,0.11755665492135961,0.012095337805300947,0.11755665492135961
R3,304,0.13170017955800759,0.017091385325070048,0.13170017955800759
R3,305,0.13550727012695093,0.015590187536829284,0.13550727012695093
R3,306,0.15516498102994453,0.014265614173069553,0.15516498102994453
R3,307,0.12937358927176235,0.015304622850851962,0.12937358927176235
R3,308,0.14578152609849157,0.020858411171388383,0.14578152609849157
R3,309,0.1952932364377195,0.016150772793545428,0.1952932364377195
R3,310,0.1510201671957576,0.01316753333108633,0.1510201671957576
R3,311,0.14256285939060875,0.01794023329370642,0.14256285939060875
R3,312,0.1377770363210422,0.01698340252610751,0.1377770363210422
R3,313,0.14792774196974287,0.022955392424334885,0.14792774196974287
R3,314,0.13112744398625456,0.013787104301442938,0.13112744398625456
R3,315,0.10658982300573767,0.01539267709058698,0.10658982300573767
R3,316,0.1179896558156564,0.012482957547766998,0.1179896558156564
R3,317,0.13593695539488093,0.022822212944481668,0.13593695539488093
R3,318,0.12326051530534671,0.015160576767297509,0.12326051530534671
R3,319,0.11345301020466708,0.012139757193259475,0.11345301020466708
R3,320,0.18501975820630653,0.016899225464652876,0.18501975820630653
R3,321,0.11119750763577416,0.010532969104190108,0.11119750763577416
R3,322,0.10308521452250008,0.014061588108597216,0.10308521452250008
R3,323,0.10024417315745707,0.011253027129216843,0.10024417315745707
R3,324,0.14576770827872543,0.01642645817224066,0.14576770827872543
R3,325,0.08307328715352068,0.02002442187866352,0.08307328715352068
R3,326,0.18742992056128283,0.01861636095726588,0.18742992056128283
R3,327,0.12157367978958826,0.01405704975092811,0.12157367978958826
R3,328,0.10916199798288215,0.013263512443735703,0.10916199798288215
R3,329,0.13491663279551266,0.01480956143306217,0.13491663279551266
R3,330,0.11850837267579957,0.019465060537587075,0.11850837267579957
R3,331,0.12917349158199443,0.012522837519960014,0.12917349158199443
R3,332,0.11594834524770092,0.013521869068251088,0.11594834524770092
R3,333,0.16865349070275723,0.018052663115352956,0.16865349070275723
R3,334,0.1284683684156095,0.02016573174479196,0.1284683684156095
R3,335,0.10656445539168982,0.019932161158081926,0.10656445539168982
R3,336,0.15873847353386675,0.015683390715659676,0.15873847353386675
R3,337,0.1901564707405435,0.021304867582063455,0.1901564707405435
R3,338,0.13288523053866677,0.02017447422120446,0.13288523053866677
R3,339,0.148599038099894,0.012236096519557944,0.148599038099894
R3,340,0.12355276936734919,0.012780941775077426,0.12355276936734919
R3,341,0.15018621460650117,0.014329750292847797,0.15018621460650117
R3,342,0.14020581024363646,0.012678850229924196,0.14020581024363646
R3,343,0.13279884826630498,0.018477792142274654,0.13279884826630498
R3,344,0.10580377563110625,0.01362640935472209,0.10580377563110625
R3,345,0.13741726061752652,0.01521984367545142,0.13741726061752652
R3,346,0.1481618812701801,0.013365833534815543,0.1481618812701801
R3,347,0.14883921344770204,0.013911013195615173,0.14883921344770204
R3,348,0.12356739557009214,0.017715544809170976,0.12356739557009214
R3,349,0.14066665906175269,0.015809562188058048,0.14066665906175269
R3,350,0.18233742541181522,0.017862826507053047,0.18233742541181522
R3,351,0.12191647909229772,0.016304752791037106,0.12191647909229772
R3,352,0.15340716783709735,0.020145393885443393,0.15340716783709735
R3,353,0.12853897156486957,0.01287441914684036,0.12853897156486957
R3,354,0.1461374680938279,0.020763253856794266,0.1461374680938279
R3,355,0.14677881721089983,0.015066489754769024,0.14677881721089983
R3,356,0.1390896102022118,0.013064473431878191,0.1390896102022118
R3,357,0.12274513186215895,0.018372630865055146,0.12274513186215895
R3,358,0.14104355414766123,0.019286027100070213,0.14104355414766123
R3,359,0.18001963528078796,0.01613393172634164,0.18001963528078796
R3,360,0.12474203096292445,0.016414983049282357,0.12474203096292445
R3,361,0.18248545792982643,0.018441537819321195,0.18248545792982643
R3,362,0.14679822640387916,0.018374878683992096,0.14679822640387916
R3,363,0.12909557916655626,0.01568591073139206,0.12909557916655626
R3,364,0.1532729130949947,0.017094125268666212,0.1532729130949947
R3,365,0.12525119628207568,0.016870547300519397,0.12525119628207568
R3,366,0.18010613826677985,0.01600113916181006,0.18010613826677985
R3,367,0.1568673323169087,0.012998760188273003,0.1568673323169087
R3,368,0.114575228858893,0.013424674668130326,0.114575228858893
R3,369,0.15555657758582211,0.019755625901860245,0.15555657758582211
R3,370,0.18970824881229104,0.01579282127106214,0.18970824881229104
R3,371,0.10175246287120748,0.013054623684617956,0.10175246287120748
R3,372,0.12642383180184386,0.015259576971437571,0.12642383180184386
R3,373,0.14686667151006536,0.0131116284266291,0.14686667151006536
R3,374,0.12610641379657225,0.010991635698607874,0.12610641379657225
R3,375,0.12466474039224117,0.01602383106516368,0.12466474039224117
R3,376,0.127552303532466,0.014724847015573762,0.127552303532466
R3,377,0.1295529747236638,0.0156715762866046,0.1295529747236638
R3,378,0.11594813081073457,0.0171719390777566,0.11594813081073457
R3,379,0.1340572531244824,0.0132073955624757,0.1340572531244824
R3,380,0.13104023879044246,0.014678427980504075,0.13104023879044246
R3,381,0.17929692252841867,0.01438472600182029,0.17929692252841867
R3,382,0.1286058558724711,0.012796178624553659,0.1286058558724711
R3,383,0.12688661473428872,0.012704470916922575,0.12688661473428872
R3,384,0.10453436097930993,0.009366534684689837,0.10453436097930993
R3,385,0.16538563202655096,0.022258857213005145,0.16538563202655096
R3,386,0.1201627587805762,0.012513623714307021,0.1201627587805762
R3,387,0.143215213148648,0.017943957444032193,0.143215213148648
R3,388,0.11343545458770006,0.014044795519893322,0.11343545458770006
R3,389,0.10875300644060819,0.010824995049272335,0.10875300644060819
R3,390,0.0994710950045377,0.012482686047563389,0.0994710950045377
R3,391,0.15304544414177537,0.022098422392456452,0.15304544414177537
R3,392,0.13769472939331034,0.02126876549695572,0.13769472939331034
R3,393,0.13558036554397696,0.012816365426370336,0.13558036554397696
R3,394,0.16283239961856671,0.026883201959052937,0.16283239961856671
R3,395,0.13008253294041625,0.02891268299585448,0.13008253294041625
R3,396,0.13916505257064235,0.015099142192954664,0.13916505257064235
R3,397,0.11262495711886962,0.02096779683512998,0.11262495711886962
R3,398,0.12797859394908348,0.016555266824593885,0.12797859394908348
R3,399,0.11969225474823775,0.01427111037758581,0.11969225474823775
R3,400,0.10633589730852806,0.012138783489032474,0.10633589730852806
R3,401,0.11729372126375527,0.0134795043481532,0.11729372126375527
R3,402,0.14409544356555323,0.0165508675017539,0.14409544356555323
R3,403,0.09706904480693289,0.016670651876798274,0.09706904480693289
R3,404,0.15320207012049142,0.024737942905216137,0.15320207012049142
R3,405,0.1368871618967375,0.018147730638937896,0.1368871618967375
R3,406,0.1735813092296119,0.02790398246064383,0.1735813092296119
R3,407,0.15992963389679465,0.022355486987064223,0.15992963389679465
R3,408,0.08656618521071673,0.019773740923850872,0.08656618521071673
R3,409,0.13809665845742278,0.01147244725669756,0.13809665845742278
R3,410,0.1471475843390339,0.020147732604614648,0.1471475843390339
R3,411,0.1227485835233895,0.016047102425579548,0.1227485835233895
R3,412,0.13918082603590481,0.014284567605979773,0.13918082603590481
R3,413,0.1189114655129012,0.02649720961580236,0.1189114655129012
R3,414,0.12647827849076998,0.021339824473083364,0.12647827849076998
R3,415,0.12741910721545607,0.01701950546535165,0.12741910721545607
R3,416,0.15565816866448764,0.020371442063651185,0.15565816866448764
R3,417,0.12156895575085501,0.014923702138455189,0.12156895575085501
R3,418,0.11546143534262403,0.022442220754519317,0.11546143534262403
R3,419,0.14595138124284374,0.017410134422401632,0.14595138124284374
R3,420,0.12339147888981301,0.011772180308118555,0.12339147888981301
R3,421,0.15750656782097666,0.017409835785203234,0.15750656782097666
R3,422,0.14523645794002754,0.018769319283899716,0.14523645794002754
R3,423,0.10403308752312299,0.012918410435120977,0.10403308752312299
R3,424,0.11247608264616057,0.017943363338546358,0.11247608264616057
R3,425,0.10814829855614363,0.014547855506736014,0.10814829855614363
R3,426,0.1215997812405165,0.020350874204126086,0.1215997812405165
R3,427,0.11665370789069136,0.016513253021520874,0.11665370789069136
R3,428,0.14376840634640833,0.017383330809698914,0.14376840634640833
R3,429,0.10455176953876512,0.02102429758212769,0.10455176953876512
R3,430,0.14165527066134684,0.02155775024719918,0.14165527066134684
R3,431,0.1674137345961659,0.02420077541998249,0.1674137345961659
R3,432,0.10590507516317482,0.013117136197287495,0.10590507516317482
R3,433,0.17513105995798603,0.01954224409963933,0.17513105995798603
R3,434,0.11565593957947792,0.017908604044077486,0.11565593957947792
R3,435,0.10862712887121263,0.015665077262469865,0.10862712887121263
R3,436,0.14448423678342565,0.010037813431694435,0.14448423678342565
R3,437,0.09579208531874038,0.009261413617955582,0.09579208531874038
R3,438,0.13368130531523073,0.013637730957276998,0.13368130531523073
R3,439,0.09012009133753457,0.0123191110514267,0.09012009133753457
R3,440,0.0964537693437908,0.010328396244551947,0.0964537693437908
R3,441,0.11509497408876423,0.015612508275025772,0.11509497408876423
R3,442,0.11152856232626587,0.0181587233526692,0.11152856232626587
R3,443,0.1336896356368143,0.010897807257528105,0.1336896356368143
R3,444,0.13103923090184796,0.014137283031873383,0.13103923090184796
R3,445,0.16838883475093416,0.017823371094871376,0.16838883475093416
R3,446,0.10175547512341782,0.017162011230175467,0.10175547512341782
R3,447,0.12580708296064264,0.01358269572834476,0.12580708296064264
R3,448,0.13656663481005307,0.021357485116619748,0.13656663481005307
R3,449,0.1368661424790331,0.02059313489988426,0.1368661424790331
R3,450,0.11858378680679744,0.012016062276062932,0.11858378680679744
R3,451,0.14677719616615503,0.01629730352696865,0.14677719616615503
R3,452,0.13701189776228986,0.013366935049032747,0.13701189776228986
R3,453,0.13869370074736476,0.019847104929824246,0.13869370074736476
R3,454,0.12372700908060613,0.019893878250331624,0.12372700908060613
R3,455,0.1381276353233238,0.017735531949912297,0.1381276353233238
R3,456,0.18744733346962122,0.020009556298509524,0.18744733346962122
R3,457,0.12707620575773354,0.01340476666089,0.12707620575773354
R3,458,0.14349460734453776,0.018540285515039227,0.14349460734453776
R3,459,0.1330897646354059,0.0199812271303606,0.1330897646354059
R3,460,0.1422496418049184,0.013643488518513927,0.1422496418049184
R3,461,0.14596249597869368,0.015697048427164094,0.14596249597869368
R3,462,0.11998803141766186,0.011484635505254899,0.11998803141766186
R3,463,0.13004900412643158,0.015129622884703941,0.13004900412643158
R3,464,0.12622086209798014,0.010803658508227927,0.12622086209798014
R3,465,0.13681896338965768,0.015538291770911216,0.13681896338965768
R3,466,0.14553824695354223,0.013470053795338836,0.14553824695354223
R3,467,0.12507915918962736,0.0180738721101633,0.12507915918962736
R3,468,0.1182073342116422,0.011633384739520296,0.1182073342116422
R3,469,0.12405493973987612,0.014033669810101719,0.12405493973987612
R3,470,0.14502260898089767,0.017844086174740103,0.14502260898089767
R3,471,0.12973029521076418,0.01634521774803215,0.12973029521076418
R3,472,0.11940630582234874,0.015511181231701868,0.11940630582234874
R3,473,0.14367210653731546,0.01653488867601836,0.14367210653731546
R3,474,0.13871841145994368,0.01245526781013866,0.13871841145994368
R3,475,0.1585172281771749,0.01815809761210273,0.1585172281771749
R3,476,0.13425255744121586,0.014352688517318949,0.13425255744121586
R3,477,0.10967779451207027,0.01604051437946136,0.10967779451207027
R3,478,0.12559981627952674,0.012851017784842928,0.12559981627952674
R3,479,0.11561743982114846,0.01436756709091775,0.11561743982114846
R3,480,0.13408094702945406,0.011639246022961139,0.13408094702945406
R3,481,0.18707871480130792,0.028628085436047924,0.18707871480130792
R3,482,0.1301055616417651,0.013436987506875145,0.1301055616417651
R3,483,0.14089635775843973,0.015067781016017507,0.14089635775843973
R3,484,0.11505092815172556,0.016063971948930573,0.11505092815172556
R3,485,0.11237840748514852,0.01330883057030661,0.11237840748514852
R3,486,0.13202192990600517,0.017019603086017958,0.13202192990600517
R3,487,0.11884961094520971,0.015102798508933353,0.11884961094520971
R3,488,0.12293367481694906,0.012662716659639106,0.12293367481694906
R3,489,0.09313824296747121,0.01777972623131238,0.09313824296747121
R3,490,0.11256104087441945,0.012516366275737415,0.11256104087441945
R3,491,0.12702361861108055,0.011971985562223578,0.12702361861108055
R3,492,0.14560416554754746,0.016177083956742788,0.14560416554754746
R3,493,0.12958889199914825,0.016482964703961846,0.12958889199914825
R3,494,0.13139100132221038,0.011735442335835736,0.13139100132221038
R3,495,0.13254504985452525,0.014197816577328723,0.13254504985452525
R3,496,0.11500345377846377,0.012501632889421566,0.11500345377846377
R3,497,0.16649436061362635,0.022337465063113723,0.16649436061362635
R3,498,0.15711889514039826,0.01834139190345276,0.15711889514039826
R3,499,0.13560431785990018,0.014107522980432191,0.13560431785990018
R3,500,0.12589171053874343,0.015284344619834253,0.12589171053874343
R3,501,0.12974151304049208,0.01846437075913334,0.12974151304049208
R3,502,0.12869073208959256,0.019794149787249218,0.12869073208959256
R3,503,0.13670975792056209,0.017362325146078963,0.13670975792056209
R3,504,0.11512709051997363,0.015396892789838811,0.11512709051997363
R3,505,0.14617412377020667,0.01737677062611462,0.14617412377020667
R3,506,0.11660487269680343,0.021581355036223004,0.11660487269680343
R3,507,0.13951384967354155,0.017881959594555973,0.13951384967354155
R3,508,0.1684670555489651,0.019122705081490814,0.1684670555489651
R3,509,0.17013284011812088,0.014962130171196209,0.17013284011812088
R3,510,0.139666299290862,0.016652139718047524,0.139666299290862
R3,511,0.11833453876885579,0.010594396471784054,0.11833453876885579
R3,512,0.16409492738038123,0.016615362956829933,0.16409492738038123
R3,513,0.11154217084552026,0.01529883864187676,0.11154217084552026
R3,514,0.12522816379764606,0.016511751848572398,0.12522816379764606
R3,515,0.12339707039897649,0.01885523726153996,0.12339707039897649
R3,516,0.1517827619417019,0.014690001401644403,0.1517827619417019
R3,517,0.10934380147490325,0.012914430979469363,0.10934380147490325
R3,518,0.1673095259878747,0.01815320920693491,0.1673095259878747
R3,519,0.1311241857510603,0.015698828172701275,0.1311241857510603
R3,520,0.1474553670962191,0.02226851776757761,0.1474553670962191
R3,521,0.10259799231088633,0.017404428866564355,0.10259799231088633
R3,522,0.13862867852429284,0.012158407372372716,0.13862867852429284
R3,523,0.1530083486891982,0.022638178508235757,0.1530083486891982
R3,524,0.1209359640796853,0.018275434580818928,0.1209359640796853
R3,525,0.12408444194807317,0.02440555230693173,0.12408444194807317
R3,526,0.12167573635766969,0.01907142716325113,0.12167573635766969
R3,527,0.11390010001973784,0.010629169702311637,0.11390010001973784
R3,528,0.1328506123827143,0.013736552934547916,0.1328506123827143
R3,529,0.09342126631256223,0.017648007064360132,0.09342126631256223
R3,530,0.17550556145188206,0.015621079176404524,0.17550556145188206
R3,531,0.1864084399399398,0.027199391158368714,0.1864084399399398
R3,532,0.1325117696233578,0.013283719937234794,0.1325117696233578
R3,533,0.13573774308061795,0.015697157073761705,0.13573774308061795
R3,534,0.10852230720041625,0.017062975769847243,0.10852230720041625
R3,535,0.14886663980479048,0.017293316348788713,0.14886663980479048
R3,536,0.15071297458179397,0.020500058148729176,0.15071297458179397
R3,537,0.12448184276664516,0.01374949221080085,0.12448184276664516
R3,538,0.1402549820259482,0.015986618069393974,0.1402549820259482
R3,539,0.13649608078215272,0.016564929795223893,0.13649608078215272
R3,540,0.1452483670443942,0.023805044288105412,0.1452483670443942
R3,541,0.13971199025429062,0.021077068611422348,0.13971199025429062
R3,542,0.16589980487719605,0.025496105313152155,0.16589980487719605
R3,543,0.12202300089704195,0.012379025865557735,0.12202300089704195
R3,544,0.1393603527779056,0.012126189919858282,0.1393603527779056
R3,545,0.13021922751501228,0.016671221726804464,0.13021922751501228
R3,546,0.21379252410441782,0.0163089786578655,0.21379252410441782
R3,547,0.13503216963986808,0.016393920692104248,0.13503216963986808
R3,548,0.1083835603975382,0.015781815628740457,0.1083835603975382
R3,549,0.10474068501960546,0.012671081390166055,0.10474068501960546
R3,550,0.17016155334557234,0.030733394901090064,0.17016155334557234
R3,551,0.1414624174122413,0.014553309217655646,0.1414624174122413
R3,552,0.14326604395480128,0.020326418500903897,0.14326604395480128
R3,553,0.10522346782003736,0.01624624279441484,0.10522346782003736
R3,554,0.11393153924036205,0.016713656349587637,0.11393153924036205
R3,555,0.12284762495656877,0.01928408230953546,0.12284762495656877
R3,556,0.14477799770023683,0.016497632832809455,0.14477799770023683
R3,557,0.1262627496431069,0.013808883189396125,0.1262627496431069
R3,558,0.10676407393432616,0.013164172614369222,0.10676407393432616
R3,559,0.10372118723425752,0.016293494194353386,0.10372118723425752
R3,560,0.16529008252811817,0.012847117317958717,0.16529008252811817
R3,561,0.13294868917038347,0.011888174263366313,0.13294868917038347
R3,562,0.14248456629037767,0.02071193443282666,0.14248456629037767
R3,563,0.11755568847452276,0.014291246893721821,0.11755568847452276
R3,564,0.12727296883221476,0.012634270794220246,0.12727296883221476
R3,565,0.10057336840334495,0.010282088436969521,0.10057336840334495
R3,566,0.1348981839034395,0.032293090541377516,0.1348981839034395
R3,567,0.11453508105453586,0.013386568290802538,0.11453508105453586
R3,568,0.1430086073671775,0.020811678923912672,0.1430086073671775
R3,569,0.13328377668136665,0.013991163210318007,0.13328377668136665
R3,570,0.12727916453283977,0.021029973673923365,0.12727916453283977
R3,571,0.1293956039127783,0.010898330676422931,0.1293956039127783
R3,572,0.1531853273911775,0.029405483138573506,0.1531853273911775
R3,573,0.11846320916057562,0.013644451117589865,0.11846320916057562
R3,574,0.11424700811689892,0.020060051554723672,0.11424700811689892
R3,575,0.12926544688892203,0.011503872117027069,0.12926544688892203
R3,576,0.17146796546302326,0.021786966350741753,0.17146796546302326
R3,577,0.1270424364917184,0.013325765855550738,0.1270424364917184
R3,578,0.13675339490987926,0.016286536505904357,0.13675339490987926
R3,579,0.14469618675921214,0.01694868284223009,0.14469618675921214
R3,580,0.12050640494366817,0.016682754145676073,0.12050640494366817
R3,581,0.16228153214849247,0.017596441764419945,0.16228153214849247
R3,582,0.10461178408993688,0.01119910309986798,0.10461178408993688
R3,583,0.14714988760184017,0.01880381952627612,0.14714988760184017
R3,584,0.1320289142197669,0.015738907685193895,0.1320289142197669
R3,585,0.13382169393528157,0.021874368095007965,0.13382169393528157
R3,586,0.13518518213584457,0.026433927920762827,0.13518518213584457
R3,587,0.11700015421543751,0.01704894100863362,0.11700015421543751
R3,588,0.13812264021082518,0.016204057662131448,0.13812264021082518
R3,589,0.1466527641708353,0.016680744610369853,0.1466527641708353
R3,590,0.11529753415074873,0.011165733399183727,0.11529753415074873
R3,591,0.12411686485238464,0.014923203400610138,0.12411686485238464
R3,592,0.09936731947953116,0.015074330313240986,0.09936731947953116
R3,593,0.1605434752547818,0.024900613156974352,0.1605434752547818
R3,594,0.2394225842644538,0.024115412964278608,0.2394225842644538
R3,595,0.130462533673773,0.01655629914221842,0.130462533673773
R3,596,0.1035354460726272,0.011763879888897587,0.1035354460726272
R3,597,0.133717967984298,0.012845370785999545,0.133717967984298
R3,598,0.13848952358468292,0.012292268541671383,0.13848952358468292
R3,599,0.11577698004256075,0.014996160119741347,0.11577698004256075
R3,600,0.17126892486689477,0.014450609882393328,0.17126892486689477
R3,601,0.15019748743606381,0.012960246321569053,0.15019748743606381
R3,602,0.1250409818339738,0.015173114941759332,0.1250409818339738
R3,603,0.15966361651765756,0.029127580426459673,0.15966361651765756
R3,604,0.10148442340745353,0.01491484532448906,0.10148442340745353
R3,605,0.14937606175877985,0.011776440124196465,0.14937606175877985
R3,606,0.1258272107634969,0.01862480634741947,0.1258272107634969
R3,607,0.13323952713814483,0.0261898893283946,0.13323952713814483
R3,608,0.14217299987041052,0.016881717944265153,0.14217299987041052
R3,609,0.17611667199947081,0.01858946579508614,0.17611667199947081
R3,610,0.1372779480936985,0.017571885125390454,0.1372779480936985
R3,611,0.1118108741462912,0.01894470697808415,0.1118108741462912
R3,612,0.10805894169604872,0.020001634670062725,0.10805894169604872
R3,613,0.1281534288653118,0.01804985515146857,0.1281534288653118
R3,614,0.145337322624125,0.016805912811666556,0.145337322624125
R3,615,0.16080771185513507,0.019624193231373224,0.16080771185513507
R3,616,0.10717295399928393,0.011005191340391194,0.10717295399928393
R3,617,0.13484563447443754,0.02195577327242335,0.13484563447443754
R3,618,0.13099124091171954,0.02057837740916719,0.13099124091171954
R3,619,0.11772212901075829,0.015116842453704302,0.11772212901075829
R3,620,0.11269567276348644,0.01637112767663435,0.11269567276348644
R3,621,0.10676384826192362,0.0139406342193922,0.10676384826192362
R3,622,0.14710104469275248,0.016123415752622366,0.14710104469275248
R3,623,0.11941097001103473,0.013308583319473368,0.11941097001103473
R3,624,0.13500584327513795,0.024797413018690997,0.13500584327513795
R3,625,0.14095165563644674,0.015264361059244459,0.14095165563644674
R3,626,0.12601487391389507,0.01686813274674506,0.12601487391389507
R3,627,0.18848867738406533,0.01606773764416404,0.18848867738406533
R3,628,0.1332257490486259,0.01728011875708695,0.1332257490486259
R3,629,0.14570776611886882,0.018997620903705086,0.14570776611886882
R3,630,0.10429461865937646,0.018058721789600718,0.10429461865937646
R3,631,0.12004908621121234,0.011794515568526799,0.12004908621121234
R3,632,0.1535748232492643,0.01689202061352514,0.1535748232492643
R3,633,0.14262369902992414,0.01687994621431736,0.14262369902992414
R3,634,0.12207090174767464,0.01585565841562742,0.12207090174767464
R3,635,0.11121206330997419,0.012603510610438034,0.11121206330997419
R3,636,0.15367671898107352,0.016638751425482098,0.15367671898107352
R3,637,0.11806624098669931,0.011586703391816605,0.11806624098669931
R3,638,0.11351715434541827,0.012622009092181459,0.11351715434541827
R3,639,0.15525417789646107,0.015182669187612916,0.15525417789646107
R3,640,0.1412159163616053,0.013971093591793673,0.1412159163616053
R3,641,0.10958019565247597,0.012169770782013253,0.10958019565247597
R3,642,0.13409135821503038,0.01025857694701184,0.13409135821503038
R3,643,0.11894894211834793,0.0156112910974118,0.11894894211834793
R3,644,0.13032007844706117,0.016526169783007243,0.13032007844706117
R3,645,0.15880096218745085,0.027195168350176237,0.15880096218745085
R3,646,0.17660190526474015,0.017558815585264856,0.17660190526474015
R3,647,0.1459588102158949,0.030232182894345278,0.1459588102158949
R3,648,0.10962386589783789,0.01824111108610037,0.10962386589783789
R3,649,0.09765120265717926,0.018038209056554674,0.09765120265717926
R3,650,0.18591906353965326,0.020930993494149154,0.18591906353965326
R3,651,0.12849138859324044,0.015254070847934993,0.12849138859324044
R3,652,0.13769953597865667,0.01566484846112541,0.13769953597865667
R3,653,0.11773556815940867,0.014170013263793647,0.11773556815940867
R3,654,0.13693058599709337,0.014083587794512796,0.13693058599709337
R3,655,0.12211749891977565,0.01035158931872241,0.12211749891977565
R3,656,0.09625845953842004,0.016022152705930867,0.09625845953842004
R3,657,0.13525165920088625,0.012328444035231504,0.13525165920088625
R3,658,0.145955121374457,0.01564295900366676,0.145955121374457
R3,659,0.10826493582415522,0.012051323611588028,0.10826493582415522
R3,660,0.11671468561373582,0.013406332590076089,0.11671468561373582
R3,661,0.12595691820300867,0.013050922813969404,0.12595691820300867
R3,662,0.14767408244616934,0.01445768089003462,0.14767408244616934
R3,663,0.18186212914953598,0.01801667215228886,0.18186212914953598
R3,664,0.12008642892692502,0.012615599763065796,0.12008642892692502
R3,665,0.13469320456427042,0.013320126278838853,0.13469320456427042
R3,666,0.15752391892866607,0.014070689366834923,0.15752391892866607
R3,667,0.12125165600132738,0.012811480007962322,0.12125165600132738
R3,668,0.12726096214946833,0.017531519444158785,0.12726096214946833
R3,669,0.13505415671284546,0.013506378745446709,0.13505415671284546
R3,670,0.1386761922826316,0.018955487672576814,0.1386761922826316
R3,671,0.12677942032976083,0.010947774371996254,0.12677942032976083
R3,672,0.12268794188783917,0.013899264886732573,0.12268794188783917
R3,673,0.10923212008537588,0.013536316013132526,0.10923212008537588
R3,674,0.14687296754602885,0.025268056419014074,0.14687296754602885
R3,675,0.13569762135362248,0.013444022582719421,0.13569762135362248
R3,676,0.10512896841334235,0.014369661518996293,0.10512896841334235
R3,677,0.12907931081982818,0.025915288356925602,0.12907931081982818
R3,678,0.14888173580653508,0.01967557294953156,0.14888173580653508
R3,679,0.13440345936232878,0.013851926767720145,0.13440345936232878
R3,680,0.10732068015167134,0.00953595976123426,0.10732068015167134
R3,681,0.15054960087309746,0.017560540541356518,0.15054960087309746
R3,682,0.13246702799698243,0.011964161986247989,0.13246702799698243
R3,683,0.1673196606613888,0.02180347761963382,0.1673196606613888
R3,684,0.1717101706952394,0.021951331461816364,0.1717101706952394
R3,685,0.14475621219839516,0.016434753569985156,0.14475621219839516
R3,686,0.15695107127605523,0.012307351443216239,0.15695107127605523
R3,687,0.1657415283704002,0.02009960499134352,0.1657415283704002
R3,688,0.12714274258620792,0.015167559819631781,0.12714274258620792
R3,689,0.13910817493865382,0.017613501902565117,0.13910817493865382
R3,690,0.13463953439609305,0.017951439543789492,0.13463953439609305
R3,691,0.15170594193725576,0.01740439805102847,0.15170594193725576
R3,692,0.15318826611236175,0.015055477129958644,0.15318826611236175
R3,693,0.13893117288325385,0.014897239870734944,0.13893117288325385
R3,694,0.11701917843101615,0.018698435402411923,0.11701917843101615
R3,695,0.12863633042635905,0.01332520365547693,0.12863633042635905
R3,696,0.1353927322672715,0.012266997542741706,0.1353927322672715
R3,697,0.12182053603021975,0.019687075865480234,0.12182053603021975
R3,698,0.14938542869511665,0.020187870374149285,0.14938542869511665
R3,699,0.1298449561115869,0.012071236896174195,0.1298449561115869
R3,700,0.13875637394087048,0.0131499487193218,0.13875637394087048
R3,701,0.08991815245188996,0.01158077888580572,0.08991815245188996
R3,702,0.12521659950709002,0.016087498463969056,0.12521659950709002
R3,703,0.10245782770509741,0.009486265071635976,0.10245782770509741
R3,704,0.1589352609321567,0.021264728774390947,0.1589352609321567
R3,705,0.153492385428964,0.011996749873962197,0.153492385428964
R3,706,0.12240341287488075,0.01642249034491743,0.12240341287488075
R3,707,0.09952573164277417,0.012610149349279447,0.09952573164277417
R3,708,0.18019529611821325,0.01716161254368387,0.18019529611821325
R3,709,0.14348054037874952,0.015689672239124933,0.14348054037874952
R3,710,0.11242107792523888,0.010842591558677782,0.11242107792523888
R3,711,0.13157408229752418,0.011456073651145303,0.13157408229752418
R3,712,0.17416514111909978,0.02237447062442688,0.17416514111909978
R3,713,0.13946706151183236,0.018983657404964223,0.13946706151183236
R3,714,0.14802761219535934,0.012743797030527127,0.14802761219535934
R3,715,0.12094297531184427,0.016006953931894684,0.12094297531184427
R3,716,0.11901765332546357,0.012127988415273587,0.11901765332546357
R3,717,0.13028983235965266,0.016073449756603114,0.13028983235965266
R3,718,0.1507102736793257,0.017407348316365357,0.1507102736793257
R3,719,0.09990819166195465,0.010044270139716927,0.09990819166195465
R3,720,0.13153947981037065,0.012179893453947764,0.13153947981037065
R3,721,0.13028387474873424,0.01793441276308105,0.13028387474873424
R3,722,0.10638791520483298,0.012015031837991316,0.10638791520483298
R3,723,0.1255420447265105,0.029828754712280796,0.1255420447265105
R3,724,0.12154824005966663,0.013621777448509207,0.12154824005966663
R3,725,0.14854999376176095,0.013527052722300172,0.14854999376176095
R3,726,0.11719312225016251,0.01090488217780714,0.11719312225016251
R3,727,0.10034477998463988,0.01076354219232044,0.10034477998463988
R3,728,0.11697328812864925,0.014945196541286237,0.11697328812864925
R3,729,0.12137249005192136,0.020769519108012034,0.12137249005192136
R3,730,0.11438813503251784,0.014784893362293196,0.11438813503251784
R3,731,0.13652727627471528,0.01470833857341545,0.13652727627471528
R3,732,0.15921404330210254,0.02456444807938296,0.15921404330210254
R3,733,0.1229032098026765,0.011070483700060892,0.1229032098026765
R3,734,0.13209346418530635,0.015580002976349348,0.13209346418530635
R3,735,0.0963590032331648,0.01357644187958698,0.0963590032331648
R3,736,0.13976708930612317,0.014834691918188635,0.13976708930612317
R3,737,0.15485726595793856,0.015406529243118194,0.15485726595793856
R3,738,0.13577783529368992,0.014135058521357796,0.13577783529368992
R3,739,0.10384234900741227,0.017951748132972956,0.10384234900741227
R3,740,0.11483248604875777,0.012426411400873666,0.11483248604875777
R3,741,0.13489476050579233,0.01590040990904222,0.13489476050579233
R3,742,0.1569396614666419,0.01538918267613914,0.1569396614666419
R3,743,0.1326265238194362,0.018484948164327,0.1326265238194362
R3,744,0.1340652858232616,0.025651842068359333,0.1340652858232616
R3,745,0.18187819572896857,0.026412624986265707,0.18187819572896857
R3,746,0.13662854847512743,0.019098233574222783,0.13662854847512743
R3,747,0.2101355856674692,0.026137580312890117,0.2101355856674692
R3,748,0.1170211519200714,0.013731940373274177,0.1170211519200714
R3,749,0.11568626034558849,0.011614450657653045,0.11568626034558849
R3,750,0.1442300002290567,0.01646434294348266,0.1442300002290567
R3,751,0.1318284275788281,0.015274872988090448,0.1318284275788281
R3,752,0.16644557881155375,0.012235262940964628,0.16644557881155375
R3,753,0.1273031613794701,0.014038503816038028,0.1273031613794701
R3,754,0.10808328794718376,0.012625934484924037,0.10808328794718376
R3,755,0.12127387582496163,0.014763224771553332,0.12127387582496163
R3,756,0.12797279256222807,0.018272339440820403,0.12797279256222807
R3,757,0.1150095474596905,0.011297346363430563,0.1150095474596905
R3,758,0.15669235207251525,0.012437049967130746,0.15669235207251525
R3,759,0.10427735339573017,0.012612275535124787,0.10427735339573017
R3,760,0.1354980059154904,0.01818968970789165,0.1354980059154904
R3,761,0.13198370231552625,0.012740594779810021,0.13198370231552625
R3,762,0.13557117446327122,0.015580262307133445,0.13557117446327122
R3,763,0.09883870180416748,0.01258650957221379,0.09883870180416748
R3,764,0.1455456774399876,0.019814277935248727,0.1455456774399876
R3,765,0.15711350123104856,0.018034922259629587,0.15711350123104856
R3,766,0.13554833156099025,0.019208254605429232,0.13554833156099025
R3,767,0.14689926456154212,0.012161526625482715,0.14689926456154212
R3,768,0.1233348161041411,0.016408912506399146,0.1233348161041411
R3,769,0.11011276423582554,0.010846925937784739,0.11011276423582554
R3,770,0.13821135587141334,0.016354813408978167,0.13821135587141334
R3,771,0.1577225670321566,0.020312192230914412,0.1577225670321566
R3,772,0.17781777340357763,0.019042381375714672,0.17781777340357763
R3,773,0.11777159492249277,0.019847516509658308,0.11777159492249277
R3,774,0.1442639547092348,0.014398972288501705,0.1442639547092348
R3,775,0.10955595725533566,0.014853431540469765,0.10955595725533566
R3,776,0.10809201958612875,0.010342417076354327,0.10809201958612875
R3,777,0.13736506447597768,0.015380847399393521,0.13736506447597768
R3,778,0.11005105225165691,0.012120073450295577,0.11005105225165691
R3,779,0.14993907960382544,0.019288342404488415,0.14993907960382544
R3,780,0.13366958740216076,0.01801006963656382,0.13366958740216076
R3,781,0.12329735200000133,0.012242373677528779,0.12329735200000133
R3,782,0.1254698210507957,0.015765379048864967,0.1254698210507957
R3,783,0.14760539033330042,0.014072188145501228,0.14760539033330042
R3,784,0.18759490042280152,0.02383498967095955,0.18759490042280152
R3,785,0.1209607689612831,0.012508515793239736,0.1209607689612831
R3,786,0.1186869181966475,0.019209192165800294,0.1186869181966475
R3,787,0.08886181131576124,0.013630026479268677,0.08886181131576124
R3,788,0.11083855700339831,0.015230956128292162,0.11083855700339831
R3,789,0.13722168645176192,0.014852144837075532,0.13722168645176192
R3,790,0.12454250549571379,0.012801847311234307,0.12454250549571379
R3,791,0.1773201741992387,0.016875301634162246,0.1773201741992387
R3,792,0.1186557012242203,0.0179171556294887,0.1186557012242203
R3,793,0.1503082321102016,0.012269614367084795,0.1503082321102016
R3,794,0.11300013583439725,0.01392002688659988,0.11300013583439725
R3,795,0.12612211544387075,0.013616939886829372,0.12612211544387075
R3,796,0.08983833139872892,0.01473729426762232,0.08983833139872892
R3,797,0.1589132686424011,0.013854516647567981,0.1589132686424011
R3,798,0.12319834831216088,0.019041824119085664,0.12319834831216088
R3,799,0.11925850566705899,0.011884297958589677,0.11925850566705899
R3,800,0.15361274815678042,0.025551894893863406,0.15361274815678042
R3,801,0.16702238968983296,0.0144846285925729,0.16702238968983296
R3,802,0.12206175571517264,0.012636974978895422,0.12206175571517264
R3,803,0.14845937718653265,0.0200429902117056,0.14845937718653265
R3,804,0.11187842490848822,0.009367695727991841,0.11187842490848822
R3,805,0.14524866357537886,0.01876872606290389,0.14524866357537886
R3,806,0.12330903872560363,0.017953481068755293,0.12330903872560363
R3,807,0.12699304860934577,0.013602400057281043,0.12699304860934577
R3,808,0.12006463174869024,0.013882328514317276,0.12006463174869024
R3,809,0.12536132902783395,0.015616678981213189,0.12536132902783395
R3,810,0.1520920768017871,0.018518660921541072,0.1520920768017871
R3,811,0.1264123510193801,0.012770327403948244,0.1264123510193801
R3,812,0.14228518948493793,0.01618187302481716,0.14228518948493793
R3,813,0.15190746651403297,0.012178709198666102,0.15190746651403297
R3,814,0.1253219786955942,0.013168604487118794,0.1253219786955942
R3,815,0.11478674900793455,0.015111962292146754,0.11478674900793455
R3,816,0.10274590698318166,0.015776374351732646,0.10274590698318166
R3,817,0.14117168613301542,0.011801811844924463,0.14117168613301542
R3,818,0.09843581270585977,0.012244545265700794,0.09843581270585977
R3,819,0.19734210850877118,0.030719630882146024,0.19734210850877118
R3,820,0.13471263132258834,0.01384771691097464,0.13471263132258834
R3,821,0.1521983307936767,0.01484843899473479,0.1521983307936767
R3,822,0.11971318433564966,0.012245273951294437,0.11971318433564966
R3,823,0.13583764903764686,0.015721899264793775,0.13583764903764686
R3,824,0.1303758435397945,0.017121285600379486,0.1303758435397945
R3,825,0.13599180225570248,0.013232675259566265,0.13599180225570248
R3,826,0.11390581082402913,0.011504504574075978,0.11390581082402913
R3,827,0.13348210288936269,0.018272057009979387,0.13348210288936269
R3,828,0.10813213931206604,0.018420702646854525,0.10813213931206604
R3,829,0.10341790134733149,0.01534501301357824,0.10341790134733149
R3,830,0.16128203152341744,0.02324987910804683,0.16128203152341744
R3,831,0.15295501310654644,0.015292550541816568,0.15295501310654644
R3,832,0.14800991308436667,0.021196082700309492,0.14800991308436667
R3,833,0.12756840644068404,0.015646751977733,0.12756840644068404
R3,834,0.13403447522127898,0.01203908612795389,0.13403447522127898
R3,835,0.11053066660781935,0.012017914518341194,0.11053066660781935
R3,836,0.15174562293680874,0.010910697344082879,0.15174562293680874
R3,837,0.13852232038180698,0.015304404761471622,0.13852232038180698
R3,838,0.10958295677546177,0.010367867524602701,0.10958295677546177
R3,839,0.11856884470009,0.01315459467843757,0.11856884470009
R3,840,0.16729570765615548,0.01741410256227918,0.16729570765615548
R3,841,0.12664253923441338,0.01298789323530686,0.12664253923441338
R3,842,0.13132634173770535,0.017167136065323853,0.13132634173770535
R3,843,0.17131217912765742,0.023362376734365097,0.17131217912765742
R3,844,0.1340337111958419,0.015558996934531492,0.1340337111958419
R3,845,0.13117248530406386,0.015864233304074455,0.13117248530406386
R3,846,0.16989964019877124,0.023744441688508883,0.16989964019877124
R3,847,0.14091441856337675,0.01358056216590152,0.14091441856337675
R3,848,0.12256454598222045,0.014990511959415618,0.12256454598222045
R3,849,0.14484481858893822,0.012099602311979183,0.14484481858893822
R3,850,0.1284808556553066,0.01596336493682014,0.1284808556553066
R3,851,0.12771855233680934,0.013538804471416201,0.12771855233680934
R3,852,0.13398550879983118,0.011133028275887814,0.13398550879983118
R3,853,0.1574190887128658,0.023215906317439357,0.1574190887128658
R3,854,0.13668383665153644,0.01792051037146554,0.13668383665153644
R3,855,0.14827345953493157,0.011476959900726726,0.14827345953493157
R3,856,0.12148895852712395,0.019522373063183794,0.12148895852712395
R3,857,0.1341199994204648,0.01738291853563553,0.1341199994204648
R3,858,0.19193534586470495,0.01913055145561792,0.19193534586470495
R3,859,0.13579672641534554,0.020900937728325446,0.13579672641534554
R3,860,0.10480357190107693,0.012737128860183891,0.10480357190107693
R3,861,0.13999952963972,0.017052401625484603,0.13999952963972
R3,862,0.12078109184890626,0.017664771450108592,0.12078109184890626
R3,863,0.13996075719508122,0.013936575186465882,0.13996075719508122
R3,864,0.1377797021334408,0.015031866995322557,0.1377797021334408
R3,865,0.13536075044831364,0.021732322611133663,0.13536075044831364
R3,866,0.12566948381516335,0.019850122804269253,0.12566948381516335
R3,867,0.1479261157799911,0.016971794398431817,0.1479261157799911
R3,868,0.12094072372903263,0.018556401434682575,0.12094072372903263
R3,869,0.14115397095377827,0.011802576989038492,0.14115397095377827
R3,870,0.10512893660046722,0.018361838571366314,0.10512893660046722
R3,871,0.14541921380516734,0.015867995631362014,0.14541921380516734
R3,872,0.1095670199620971,0.012028229006055229,0.1095670199620971
R3,873,0.1378838539039015,0.021405329222983813,0.1378838539039015
R3,874,0.11193752561364752,0.0138014308355884,0.11193752561364752
R3,875,0.14484038933139645,0.01573935014544192,0.14484038933139645
R3,876,0.14422004696260265,0.020880071972668803,0.14422004696260265
R3,877,0.1458525257470949,0.015848672965005025,0.1458525257470949
R3,878,0.12121132315440449,0.01021193656723302,0.12121132315440449
R3,879,0.15234703951360457,0.01892140712064992,0.15234703951360457
R3,880,0.11595118678762274,0.010844208809491135,0.11595118678762274
R3,881,0.11088646691497382,0.011139389676177575,0.11088646691497382
R3,882,0.11320352615416686,0.01368458328529532,0.11320352615416686
R3,883,0.16510182603960064,0.016120001346194974,0.16510182603960064
R3,884,0.09729230225571729,0.013760289564893958,0.09729230225571729
R3,885,0.10658691718235964,0.013040504909377552,0.10658691718235964
R3,886,0.12740238580826319,0.014514892719854927,0.12740238580826319
R3,887,0.10944313544766963,0.015718304875429114,0.10944313544766963
R3,888,0.140931242787412,0.01282047740426141,0.140931242787412
R3,889,0.14818289448602384,0.027278337306229233,0.14818289448602384
R3,890,0.11277734623368647,0.015333628959267391,0.11277734623368647
R3,891,0.11871617762966462,0.011754890819378529,0.11871617762966462
R3,892,0.18828426854913674,0.027990617368419776,0.18828426854913674
R3,893,0.1198077828411645,0.014921910335119113,0.1198077828411645
R3,894,0.141242130049058,0.012949916204702096,0.141242130049058
R3,895,0.11131262963133641,0.011156653534378844,0.11131262963133641
R3,896,0.15960032984506078,0.014850782746600536,0.15960032984506078
R3,897,0.13917920815916582,0.015564146866690408,0.13917920815916582
R3,898,0.16592917810873806,0.014563665073665561,0.16592917810873806
R3,899,0.11424693041725756,0.010113298173425992,0.11424693041725756
R3,900,0.14229288277105884,0.0191091021122692,0.14229288277105884
R3,901,0.12458129590043127,0.013734591162428842,0.12458129590043127
R3,902,0.13588763476452204,0.01832685470855802,0.13588763476452204
R3,903,0.13835232044601223,0.013028087186529671,0.13835232044601223
R3,904,0.16527746383862138,0.015910599913553154,0.16527746383862138
R3,905,0.11587531134455799,0.015756401957005936,0.11587531134455799
R3,906,0.0970974207665816,0.013062369804627478,0.0970974207665816
R3,907,0.09486782874998992,0.017351618517122525,0.09486782874998992
R3,908,0.11497445079594859,0.016090362686765367,0.11497445079594859
R3,909,0.11185221057336882,0.012707071846109672,0.11185221057336882
R3,910,0.13258176768609453,0.012223529542594645,0.13258176768609453
R3,911,0.13160492705145582,0.016654924057367574,0.13160492705145582
R3,912,0.10853240205990819,0.014507179268165778,0.10853240205990819
R3,913,0.1315335086455401,0.01630018203579086,0.1315335086455401
R3,914,0.14193277372476776,0.018235212065680885,0.14193277372476776
R3,915,0.11231466236634322,0.01339787561670951,0.11231466236634322
R3,916,0.16762717918682607,0.018000356106254497,0.16762717918682607
R3,917,0.17630458995754236,0.01424808573315624,0.17630458995754236
R3,918,0.12016841294073956,0.012715684333960356,0.12016841294073956
R3,919,0.11447317224312299,0.013559222650977176,0.11447317224312299
R3,920,0.12259712269530755,0.011848354066679292,0.12259712269530755
R3,921,0.15823016898108608,0.013143947079377985,0.15823016898108608
R3,922,0.12050036543313923,0.017192574948546147,0.12050036543313923
R3,923,0.11663105173175022,0.018332227137872577,0.11663105173175022
R3,924,0.12159307885592371,0.011048268631033769,0.12159307885592371
R3,925,0.16347150672592667,0.019514500610595842,0.16347150672592667
R3,926,0.1388641700605844,0.019311671267996044,0.1388641700605844
R3,927,0.1550236013765703,0.01659370450538599,0.1550236013765703
R3,928,0.11897329122032022,0.01215361766719127,0.11897329122032022
R3,929,0.13094265335326533,0.011227843531393885,0.13094265335326533
R3,930,0.1347131906164807,0.014611123559360303,0.1347131906164807
R3,931,0.13395844279078406,0.013862872809183474,0.13395844279078406
R3,932,0.11170143478931403,0.011482344902951705,0.11170143478931403
R3,933,0.13653470745231994,0.019984670847399518,0.13653470745231994
R3,934,0.12066623998949293,0.019627950767357377,0.12066623998949293
R3,935,0.1322596416648811,0.017239205872499448,0.1322596416648811
R3,936,0.12224513742827967,0.021174426351779276,0.12224513742827967
R3,937,0.12119377252970213,0.013390396535656393,0.12119377252970213
R3,938,0.14115085468163827,0.01327942812464135,0.14115085468163827
R3,939,0.12293610780664913,0.02977605448940448,0.12293610780664913
R3,940,0.18811219319888514,0.0216709259099366,0.18811219319888514
R3,941,0.13896663227627254,0.016779924489898127,0.13896663227627254
R3,942,0.13112350446442747,0.018303324602969278,0.13112350446442747
R3,943,0.14935894258024052,0.02407394411542364,0.14935894258024052
R3,944,0.14945046766150008,0.013429205209563684,0.14945046766150008
R3,945,0.11805482648844588,0.011283699760183863,0.11805482648844588
R3,946,0.12665909917903886,0.01199947468455932,0.12665909917903886
R3,947,0.17619616257526702,0.022209797739710203,0.17619616257526702
R3,948,0.1678008176513151,0.018624797405559803,0.1678008176513151
R3,949,0.14307095207413462,0.014288620381711487,0.14307095207413462
R3,950,0.11017662463541517,0.010908377461276559,0.11017662463541517
R3,951,0.12427281871573917,0.021466592639668332,0.12427281871573917
R3,952,0.11192233076280043,0.016413154942818014,0.11192233076280043
R3,953,0.12852552841694384,0.012695176318255891,0.12852552841694384
R3,954,0.13873521655137935,0.019229745333291248,0.13873521655137935
R3,955,0.11914165511738627,0.013088198209715287,0.11914165511738627
R3,956,0.1443333346984259,0.011970844861328133,0.1443333346984259
R3,957,0.1406030290470966,0.021516298518917364,0.1406030290470966
R3,958,0.14528333611339878,0.016780937209526562,0.14528333611339878
R3,959,0.11820633195176213,0.017558745231157018,0.11820633195176213
R3,960,0.18006155834288026,0.018586011203642748,0.18006155834288026
R3,961,0.11169983422048103,0.01095556477408386,0.11169983422048103
R3,962,0.1366379673994456,0.016116968002035034,0.1366379673994456
R3,963,0.1310503726572515,0.022748970660313946,0.1310503726572515
R3,964,0.1327520580641954,0.019713001581651044,0.1327520580641954
R3,965,0.10220379244254661,0.015733067593527623,0.10220379244254661
R3,966,0.14990103594855678,0.014516802459358553,0.14990103594855678
R3,967,0.1211764976781505,0.022077512344926508,0.1211764976781505
R3,968,0.12999972543876737,0.01524249415004207,0.12999972543876737
R3,969,0.13350626097066662,0.012872835645508588,0.13350626097066662
R3,970,0.12863121693547916,0.016015420202784826,0.12863121693547916
R3,971,0.13821605759815742,0.019724486646472476,0.13821605759815742
R3,972,0.1026149097571886,0.013487842907820942,0.1026149097571886
R3,973,0.14050775690008155,0.021913693026315993,0.14050775690008155
R3,974,0.09251053294618479,0.019483252199699774,0.09251053294618479
R3,975,0.11485153105785487,0.013318274817973158,0.11485153105785487
R3,976,0.1018650101024165,0.012678599744699294,0.1018650101024165
R3,977,0.12401390585314016,0.015995772779640965,0.12401390585314016
R3,978,0.15672831195305936,0.022812056709770615,0.15672831195305936
R3,979,0.1446377065779441,0.015415261757554852,0.1446377065779441
R3,980,0.11176765607754997,0.013956162348909937,0.11176765607754997
R3,981,0.12757667759425195,0.01256088254334944,0.12757667759425195
R3,982,0.13015671206045665,0.011825699867226097,0.13015671206045665
R3,983,0.12740235402642155,0.017347518147150416,0.12740235402642155
R3,984,0.10190105596399378,0.010514364712629546,0.10190105596399378
R3,985,0.12797767870471197,0.01345374905311098,0.12797767870471197
R3,986,0.13473483724157848,0.01937765733449364,0.13473483724157848
R3,987,0.202265657655708,0.017499738426236422,0.202265657655708
R3,988,0.14588120260002566,0.015142747670120906,0.14588120260002566
R3,989,0.15060179100513668,0.016368491781935654,0.15060179100513668
R3,990,0.15950799980225128,0.017687335691509633,0.15950799980225128
R3,991,0.12984934482584484,0.013625959274916749,0.12984934482584484
R3,992,0.11972306168051902,0.02320047804665853,0.11972306168051902
R3,993,0.16414984609370775,0.015505118732911483,0.16414984609370775
R3,994,0.15692740093152655,0.026542814401413813,0.15692740093152655
R3,995,0.11682973876258496,0.015960022942071744,0.11682973876258496
R3,996,0.1370127194014772,0.013696280584882828,0.1370127194014772
R3,997,0.13184187198021582,0.014064490210527745,0.13184187198021582
R3,998,0.134900570224526,0.021820123962992467,0.134900570224526
R3,999,0.11348512003137587,0.01706407452648302,0.11348512003137587
R3,1000,0.14693338630601863,0.013106830972460199,0.14693338630601863
R3,1001,0.14114145410482098,0.012875100896237333,0.14114145410482098
R3,1002,0.1307207018383995,0.01259657108536406,0.1307207018383995
R3,1003,0.1521986379659714,0.01980028484672273,0.1521986379659714
R3,1004,0.1295378071885122,0.01600907133449645,0.1295378071885122
R3,1005,0.1361478237113992,0.017005494634818697,0.1361478237113992
R3,1006,0.17596037031767398,0.021198171828273795,0.17596037031767398
R3,1007,0.12005599429006038,0.012738910898541535,0.12005599429006038
R3,1008,0.13581125880243997,0.01187836669026364,0.13581125880243997
R3,1009,0.10303694149142538,0.017893238155913083,0.10303694149142538
R3,1010,0.1263067260939592,0.016411738748845852,0.1263067260939592
R3,1011,0.14086184615326525,0.012103038426562594,0.14086184615326525
R3,1012,0.1293161523152424,0.014438168155299216,0.1293161523152424
R3,1013,0.15757541035015607,0.013378094570172003,0.15757541035015607
R3,1014,0.11028606646695445,0.014046509785639006,0.11028606646695445
R3,1015,0.11755281948615853,0.010722165364282502,0.11755281948615853
R3,1016,0.17380394653122722,0.017144691945591272,0.17380394653122722
R3,1017,0.1448560715076589,0.019872749646573946,0.1448560715076589
R3,1018,0.1519934008418143,0.017744529405931124,0.1519934008418143
R3,1019,0.14273263884817877,0.01132019610167353,0.14273263884817877
R3,1020,0.13879274797507868,0.014068259461267529,0.13879274797507868
R3,1021,0.12607573194771463,0.01459841265544554,0.12607573194771463
R3,1022,0.1461301348453058,0.015258004904683563,0.1461301348453058
R3,1023,0.14221381438410563,0.015029597365708676,0.14221381438410563
R3,1024,0.13115008240134746,0.012053615995970766,0.13115008240134746
R3,1025,0.13943711923331797,0.023052668890255132,0.13943711923331797
R3,1026,0.12540007240404366,0.015241062695266004,0.12540007240404366
R3,1027,0.1408474528281852,0.013426119401131316,0.1408474528281852
R3,1028,0.14654019860196604,0.016316900903688113,0.14654019860196604
R3,1029,0.12854768376432302,0.016551917316859475,0.12854768376432302
R3,1030,0.11895529981372979,0.034255568174040324,0.11895529981372979
R3,1031,0.11570957787879645,0.013128811336278324,0.11570957787879645
R3,1032,0.13330668546505794,0.01899508043721819,0.13330668546505794
R3,1033,0.14985882662239014,0.014842694328687548,0.14985882662239014
R3,1034,0.14457244954260878,0.01970539581298417,0.14457244954260878
R3,1035,0.09920380408278011,0.018676832533723386,0.09920380408278011
R3,1036,0.16596040256808722,0.020366505694282624,0.16596040256808722
R3,1037,0.15879230011440235,0.015386665316218375,0.15879230011440235
R3,1038,0.13162532505657948,0.01299217127158565,0.13162532505657948
R3,1039,0.11960835959207226,0.017026666903106197,0.11960835959207226
R3,1040,0.1531030834066061,0.01188158160773927,0.1531030834066061
R3,1041,0.11325035651939051,0.014554934760960996,0.11325035651939051
R3,1042,0.11938865507440113,0.014631672778037823,0.11938865507440113
R3,1043,0.11073837691447923,0.012884184664943994,0.11073837691447923
R3,1044,0.1273816432780749,0.013738620846234631,0.1273816432780749
R3,1045,0.09883354033949279,0.009938667925703177,0.09883354033949279
R3,1046,0.11800676235892137,0.016583748519592257,0.11800676235892137
R3,1047,0.11260969847468387,0.015511001777919033,0.11260969847468387
R3,1048,0.12066911287072712,0.013287784878620527,0.12066911287072712
R3,1049,0.10723156847417285,0.012572617992159777,0.10723156847417285
R3,1050,0.15605008115185964,0.01693402394830574,0.15605008115185964
R3,1051,0.14579505876409907,0.014862986096597655,0.14579505876409907
R3,1052,0.15579032251293357,0.01689121603611478,0.15579032251293357
R3,1053,0.08150996676964144,0.01796434766327326,0.08150996676964144
R3,1054,0.11869568208060001,0.013213564883381759,0.11869568208060001
R3,1055,0.12879073237133065,0.016445692012092176,0.12879073237133065
R3,1056,0.16951398518842806,0.019919432172429124,0.16951398518842806
R3,1057,0.10661499872362871,0.016478639575478914,0.10661499872362871
R3,1058,0.12433073110401992,0.011376875072013702,0.12433073110401992
R3,1059,0.1494764205840816,0.024102250412075567,0.1494764205840816
R3,1060,0.11320659344435584,0.015645464410798338,0.11320659344435584
R3,1061,0.1206150953552547,0.018938536629140433,0.1206150953552547
R3,1062,0.1190406322049697,0.014017647207008163,0.1190406322049697
R3,1063,0.15505679074708872,0.015396975848492282,0.15505679074708872
R3,1064,0.14020344838811158,0.012845520007318338,0.14020344838811158
R3,1065,0.13773210148916187,0.013912086797968138,0.13773210148916187
R3,1066,0.14130392118257598,0.015497637618326104,0.14130392118257598
R3,1067,0.13736535668280683,0.013445728177719192,0.13736535668280683
R3,1068,0.11836273991726089,0.013023038071303786,0.11836273991726089
R3,1069,0.12111308051754356,0.012132088361433818,0.12111308051754356
R3,1070,0.13803921390936005,0.014709709801407898,0.13803921390936005
R3,1071,0.13018457561634653,0.014761672478371055,0.13018457561634653
R3,1072,0.12094866717288465,0.014666493319884115,0.12094866717288465
R3,1073,0.1713895673653379,0.030480522533678202,0.1713895673653379
R3,1074,0.10978021621665478,0.01162082412690566,0.10978021621665478
R3,1075,0.11503662861811961,0.014606029108766443,0.11503662861811961
R3,1076,0.11356223002950619,0.01677380390177048,0.11356223002950619
R3,1077,0.1549564876860627,0.018898936683263066,0.1549564876860627
R3,1078,0.08912212707354987,0.010160806393042033,0.08912212707354987
R3,1079,0.10688612760198714,0.017375170294467026,0.10688612760198714
R3,1080,0.13085150222538072,0.012054308864839521,0.13085150222538072
R3,1081,0.12380877790917985,0.015148346893727158,0.12380877790917985
R3,1082,0.11479337683042574,0.012799275874163362,0.11479337683042574
R3,1083,0.13505533358549415,0.01167876970082415,0.13505533358549415
R3,1084,0.15647324759724995,0.019236632081678952,0.15647324759724995
R3,1085,0.14901487187872517,0.017909976833573836,0.14901487187872517
R3,1086,0.13707584121200647,0.01818437633813943,0.13707584121200647
R3,1087,0.13577697202266503,0.015207991648374178,0.13577697202266503
R3,1088,0.1427014601244081,0.015411580596038147,0.1427014601244081
R3,1089,0.1229178593242054,0.019455136633547428,0.1229178593242054
R3,1090,0.14706781072800915,0.018480953166276595,0.14706781072800915
R3,1091,0.11190491780889086,0.01180943300894038,0.11190491780889086
R3,1092,0.11789977965399424,0.012145080257917837,0.11789977965399424
R3,1093,0.144467161304429,0.016470589975180437,0.144467161304429
R3,1094,0.15065081662395888,0.015276797886009377,0.15065081662395888
R3,1095,0.10254066683353395,0.01641996065169787,0.10254066683353395
R3,1096,0.12128428257068162,0.01256028399641797,0.12128428257068162
R3,1097,0.11377289137274524,0.019238880125925284,0.11377289137274524
R3,1098,0.16548947750856596,0.013069781793386697,0.16548947750856596
R3,1099,0.11834750245446164,0.017418194769175367,0.11834750245446164
R3,1100,0.13600768827526036,0.019275814624922658,0.13600768827526036
R3,1101,0.133034126275825,0.011213825930983348,0.133034126275825
R3,1102,0.11637664110911645,0.014479382357167218,0.11637664110911645
R3,1103,0.1329424297721073,0.02060642375747114,0.1329424297721073
R3,1104,0.18164756396507367,0.016876190862988506,0.18164756396507367
R3,1105,0.08578534410050928,0.012362075322728129,0.08578534410050928
R3,1106,0.12893515521393817,0.016166689204580423,0.12893515521393817
R3,1107,0.14635351049782477,0.01593003074058359,0.14635351049782477
R3,1108,0.15819311325921664,0.01726386837128141,0.15819311325921664
R3,1109,0.15254456591851168,0.015213782445763413,0.15254456591851168
R3,1110,0.11709797453861216,0.013946891300836636,0.11709797453861216
R3,1111,0.12856007924669322,0.014123692906895045,0.12856007924669322
R3,1112,0.1186419315184762,0.014317274991532111,0.1186419315184762
R3,1113,0.12494211953256712,0.014064990363730668,0.12494211953256712
R3,1114,0.14067264518937306,0.014735775732180531,0.14067264518937306
R3,1115,0.17254967499294477,0.02560401584529183,0.17254967499294477
R3,1116,0.1357557504732782,0.022545871382179034,0.1357557504732782
R3,1117,0.11024468042016414,0.01182047325511444,0.11024468042016414
R3,1118,0.10974166694541357,0.010831966994295972,0.10974166694541357
R3,1119,0.1519980665946207,0.018687689459808712,0.1519980665946207
R3,1120,0.12320827276693133,0.01431714792709928,0.12320827276693133
R3,1121,0.10136974135333857,0.012698024118159849,0.10136974135333857
R3,1122,0.16779155699464404,0.021605020381257375,0.16779155699464404
R3,1123,0.14485763958047046,0.01862245257328194,0.14485763958047046
R3,1124,0.1204165581202957,0.020619946901711015,0.1204165581202957
R3,1125,0.12635633196169607,0.015311381811271474,0.12635633196169607
R3,1126,0.0878665769928548,0.013133326288920347,0.0878665769928548
R3,1127,0.10570531789257591,0.016357213944842686,0.10570531789257591
R3,1128,0.1622902762404601,0.022523506757823566,0.1622902762404601
R3,1129,0.14724959596096202,0.015177923837613183,0.14724959596096202
R3,1130,0.09961907712504449,0.017427439844826458,0.09961907712504449
R3,1131,0.14272414042779794,0.014862092671336388,0.14272414042779794
R3,1132,0.10203338599923202,0.012465243568976533,0.10203338599923202
R3,1133,0.12100055438064318,0.012571329148160367,0.12100055438064318
R3,1134,0.1029779436597374,0.013439694009626323,0.1029779436597374
R3,1135,0.15114985351152954,0.01652940459529418,0.15114985351152954
R3,1136,0.154284003787481,0.014429326835040276,0.154284003787481
R3,1137,0.15060745199836742,0.01902808424857145,0.15060745199836742
R3,1138,0.1095968781274169,0.01495245699892048,0.1095968781274169
R3,1139,0.11453604464026493,0.01594830020164201,0.11453604464026493
R3,1140,0.11279004556304899,0.017011111214327808,0.11279004556304899
R3,1141,0.1415202961903026,0.016499574751441475,0.1415202961903026
R3,1142,0.15119462265097883,0.015398973734334671,0.15119462265097883
R3,1143,0.15459226208083135,0.017951119765373787,0.15459226208083135
R3,1144,0.18760326936985686,0.016661087074706347,0.18760326936985686
R3,1145,0.14093104253328284,0.020908831347225414,0.14093104253328284
R3,1146,0.145960407899972,0.0119314166162478,0.145960407899972
R3,1147,0.1572232096431034,0.02869001692161268,0.1572232096431034
R3,1148,0.12260249503777518,0.02025788239431489,0.12260249503777518
R3,1149,0.15429102562372982,0.014838837501504373,0.15429102562372982
R3,1150,0.14482888208451952,0.01821508524672144,0.14482888208451952
R3,1151,0.13082157536427616,0.017372495110003685,0.13082157536427616
R3,1152,0.1395145663025907,0.020872592856489142,0.1395145663025907
R3,1153,0.109497044697379,0.012825460628912783,0.109497044697379
R3,1154,0.12046897411225986,0.01436161601773705,0.12046897411225986
R3,1155,0.15071734525115027,0.02303806666450803,0.15071734525115027
R3,1156,0.1390481948883344,0.01821355726759323,0.1390481948883344
R3,1157,0.15913254735420185,0.017092513007581536,0.15913254735420185
R3,1158,0.10520094148356321,0.016867327438943373,0.10520094148356321
R3,1159,0.1257416284345902,0.014368651739551078,0.1257416284345902
R3,1160,0.1552429898040587,0.01575521799527962,0.1552429898040587
R3,1161,0.10516954095282122,0.011688920056096804,0.10516954095282122
R3,1162,0.15126871823502455,0.015084385435657603,0.15126871823502455
R3,1163,0.13202280326554938,0.016460032065036462,0.13202280326554938
R3,1164,0.1021837743513113,0.017382980312929612,0.1021837743513113
R3,1165,0.12853400685896088,0.013726401690478798,0.12853400685896088
R3,1166,0.12558335245348065,0.020496634052646595,0.12558335245348065
R3,1167,0.13591106077589468,0.013529291998461758,0.13591106077589468
R3,1168,0.13366183355554642,0.017091557958478974,0.13366183355554642
R3,1169,0.16051146367503347,0.02326466849701002,0.16051146367503347
R3,1170,0.11963697778862907,0.014514607226662965,0.11963697778862907
R3,1171,0.1498393859626495,0.01660649504541437,0.1498393859626495
R3,1172,0.14385695787520406,0.014432438644601652,0.14385695787520406
R3,1173,0.16406685116945463,0.02469518592864169,0.16406685116945463
R3,1174,0.14750878610906,0.01733687442518036,0.14750878610906
R3,1175,0.1498968410805561,0.02504194245909722,0.1498968410805561
R3,1176,0.14816581176483334,0.0212696979085275,0.14816581176483334
R3,1177,0.17545692180179437,0.01786659973685979,0.17545692180179437
R3,1178,0.17338188518767708,0.014655263719948292,0.17338188518767708
R3,1179,0.1598555219916524,0.012452251717847614,0.1598555219916524
R3,1180,0.1498506784177251,0.02000610470218233,0.1498506784177251
R3,1181,0.095437029877444,0.011449145453427722,0.095437029877444
R3,1182,0.14577593732210126,0.018125900621394388,0.14577593732210126
R3,1183,0.111671883748967,0.01532814760600745,0.111671883748967
R3,1184,0.11579582804661642,0.015175421992407002,0.11579582804661642
R3,1185,0.13991917729578224,0.020369315750374532,0.13991917729578224
R3,1186,0.11728148958800359,0.016049741996146012,0.11728148958800359
R3,1187,0.13124495233821387,0.0202575575994181,0.13124495233821387
R3,1188,0.10456746279369616,0.01247602433547791,0.10456746279369616
R3,1189,0.1384850706632641,0.01634523604445762,0.1384850706632641
R3,1190,0.14860298956404258,0.021469860048224775,0.14860298956404258
R3,1191,0.11892029033755495,0.0256616293411846,0.11892029033755495
R3,1192,0.08731961847343898,0.01327735081533836,0.08731961847343898
R3,1193,0.13099384502721867,0.012191180906427705,0.13099384502721867
R3,1194,0.13681856240885362,0.014258608288941082,0.13681856240885362
R3,1195,0.11200500160917541,0.014075335264191306,0.11200500160917541
R3,1196,0.11259220542940515,0.020707860559765572,0.11259220542940515
R3,1197,0.1502203141410978,0.016302526624622418,0.1502203141410978
R3,1198,0.15321615229900426,0.01827988496104762,0.15321615229900426
R3,1199,0.15087619505357192,0.021742946473423095,0.15087619505357192
R3,1200,0.12885645489087486,0.012470161679089807,0.12885645489087486
R3,1201,0.13948154609867894,0.019187600244897296,0.13948154609867894
R3,1202,0.1364220643286044,0.019057895954907096,0.1364220643286044
R3,1203,0.10857776096063301,0.01805632503721599,0.10857776096063301
R3,1204,0.19310404354312977,0.01821669063328739,0.19310404354312977
R3,1205,0.12609047819096803,0.017930878485965356,0.12609047819096803
R3,1206,0.14560382664934507,0.017323435140448935,0.14560382664934507
R3,1207,0.18020030435460604,0.01746652765422452,0.18020030435460604
R3,1208,0.1160112555789525,0.012733303335226955,0.1160112555789525
R3,1209,0.1286080572713766,0.018927363467202266,0.1286080572713766
R3,1210,0.22063797433485,0.02881443949387351,0.22063797433485
R3,1211,0.13342041629953696,0.011714680253823283,0.13342041629953696
R3,1212,0.17450435604821823,0.02376817633993501,0.17450435604821823
R3,1213,0.10909278680548823,0.01825425570227472,0.10909278680548823
R3,1214,0.13830129236460662,0.01169647677365398,0.13830129236460662
R3,1215,0.13678789289228174,0.01433352633187801,0.13678789289228174
R3,1216,0.1192000744179209,0.019936639414953262,0.1192000744179209
R3,1217,0.09659059954627512,0.016570228294125196,0.09659059954627512
R3,1218,0.1569708475973875,0.021074097281487472,0.1569708475973875
R3,1219,0.13036198944185276,0.01840120823763082,0.13036198944185276
R3,1220,0.15612982396150804,0.02336800061624,0.15612982396150804
R3,1221,0.13040183838875216,0.026426465374873198,0.13040183838875216
R3,1222,0.14113485405921225,0.013228820459727111,0.14113485405921225
R3,1223,0.0954405884029297,0.015665770180356725,0.0954405884029297
R3,1224,0.13764264033960125,0.021081946478090287,0.13764264033960125
R3,1225,0.16529401476140262,0.02242039728956801,0.16529401476140262
R3,1226,0.13615331759626617,0.013941542515121488,0.13615331759626617
R3,1227,0.10614497884758803,0.017067778994417422,0.10614497884758803
R3,1228,0.1546868739523087,0.013613961920773172,0.1546868739523087
R3,1229,0.13525036157983347,0.013722484397971293,0.13525036157983347
R3,1230,0.11555679918016905,0.01626378534588432,0.11555679918016905
R3,1231,0.14130759968200604,0.014419770642688465,0.14130759968200604
R3,1232,0.12909769674346822,0.011023183316071815,0.12909769674346822
R3,1233,0.11147424675542865,0.012911983294539985,0.11147424675542865
R3,1234,0.16896399482691749,0.024974419185565783,0.16896399482691749
R3,1235,0.10003027700828154,0.016349107293371953,0.10003027700828154
R3,1236,0.12431184080721237,0.01605267015217112,0.12431184080721237
R3,1237,0.1278670577370892,0.013395729557865938,0.1278670577370892
R3,1238,0.13021333824826592,0.015840876994015422,0.13021333824826592
R3,1239,0.13563246607807347,0.01546551249936439,0.13563246607807347
R3,1240,0.11485169456551436,0.02036743143650616,0.11485169456551436
R3,1241,0.11275811361358007,0.012184255351156291,0.11275811361358007
R3,1242,0.12912766180788038,0.012215178409161816,0.12912766180788038
R3,1243,0.0918248644337178,0.011660466290930108,0.0918248644337178
R3,1244,0.15279191669932984,0.017793366592570404,0.15279191669932984
R3,1245,0.15601604251464785,0.01823882028866507,0.15601604251464785
R3,1246,0.1938400544361435,0.028301609236155024,0.1938400544361435
R3,1247,0.129890421018538,0.01740105102459841,0.129890421018538
R3,1248,0.14186612800431012,0.014500525389265722,0.14186612800431012
R3,1249,0.1106562398594278,0.010597374266083232,0.1106562398594278
R3,1250,0.11616685820061369,0.01600548148063934,0.11616685820061369
R3,1251,0.11420319976452832,0.010763060905852868,0.11420319976452832
R3,1252,0.11862354982410284,0.01175015202181853,0.11862354982410284
R3,1253,0.13192956097062042,0.015024177685185913,0.13192956097062042
R3,1254,0.15316889229577327,0.016530878095959774,0.15316889229577327
R3,1255,0.15098373486569977,0.0176481150766657,0.15098373486569977
R3,1256,0.11724664933722583,0.013519884823715864,0.11724664933722583
R3,1257,0.1301603919342771,0.017998703747324422,0.1301603919342771
R3,1258,0.14435788285024237,0.014627500148224554,0.14435788285024237
R3,1259,0.16744659799723213,0.020989635056598472,0.16744659799723213
R3,1260,0.15687628003750956,0.01809577573798485,0.15687628003750956
R3,1261,0.14232449860254054,0.015189418506531473,0.14232449860254054
R3,1262,0.11085235692069399,0.016403136067171115,0.11085235692069399
R3,1263,0.13640722883556952,0.01619974104188535,0.13640722883556952
R3,1264,0.13556048089101083,0.021486396303005046,0.13556048089101083
R3,1265,0.12436429599551116,0.015653306958282296,0.12436429599551116
R3,1266,0.1350810264724213,0.010548141191746607,0.1350810264724213
R3,1267,0.10350435040922511,0.014277414114759775,0.10350435040922511
R3,1268,0.12221826337356205,0.01260148495047108,0.12221826337356205
R3,1269,0.14554253564927896,0.0200131948069975,0.14554253564927896
R3,1270,0.17846523202828501,0.020562269155146147,0.17846523202828501
R3,1271,0.17288224408591016,0.01977075103832987,0.17288224408591016
R3,1272,0.13662660261906165,0.024682436181099592,0.13662660261906165
R3,1273,0.12457371511548876,0.018737826641992264,0.12457371511548876
R3,1274,0.12476863589006412,0.014965949100211571,0.12476863589006412
R3,1275,0.14022711218324554,0.011354209820325556,0.14022711218324554
R3,1276,0.14539797196293824,0.014410150971258376,0.14539797196293824
R3,1277,0.14675216387860845,0.015327782518447084,0.14675216387860845
R3,1278,0.14531682518235156,0.014044124920162557,0.14531682518235156
R3,1279,0.13565245798586478,0.01394930170852939,0.13565245798586478
R3,1280,0.15162011426712244,0.013520597902728899,0.15162011426712244
R3,1281,0.13745283214735182,0.012942357785135243,0.13745283214735182
R3,1282,0.12747148670702163,0.016091643003362077,0.12747148670702163
R3,1283,0.10602651728242067,0.015870488884549012,0.10602651728242067
R3,1284,0.14097888488554358,0.01580876317992003,0.14097888488554358
R3,1285,0.12090011222958659,0.023394956237378434,0.12090011222958659
R3,1286,0.15875200848257306,0.012305751781888577,0.15875200848257306
R3,1287,0.1620021530562088,0.021655476706714492,0.1620021530562088
R3,1288,0.17313152032834683,0.028180367296065687,0.17313152032834683
R3,1289,0.14696760796950653,0.012635966461109807,0.14696760796950653
R3,1290,0.09856196960184425,0.01034156517303541,0.09856196960184425
R3,1291,0.19970035287865823,0.01972851525766677,0.19970035287865823
R3,1292,0.1524210528781903,0.02377208863498833,0.1524210528781903
R3,1293,0.12980662948068725,0.012644973426883815,0.12980662948068725
R3,1294,0.16138407787420664,0.01662636264419808,0.16138407787420664
R3,1295,0.1523138167520043,0.020040134647295822,0.1523138167520043
R3,1296,0.1042405979184571,0.014167603039803125,0.1042405979184571
R3,1297,0.11406046962189023,0.012046956290198278,0.11406046962189023
R3,1298,0.08933626065088178,0.013473987235910822,0.08933626065088178
R3,1299,0.09475174566587284,0.008656577966225182,0.09475174566587284
R3,1300,0.12745698504406344,0.014589285025747403,0.12745698504406344
R3,1301,0.1333127983980626,0.013413851287940017,0.1333127983980626
R3,1302,0.16522419278735692,0.01916020189068794,0.16522419278735692
R3,1303,0.12461668746438982,0.015411901743465767,0.12461668746438982
R3,1304,0.12921724379803368,0.01499066684679332,0.12921724379803368
R3,1305,0.17564116414189754,0.01658475594461959,0.17564116414189754
R3,1306,0.1312477176511306,0.014503945607313506,0.1312477176511306
R3,1307,0.1423407620156216,0.01418855845865588,0.1423407620156216
R3,1308,0.1255173603413662,0.015452616154708226,0.1255173603413662
R3,1309,0.10132927372894442,0.01456696047110881,0.10132927372894442
R3,1310,0.1409972704745643,0.018228659738873852,0.1409972704745643
R3,1311,0.1470841024790057,0.016275299545777253,0.1470841024790057
R3,1312,0.1251769509840559,0.016549811751042014,0.1251769509840559
R3,1313,0.1068611720864764,0.010341793659260806,0.1068611720864764
R3,1314,0.11688456438501858,0.012104016555271676,0.11688456438501858
R3,1315,0.1265406528891379,0.012421824353562495,0.1265406528891379
R3,1316,0.12497486444976609,0.014420662763327497,0.12497486444976609
R3,1317,0.12322377381580316,0.012354288150751477,0.12322377381580316
R3,1318,0.12507600287843623,0.012316116378896782,0.12507600287843623
R3,1319,0.11353792540374859,0.01620034669175362,0.11353792540374859
R3,1320,0.14559239879797034,0.011065771229425585,0.14559239879797034
R3,1321,0.14245313414891272,0.022043672463819882,0.14245313414891272
R3,1322,0.14990201812061485,0.011167904573308686,0.14990201812061485
R3,1323,0.11992347865453072,0.015077914100690001,0.11992347865453072
R3,1324,0.15858827402731457,0.017940737741874418,0.15858827402731457
R3,1325,0.14512928250894047,0.019666554006132028,0.14512928250894047
R3,1326,0.10471800868028361,0.012372469669450912,0.10471800868028361
R3,1327,0.18160460894139538,0.026391751653014786,0.18160460894139538
R3,1328,0.1430419145079304,0.016396785569886586,0.1430419145079304
R3,1329,0.13190970971934907,0.013165709401807195,0.13190970971934907
R3,1330,0.11601252252891199,0.013460566408804437,0.11601252252891199
R3,1331,0.11714053678873726,0.014817061028400455,0.11714053678873726
R3,1332,0.12279604813179054,0.01526350300185584,0.12279604813179054
R3,1333,0.14431764333691083,0.021097997134652588,0.14431764333691083
R3,1334,0.12041253801577907,0.020572771902585836,0.12041253801577907
R3,1335,0.1402809284382946,0.013886857580096144,0.1402809284382946
R3,1336,0.17729922962037162,0.02067179568755935,0.17729922962037162
R3,1337,0.13375410793086973,0.00828849168505713,0.13375410793086973
R3,1338,0.10807948356024219,0.016988236758145824,0.10807948356024219
R3,1339,0.14031981519534353,0.01120540824411166,0.14031981519534353
R3,1340,0.1329905345407982,0.02458521400055185,0.1329905345407982
R3,1341,0.1575824608005856,0.018227772692593684,0.1575824608005856
R3,1342,0.12171938319619217,0.017655955680369102,0.12171938319619217
R3,1343,0.11196299171598531,0.01753345572975235,0.11196299171598531
R3,1344,0.13561098638927463,0.02201289292417646,0.13561098638927463
R3,1345,0.14243338232808328,0.012722401073485594,0.14243338232808328
R3,1346,0.1286751033211896,0.014186501809763075,0.1286751033211896
R3,1347,0.12188806283139393,0.01883326826863326,0.12188806283139393
R3,1348,0.1364216729055912,0.014881658442822411,0.1364216729055912
R3,1349,0.1395936475003144,0.012780672581013872,0.1395936475003144
R3,1350,0.1151608886657097,0.013708694699362877,0.1151608886657097
R3,1351,0.11500273528291435,0.015103858279437275,0.11500273528291435
R3,1352,0.102086262514524,0.01570694445274836,0.102086262514524
R3,1353,0.12553464563114153,0.013235772514892113,0.12553464563114153
R3,1354,0.1786283838729656,0.017380518466705568,0.1786283838729656
R3,1355,0.12818005614107755,0.017011724112135338,0.12818005614107755
R3,1356,0.13890400342237588,0.013968270889758898,0.13890400342237588
R3,1357,0.1437122199556808,0.016715377800775123,0.1437122199556808
R3,1358,0.1548046594996561,0.013623172257151457,0.1548046594996561
R3,1359,0.16605866661126906,0.015676514816816176,0.16605866661126906
R3,1360,0.17810987092685712,0.022160723167628637,0.17810987092685712
R3,1361,0.11270889728984122,0.013637922696801882,0.11270889728984122
R3,1362,0.14375193260124675,0.017895127349577405,0.14375193260124675
R3,1363,0.1326288513597328,0.016708546120208025,0.1326288513597328
R3,1364,0.12748050040480435,0.017625607110413444,0.12748050040480435
R3,1365,0.14759533667522354,0.016896654968350838,0.14759533667522354
R3,1366,0.12138743387620203,0.008467643338592436,0.12138743387620203
R3,1367,0.1325205360421643,0.011903984130327347,0.1325205360421643
R3,1368,0.11242203814435948,0.015064180049389387,0.11242203814435948
R3,1369,0.11360294274376745,0.016276203110723655,0.11360294274376745
R3,1370,0.12721954381864237,0.012569666903192047,0.12721954381864237
R3,1371,0.13047896625038274,0.015267251334867307,0.13047896625038274
R3,1372,0.1696492023798966,0.014136522355314119,0.1696492023798966
R3,1373,0.13355244171671918,0.019524329380720844,0.13355244171671918
R3,1374,0.17061591751642333,0.011077987108844561,0.17061591751642333
R3,1375,0.11934500214473122,0.015803811926018853,0.11934500214473122
R3,1376,0.10782960323601637,0.013696243260708915,0.10782960323601637
R3,1377,0.1593272619842416,0.01600992969508234,0.1593272619842416
R3,1378,0.1654722882616825,0.017658528583136185,0.1654722882616825
R3,1379,0.1258573021680229,0.01701127104916231,0.1258573021680229
R3,1380,0.12235468245139311,0.018016641506735643,0.12235468245139311
R3,1381,0.11932402220167984,0.012548270831250957,0.11932402220167984
R3,1382,0.14752298339812708,0.012275677557768953,0.14752298339812708
R3,1383,0.1048812375478374,0.010007596863633814,0.1048812375478374
R3,1384,0.12588623145216254,0.017552962521146534,0.12588623145216254
R3,1385,0.19681800012588468,0.019808513024776524,0.19681800012588468
R3,1386,0.15227636605376882,0.015226495728276569,0.15227636605376882
R3,1387,0.14123477364491321,0.02037014388480054,0.14123477364491321
R3,1388,0.13985707856482846,0.021908453093920637,0.13985707856482846
R3,1389,0.11106654744962265,0.010473755783218722,0.11106654744962265
R3,1390,0.12788908592050977,0.013722305311988226,0.12788908592050977
R3,1391,0.12599632311522113,0.013124954957059998,0.12599632311522113
R3,1392,0.1220386431688989,0.01578389244094382,0.1220386431688989
R3,1393,0.11971582317912371,0.01065090896969669,0.11971582317912371
R3,1394,0.1486748243578884,0.012798985403999034,0.1486748243578884
R3,1395,0.11640025282361521,0.01943845628255234,0.11640025282361521
R3,1396,0.10885132286258718,0.016526525166809206,0.10885132286258718
R3,1397,0.1857935396615422,0.012508729526905162,0.1857935396615422
R3,1398,0.17833675692962023,0.01596701863234863,0.17833675692962023
R3,1399,0.13221544299701973,0.018488395105314505,0.13221544299701973
R3,1400,0.14678747510603862,0.016027739398297894,0.14678747510603862
R3,1401,0.12732465286800732,0.014883149238658981,0.12732465286800732
R3,1402,0.11870592202507213,0.017339921142735373,0.11870592202507213
R3,1403,0.13758440917565548,0.012658523418215262,0.13758440917565548
R3,1404,0.1263249141462784,0.016244420635686596,0.1263249141462784
R3,1405,0.16327755193663637,0.013548887915868349,0.16327755193663637
R3,1406,0.19050922362187922,0.021096459266422726,0.19050922362187922
R3,1407,0.14559709332390455,0.016951712630404077,0.14559709332390455
R3,1408,0.13938652762019293,0.013514442442180806,0.13938652762019293
R3,1409,0.13648335530994668,0.016270788113863795,0.13648335530994668
R3,1410,0.14932740099707084,0.018064818855390505,0.14932740099707084
R3,1411,0.12981460468498301,0.009819800097284854,0.12981460468498301
R3,1412,0.1333122347596841,0.01680866397284204,0.1333122347596841
R3,1413,0.13828040509979053,0.015393728901505045,0.13828040509979053
R3,1414,0.10762267864092118,0.015920490462343104,0.10762267864092118
R3,1415,0.13938882731184785,0.011459745298626684,0.13938882731184785
R3,1416,0.1403446219427087,0.020107313341765232,0.1403446219427087
R3,1417,0.0948287690941271,0.012886875449719946,0.0948287690941271
R3,1418,0.12851892668803602,0.01787243022852253,0.12851892668803602
R3,1419,0.13048019954085865,0.011821072194675528,0.13048019954085865
R3,1420,0.11569584079230844,0.01499185254795814,0.11569584079230844
R3,1421,0.14338980812337004,0.01717296291643507,0.14338980812337004
R3,1422,0.1278446184154392,0.012800367160252974,0.1278446184154392
R3,1423,0.10648689461686552,0.013067997748269137,0.10648689461686552
R3,1424,0.09148100846497743,0.013818259237706795,0.09148100846497743
R3,1425,0.12555941241835009,0.015791448657413127,0.12555941241835009
R3,1426,0.14817928787654464,0.013039853471927093,0.14817928787654464
R3,1427,0.10079903421692182,0.01861941499979856,0.10079903421692182
R3,1428,0.15196274184731998,0.016977524154396934,0.15196274184731998
R3,1429,0.12716638891880713,0.017864858875328096,0.12716638891880713
R3,1430,0.1235870332597683,0.010994294414261047,0.1235870332597683
R3,1431,0.11497490748374783,0.01783412233416698,0.11497490748374783
R3,1432,0.12276418843152738,0.011253391557075222,0.12276418843152738
R3,1433,0.13013634402513186,0.011858886605052578,0.13013634402513186
R3,1434,0.13436856693371618,0.017236946105164203,0.13436856693371618
R3,1435,0.13195669287032916,0.01583521590479874,0.13195669287032916
R3,1436,0.1588792579241664,0.015173651575254429,0.1588792579241664
R3,1437,0.1544993169623823,0.023064247429245996,0.1544993169623823
R3,1438,0.12098210309402473,0.017132799933881886,0.12098210309402473
R3,1439,0.1249495872298458,0.013898085162606122,0.1249495872298458
R3,1440,0.13709652609318534,0.014339111739853602,0.13709652609318534
R3,1441,0.12262172828998961,0.01785968394247521,0.12262172828998961
R3,1442,0.15747227468291916,0.012281655642056825,0.15747227468291916
R3,1443,0.13131457354646775,0.011950352767359132,0.13131457354646775
R3,1444,0.17308908301713766,0.017782318122653094,0.17308908301713766
R3,1445,0.12246576605080568,0.015310343919408985,0.12246576605080568
R3,1446,0.11543146435177602,0.013888648525011685,0.11543146435177602
R3,1447,0.12320779333194717,0.015456566045028888,0.12320779333194717
R3,1448,0.13762682892605985,0.02015940999896913,0.13762682892605985
R3,1449,0.1805496115806153,0.01790463705304727,0.1805496115806153
R3,1450,0.1187183815062387,0.016983048723629924,0.1187183815062387
R3,1451,0.16957978251821848,0.01645073993091247,0.16957978251821848
R3,1452,0.16212807649730676,0.014898649154515713,0.16212807649730676
R3,1453,0.1411642206286078,0.01855137761837689,0.1411642206286078
R3,1454,0.13257287659751443,0.013819555288035098,0.13257287659751443
R3,1455,0.12581129425380563,0.014965648577874429,0.12581129425380563
R3,1456,0.1153588898044993,0.016129823498734316,0.1153588898044993
R3,1457,0.1311895238243461,0.015366244196652917,0.1311895238243461
R3,1458,0.12016945777819035,0.0139212430847632,0.12016945777819035
R3,1459,0.16152031216177273,0.016490393357447106,0.16152031216177273
R3,1460,0.16973316740048897,0.023358853629335135,0.16973316740048897
R3,1461,0.1004781116099654,0.012297150333761962,0.1004781116099654
R3,1462,0.0917816708292817,0.015014515627940511,0.0917816708292817
R3,1463,0.11978984534255631,0.014834315660019786,0.11978984534255631
R3,1464,0.22663212568756044,0.035764110373678396,0.22663212568756044
R3,1465,0.1678030161963994,0.01928237848128105,0.1678030161963994
R3,1466,0.10202362956139287,0.014873808305834565,0.10202362956139287
R3,1467,0.12928503010444592,0.013550522903125922,0.12928503010444592
R3,1468,0.08786650671473092,0.01621118173644735,0.08786650671473092
R3,1469,0.13308533549936608,0.012754364775693694,0.13308533549936608
R3,1470,0.1234871991642134,0.01526160366182062,0.1234871991642134
R3,1471,0.16922590776146598,0.017560965076935466,0.16922590776146598
R3,1472,0.12635571958701255,0.011929507997934902,0.12635571958701255
R3,1473,0.13674023195205773,0.01259245515217802,0.13674023195205773
R3,1474,0.14979472650553316,0.015991984271630684,0.14979472650553316
R3,1475,0.13334226252431636,0.015724913425726825,0.13334226252431636
R3,1476,0.10119264332006447,0.02459196314827065,0.10119264332006447
R3,1477,0.10345075263364699,0.010765555859231276,0.10345075263364699
R3,1478,0.1081457908224504,0.0228131468252301,0.1081457908224504
R3,1479,0.11382570377102613,0.015750216055407232,0.11382570377102613
R3,1480,0.179968723450835,0.017000952023396323,0.179968723450835
R3,1481,0.13729589387919675,0.01587603512907874,0.13729589387919675
R3,1482,0.14083444343801932,0.016269035012236758,0.14083444343801932
R3,1483,0.16913167432745058,0.026112104176390233,0.16913167432745058
R3,1484,0.09663150740143814,0.017477592243939244,0.09663150740143814
R3,1485,0.13654580148353093,0.014890860739561933,0.13654580148353093
R3,1486,0.16856899290843774,0.014827841140714447,0.16856899290843774
R3,1487,0.11936153165220519,0.018967059332115607,0.11936153165220519
R3,1488,0.11525417403545998,0.012276491738967926,0.11525417403545998
R3,1489,0.1334156749435428,0.010599908646015925,0.1334156749435428
R3,1490,0.10420269442592044,0.009245866543176384,0.10420269442592044
R3,1491,0.168535654053517,0.02094281219421785,0.168535654053517
R3,1492,0.1598364010261227,0.02149914789456206,0.1598364010261227
R3,1493,0.121904104398155,0.015033020645447549,0.121904104398155
R3,1494,0.11596981859787756,0.0159603115164431,0.11596981859787756
R3,1495,0.14255911051795067,0.022847275679544754,0.14255911051795067
R3,1496,0.13458814017594342,0.015443553516285055,0.13458814017594342
R3,1497,0.11042594252181023,0.013551606474498873,0.11042594252181023
R3,1498,0.12982487092823344,0.014981897037466704,0.12982487092823344
R3,1499,0.14236882149030622,0.013534869202868945,0.14236882149030622
R3,1500,0.1878882901089115,0.014578705110174926,0.1878882901089115
R3,1501,0.09554885127600744,0.01535882199170491,0.09554885127600744
R3,1502,0.13300317960124647,0.014345412123947066,0.13300317960124647
R3,1503,0.15777900736987355,0.014290926152090414,0.15777900736987355
R3,1504,0.14049040638939214,0.01945065608367578,0.14049040638939214
R3,1505,0.1344959695451225,0.0178693243130827,0.1344959695451225
R3,1506,0.1266848441436736,0.01753240364086388,0.1266848441436736
R3,1507,0.19101379073751462,0.02662558161431576,0.19101379073751462
R3,1508,0.1573457256264509,0.012183296575053787,0.1573457256264509
R3,1509,0.10323947037226587,0.0170168011073132,0.10323947037226587
R3,1510,0.1360100112494909,0.01825595726711347,0.1360100112494909
R3,1511,0.16413625531150972,0.01351855872978111,0.16413625531150972
R3,1512,0.11436259030577808,0.01077817624253211,0.11436259030577808
R3,1513,0.15571464380723388,0.015803735825887556,0.15571464380723388
R3,1514,0.14222416789571493,0.018199114168131775,0.14222416789571493
R3,1515,0.15352079210705677,0.014906395854015713,0.15352079210705677
R3,1516,0.1304669141825211,0.012780195054534225,0.1304669141825211
R3,1517,0.10977930902368997,0.016464458359499196,0.10977930902368997
R3,1518,0.15390669982899224,0.023764279430964486,0.15390669982899224
R3,1519,0.11204555514705467,0.01573202690961998,0.11204555514705467
R3,1520,0.11621410176627435,0.012595781135658686,0.11621410176627435
R3,1521,0.11114430027815843,0.012829453315757362,0.11114430027815843
R3,1522,0.12114098325381584,0.013837442633648726,0.12114098325381584
R3,1523,0.1564820029704775,0.012860368844865407,0.1564820029704775
R3,1524,0.1355251882590626,0.018880700914574125,0.1355251882590626
R3,1525,0.15263872001603676,0.012674322266629262,0.15263872001603676
R3,1526,0.11502289289537149,0.014590795922320984,0.11502289289537149
R3,1527,0.1082177450330074,0.014802578673662928,0.1082177450330074
R3,1528,0.12488012076675092,0.021557254345701285,0.12488012076675092
R3,1529,0.15506660330595734,0.017039280433367467,0.15506660330595734
R3,1530,0.12638566422689787,0.013443009592915745,0.12638566422689787
R3,1531,0.13140620645179024,0.016569909587180454,0.13140620645179024
R3,1532,0.1265082026014777,0.011023593841898008,0.1265082026014777
R3,1533,0.10506996038531184,0.01159423865373619,0.10506996038531184
R3,1534,0.14394300440826446,0.02215648708449954,0.14394300440826446
R3,1535,0.10932003384501814,0.014235057080800763,0.10932003384501814
R3,1536,0.17126835451268474,0.024134462482459946,0.17126835451268474
R3,1537,0.11466652059295464,0.01368511426891972,0.11466652059295464
R3,1538,0.11728408261576387,0.01767002347539219,0.11728408261576387
R3,1539,0.13333902085087074,0.01503218360596151,0.13333902085087074
R3,1540,0.11649611204887066,0.01198637851954938,0.11649611204887066
R3,1541,0.0998007976265785,0.011964182968818331,0.0998007976265785
R3,1542,0.12059511139898649,0.01530525533559426,0.12059511139898649
R3,1543,0.10633695004472887,0.015114473371973693,0.10633695004472887
R3,1544,0.09612814373779188,0.013399537065777942,0.09612814373779188
R3,1545,0.1454901540026778,0.014662235415941381,0.1454901540026778
R3,1546,0.11187856774224177,0.01289322961018499,0.11187856774224177
R3,1547,0.14967300138627815,0.015506588122056535,0.14967300138627815
R3,1548,0.14295287680243055,0.021221993234411065,0.14295287680243055
R3,1549,0.13329738775542654,0.020166312786163296,0.13329738775542654
R3,1550,0.11701918463043594,0.012116948362168003,0.11701918463043594
R3,1551,0.11897254885794993,0.012848496505721296,0.11897254885794993
R3,1552,0.11684048271155645,0.01687554517233353,0.11684048271155645
R3,1553,0.13590016958043827,0.016374683939371724,0.13590016958043827
R3,1554,0.12089081144700388,0.02445470697139919,0.12089081144700388
R3,1555,0.14774871639936907,0.01188033780407465,0.14774871639936907
R3,1556,0.14257372519054126,0.011817345823333313,0.14257372519054126
R3,1557,0.17181635549987864,0.015492111189614851,0.17181635549987864
R3,1558,0.16337640560272085,0.020854323693256495,0.16337640560272085
R3,1559,0.13477363422038374,0.012418106988525501,0.13477363422038374
R3,1560,0.17145262216217078,0.019832857914901747,0.17145262216217078
R3,1561,0.13094689959858127,0.012966784191519382,0.13094689959858127
R3,1562,0.1430462468318584,0.01387331662206099,0.1430462468318584
R3,1563,0.14518256362755116,0.017260107130687687,0.14518256362755116
R3,1564,0.15434910290988357,0.012716018649998963,0.15434910290988357
R3,1565,0.12359473133308566,0.014572934446173113,0.12359473133308566
R3,1566,0.10116121502385038,0.013277190558236309,0.10116121502385038
R3,1567,0.12181460810456005,0.01647623194506562,0.12181460810456005
R3,1568,0.1167955143322543,0.013603282913056859,0.1167955143322543
R3,1569,0.11330110998380763,0.01942212385118742,0.11330110998380763
R3,1570,0.16322463924148695,0.015252997600773805,0.16322463924148695
R3,1571,0.12208653769623949,0.019376880286022826,0.12208653769623949
R3,1572,0.1431860911057634,0.01839501397380893,0.1431860911057634
R3,1573,0.1172517378877304,0.022045574245190214,0.1172517378877304
R3,1574,0.12359832459533684,0.014058328769195497,0.12359832459533684
R3,1575,0.13036133835780533,0.012727097596571582,0.13036133835780533
R3,1576,0.109953660968649,0.015625541804982327,0.109953660968649
R3,1577,0.12401757304109196,0.016165285658186968,0.12401757304109196
R3,1578,0.141771443984475,0.012133939018571583,0.141771443984475
R3,1579,0.1642377571507518,0.014605483120905108,0.1642377571507518
R3,1580,0.12032835945298108,0.015269160408215042,0.12032835945298108
R3,1581,0.1818902128874008,0.017626536484153597,0.1818902128874008
R3,1582,0.17531871481563532,0.017844166657898623,0.17531871481563532
R3,1583,0.12519225068971096,0.022569365679827706,0.12519225068971096
R3,1584,0.12100357285040245,0.01574321081362238,0.12100357285040245
R3,1585,0.11938180891377016,0.024779281244086248,0.11938180891377016
R3,1586,0.11965448940983595,0.01267847129506466,0.11965448940983595
R3,1587,0.12051123209165235,0.01162448369215151,0.12051123209165235
R3,1588,0.13505071560938378,0.015220199226465116,0.13505071560938378
R3,1589,0.10041441935275612,0.011386103756461116,0.10041441935275612
R3,1590,0.1223246680291722,0.017554787513280913,0.1223246680291722
R3,1591,0.14124612125036173,0.014259011270466007,0.14124612125036173
R3,1592,0.11299076634530276,0.01374646102655322,0.11299076634530276
R3,1593,0.13191609701510157,0.01681259692782503,0.13191609701510157
R3,1594,0.09497355915735688,0.01584326860428172,0.09497355915735688
R3,1595,0.09337615776248076,0.011818776779535297,0.09337615776248076
R3,1596,0.17415738594261093,0.012775920443251156,0.17415738594261093
R3,1597,0.1742516208178204,0.016733805596985354,0.1742516208178204
R3,1598,0.11583003267988254,0.014056462965165988,0.11583003267988254
R3,1599,0.13596086619138648,0.01472832293398139,0.13596086619138648
R3,1600,0.16742846865943964,0.028078997159153355,0.16742846865943964
R3,1601,0.1150477619156992,0.0142163014254987,0.1150477619156992
R3,1602,0.10555373127159574,0.013681201860776199,0.10555373127159574
R3,1603,0.12092098803744127,0.010490595105076174,0.12092098803744127
R3,1604,0.1676878306695875,0.02507597157365063,0.1676878306695875
R3,1605,0.10797692638694481,0.01264863731197121,0.10797692638694481
R3,1606,0.125372855842623,0.015505434360811829,0.125372855842623
R3,1607,0.10462484253954113,0.012709634184183648,0.10462484253954113
R3,1608,0.11778576891556435,0.020286783998168335,0.11778576891556435
R3,1609,0.11488597400750106,0.014620533840642993,0.11488597400750106
R3,1610,0.12882759231950586,0.020959675185621047,0.12882759231950586
R3,1611,0.14608257570107205,0.018125153541639204,0.14608257570107205
R3,1612,0.16926728284305553,0.015012830057519723,0.16926728284305553
R3,1613,0.10750163939952025,0.018534691408583905,0.10750163939952025
R3,1614,0.1307359433370899,0.01431676082279844,0.1307359433370899
R3,1615,0.16478334824579355,0.015421171221728187,0.16478334824579355
R3,1616,0.1856598360432163,0.025293716882043134,0.1856598360432163
R3,1617,0.11645738639492556,0.016510397828136365,0.11645738639492556
R3,1618,0.14586065572731177,0.01848944368386337,0.14586065572731177
R3,1619,0.13830166046417114,0.01410834769593437,0.13830166046417114
R3,1620,0.1325846522672869,0.012801463218525093,0.1325846522672869
R3,1621,0.13322286577042197,0.016218293753301933,0.13322286577042197
R3,1622,0.11628774074240127,0.015014217201072162,0.11628774074240127
R3,1623,0.14238996534688914,0.014014937517617664,0.14238996534688914
R3,1624,0.10726430456785803,0.014393892887609092,0.10726430456785803
R3,1625,0.12539362099495674,0.017927303104236597,0.12539362099495674
R3,1626,0.10901289084085444,0.011853128970006899,0.10901289084085444
R3,1627,0.14515228698986316,0.013468541879667163,0.14515228698986316
R3,1628,0.14354309835118842,0.013795322241280125,0.14354309835118842
R3,1629,0.13911784140125205,0.01360800006526449,0.13911784140125205
R3,1630,0.13230123403892857,0.013433322337679781,0.13230123403892857
R3,1631,0.12724242060834426,0.015961729636059813,0.12724242060834426
R3,1632,0.1488776404509486,0.021528544682612512,0.1488776404509486
R3,1633,0.10303143877028702,0.011322439576849506,0.10303143877028702
R3,1634,0.17531680712689554,0.02040537584521755,0.17531680712689554
R3,1635,0.15097710324231722,0.020076249973083573,0.15097710324231722
R3,1636,0.11662155404265293,0.01540559230225531,0.11662155404265293
R3,1637,0.12833868016400618,0.01751746113108522,0.12833868016400618
R3,1638,0.12527179612440079,0.016767822385569058,0.12527179612440079
R3,1639,0.15192032263591249,0.021582875190937455,0.15192032263591249
R3,1640,0.13628230144738263,0.018726645712290775,0.13628230144738263
R3,1641,0.13759684376452508,0.017205644159171005,0.13759684376452508
R3,1642,0.14616993564810488,0.018446757923910876,0.14616993564810488
R3,1643,0.15847239625217424,0.01577305837684269,0.15847239625217424
R3,1644,0.2093190321265701,0.03417793716449502,0.2093190321265701
R3,1645,0.13820250672396592,0.017243693084640185,0.13820250672396592
R3,1646,0.12712954069612892,0.01078264062477585,0.12712954069612892
R3,1647,0.17926329772041705,0.03559435098048684,0.17926329772041705
R3,1648,0.1601167579640231,0.01719554733494346,0.1601167579640231
R3,1649,0.14240923597130392,0.017661949345734198,0.14240923597130392
R3,1650,0.1536456997186363,0.019509895722276266,0.1536456997186363
R3,1651,0.12753196556049975,0.013395862321315288,0.12753196556049975
R3,1652,0.12140165594246147,0.014161232979246426,0.12140165594246147
R3,1653,0.14790101562184,0.02765128118526651,0.14790101562184
R3,1654,0.1719417179698523,0.023029434474027888,0.1719417179698523
R3,1655,0.1260833660541826,0.012624369820435086,0.1260833660541826
R3,1656,0.1080787150596826,0.014407934741869738,0.1080787150596826
R3,1657,0.09999451155397801,0.019577357678565638,0.09999451155397801
R3,1658,0.12649874967839375,0.017838027599844063,0.12649874967839375
R3,1659,0.13670696990966147,0.01682087940073533,0.13670696990966147
R3,1660,0.13496563947835527,0.013298980166779006,0.13496563947835527
R3,1661,0.1653838836371008,0.018010311958965186,0.1653838836371008
R3,1662,0.14757443688718808,0.01785519314394557,0.14757443688718808
R3,1663,0.16451393600486167,0.01970366302116636,0.16451393600486167
R3,1664,0.15757965697445372,0.030877104116547337,0.15757965697445372
R3,1665,0.12682850944569599,0.014228043698131097,0.12682850944569599
R3,1666,0.11951652361296482,0.011266394356273005,0.11951652361296482
R3,1667,0.12040910102556897,0.014788973064424182,0.12040910102556897
R3,1668,0.13087043830134307,0.019135334053787065,0.13087043830134307
R3,1669,0.17962212017282464,0.016647402440970443,0.17962212017282464
R3,1670,0.11456684732999768,0.01555597595746281,0.11456684732999768
R3,1671,0.12121118802979897,0.013376885098314655,0.12121118802979897
R3,1672,0.12229019948001726,0.01939889247848264,0.12229019948001726
R3,1673,0.1279019407497388,0.01694890478529018,0.1279019407497388
R3,1674,0.11779087107927691,0.015679674754377794,0.11779087107927691
R3,1675,0.13505749774275655,0.022076411893545922,0.13505749774275655
R3,1676,0.14678991311224288,0.01790223356999102,0.14678991311224288
R3,1677,0.11904541778149384,0.009666558814638317,0.11904541778149384
R3,1678,0.15496272488507792,0.013831418730210343,0.15496272488507792
R3,1679,0.11551445819842968,0.011668904181318432,0.11551445819842968
R3,1680,0.12228721910497321,0.013255364315227447,0.12228721910497321
R3,1681,0.22308789911752974,0.016613566749053968,0.22308789911752974
R3,1682,0.14918439663069144,0.01422338396534279,0.14918439663069144
R3,1683,0.12668038520522917,0.013533881778415503,0.12668038520522917
R3,1684,0.16528880867064757,0.015184370917157648,0.16528880867064757
R3,1685,0.12218217343468915,0.015925392010443653,0.12218217343468915
R3,1686,0.12459486232097672,0.01255270921744694,0.12459486232097672
R3,1687,0.11372094591160131,0.011842405223107439,0.11372094591160131
R3,1688,0.1311752802147833,0.014856900452611364,0.1311752802147833
R3,1689,0.1490389532591455,0.01838778686958573,0.1490389532591455
R3,1690,0.13488384942912535,0.014110410853545441,0.13488384942912535
R3,1691,0.13648971275786712,0.01415772597634438,0.13648971275786712
R3,1692,0.14461529607902093,0.013335596983658046,0.14461529607902093
R3,1693,0.12443754685506195,0.01144108989533251,0.12443754685506195
R3,1694,0.11891324973869166,0.010924938520724698,0.11891324973869166
R3,1695,0.12779449734382248,0.01662853666603255,0.12779449734382248
R3,1696,0.14077397373167383,0.012857021757617217,0.14077397373167383
R3,1697,0.14377917986771663,0.015116954230754993,0.14377917986771663
R3,1698,0.15764989591687512,0.02323291408630348,0.15764989591687512
R3,1699,0.13181035506196595,0.014465387400192655,0.13181035506196595
R3,1700,0.16204801510784708,0.013653991569928506,0.16204801510784708
R3,1701,0.10700883318132272,0.012089469553384793,0.10700883318132272
R3,1702,0.12582986877334684,0.02110326102118076,0.12582986877334684
R3,1703,0.13150415678495259,0.016077422122009206,0.13150415678495259
R3,1704,0.10312096138092329,0.012386249694101169,0.10312096138092329
R3,1705,0.11189572749935975,0.013309052873178785,0.11189572749935975
R3,1706,0.1261721047529182,0.013493047771053491,0.1261721047529182
R3,1707,0.10933694160918084,0.009795984324503204,0.10933694160918084
R3,1708,0.13706930635418382,0.014628312482096267,0.13706930635418382
R3,1709,0.13815063224023177,0.017629204054040584,0.13815063224023177
R3,1710,0.11391362104077568,0.013756159702641067,0.11391362104077568
R3,1711,0.165121168654223,0.018080807109054527,0.165121168654223
R3,1712,0.17176654478702333,0.0270810291571397,0.17176654478702333
R3,1713,0.14869498409145648,0.012350256983276754,0.14869498409145648
R3,1714,0.11430435282464069,0.012528480532169907,0.11430435282464069
R3,1715,0.14733218370899623,0.016815613662324157,0.14733218370899623
R3,1716,0.11723436607212558,0.014287535328397728,0.11723436607212558
R3,1717,0.14014577530750896,0.016601228316278815,0.14014577530750896
R3,1718,0.15668232618594496,0.017798898491158066,0.15668232618594496
R3,1719,0.1104218795665523,0.01002645111015545,0.1104218795665523
R3,1720,0.14272883899133862,0.019490042189175945,0.14272883899133862
R3,1721,0.14954655307638204,0.02224272250739243,0.14954655307638204
R3,1722,0.1522556232694713,0.024545961190647093,0.1522556232694713
R3,1723,0.14030087819996437,0.011110791198868725,0.14030087819996437
R3,1724,0.1285087524808329,0.01283415963270239,0.1285087524808329
R3,1725,0.13554390475293873,0.018087683255376064,0.13554390475293873
R3,1726,0.1295159741758667,0.014627914746158637,0.1295159741758667
R3,1727,0.141328016688379,0.019964798387388318,0.141328016688379
R3,1728,0.13678345974565453,0.01526407205816259,0.13678345974565453
R3,1729,0.1016914187345407,0.012051196661027165,0.1016914187345407
R3,1730,0.14283521359111095,0.0138190755649163,0.14283521359111095
R3,1731,0.13663795787927047,0.014684567340630813,0.13663795787927047
R3,1732,0.11364768117144884,0.013810462380927795,0.11364768117144884
R3,1733,0.13514206170943974,0.014561551157563257,0.13514206170943974
R3,1734,0.16827323504757302,0.020833552019543216,0.16827323504757302
R3,1735,0.11130579005392008,0.01777548489019686,0.11130579005392008
R3,1736,0.1471259068140781,0.016457331584134625,0.1471259068140781
R3,1737,0.11866085168968836,0.015305622080800866,0.11866085168968836
R3,1738,0.13378986685892258,0.024217048998341678,0.13378986685892258
R3,1739,0.11353047970779531,0.01172682630204234,0.11353047970779531
R3,1740,0.124710156174756,0.02039145665296113,0.124710156174756
R3,1741,0.13302576357821672,0.014594126122033719,0.13302576357821672
R3,1742,0.15370864285836938,0.024252844502053856,0.15370864285836938
R3,1743,0.12325845722232594,0.015092445640058245,0.12325845722232594
R3,1744,0.15108546162261,0.015723809994253102,0.15108546162261
R3,1745,0.12972924357249405,0.014929719942404367,0.12972924357249405
R3,1746,0.11558221186504286,0.014543811593513447,0.11558221186504286
R3,1747,0.1351620133428526,0.01324662097718621,0.1351620133428526
R3,1748,0.10506075929112949,0.011521731983953738,0.10506075929112949
R3,1749,0.11350768542804576,0.017195341799663182,0.11350768542804576
R3,1750,0.1349738151543334,0.014704559097852484,0.1349738151543334
R3,1751,0.1429665610893803,0.016981600381135824,0.1429665610893803
R3,1752,0.12728732590878283,0.01600197366217274,0.12728732590878283
R3,1753,0.10955452681409718,0.01495193679951791,0.10955452681409718
R3,1754,0.1596650619040738,0.03229504826879197,0.1596650619040738
R3,1755,0.1290955010421783,0.015669812457173873,0.1290955010421783
R3,1756,0.106724105020448,0.013471085906204137,0.106724105020448
R3,1757,0.14890314363919124,0.015528613504663964,0.14890314363919124
R3,1758,0.128318630739115,0.013570716934329008,0.128318630739115
R3,1759,0.132476382787889,0.012768508788987415,0.132476382787889
R3,1760,0.12368149824053412,0.015047416329354621,0.12368149824053412
R3,1761,0.15648336243732708,0.012988661950072231,0.15648336243732708
R3,1762,0.13672598743318093,0.013373027660364831,0.13672598743318093
R3,1763,0.12107114188786347,0.013285474586670067,0.12107114188786347
R3,1764,0.15603511271430348,0.018340023722951994,0.15603511271430348
R3,1765,0.1355901451808034,0.01208543416024408,0.1355901451808034
R3,1766,0.14845282856447664,0.015084300451468413,0.14845282856447664
R3,1767,0.12783672928758907,0.011223867821866927,0.12783672928758907
R3,1768,0.16948344992695166,0.017984459313659718,0.16948344992695166
R3,1769,0.13416353437469217,0.014823350550429215,0.13416353437469217
R3,1770,0.11872998796522367,0.016759251196142612,0.11872998796522367
R3,1771,0.15859544924768235,0.016516374638531433,0.15859544924768235
R3,1772,0.10533261621706026,0.014050316071940478,0.10533261621706026
R3,1773,0.15122058252635806,0.01859411843828424,0.15122058252635806
R3,1774,0.10639197539265832,0.012340502541566786,0.10639197539265832
R3,1775,0.1277445649213568,0.020467895190685242,0.1277445649213568
R3,1776,0.13445394954555553,0.014602717874730444,0.13445394954555553
R3,1777,0.12060560303757664,0.013341320983819772,0.12060560303757664
R3,1778,0.12742498610371206,0.019426380275172742,0.12742498610371206
R3,1779,0.16280726856283972,0.016318691990291474,0.16280726856283972
R3,1780,0.1266539572839733,0.017760369231470414,0.1266539572839733
R3,1781,0.1410002954147012,0.015458784819683977,0.1410002954147012
R3,1782,0.11529481184881964,0.013377562600122603,0.11529481184881964
R3,1783,0.12499395209981401,0.015173274768897222,0.12499395209981401
R3,1784,0.15650934529152108,0.024210474122420594,0.15650934529152108
R3,1785,0.13987160306482646,0.014424027448169015,0.13987160306482646
R3,1786,0.11013192913465637,0.020474913839984094,0.11013192913465637
R3,1787,0.1366398528882074,0.021345745028816792,0.1366398528882074
R3,1788,0.12050462269190824,0.016350860832774438,0.12050462269190824
R3,1789,0.1322334509796818,0.017107045408804762,0.1322334509796818
R3,1790,0.13235653974474088,0.016937587265263402,0.13235653974474088
R3,1791,0.14543489825133335,0.019251917857146143,0.14543489825133335
R3,1792,0.1105273912339386,0.012749413907450213,0.1105273912339386
R3,1793,0.15135868031251823,0.013287551598318278,0.15135868031251823
R3,1794,0.15802713855316064,0.01877905647494452,0.15802713855316064
R3,1795,0.08663267236039417,0.015009098047508775,0.08663267236039417
R3,1796,0.13460995670985373,0.01591473545656727,0.13460995670985373
R3,1797,0.08974793060225492,0.01230871255184881,0.08974793060225492
R3,1798,0.1742687678773782,0.01914596027712094,0.1742687678773782
R3,1799,0.13676929747973243,0.017985749106706993,0.13676929747973243
R3,1800,0.15162232417120872,0.022134949779714846,0.15162232417120872
R3,1801,0.13246366548832053,0.018897613061400864,0.13246366548832053
R3,1802,0.1248637831211619,0.012444551373313607,0.1248637831211619
R3,1803,0.13731710250670195,0.014515065283714832,0.13731710250670195
R3,1804,0.15593769723013517,0.016085191604341496,0.15593769723013517
R3,1805,0.1239167680928401,0.024780580168676163,0.1239167680928401
R3,1806,0.12778282819212697,0.018862406578274253,0.12778282819212697
R3,1807,0.12259577466242158,0.016804505189192697,0.12259577466242158
R3,1808,0.1398598494592753,0.01454238818586625,0.1398598494592753
R3,1809,0.11309466667205718,0.018645137074592897,0.11309466667205718
R3,1810,0.17335460994223037,0.017342184205040904,0.17335460994223037
R3,1811,0.17079469063019642,0.020237191366391502,0.17079469063019642
R3,1812,0.12852077452569258,0.014405351184361058,0.12852077452569258
R3,1813,0.08928458993178492,0.015434769732061386,0.08928458993178492
R3,1814,0.12886915288467726,0.019567937871978133,0.12886915288467726
R3,1815,0.20460880550161595,0.02407852181355937,0.20460880550161595
R3,1816,0.1474803930364069,0.018378143624992765,0.1474803930364069
R3,1817,0.10669075101843507,0.015532155058403135,0.10669075101843507
R3,1818,0.17734617203198114,0.03211907003330668,0.17734617203198114
R3,1819,0.15947681448242246,0.01970722592068018,0.15947681448242246
R3,1820,0.11137089887614772,0.013339857200062432,0.11137089887614772
R3,1821,0.126582068230131,0.013585376107725986,0.126582068230131
R3,1822,0.17331264603845936,0.01654059839422307,0.17331264603845936
R3,1823,0.14024782209842615,0.01961156717716608,0.14024782209842615
R3,1824,0.112192030753966,0.01487912253009635,0.112192030753966
R3,1825,0.12052598306275268,0.014787138497885575,0.12052598306275268
R3,1826,0.14626704660460368,0.017585383691520066,0.14626704660460368
R3,1827,0.11651142508781051,0.015378117793190546,0.11651142508781051
R3,1828,0.15510885259600027,0.016802204055328923,0.15510885259600027
R3,1829,0.12842475214981247,0.012187350924882063,0.12842475214981247
R3,1830,0.14859507832752256,0.01785671756628609,0.14859507832752256
R3,1831,0.12427479749993384,0.018142049539651442,0.12427479749993384
R3,1832,0.14751351154596642,0.012989994494233622,0.14751351154596642
R3,1833,0.1111916485108654,0.011037929157760867,0.1111916485108654
R3,1834,0.11733564064287312,0.01369023706304459,0.11733564064287312
R3,1835,0.14612261789884592,0.018280744150384325,0.14612261789884592
R3,1836,0.12766225653794386,0.01569471988559756,0.12766225653794386
R3,1837,0.12109108752270727,0.017946389928293557,0.12109108752270727
R3,1838,0.1666743049136801,0.014948015278266549,0.1666743049136801
R3,1839,0.14856410623832259,0.016506871593104933,0.14856410623832259
R3,1840,0.1400531324523353,0.015029960369063712,0.1400531324523353
R3,1841,0.13370183106837477,0.01282831974926964,0.13370183106837477
R3,1842,0.16419699442272245,0.01822308004284009,0.16419699442272245
R3,1843,0.11012485124980806,0.011495016826902033,0.11012485124980806
R3,1844,0.11986322734383431,0.012978877678904278,0.11986322734383431
R3,1845,0.0980169059230308,0.01889601032631599,0.0980169059230308
R3,1846,0.10982840351483479,0.01448186562414895,0.10982840351483479
R3,1847,0.12023128745097846,0.019968389362188695,0.12023128745097846
R3,1848,0.16771850460872162,0.02017757830540882,0.16771850460872162
R3,1849,0.12826674045052133,0.010456806415292317,0.12826674045052133
R3,1850,0.1549015143680523,0.023104491163093526,0.1549015143680523
R3,1851,0.17644167293110832,0.011536113162592765,0.17644167293110832
R3,1852,0.11634985695950688,0.010761485676917018,0.11634985695950688
R3,1853,0.13833239971529684,0.014731370654399101,0.13833239971529684
R3,1854,0.14960583287035578,0.018657186278044517,0.14960583287035578
R3,1855,0.13015958628376784,0.011920359360487198,0.13015958628376784
R3,1856,0.13378225591454415,0.016946619793320725,0.13378225591454415
R3,1857,0.14637329814491973,0.017752695808345317,0.14637329814491973
R3,1858,0.09756948446051066,0.013000851120706954,0.09756948446051066
R3,1859,0.15844600552037175,0.01933979930919285,0.15844600552037175
R3,1860,0.108130841323472,0.009086313092839996,0.108130841323472
R3,1861,0.09607328968537218,0.012491966162462079,0.09607328968537218
R3,1862,0.12187146478728163,0.014197797263061638,0.12187146478728163
R3,1863,0.1363342413427169,0.024719530208521783,0.1363342413427169
R3,1864,0.15509774910338628,0.015193092990978133,0.15509774910338628
R3,1865,0.12523376676171655,0.01848094509891994,0.12523376676171655
R3,1866,0.13420406755477296,0.012918201259054704,0.13420406755477296
R3,1867,0.13045403321074092,0.01707655444965787,0.13045403321074092
R3,1868,0.09852200893667762,0.011008788596400155,0.09852200893667762
R3,1869,0.1180950603285253,0.017019320025708214,0.1180950603285253
R3,1870,0.13579189721554374,0.01929605143835806,0.13579189721554374
R3,1871,0.121484367238465,0.018008676259113815,0.121484367238465
R3,1872,0.13246541657311253,0.013237993337240793,0.13246541657311253
R3,1873,0.13660393739386353,0.01579083693908933,0.13660393739386353
R3,1874,0.14157602719518209,0.021198155325644213,0.14157602719518209
R3,1875,0.13577202566209912,0.012899025880298598,0.13577202566209912
R3,1876,0.14983789069580258,0.010653743665205145,0.14983789069580258
R3,1877,0.13411944296322906,0.0196729716212332,0.13411944296322906
R3,1878,0.11354722885125447,0.012061081861143963,0.11354722885125447
R3,1879,0.13942477979208207,0.020685817069384185,0.13942477979208207
R3,1880,0.155208421706722,0.012780049401168335,0.155208421706722
R3,1881,0.11935021665221537,0.013199753510676105,0.11935021665221537
R3,1882,0.11353697550802284,0.014449117627283955,0.11353697550802284
R3,1883,0.1396006470955763,0.017104598393110102,0.1396006470955763
R3,1884,0.1534339875141095,0.018738748001696,0.1534339875141095
R3,1885,0.14871393312549472,0.015626337765877477,0.14871393312549472
R3,1886,0.14469851662714142,0.016503970482741943,0.14469851662714142
R3,1887,0.15156123174636438,0.017997273854615106,0.15156123174636438
R3,1888,0.13788510246844873,0.01882255856845129,0.13788510246844873
R3,1889,0.1686537439067901,0.0221300545041165,0.1686537439067901
R3,1890,0.134770416462154,0.019775496431751548,0.134770416462154
R3,1891,0.14474247189579884,0.012418410335504813,0.14474247189579884
R3,1892,0.14536719429746858,0.01589450542831161,0.14536719429746858
R3,1893,0.15393726866190316,0.01744967908568704,0.15393726866190316
R3,1894,0.12987104950987582,0.014763614931915317,0.12987104950987582
R3,1895,0.11284333201640304,0.01344817568901848,0.11284333201640304
R3,1896,0.12447041363700778,0.01866743657758437,0.12447041363700778
R3,1897,0.17322707155132003,0.015098782685101286,0.17322707155132003
R3,1898,0.13124302538953697,0.013931101499059332,0.13124302538953697
R3,1899,0.17729993097426897,0.018485105980409016,0.17729993097426897
R3,1900,0.10604368816607916,0.012122311296986009,0.10604368816607916
R3,1901,0.12153177405058598,0.013516260071804256,0.12153177405058598
R3,1902,0.10318194885914375,0.01703249435443683,0.10318194885914375
R3,1903,0.12653168556581476,0.014099731110846527,0.12653168556581476
R3,1904,0.12953688928752552,0.01500377883982274,0.12953688928752552
R3,1905,0.13693560606688948,0.01441010054974369,0.13693560606688948
R3,1906,0.1336089581997535,0.021028364457966863,0.1336089581997535
R3,1907,0.14729607554298302,0.015295240920789193,0.14729607554298302
R3,1908,0.11606710120294716,0.012060559082455334,0.11606710120294716
R3,1909,0.12906230282605644,0.011103010010079543,0.12906230282605644
R3,1910,0.13818875071577683,0.0190555824689266,0.13818875071577683
R3,1911,0.1109554023318285,0.018256297125515006,0.1109554023318285
R3,1912,0.11497644846482245,0.022302312714894176,0.11497644846482245
R3,1913,0.11271044641163178,0.014831030648365804,0.11271044641163178
R3,1914,0.17120780613602918,0.01844778016391951,0.17120780613602918
R3,1915,0.1094343185762232,0.012509421062989877,0.1094343185762232
R3,1916,0.09495062255422047,0.012523693892553396,0.09495062255422047
R3,1917,0.14067700175065256,0.01358030242788003,0.14067700175065256
R3,1918,0.1554288251596098,0.014215771238424546,0.1554288251596098
R3,1919,0.1466951961067731,0.014788295007179068,0.1466951961067731
R3,1920,0.12027492233384211,0.012036918138683496,0.12027492233384211
R3,1921,0.1542275821186897,0.016096772871448846,0.1542275821186897
R3,1922,0.16149963107804102,0.015781453762884434,0.16149963107804102
R3,1923,0.16576495500965918,0.028088495935507926,0.16576495500965918
R3,1924,0.11694098140089448,0.010623654536361236,0.11694098140089448
R3,1925,0.13520472958165647,0.024477833392483835,0.13520472958165647
R3,1926,0.10992331777356379,0.015869102640643052,0.10992331777356379
R3,1927,0.1724258221058567,0.019659679267542588,0.1724258221058567
R3,1928,0.11636852089551734,0.016515478012665924,0.11636852089551734
R3,1929,0.1668588373523409,0.02249361055913902,0.1668588373523409
R3,1930,0.13616767709377806,0.019193024520467342,0.13616767709377806
R3,1931,0.19042846098922028,0.02564028741694657,0.19042846098922028
R3,1932,0.1265374490486617,0.012035641107632299,0.1265374490486617
R3,1933,0.1733296567175095,0.015775050831598674,0.1733296567175095
R3,1934,0.09539476384863224,0.013286428505935862,0.09539476384863224
R3,1935,0.12139148362070101,0.012536664359304924,0.12139148362070101
R3,1936,0.12009479003535682,0.013885133903020179,0.12009479003535682
R3,1937,0.14431213718507535,0.016747958739935603,0.14431213718507535
R3,1938,0.12110420909884786,0.012167219111190822,0.12110420909884786
R3,1939,0.1351254742563484,0.011513149832253967,0.1351254742563484
R3,1940,0.13462407500702067,0.012047810026738735,0.13462407500702067
R3,1941,0.15078567423519768,0.02149514606678335,0.15078567423519768
R3,1942,0.15205183233527195,0.0176324362496127,0.15205183233527195
R3,1943,0.11021772663011767,0.013701994574548779,0.11021772663011767
R3,1944,0.12208188438832242,0.020498538090243584,0.12208188438832242
R3,1945,0.1138387470137305,0.012210592598789137,0.1138387470137305
R3,1946,0.10262259192072001,0.013177130843177233,0.10262259192072001
R3,1947,0.14663704790470142,0.01383583652134356,0.14663704790470142
R3,1948,0.14483084997440288,0.013985164946918973,0.14483084997440288
R3,1949,0.14493789240176091,0.014369921665014473,0.14493789240176091
R3,1950,0.14288119356522305,0.01849759832397205,0.14288119356522305
R3,1951,0.15124223485464938,0.018370429047277145,0.15124223485464938
R3,1952,0.13350675175793128,0.013242729525459724,0.13350675175793128
R3,1953,0.11134270521213735,0.012227826013607111,0.11134270521213735
R3,1954,0.13551863319185536,0.010230786202555155,0.13551863319185536
R3,1955,0.13752493905827015,0.018049104546977,0.13752493905827015
R3,1956,0.14839882493147566,0.017766414884014266,0.14839882493147566
R3,1957,0.15952035273559667,0.016279326123739366,0.15952035273559667
R3,1958,0.18821642257360144,0.027144672762636157,0.18821642257360144
R3,1959,0.1214102733800278,0.012941669760762246,0.1214102733800278
R3,1960,0.16519428781224885,0.014751562554034899,0.16519428781224885
R3,1961,0.1196026115441035,0.012898426084260327,0.1196026115441035
R3,1962,0.15315517962777403,0.02246970445732646,0.15315517962777403
R3,1963,0.1496599434565218,0.01547246706469207,0.1496599434565218
R3,1964,0.1750816257581293,0.012388490054377749,0.1750816257581293
R3,1965,0.1993324707201021,0.024030180021633877,0.1993324707201021
R3,1966,0.12921058946573055,0.018950809497705917,0.12921058946573055
R3,1967,0.11223548223469869,0.013734818496373133,0.11223548223469869
R3,1968,0.13024248402363522,0.012178216990081456,0.13024248402363522
R3,1969,0.13763143498191058,0.016352995667702114,0.13763143498191058
R3,1970,0.13973635172200802,0.015892024657371627,0.13973635172200802
R3,1971,0.11679347095830034,0.015333576409958305,0.11679347095830034
R3,1972,0.1484649280523677,0.022344001173358167,0.1484649280523677
R3,1973,0.14996646786709464,0.021544194522719946,0.14996646786709464
R3,1974,0.12390511781202714,0.020760197981650408,0.12390511781202714
R3,1975,0.12442141036323849,0.014531680594423063,0.12442141036323849
R3,1976,0.1408570996394088,0.01809020275682779,0.1408570996394088
R3,1977,0.11193249765205,0.019264295741083348,0.11193249765205
R3,1978,0.15976000957356143,0.02129626975553244,0.15976000957356143
R3,1979,0.11805352977292362,0.012877384594659974,0.11805352977292362
R3,1980,0.12144409451359224,0.014877173231799762,0.12144409451359224
R3,1981,0.1387183215564785,0.018231227475800145,0.1387183215564785
R3,1982,0.1312657532645328,0.01968404974634445,0.1312657532645328
R3,1983,0.11322922571144058,0.012671202191908603,0.11322922571144058
R3,1984,0.10467924948853213,0.011024028333959351,0.10467924948853213
R3,1985,0.12332041093264794,0.017485907795339563,0.12332041093264794
R3,1986,0.1063215321548789,0.011366793719859915,0.1063215321548789
R3,1987,0.1207406244372202,0.018790473535149035,0.1207406244372202
R3,1988,0.1294762667838319,0.01101607503650986,0.1294762667838319
R3,1989,0.13807812270885167,0.014739950204976352,0.13807812270885167
R3,1990,0.1796708490814826,0.018792521437147124,0.1796708490814826
R3,1991,0.11762460323427526,0.014318740645655482,0.11762460323427526
R3,1992,0.13176644574310312,0.016577256880997326,0.13176644574310312
R3,1993,0.12076098442710538,0.01231843396943989,0.12076098442710538
R3,1994,0.12537003893778098,0.01247820199859932,0.12537003893778098
R3,1995,0.15503030889436303,0.017682341248342445,0.15503030889436303
R3,1996,0.13896839890701626,0.015708716437914248,0.13896839890701626
R3,1997,0.13826503417165087,0.01143695304337809,0.13826503417165087
R3,1998,0.124627963699338,0.014848455351470783,0.124627963699338
R3,1999,0.1661651006831293,0.018648514092168413,0.1661651006831293
R4,1,0.1365197744472176,0.010988266973046449,0.1365197744472176
R4,2,0.1314864025756255,0.025168384985857436,0.1314864025756255
R4,3,0.11864926178714186,0.015183768015986115,0.11864926178714186
R4,4,0.16490092193146394,0.014623635405869861,0.16490092193146394
R4,5,0.17643717851622567,0.020097766909320653,0.17643717851622567
R4,6,0.12433005159163987,0.013849036339266183,0.12433005159163987
R4,7,0.12635505388551896,0.016308355723482115,0.12635505388551896
R4,8,0.11469308046211649,0.013621255590085797,0.11469308046211649
R4,9,0.14248092447495703,0.015523072240079299,0.14248092447495703
R4,10,0.1868208876351919,0.023078484486533112,0.1868208876351919
R4,11,0.13293359918046704,0.018635942266743113,0.13293359918046704
R4,12,0.19095453036068047,0.02491545163575047,0.19095453036068047
R4,13,0.13953075904502457,0.015786091059759914,0.13953075904502457
R4,14,0.13259145861006263,0.016719878303810068,0.13259145861006263
R4,15,0.140320751820858,0.01815267273526701,0.140320751820858
R4,16,0.09462606292155416,0.01357296952975706,0.09462606292155416
R4,17,0.13792362034128514,0.015658756414563123,0.13792362034128514
R4,18,0.13412954268825425,0.012509989996366136,0.13412954268825425
R4,19,0.15348129284603482,0.01930253832759849,0.15348129284603482
R4,20,0.11671911169069715,0.015557486834331093,0.11671911169069715
R4,21,0.1584363237710607,0.0163514615839409,0.1584363237710607
R4,22,0.154023672710527,0.02290488789324979,0.154023672710527
R4,23,0.102827081973947,0.012666116745660197,0.102827081973947
R4,24,0.14250820740769726,0.014817539172605696,0.14250820740769726
R4,25,0.14136787209625953,0.015805149375647122,0.14136787209625953
R4,26,0.11484578053234958,0.012230464530849555,0.11484578053234958
R4,27,0.10396318716334355,0.014107137858208135,0.10396318716334355
R4,28,0.10007296143844736,0.015419345554815354,0.10007296143844736
R4,29,0.14281555421174044,0.021237512915108153,0.14281555421174044
R4,30,0.11747742188717164,0.012065797847583897,0.11747742188717164
R4,31,0.11858046155818615,0.02337357175374847,0.11858046155818615
R4,32,0.11326928782304921,0.017260326897895882,0.11326928782304921
R4,33,0.1276393709821592,0.013703428776868882,0.1276393709821592
R4,34,0.14735502783651988,0.01453079735924827,0.14735502783651988
R4,35,0.15884592885320892,0.01973408758870691,0.15884592885320892
R4,36,0.12484709665138556,0.012681301000644565,0.12484709665138556
R4,37,0.11546722156357993,0.016922969257214766,0.11546722156357993
R4,38,0.12213593297417406,0.01769112127319726,0.12213593297417406
R4,39,0.13635986276206,0.013863773100785804,0.13635986276206
R4,40,0.1088131530828837,0.018711429554938815,0.1088131530828837
R4,41,0.14388272985693437,0.014980128317389466,0.14388272985693437
R4,42,0.14688439810078724,0.018500959750506037,0.14688439810078724
R4,43,0.11207101316554306,0.01465637365155153,0.11207101316554306
R4,44,0.11345197157885999,0.011136890929018862,0.11345197157885999
R4,45,0.11328947920214302,0.013594312953575067,0.11328947920214302
R4,46,0.127494261494921,0.01808346123921319,0.127494261494921
R4,47,0.12576118304556133,0.014300226602012578,0.12576118304556133
R4,48,0.13218149198053028,0.017581323858701446,0.13218149198053028
R4,49,0.16980842990406733,0.02240772133577413,0.16980842990406733
R4,50,0.11620959772381247,0.01181062591733894,0.11620959772381247
R4,51,0.1606157418516995,0.015232969369932377,0.1606157418516995
R4,52,0.12145289281199324,0.01246088366355016,0.12145289281199324
R4,53,0.13932351840570087,0.013511971737065564,0.13932351840570087
R4,54,0.11752961966552096,0.01455885737744228,0.11752961966552096
R4,55,0.13564148482987357,0.017411004817466748,0.13564148482987357
R4,56,0.11187583614148994,0.01681971164747455,0.11187583614148994
R4,57,0.13691111211335139,0.015596044944047262,0.13691111211335139
R4,58,0.10262352285339742,0.015391212044697285,0.10262352285339742
R4,59,0.12989565703660394,0.015727409685487963,0.12989565703660394
R4,60,0.1315609448176948,0.011864050418784706,0.1315609448176948
R4,61,0.13856549750831576,0.014268340098405795,0.13856549750831576
R4,62,0.09169345403959246,0.012059512434638235,0.09169345403959246
R4,63,0.1755462950973064,0.028548024138793357,0.1755462950973064
R4,64,0.12687364739348023,0.012707908537795727,0.12687364739348023
R4,65,0.12236852023607336,0.021964218180498284,0.12236852023607336
R4,66,0.12130160210066938,0.012754259708805785,0.12130160210066938
R4,67,0.17168269206437867,0.013340186464704718,0.17168269206437867
R4,68,0.11959405016314827,0.037309987989210584,0.11959405016314827
R4,69,0.13250192743028075,0.01878622678226799,0.13250192743028075
R4,70,0.1320216000043479,0.01702465439058854,0.1320216000043479
R4,71,0.12435380962707968,0.015129498359712423,0.12435380962707968
R4,72,0.12556664405573364,0.015623785340864,0.12556664405573364
R4,73,0.1448455752604447,0.017234282147775087,0.1448455752604447
R4,74,0.12611461880120528,0.01117214281202542,0.12611461880120528
R4,75,0.13325257389736345,0.019641678601699207,0.13325257389736345
R4,76,0.1349254970660904,0.019946564469286866,0.1349254970660904
R4,77,0.11570524762393376,0.011394452103111987,0.11570524762393376
R4,78,0.15813457917171023,0.017223412003483637,0.15813457917171023
R4,79,0.15423191701270547,0.01281384279553588,0.15423191701270547
R4,80,0.10549210007530498,0.01573659612876739,0.10549210007530498
R4,81,0.2017562742805007,0.027805282610695058,0.2017562742805007
R4,82,0.16843597276027034,0.020760834681241763,0.16843597276027034
R4,83,0.1253435031696948,0.015347427103906566,0.1253435031696948
R4,84,0.1383640695095541,0.012617000061866451,0.1383640695095541
R4,85,0.15340246656955114,0.023970432958664266,0.15340246656955114
R4,86,0.13698122362718929,0.014246190819909252,0.13698122362718929
R4,87,0.1604496051812737,0.020851459228853206,0.1604496051812737
R4,88,0.13655318448103768,0.015807326679224815,0.13655318448103768
R4,89,0.09648591685614909,0.014564375194822038,0.09648591685614909
R4,90,0.1480928269388632,0.024645967419046358,0.1480928269388632
R4,91,0.16104390655704284,0.02256333583893172,0.16104390655704284
R4,92,0.14747763575661774,0.019489393344606844,0.14747763575661774
R4,93,0.1697312041006411,0.01502742407089484,0.1697312041006411
R4,94,0.12076728434627844,0.012189708507871808,0.12076728434627844
R4,95,0.11322729449815679,0.009884417478465753,0.11322729449815679
R4,96,0.12810486334828858,0.01203097828894532,0.12810486334828858
R4,97,0.13376647723942592,0.012827926077863776,0.13376647723942592
R4,98,0.10717877771792471,0.02120993269566899,0.10717877771792471
R4,99,0.11735201722607053,0.010837324788363707,0.11735201722607053
R4,100,0.1718520831062563,0.013159444080926178,0.1718520831062563
R4,101,0.11929990953117005,0.0114245468688686,0.11929990953117005
R4,102,0.11859977393043969,0.013750873321720142,0.11859977393043969
R4,103,0.13977175788322213,0.01583601126553337,0.13977175788322213
R4,104,0.12535133443872293,0.01774745346203732,0.12535133443872293
R4,105,0.09910446374731259,0.01180149893670514,0.09910446374731259
R4,106,0.1250792052045226,0.02409496951172298,0.1250792052045226
R4,107,0.10762235304448928,0.01708630811098885,0.10762235304448928
R4,108,0.14738236179768952,0.01903834879836402,0.14738236179768952
R4,109,0.13042695908962396,0.014870677108706416,0.13042695908962396
R4,110,0.15406116129637298,0.01894526057153914,0.15406116129637298
R4,111,0.09037103172979326,0.011201532727701666,0.09037103172979326
R4,112,0.15191591872057467,0.01609035955398743,0.15191591872057467
R4,113,0.13753245959673188,0.01829552523113958,0.13753245959673188
R4,114,0.1318195081400825,0.012577679634460798,0.1318195081400825
R4,115,0.10050077297096027,0.0153617029268801,0.10050077297096027
R4,116,0.12849195751143105,0.016472186632947153,0.12849195751143105
R4,117,0.15101979026515233,0.016554339888907935,0.15101979026515233
R4,118,0.12720134576395392,0.02058763856002147,0.12720134576395392
R4,119,0.10589070891255996,0.015448186899739716,0.10589070891255996
R4,120,0.10826883441416284,0.015026611694976197,0.10826883441416284
R4,121,0.16590662809186288,0.02048389231173074,0.16590662809186288
R4,122,0.13572845340680284,0.017266616138915662,0.13572845340680284
R4,123,0.15614482791046305,0.018921742614038818,0.15614482791046305
R4,124,0.13666775154474345,0.01460717029916714,0.13666775154474345
R4,125,0.13272556252469614,0.011366682288625307,0.13272556252469614
R4,126,0.11093148009416398,0.009975954378103787,0.11093148009416398
R4,127,0.15420200094021602,0.01612471488018264,0.15420200094021602
R4,128,0.10570170445770168,0.012389572373441685,0.10570170445770168
R4,129,0.13553434546231505,0.01890831056826612,0.13553434546231505
R4,130,0.1397826348723914,0.016651163098055796,0.1397826348723914
R4,131,0.14121675139780282,0.014013945652230535,0.14121675139780282
R4,132,0.14879379042954877,0.019762749800955062,0.14879379042954877
R4,133,0.10523731153853269,0.014560328094487813,0.10523731153853269
R4,134,0.19844804640434152,0.016254656614554077,0.19844804640434152
R4,135,0.16453088962957654,0.015138445793103117,0.16453088962957654
R4,136,0.12273722160000325,0.00994013601257188,0.12273722160000325
R4,137,0.11119167067629303,0.01672227944399907,0.11119167067629303
R4,138,0.11905103547209257,0.01130491808781469,0.11905103547209257
R4,139,0.12763664717938275,0.018849921251625185,0.12763664717938275
R4,140,0.10192051677884091,0.011646644162063234,0.10192051677884091
R4,141,0.12099443728981636,0.01600758900321367,0.12099443728981636
R4,142,0.15559760981355478,0.017063329280211238,0.15559760981355478
R4,143,0.1301140963992472,0.011577217582336081,0.1301140963992472
R4,144,0.1371239492441906,0.014554279417215751,0.1371239492441906
R4,145,0.1568073685276017,0.030402381661775998,0.1568073685276017
R4,146,0.15155393362286423,0.015594678619418982,0.15155393362286423
R4,147,0.12833591211732331,0.044780254496906265,0.12833591211732331
R4,148,0.16246499698626715,0.01615958358910684,0.16246499698626715
R4,149,0.11087564888759532,0.012663444594443527,0.11087564888759532
R4,150,0.09892877168485086,0.013598305624245183,0.09892877168485086
R4,151,0.11017178914649879,0.01718951594988344,0.11017178914649879
R4,152,0.12918643818961198,0.013727144323306394,0.12918643818961198
R4,153,0.11341779991838072,0.0161808908068962,0.11341779991838072
R4,154,0.1360109742536478,0.014498788301617707,0.1360109742536478
R4,155,0.12196408353844511,0.014386196530764716,0.12196408353844511
R4,156,0.10222309010572132,0.010647691895115538,0.10222309010572132
R4,157,0.14644983794540953,0.014313382655910104,0.14644983794540953
R4,158,0.11174859866669731,0.01088305222426799,0.11174859866669731
R4,159,0.126533896144767,0.020063280671272315,0.126533896144767
R4,160,0.17097339503299044,0.024295542996130327,0.17097339503299044
R4,161,0.11592037749683992,0.01183314696958077,0.11592037749683992
R4,162,0.16972749180157765,0.022028337490651563,0.16972749180157765
R4,163,0.1326177680050796,0.012787131258019443,0.1326177680050796
R4,164,0.1851077004556078,0.03376646505052362,0.1851077004556078
R4,165,0.14895247981944576,0.017288972862778123,0.14895247981944576
R4,166,0.13672476805742703,0.01646421312577361,0.13672476805742703
R4,167,0.13556929487065547,0.013563618911815534,0.13556929487065547
R4,168,0.13134313106805648,0.016568597922466725,0.13134313106805648
R4,169,0.12359767338124546,0.015910478015114665,0.12359767338124546
R4,170,0.12079449917063935,0.014914048594114689,0.12079449917063935
R4,171,0.15340309347010395,0.017625167314188683,0.15340309347010395
R4,172,0.144319941475189,0.01763737120179328,0.144319941475189
R4,173,0.11106206237240429,0.015169369415969103,0.11106206237240429
R4,174,0.1146628692168845,0.014914899483661887,0.1146628692168845
R4,175,0.11476925552547376,0.021236074132409893,0.11476925552547376
R4,176,0.13127382884791114,0.020371960890595172,0.13127382884791114
R4,177,0.12363690264377729,0.011733202874270729,0.12363690264377729
R4,178,0.15801645633917963,0.014683040235630149,0.15801645633917963
R4,179,0.11636278456941612,0.012221006189889142,0.11636278456941612
R4,180,0.13672637121396022,0.015194563821724294,0.13672637121396022
R4,181,0.16067859084581965,0.013907871364748213,0.16067859084581965
R4,182,0.11058579479087254,0.013468230910333012,0.11058579479087254
R4,183,0.12790508304967715,0.016777775039124393,0.12790508304967715
R4,184,0.11975283021122103,0.017681242077384182,0.11975283021122103
R4,185,0.10419342642504612,0.013549937005950785,0.10419342642504612
R4,186,0.12540316781638816,0.01853163282670571,0.12540316781638816
R4,187,0.13657798208969238,0.025312331502847063,0.13657798208969238
R4,188,0.12736189950425203,0.012321527994711683,0.12736189950425203
R4,189,0.11619410165987086,0.014969672798375763,0.11619410165987086
R4,190,0.13105796301891376,0.010558988744342104,0.13105796301891376
R4,191,0.12275340570540566,0.015217795876287918,0.12275340570540566
R4,192,0.17847670154196157,0.03448974225666674,0.17847670154196157
R4,193,0.15439795657015556,0.017372355817715377,0.15439795657015556
R4,194,0.17384220717532345,0.016608772029096167,0.17384220717532345
R4,195,0.14961618891866105,0.011930252743251766,0.14961618891866105
R4,196,0.1411612808866613,0.016815789745219998,0.1411612808866613
R4,197,0.11447900446413661,0.013201164204855889,0.11447900446413661
R4,198,0.14715518852717469,0.016786940972853354,0.14715518852717469
R4,199,0.15146478064893606,0.013307988962077784,0.15146478064893606
R4,200,0.1056440507941207,0.01488632291892196,0.1056440507941207
R4,201,0.1390431072529274,0.01715716983340869,0.1390431072529274
R4,202,0.17084003411728246,0.02021653071898916,0.17084003411728246
R4,203,0.12965210394145127,0.01766271922385183,0.12965210394145127
R4,204,0.17262222626487966,0.02142470909877385,0.17262222626487966
R4,205,0.09599085573135736,0.011396138966022927,0.09599085573135736
R4,206,0.14395953244771603,0.026961274913250947,0.14395953244771603
R4,207,0.1262393015512058,0.011657280137199673,0.1262393015512058
R4,208,0.09804804810773748,0.014794805584170286,0.09804804810773748
R4,209,0.16022021775827733,0.013431567186593437,0.16022021775827733
R4,210,0.12477902293552881,0.01736183616233985,0.12477902293552881
R4,211,0.12181154653873473,0.010987364361260974,0.12181154653873473
R4,212,0.09648476615910179,0.012328303657429438,0.09648476615910179
R4,213,0.12911538508627668,0.021885554247291508,0.12911538508627668
R4,214,0.1426422118608592,0.019768665984711904,0.1426422118608592
R4,215,0.09198973702873982,0.014870430045904564,0.09198973702873982
R4,216,0.12395579229260846,0.014228302940518963,0.12395579229260846
R4,217,0.13188903613676392,0.013045592134500412,0.13188903613676392
R4,218,0.1250337642815763,0.012889797826369261,0.1250337642815763
R4,219,0.13105414080073946,0.014094606224365829,0.13105414080073946
R4,220,0.12953810301054403,0.022230187788499698,0.12953810301054403
R4,221,0.15215195663512143,0.019717803593863038,0.15215195663512143
R4,222,0.13347268816552912,0.022819373518695972,0.13347268816552912
R4,223,0.12996182036519108,0.010251067570298209,0.12996182036519108
R4,224,0.140124749242019,0.020821825966586133,0.140124749242019
R4,225,0.12915604890899646,0.019083338757387602,0.12915604890899646
R4,226,0.12310503756823822,0.01604230594476536,0.12310503756823822
R4,227,0.11418267550850757,0.01505817937173342,0.11418267550850757
R4,228,0.13235077587323144,0.017876227139120522,0.13235077587323144
R4,229,0.16037156305754396,0.014090442796779859,0.16037156305754396
R4,230,0.10600298911398871,0.010161621871716759,0.10600298911398871
R4,231,0.14833696135352026,0.017547601265375645,0.14833696135352026
R4,232,0.12337629611057849,0.013299653340208346,0.12337629611057849
R4,233,0.12321605914213245,0.012638636860312446,0.12321605914213245
R4,234,0.1420714068136993,0.013912226471421398,0.1420714068136993
R4,235,0.13419281976982184,0.015348591045927751,0.13419281976982184
R4,236,0.13686402948877763,0.011892975282243937,0.13686402948877763
R4,237,0.1502279225824281,0.012966663295227127,0.1502279225824281
R4,238,0.1424411440447705,0.019926425703664895,0.1424411440447705
R4,239,0.19685734030299493,0.04059447767140393,0.19685734030299493
R4,240,0.13457058489371856,0.013347907216671102,0.13457058489371856
R4,241,0.12377473526650538,0.019839044604762508,0.12377473526650538
R4,242,0.10741820907439123,0.010429758508990075,0.10741820907439123
R4,243,0.13519821095799522,0.013277307038339986,0.13519821095799522
R4,244,0.10216849495397945,0.014940596014811626,0.10216849495397945
R4,245,0.12855652663380948,0.01297880531536986,0.12855652663380948
R4,246,0.1615122507069561,0.01585691754987944,0.1615122507069561
R4,247,0.13137451119952392,0.010872203046693472,0.13137451119952392
R4,248,0.12468870805308599,0.014214882788555969,0.12468870805308599
R4,249,0.11357394846943968,0.012856574329785741,0.11357394846943968
R4,250,0.12089084967100097,0.019137197573002238,0.12089084967100097
R4,251,0.1114204161255218,0.01195576553078401,0.1114204161255218
R4,252,0.13777934976276154,0.015853202010020342,0.13777934976276154
R4,253,0.12480843977862699,0.020689542667479265,0.12480843977862699
R4,254,0.14938479034162985,0.01513460496192001,0.14938479034162985
R4,255,0.12341233741904271,0.014583384307982025,0.12341233741904271
R4,256,0.14338691040713453,0.012269190313975758,0.14338691040713453
R4,257,0.17659432640622313,0.018071305536199768,0.17659432640622313
R4,258,0.11518876028327663,0.012487608955935548,0.11518876028327663
R4,259,0.15912061521263315,0.015552327684649068,0.15912061521263315
R4,260,0.13243077919370036,0.01897094740589174,0.13243077919370036
R4,261,0.17271960996637498,0.020828963958059617,0.17271960996637498
R4,262,0.141110692229696,0.0186818049162884,0.141110692229696
R4,263,0.1262909459000225,0.012798623066527069,0.1262909459000225
R4,264,0.15355913519284844,0.016120273323734436,0.15355913519284844
R4,265,0.10528678188862206,0.011600353827371136,0.10528678188862206
R4,266,0.10958302814625433,0.012699736471583763,0.10958302814625433
R4,267,0.13887512525641343,0.017136328657825838,0.13887512525641343
R4,268,0.13895524865242503,0.017623944345905827,0.13895524865242503
R4,269,0.1342933351761784,0.01336219157694934,0.1342933351761784
R4,270,0.13131958114201353,0.01704812374830785,0.13131958114201353
R4,271,0.15078779249234397,0.01980579370993188,0.15078779249234397
R4,272,0.14452011854192612,0.01537427338820698,0.14452011854192612
R4,273,0.1323920915451491,0.020617509357514486,0.1323920915451491
R4,274,0.13802698703375924,0.016693313798747597,0.13802698703375924
R4,275,0.10419700907855887,0.016220660892074065,0.10419700907855887
R4,276,0.1717842187533877,0.027430917315070316,0.1717842187533877
R4,277,0.15723924877507342,0.02121673627805278,0.15723924877507342
R4,278,0.11261277111140623,0.015971156105976082,0.11261277111140623
R4,279,0.16594552984514357,0.013807999918070631,0.16594552984514357
R4,280,0.17885148511289994,0.016592992560830466,0.17885148511289994
R4,281,0.12527429189631903,0.016030248135878365,0.12527429189631903
R4,282,0.16067927452906855,0.019068490447668025,0.16067927452906855
R4,283,0.15386545533672358,0.022728916349862148,0.15386545533672358
R4,284,0.13432904948105706,0.014516914154861739,0.13432904948105706
R4,285,0.13066620221416708,0.01912797720206772,0.13066620221416708
R4,286,0.130542278405281,0.014648938613215876,0.130542278405281
R4,287,0.1697406575792345,0.01720849102168488,0.1697406575792345
R4,288,0.1293042588493375,0.018579983691608536,0.1293042588493375
R4,289,0.12045706952394673,0.024178178417949617,0.12045706952394673
R4,290,0.15523303691330004,0.024022342309768584,0.15523303691330004
R4,291,0.11236535480858784,0.011026024383934288,0.11236535480858784
R4,292,0.12451064580854461,0.019287184377521863,0.12451064580854461
R4,293,0.1325216393940054,0.010904567850477116,0.1325216393940054
R4,294,0.10644129228095686,0.012487281992938777,0.10644129228095686
R4,295,0.11330139259126294,0.01674170957310764,0.11330139259126294
R4,296,0.15127490605028296,0.016113282105159377,0.15127490605028296
R4,297,0.10402430797452208,0.01400734464856437,0.10402430797452208
R4,298,0.11452321692313393,0.017140577782865263,0.11452321692313393
R4,299,0.14253118646369575,0.01662879477995198,0.14253118646369575
R4,300,0.10443627609877194,0.013199578183788942,0.10443627609877194
R4,301,0.11621192763449754,0.013240455702253946,0.11621192763449754
R4,302,0.14025181671253242,0.012740737991435743,0.14025181671253242
R4,303,0.11185667949000139,0.013521081340099687,0.11185667949000139
R4,304,0.12559769616957908,0.016587681949137123,0.12559769616957908
R4,305,0.15737588567901392,0.012607244461829792,0.15737588567901392
R4,306,0.11167958072421014,0.01578356291968211,0.11167958072421014
R4,307,0.1424673292728033,0.014600508690370509,0.1424673292728033
R4,308,0.11968626183013334,0.015548486129171788,0.11968626183013334
R4,309,0.12916356061719708,0.012651536740291586,0.12916356061719708
R4,310,0.15576539369697098,0.014236600776966942,0.15576539369697098
R4,311,0.1413248529744155,0.015541627487542682,0.1413248529744155
R4,312,0.1473620074594701,0.016463702731236873,0.1473620074594701
R4,313,0.13724800531843548,0.021208023863684016,0.13724800531843548
R4,314,0.16879379287900864,0.022394166206739955,0.16879379287900864
R4,315,0.13591091671731617,0.016376907542634683,0.13591091671731617
R4,316,0.10710667512784829,0.017731030299748245,0.10710667512784829
R4,317,0.11743964432650807,0.014995951243017377,0.11743964432650807
R4,318,0.1223557010979136,0.014711816611985581,0.1223557010979136
R4,319,0.09730302600071633,0.012713049827878806,0.09730302600071633
R4,320,0.13240514818119667,0.014123561872214637,0.13240514818119667
R4,321,0.13817851938539105,0.017496734723865114,0.13817851938539105
R4,322,0.10297863974229136,0.02034982842295334,0.10297863974229136
R4,323,0.12650535411979366,0.015923090090524446,0.12650535411979366
R4,324,0.10500607256643839,0.014025619275323887,0.10500607256643839
R4,325,0.11680104970623728,0.015073912195325558,0.11680104970623728
R4,326,0.13357578511813603,0.017499866107069,0.13357578511813603
R4,327,0.1112821516738424,0.00933018500834713,0.1112821516738424
R4,328,0.1299117525293062,0.014654996402202533,0.1299117525293062
R4,329,0.108622724461714,0.010781736782350861,0.108622724461714
R4,330,0.16052166986621663,0.01770685544838667,0.16052166986621663
R4,331,0.09580281946216196,0.011744004073800362,0.09580281946216196
R4,332,0.13687479300717426,0.016817713954390422,0.13687479300717426
R4,333,0.11675106159998423,0.014640875635151955,0.11675106159998423
R4,334,0.12638739437111968,0.013884618708872505,0.12638739437111968
R4,335,0.13545836515503779,0.01122170219574479,0.13545836515503779
R4,336,0.11716357465362882,0.018051101022549327,0.11716357465362882
R4,337,0.15675414947716237,0.016744789526473697,0.15675414947716237
R4,338,0.16361840780415976,0.015280110375998432,0.16361840780415976
R4,339,0.09563568742640087,0.017807518662812636,0.09563568742640087
R4,340,0.13461637865267403,0.013905137372159057,0.13461637865267403
R4,341,0.13386807288175478,0.014911661114457655,0.13386807288175478
R4,342,0.12851506896527848,0.01408948933883546,0.12851506896527848
R4,343,0.15828598918914857,0.014555476343911794,0.15828598918914857
R4,344,0.10571441810851881,0.014942278285896936,0.10571441810851881
R4,345,0.13331869096728102,0.014665230479916198,0.13331869096728102
R4,346,0.13228041643847221,0.012325343251776793,0.13228041643847221
R4,347,0.16259978256583932,0.023902404290534057,0.16259978256583932
R4,348,0.17196601947269943,0.016308188833287544,0.17196601947269943
R4,349,0.12276810593723039,0.01672794448993029,0.12276810593723039
R4,350,0.13981586014881148,0.017500016795675186,0.13981586014881148
R4,351,0.18290414663443064,0.026250314472523455,0.18290414663443064
R4,352,0.1440365196075397,0.017043882259986876,0.1440365196075397
R4,353,0.1233748442925209,0.012945942849582035,0.1233748442925209
R4,354,0.10665747221594489,0.023044288949450906,0.10665747221594489
R4,355,0.1616650668632727,0.01926493199478821,0.1616650668632727
R4,356,0.1172907824379143,0.011037113964039596,0.1172907824379143
R4,357,0.1662863845476741,0.021043008588218177,0.1662863845476741
R4,358,0.11584379162683443,0.013669709382989247,0.11584379162683443
R4,359,0.12146075342897031,0.015494836000834674,0.12146075342897031
R4,360,0.1163362045889395,0.013314422017857605,0.1163362045889395
R4,361,0.11360790616324576,0.013673389898903335,0.11360790616324576
R4,362,0.15109777018534332,0.012753143103936755,0.15109777018534332
R4,363,0.16700821324334916,0.02316240083107191,0.16700821324334916
R4,364,0.13982152566257428,0.017268387709134508,0.13982152566257428
R4,365,0.1450508994459244,0.021547200610522496,0.1450508994459244
R4,366,0.13423461573518997,0.014900023268760264,0.13423461573518997
R4,367,0.1546792208989191,0.015961673301200144,0.1546792208989191
R4,368,0.14600330076796988,0.021139540586754723,0.14600330076796988
R4,369,0.11900623409284683,0.01316583091746942,0.11900623409284683
R4,370,0.14162882451732417,0.01772265888082865,0.14162882451732417
R4,371,0.12376170665184628,0.021032511302873712,0.12376170665184628
R4,372,0.11004566559809115,0.011726429788942169,0.11004566559809115
R4,373,0.11870202823409745,0.01429380759673159,0.11870202823409745
R4,374,0.13179651731756817,0.014504750641906906,0.13179651731756817
R4,375,0.13798447366623426,0.02032577861177234,0.13798447366623426
R4,376,0.13273018394177907,0.011057695384040592,0.13273018394177907
R4,377,0.14001419303589788,0.0212884217063317,0.14001419303589788
R4,378,0.1495818073746267,0.028881986525945175,0.1495818073746267
R4,379,0.11447718998540678,0.01605769772267767,0.11447718998540678
R4,380,0.10236942514696859,0.011223101909240587,0.10236942514696859
R4,381,0.13260357702652736,0.01283398439480574,0.13260357702652736
R4,382,0.1354602252504975,0.01787169480706798,0.1354602252504975
R4,383,0.18263162680101727,0.019078115902505396,0.18263162680101727
R4,384,0.12313420538462862,0.01419751993408005,0.12313420538462862
R4,385,0.1133485415723977,0.014401235476430007,0.1133485415723977
R4,386,0.11981423416530282,0.013179353286655563,0.11981423416530282
R4,387,0.1358073338187135,0.01711675465963774,0.1358073338187135
R4,388,0.1280609672890245,0.010642914865616455,0.1280609672890245
R4,389,0.15407150878003173,0.020087718033723202,0.15407150878003173
R4,390,0.10883886489924711,0.009393673070036083,0.10883886489924711
R4,391,0.148463248554904,0.013601459040626858,0.148463248554904
R4,392,0.12781366595112767,0.03232490528830964,0.12781366595112767
R4,393,0.1467820654305723,0.019069339190958583,0.1467820654305723
R4,394,0.1211385303493261,0.0140664563613366,0.1211385303493261
R4,395,0.12198131933432016,0.01704938529226065,0.12198131933432016
R4,396,0.1423843090079387,0.02028454308801171,0.1423843090079387
R4,397,0.14023631674829592,0.01482078687297659,0.14023631674829592
R4,398,0.14096242714284765,0.01733381153937913,0.14096242714284765
R4,399,0.1909531912100639,0.01501916741399734,0.1909531912100639
R4,400,0.10939414156231703,0.016225864092626947,0.10939414156231703
R4,401,0.1448493830266953,0.01607699379523256,0.1448493830266953
R4,402,0.10799955033483104,0.012936636196299154,0.10799955033483104
R4,403,0.13434397146053104,0.01474010000630742,0.13434397146053104
R4,404,0.1636940939153669,0.013133501434200608,0.1636940939153669
R4,405,0.11576360406259537,0.017250978115517155,0.11576360406259537
R4,406,0.18087816726821287,0.01692689142421661,0.18087816726821287
R4,407,0.1497717590006736,0.018711951030297557,0.1497717590006736
R4,408,0.14393360065193683,0.01781654941924127,0.14393360065193683
R4,409,0.12843575521377407,0.012324609199073952,0.12843575521377407
R4,410,0.14079686980599082,0.01342539966572105,0.14079686980599082
R4,411,0.1937156954664602,0.026846893706920272,0.1937156954664602
R4,412,0.12152357183856631,0.027300135817429134,0.12152357183856631
R4,413,0.2130625071477334,0.03366494337905366,0.2130625071477334
R4,414,0.11685020055650472,0.020046914100482982,0.11685020055650472
R4,415,0.14062546809351203,0.01973544822436961,0.14062546809351203
R4,416,0.1164399156520796,0.012833248620396956,0.1164399156520796
R4,417,0.15330906725996246,0.020249762822731703,0.15330906725996246
R4,418,0.12034667259611684,0.016568561748475843,0.12034667259611684
R4,419,0.0951329698642165,0.013347381416981092,0.0951329698642165
R4,420,0.12569408260242296,0.012393904332036694,0.12569408260242296
R4,421,0.10723040366488513,0.012140110461720376,0.10723040366488513
R4,422,0.12106185519317278,0.01237343309964486,0.12106185519317278
R4,423,0.12908756537560867,0.014176396673649021,0.12908756537560867
R4,424,0.1280318678394196,0.010546170117267975,0.1280318678394196
R4,425,0.13393832725935556,0.014758943275114325,0.13393832725935556
R4,426,0.12196125467971425,0.023563613202564355,0.12196125467971425
R4,427,0.12475918606050183,0.017371827869457835,0.12475918606050183
R4,428,0.1542237511004307,0.015279382846229525,0.1542237511004307
R4,429,0.14278356236820458,0.016291068596879604,0.14278356236820458
R4,430,0.13712643982294317,0.013554281575418695,0.13712643982294317
R4,431,0.14877366219553087,0.01046634480424154,0.14877366219553087
R4,432,0.12108115800568404,0.014192298496924119,0.12108115800568404
R4,433,0.15111204137937218,0.01688770252780927,0.15111204137937218
R4,434,0.15877362452742882,0.019229327836519112,0.15877362452742882
R4,435,0.12375264911452336,0.014503420402161543,0.12375264911452336
R4,436,0.15669700121180263,0.015021088308168784,0.15669700121180263
R4,437,0.11877415605852577,0.015545698260815227,0.11877415605852577
R4,438,0.11519499054963168,0.01641115414324409,0.11519499054963168
R4,439,0.15026404607724123,0.024691527682110078,0.15026404607724123
R4,440,0.1524749141821751,0.017462957573411375,0.1524749141821751
R4,441,0.12300150773112206,0.01646672507277032,0.12300150773112206
R4,442,0.135084052803707,0.014392347753167042,0.135084052803707
R4,443,0.12727381468849713,0.01446981189470548,0.12727381468849713
R4,444,0.14074661075420564,0.010233323914236045,0.14074661075420564
R4,445,0.1258926058843894,0.016885504353179287,0.1258926058843894
R4,446,0.11324518572088066,0.013972351741187307,0.11324518572088066
R4,447,0.11536276290099721,0.010533404845181926,0.11536276290099721
R4,448,0.13817836288993798,0.01893986054514836,0.13817836288993798
R4,449,0.15705572986114222,0.017850693417958394,0.15705572986114222
R4,450,0.14230436723106168,0.015860704487814056,0.14230436723106168
R4,451,0.10193893570569135,0.011169987762438714,0.10193893570569135
R4,452,0.17464645833831127,0.016008210038877087,0.17464645833831127
R4,453,0.1259737383794527,0.012734466864006751,0.1259737383794527
R4,454,0.13420334599637598,0.019875812764555238,0.13420334599637598
R4,455,0.11562809569655491,0.01218435092615682,0.11562809569655491
R4,456,0.10433197853664954,0.01947658319654032,0.10433197853664954
R4,457,0.1355936978475712,0.014017854528555465,0.1355936978475712
R4,458,0.1410612964573799,0.012642597680845817,0.1410612964573799
R4,459,0.13314263821818406,0.01615201469389322,0.13314263821818406
R4,460,0.12480292202150124,0.017751081366549074,0.12480292202150124
R4,461,0.1403536698589864,0.013218031893373793,0.1403536698589864
R4,462,0.13037090343427543,0.016252687233498708,0.13037090343427543
R4,463,0.10066326558304274,0.012016335173850966,0.10066326558304274
R4,464,0.1461568409608391,0.017055576365432867,0.1461568409608391
R4,465,0.11269100909984739,0.014599336564785046,0.11269100909984739
R4,466,0.11061840094329714,0.016077028096595603,0.11061840094329714
R4,467,0.1300305970606391,0.0128862452216337,0.1300305970606391
R4,468,0.13864307528385744,0.01591639444822606,0.13864307528385744
R4,469,0.13502962677459474,0.012163008628003081,0.13502962677459474
R4,470,0.1243909266065006,0.013321540294048693,0.1243909266065006
R4,471,0.1097256055112448,0.012546875518502244,0.1097256055112448
R4,472,0.16605224199206078,0.021201629326316536,0.16605224199206078
R4,473,0.10247550393706363,0.012407117982263235,0.10247550393706363
R4,474,0.14259211777831074,0.012647798973935039,0.14259211777831074
R4,475,0.1316013240322965,0.018719724121283178,0.1316013240322965
R4,476,0.11022823018018899,0.012399928466135062,0.11022823018018899
R4,477,0.10475750346287371,0.011918150678968733,0.10475750346287371
R4,478,0.11400290981574755,0.013169386409450432,0.11400290981574755
R4,479,0.11584116542899568,0.011431186808239338,0.11584116542899568
R4,480,0.10196257026689186,0.016738152681171573,0.10196257026689186
R4,481,0.1365248543991558,0.012658726994964837,0.1365248543991558
R4,482,0.12266962544322536,0.014082002074759875,0.12266962544322536
R4,483,0.1230680095341247,0.012800791345261114,0.1230680095341247
R4,484,0.1430194893707023,0.016324063812379535,0.1430194893707023
R4,485,0.09795416098637226,0.012561493944122603,0.09795416098637226
R4,486,0.15147716272587486,0.016085076669154857,0.15147716272587486
R4,487,0.14721601383720473,0.01249164728144778,0.14721601383720473
R4,488,0.14801390976073492,0.019837967662990133,0.14801390976073492
R4,489,0.0994026585159447,0.014734865598818984,0.0994026585159447
R4,490,0.15160250037240056,0.01825698130614314,0.15160250037240056
R4,491,0.12544887942483757,0.015306898037458438,0.12544887942483757
R4,492,0.11327302130309425,0.012536236782147187,0.11327302130309425
R4,493,0.13722310210861524,0.015675953072886082,0.13722310210861524
R4,494,0.13852630409028888,0.012735564668199358,0.13852630409028888
R4,495,0.15667185252287089,0.014166695982536899,0.15667185252287089
R4,496,0.09230902560019989,0.012427199950955188,0.09230902560019989
R4,497,0.1361592287653965,0.011509021933331726,0.1361592287653965
R4,498,0.16851803801979146,0.017221336127903466,0.16851803801979146
R4,499,0.12278508506828957,0.014010912560064776,0.12278508506828957
R4,500,0.12968256216251867,0.017378361161555653,0.12968256216251867
R4,501,0.13479828227840887,0.015297465717606009,0.13479828227840887
R4,502,0.15071369558753936,0.011104296283814572,0.15071369558753936
R4,503,0.1411522064892078,0.019739722984398557,0.1411522064892078
R4,504,0.13196310348093276,0.015105908961244089,0.13196310348093276
R4,505,0.1519806444733532,0.017913165997833623,0.1519806444733532
R4,506,0.14822302271530477,0.016627581144871496,0.14822302271530477
R4,507,0.1186137370514154,0.011530938823271027,0.1186137370514154
R4,508,0.13399853992726804,0.017578697480666025,0.13399853992726804
R4,509,0.14450225031667194,0.026172086749575163,0.14450225031667194
R4,510,0.09234323355098131,0.010738789248626389,0.09234323355098131
R4,511,0.15467738463340353,0.017122497476956863,0.15467738463340353
R4,512,0.11049941044882128,0.013886460779905104,0.11049941044882128
R4,513,0.13007348473534136,0.013191359560016458,0.13007348473534136
R4,514,0.13822714808278835,0.012516850428100352,0.13822714808278835
R4,515,0.09589427778336408,0.011786394443022746,0.09589427778336408
R4,516,0.12639571077430367,0.019541157389111663,0.12639571077430367
R4,517,0.14867202922781478,0.014602828204950681,0.14867202922781478
R4,518,0.17338969862571332,0.018482645491922325,0.17338969862571332
R4,519,0.11753093846185776,0.010037395953037258,0.11753093846185776
R4,520,0.11966346607715331,0.01456083998594114,0.11966346607715331
R4,521,0.14714027651358116,0.0200174218195633,0.14714027651358116
R4,522,0.14660177537616756,0.016528991544498665,0.14660177537616756
R4,523,0.14198803332940263,0.02147671897839138,0.14198803332940263
R4,524,0.11982323293212985,0.01643322156405953,0.11982323293212985
R4,525,0.14371577898032697,0.020639211870950774,0.14371577898032697
R4,526,0.1565076828818426,0.01889819062203817,0.1565076828818426
R4,527,0.13376545873947904,0.013771067706327982,0.13376545873947904
R4,528,0.10517682436483199,0.016160259039298217,0.10517682436483199
R4,529,0.11555473004139517,0.013267964098341281,0.11555473004139517
R4,530,0.16552677991809212,0.016931310461210974,0.16552677991809212
R4,531,0.13186972980013603,0.016050163137149142,0.13186972980013603
R4,532,0.1607102875565184,0.024282779570647166,0.1607102875565184
R4,533,0.10975962825033422,0.013996603692266435,0.10975962825033422
R4,534,0.12803653124310097,0.013960035666273057,0.12803653124310097
R4,535,0.17461092182194246,0.015457817341186392,0.17461092182194246
R4,536,0.14351242780507376,0.016808603869471153,0.14351242780507376
R4,537,0.13100844280998558,0.011783208262168854,0.13100844280998558
R4,538,0.1192413355840457,0.011661780285550127,0.1192413355840457
R4,539,0.1393478913897578,0.023096323293275652,0.1393478913897578
R4,540,0.13111485453476093,0.019243248195066304,0.13111485453476093
R4,541,0.14110079889256988,0.015423518085749597,0.14110079889256988
R4,542,0.10512867822713923,0.011551600561837055,0.10512867822713923
R4,543,0.14682431097806775,0.013301520004030034,0.14682431097806775
R4,544,0.13546047103068043,0.021669095697451717,0.13546047103068043
R4,545,0.14076252446939813,0.01214207812503557,0.14076252446939813
R4,546,0.12007230784799033,0.012508623013470527,0.12007230784799033
R4,547,0.1280982267877691,0.014505101825062865,0.1280982267877691
R4,548,0.12500590044838517,0.013069487836765847,0.12500590044838517
R4,549,0.12808255635879626,0.014194177825370477,0.12808255635879626
R4,550,0.11205354557158344,0.014056566430228987,0.11205354557158344
R4,551,0.12260577076327128,0.013656393916796437,0.12260577076327128
R4,552,0.11511262446069215,0.012090110517843457,0.11511262446069215
R4,553,0.1775828056596697,0.024337993365318444,0.1775828056596697
R4,554,0.10755991835081977,0.013193848725072569,0.10755991835081977
R4,555,0.13428804230566116,0.016630492976344585,0.13428804230566116
R4,556,0.13672086644622958,0.016587548131464333,0.13672086644622958
R4,557,0.12364943983829867,0.01949230972879144,0.12364943983829867
R4,558,0.12542587252002227,0.015775138530576164,0.12542587252002227
R4,559,0.13012231559413434,0.01816755475856141,0.13012231559413434
R4,560,0.12665945634748754,0.009842459563835868,0.12665945634748754
R4,561,0.13759951245319682,0.01383880023654191,0.13759951245319682
R4,562,0.114008896434867,0.01783871843690465,0.114008896434867
R4,563,0.13724635435160454,0.012062297404880302,0.13724635435160454
R4,564,0.11356695019926098,0.019945229188614584,0.11356695019926098
R4,565,0.1017442119087909,0.014807784622121577,0.1017442119087909
R4,566,0.12070321831053796,0.016551064472932798,0.12070321831053796
R4,567,0.145165385614184,0.01897060997001953,0.145165385614184
R4,568,0.12091076011176345,0.014075402854057142,0.12091076011176345
R4,569,0.12263116928203696,0.01188604199829773,0.12263116928203696
R4,570,0.09995961743952952,0.020977046511672776,0.09995961743952952
R4,571,0.12501325352451503,0.016715763156116493,0.12501325352451503
R4,572,0.13077593492474152,0.01484951219927446,0.13077593492474152
R4,573,0.12894952955948824,0.01774756051559523,0.12894952955948824
R4,574,0.11936781770883904,0.01766782812042845,0.11936781770883904
R4,575,0.13566393905649712,0.012552436474188624,0.13566393905649712
R4,576,0.2150336405184845,0.028828328327577486,0.2150336405184845
R4,577,0.2093683556266425,0.01825385197971787,0.2093683556266425
R4,578,0.19588724124023524,0.019567668450035387,0.19588724124023524
R4,579,0.1308264877353457,0.019116524005879106,0.1308264877353457
R4,580,0.1315259149821846,0.02107435676268434,0.1315259149821846
R4,581,0.14588261065789834,0.020232741980997632,0.14588261065789834
R4,582,0.16112538487483177,0.020433490523888532,0.16112538487483177
R4,583,0.12425007967968042,0.014981359631552877,0.12425007967968042
R4,584,0.14599634284386653,0.015310250587523815,0.14599634284386653
R4,585,0.13166865875823017,0.018141805101560143,0.13166865875823017
R4,586,0.17600902626782527,0.025157540943610977,0.17600902626782527
R4,587,0.11224235406835963,0.01717827152530175,0.11224235406835963
R4,588,0.1298975679900341,0.017333288474079382,0.1298975679900341
R4,589,0.10004261136292837,0.01878105778210525,0.10004261136292837
R4,590,0.12244088002831069,0.018432122602738535,0.12244088002831069
R4,591,0.17365374493261085,0.018323675497414493,0.17365374493261085
R4,592,0.1466340160093339,0.013420467534094711,0.1466340160093339
R4,593,0.13279845233335827,0.015920762594351726,0.13279845233335827
R4,594,0.13591241336060397,0.014635200141161262,0.13591241336060397
R4,595,0.12242648589006011,0.015846377963510846,0.12242648589006011
R4,596,0.12888913913120437,0.014694265789041363,0.12888913913120437
R4,597,0.16976510466767789,0.020558982801396335,0.16976510466767789
R4,598,0.1194854424378324,0.015027923596963243,0.1194854424378324
R4,599,0.1265893285023023,0.01385794040494246,0.1265893285023023
R4,600,0.12604444331114215,0.015289321115031009,0.12604444331114215
R4,601,0.13745467505790082,0.013736528211744495,0.13745467505790082
R4,602,0.14123780437037195,0.014361683161919124,0.14123780437037195
R4,603,0.10952557229020828,0.012417339729253142,0.10952557229020828
R4,604,0.14011536471976951,0.015398887989739724,0.14011536471976951
R4,605,0.1318986998032006,0.01353355936499834,0.1318986998032006
R4,606,0.1356551325603814,0.013142706819872663,0.1356551325603814
R4,607,0.14244907817405938,0.017399081072499867,0.14244907817405938
R4,608,0.12639206707675257,0.0179001443157437,0.12639206707675257
R4,609,0.16233420207556543,0.01667447845875166,0.16233420207556543
R4,610,0.1094519984680071,0.016211886398514227,0.1094519984680071
R4,611,0.12260113990153694,0.015061510543084088,0.12260113990153694
R4,612,0.1283743471115722,0.015005870563757647,0.1283743471115722
R4,613,0.14731153713238365,0.011733622708838171,0.14731153713238365
R4,614,0.1150231656411042,0.01215804679381771,0.1150231656411042
R4,615,0.10767242197589035,0.02024183183706125,0.10767242197589035
R4,616,0.140516623732412,0.009612545451269904,0.140516623732412
R4,617,0.12421662583454242,0.011735823307348615,0.12421662583454242
R4,618,0.12734490713715252,0.01681071710732332,0.12734490713715252
R4,619,0.11136274566331378,0.014846612415235008,0.11136274566331378
R4,620,0.13937866724250583,0.015328652346751362,0.13937866724250583
R4,621,0.11639198667889905,0.01583706531435576,0.11639198667889905
R4,622,0.14551598866464116,0.015160384351770823,0.14551598866464116
R4,623,0.12346105516184824,0.011944078009216088,0.12346105516184824
R4,624,0.1731755564239414,0.017580427657686002,0.1731755564239414
R4,625,0.1755669524215717,0.025248000760403348,0.1755669524215717
R4,626,0.12123479580617871,0.014274721655940506,0.12123479580617871
R4,627,0.11630443395208087,0.013512828800188647,0.11630443395208087
R4,628,0.12578451109177377,0.020417089723403142,0.12578451109177377
R4,629,0.14600652686652957,0.015336290761562961,0.14600652686652957
R4,630,0.13008664253715937,0.013471462602807521,0.13008664253715937
R4,631,0.12967988342763181,0.01293280912385856,0.12967988342763181
R4,632,0.1153133401878191,0.022386859870589415,0.1153133401878191
R4,633,0.13924295890365032,0.02509766009259123,0.13924295890365032
R4,634,0.15366758873892833,0.016422812536613336,0.15366758873892833
R4,635,0.12952718148217807,0.017000986153077078,0.12952718148217807
R4,636,0.18389156862790249,0.032417131120427364,0.18389156862790249
R4,637,0.1161396022401385,0.022386062912819582,0.1161396022401385
R4,638,0.12194606482416623,0.014207951292531388,0.12194606482416623
R4,639,0.11481417130695894,0.014853090342311274,0.11481417130695894
R4,640,0.13199326330621722,0.013077596919205226,0.13199326330621722
R4,641,0.1072958485369359,0.011255255709167052,0.1072958485369359
R4,642,0.15871823678065536,0.013667633907362796,0.15871823678065536
R4,643,0.1132107546819315,0.012874995697907248,0.1132107546819315
R4,644,0.12542616371575221,0.014880392089090934,0.12542616371575221
R4,645,0.12034642602319555,0.012023477535568093,0.12034642602319555
R4,646,0.12820154400510264,0.012614865972046831,0.12820154400510264
R4,647,0.14356870070588806,0.010856797622875823,0.14356870070588806
R4,648,0.12734416672112883,0.0184189474277051,0.12734416672112883
R4,649,0.141637012651645,0.017153722149955978,0.141637012651645
R4,650,0.10294354956294723,0.015688658000685654,0.10294354956294723
R4,651,0.13349881822714538,0.015106396805166851,0.13349881822714538
R4,652,0.15158336891572635,0.011668450550597995,0.15158336891572635
R4,653,0.14758753495201724,0.0172906746116301,0.14758753495201724
R4,654,0.1476940258001304,0.015413739824512522,0.1476940258001304
R4,655,0.10861694238968383,0.015192147547435733,0.10861694238968383
R4,656,0.09782295498346252,0.021342802078038813,0.09782295498346252
R4,657,0.14969658431967622,0.0181436550546203,0.14969658431967622
R4,658,0.12867881955207702,0.017956858082720212,0.12867881955207702
R4,659,0.1432229837352739,0.016576858608088132,0.1432229837352739
R4,660,0.1503814302647932,0.022287649132525733,0.1503814302647932
R4,661,0.15255095787533052,0.012896543530086565,0.15255095787533052
R4,662,0.10294123302846195,0.014631784440456916,0.10294123302846195
R4,663,0.1408563592014484,0.0190690510050473,0.1408563592014484
R4,664,0.12664108486848094,0.015333747687694571,0.12664108486848094
R4,665,0.15629690398982202,0.013253018080438599,0.15629690398982202
R4,666,0.1481004979602544,0.013862125875195792,0.1481004979602544
R4,667,0.13737319891264596,0.016293675750332217,0.13737319891264596
R4,668,0.13311215175108446,0.01580156716946971,0.13311215175108446
R4,669,0.15166110598388344,0.013103612843206032,0.15166110598388344
R4,670,0.13542724860684036,0.01798689826585247,0.13542724860684036
R4,671,0.10534918357007961,0.010827036194114147,0.10534918357007961
R4,672,0.14851076713466516,0.011846158642532283,0.14851076713466516
R4,673,0.12256801770120022,0.011182874241744706,0.12256801770120022
R4,674,0.11020314613621879,0.011366417620887541,0.11020314613621879
R4,675,0.12799489453103746,0.011875350220321981,0.12799489453103746
R4,676,0.13043025476267037,0.024502587977250405,0.13043025476267037
R4,677,0.12634499374733177,0.024520112258350154,0.12634499374733177
R4,678,0.14665974396809056,0.013012169077311548,0.14665974396809056
R4,679,0.13656419829563451,0.024140588918869443,0.13656419829563451
R4,680,0.15242350721284426,0.013753461278513637,0.15242350721284426
R4,681,0.1266491690828605,0.014966676652784557,0.1266491690828605
R4,682,0.1019132759110991,0.01198290770917767,0.1019132759110991
R4,683,0.1294376824383728,0.012890373359981304,0.1294376824383728
R4,684,0.10441713272235979,0.009862774329744362,0.10441713272235979
R4,685,0.12109341785223765,0.013690618304331267,0.12109341785223765
R4,686,0.13784677347519148,0.01781824666364622,0.13784677347519148
R4,687,0.1435094665509733,0.02519218502968559,0.1435094665509733
R4,688,0.17081759711444008,0.020086150226571495,0.17081759711444008
R4,689,0.15732874495984175,0.014616124886497349,0.15732874495984175
R4,690,0.10581214786366336,0.017746613064017768,0.10581214786366336
R4,691,0.1969135652676908,0.023637996444172683,0.1969135652676908
R4,692,0.1338773583838884,0.025361370184190084,0.1338773583838884
R4,693,0.1601232168880777,0.02559726166066805,0.1601232168880777
R4,694,0.13184202574626505,0.01750710450097779,0.13184202574626505
R4,695,0.15791742114645602,0.016986156867859786,0.15791742114645602
R4,696,0.1653184899184522,0.020720069772038798,0.1653184899184522
R4,697,0.11137261116456133,0.015869543309585177,0.11137261116456133
R4,698,0.12607481757451408,0.018673403222655562,0.12607481757451408
R4,699,0.10495910988494458,0.016596143601206335,0.10495910988494458
R4,700,0.1550118628974665,0.011800671507709637,0.1550118628974665
R4,701,0.12644057250002333,0.017169079524911923,0.12644057250002333
R4,702,0.1346291031852336,0.01607029762375662,0.1346291031852336
R4,703,0.09101718395216064,0.017901107817630435,0.09101718395216064
R4,704,0.11467818063715089,0.015908304080598786,0.11467818063715089
R4,705,0.09037216976094684,0.011211477837980264,0.09037216976094684
R4,706,0.1105645780999446,0.014614926088492337,0.1105645780999446
R4,707,0.12555255851075042,0.017221017331037994,0.12555255851075042
R4,708,0.09554431176925363,0.014578345899692688,0.09554431176925363
R4,709,0.11736775224014684,0.011534757352842078,0.11736775224014684
R4,710,0.12045258765032169,0.01913906821143565,0.12045258765032169
R4,711,0.16048885964305648,0.01279973428985026,0.16048885964305648
R4,712,0.14713004716489564,0.01676803262334887,0.14713004716489564
R4,713,0.15727066591864616,0.015972548657582547,0.15727066591864616
R4,714,0.14207158545460524,0.022334606513933788,0.14207158545460524
R4,715,0.11932898762019992,0.016623697855261636,0.11932898762019992
R4,716,0.14206719167145085,0.011974124298926908,0.14206719167145085
R4,717,0.1362930863028158,0.018691886091463255,0.1362930863028158
R4,718,0.14614037367926797,0.02156286642061793,0.14614037367926797
R4,719,0.12049934486569151,0.013469028040820256,0.12049934486569151
R4,720,0.10210286298154743,0.011737951936803888,0.10210286298154743
R4,721,0.12228970739451024,0.0175391218744723,0.12228970739451024
R4,722,0.11998174920088087,0.019842502149476544,0.11998174920088087
R4,723,0.11600052290836377,0.015155822514145547,0.11600052290836377
R4,724,0.12047698576367265,0.013410708316715057,0.12047698576367265
R4,725,0.1371870331767008,0.01267313171315264,0.1371870331767008
R4,726,0.11116971837903682,0.012003070828321093,0.11116971837903682
R4,727,0.11473401225175144,0.00922486252754147,0.11473401225175144
R4,728,0.12767682169986286,0.016263065217670333,0.12767682169986286
R4,729,0.15969279461962868,0.015206706628083119,0.15969279461962868
R4,730,0.1354738201490852,0.015771230128916996,0.1354738201490852
R4,731,0.12929616209551645,0.014871191893184702,0.12929616209551645
R4,732,0.15667768312927408,0.020525214177056453,0.15667768312927408
R4,733,0.12019745582324724,0.020862271918559005,0.12019745582324724
R4,734,0.15684206850627833,0.020473122630887162,0.15684206850627833
R4,735,0.11759849413446814,0.01248827654719189,0.11759849413446814
R4,736,0.12707698649034943,0.013557358137104632,0.12707698649034943
R4,737,0.1933717843519719,0.021123703423905286,0.1933717843519719
R4,738,0.14632909810672493,0.01669256883163899,0.14632909810672493
R4,739,0.14798290281741922,0.020058648224099813,0.14798290281741922
R4,740,0.14974260158054842,0.01656186078418009,0.14974260158054842
R4,741,0.10740672586454561,0.013122682180696005,0.10740672586454561
R4,742,0.1413723132406698,0.012182362579371856,0.1413723132406698
R4,743,0.11045067009479916,0.015022806242018521,0.11045067009479916
R4,744,0.1794729966224023,0.027362297770266546,0.1794729966224023
R4,745,0.10439047769363517,0.019016244788977323,0.10439047769363517
R4,746,0.12508058157169466,0.012470328595331474,0.12508058157169466
R4,747,0.11604211043585604,0.01382361687134563,0.11604211043585604
R4,748,0.16766631708929491,0.0262268197405122,0.16766631708929491
R4,749,0.1185612200032934,0.013600778221929321,0.1185612200032934
R4,750,0.12468592387669157,0.008955376537863893,0.12468592387669157
R4,751,0.144918222921626,0.024820889458158874,0.144918222921626
R4,752,0.10731722723984766,0.012005670260638167,0.10731722723984766
R4,753,0.15454358638256152,0.01954433040924544,0.15454358638256152
R4,754,0.11402607061184493,0.023356531749262215,0.11402607061184493
R4,755,0.17212308808230564,0.03213447138605793,0.17212308808230564
R4,756,0.1665166435036194,0.02795206778431505,0.1665166435036194
R4,757,0.138714201026985,0.018956726769409744,0.138714201026985
R4,758,0.1694204631963094,0.018762736704607923,0.1694204631963094
R4,759,0.14720984221659678,0.015200776536069698,0.14720984221659678
R4,760,0.12420533450092928,0.012839568703315119,0.12420533450092928
R4,761,0.11422010555369491,0.01644104646426274,0.11422010555369491
R4,762,0.18088089985705175,0.02230995643826748,0.18088089985705175
R4,763,0.12494010539084287,0.016670847566324077,0.12494010539084287
R4,764,0.12285639840663493,0.011477494388435929,0.12285639840663493
R4,765,0.11665885717215815,0.01176994494882826,0.11665885717215815
R4,766,0.15527396353329118,0.013847854659077546,0.15527396353329118
R4,767,0.1478850764670121,0.01340942366869503,0.1478850764670121
R4,768,0.12456941550102366,0.019454083018296604,0.12456941550102366
R4,769,0.1469632275677101,0.025590872271080038,0.1469632275677101
R4,770,0.13724767942312832,0.01204370139361865,0.13724767942312832
R4,771,0.11237122584201625,0.013246685550263839,0.11237122584201625
R4,772,0.14215499081749253,0.015253185033198705,0.14215499081749253
R4,773,0.11998411195311288,0.018718996495204837,0.11998411195311288
R4,774,0.15501817560964523,0.024504023952894242,0.15501817560964523
R4,775,0.1560167627866366,0.02407119767669769,0.1560167627866366
R4,776,0.1129727514848166,0.012026936076453484,0.1129727514848166
R4,777,0.14221356353716272,0.019368155010015806,0.14221356353716272
R4,778,0.14478957858228916,0.013405010087572092,0.14478957858228916
R4,779,0.1536412280483741,0.01446779307172306,0.1536412280483741
R4,780,0.13146455105461782,0.020397391311561156,0.13146455105461782
R4,781,0.10981979648001836,0.01482149844166095,0.10981979648001836
R4,782,0.10852470035349397,0.015762366521518696,0.10852470035349397
R4,783,0.11992654427073063,0.013875584492551347,0.11992654427073063
R4,784,0.1150328604323421,0.015704153134286934,0.1150328604323421
R4,785,0.1447901862182108,0.01545014221626466,0.1447901862182108
R4,786,0.10382928096649958,0.015091570523597563,0.10382928096649958
R4,787,0.14724810155789103,0.018734869509258237,0.14724810155789103
R4,788,0.17373340031263035,0.018435893199832472,0.17373340031263035
R4,789,0.11795541429078614,0.016773533131416177,0.11795541429078614
R4,790,0.13536601017778316,0.014177656771903597,0.13536601017778316
R4,791,0.11572162349555962,0.010723292115165121,0.11572162349555962
R4,792,0.14383896926776812,0.016791216273681735,0.14383896926776812
R4,793,0.13275892190531396,0.012478547889835377,0.13275892190531396
R4,794,0.14841556992645458,0.01762616365577045,0.14841556992645458
R4,795,0.11607243595138962,0.015245485159586084,0.11607243595138962
R4,796,0.1290801897255624,0.0165414423481984,0.1290801897255624
R4,797,0.13972496143617433,0.031626106191827284,0.13972496143617433
R4,798,0.1470910540552294,0.014090856426612109,0.1470910540552294
R4,799,0.13398750686072328,0.014956973083245995,0.13398750686072328
R4,800,0.14484916950828208,0.01831617405500983,0.14484916950828208
R4,801,0.1368394350623083,0.018766166248899246,0.1368394350623083
R4,802,0.12714466109390762,0.013069597356798555,0.12714466109390762
R4,803,0.1232964096587451,0.0140444164914107,0.1232964096587451
R4,804,0.169996446173057,0.02349188342511495,0.169996446173057
R4,805,0.09310029353917627,0.015057292269145137,0.09310029353917627
R4,806,0.1352361293603465,0.01619662996603354,0.1352361293603465
R4,807,0.15253543047876528,0.014586865226126603,0.15253543047876528
R4,808,0.1621864432052479,0.01989367794033828,0.1621864432052479
R4,809,0.14441195610858276,0.018029401100953378,0.14441195610858276
R4,810,0.1281011967670455,0.012145423585973019,0.1281011967670455
R4,811,0.11502527767140903,0.01590925502941758,0.11502527767140903
R4,812,0.13790946247536912,0.021307580039550772,0.13790946247536912
R4,813,0.1113404415737929,0.014699544497437484,0.1113404415737929
R4,814,0.17168058592759633,0.024570197559031632,0.17168058592759633
R4,815,0.11643806211913035,0.015589500900996313,0.11643806211913035
R4,816,0.1677171097755024,0.017662274084644942,0.1677171097755024
R4,817,0.1308273816989069,0.02364556368428819,0.1308273816989069
R4,818,0.15565984274328581,0.025167570280007264,0.15565984274328581
R4,819,0.13249277302312826,0.01744453508263085,0.13249277302312826
R4,820,0.11438617125657409,0.022293545081377947,0.11438617125657409
R4,821,0.1430169150402768,0.015083969965923536,0.1430169150402768
R4,822,0.12161204689696987,0.016140270496310644,0.12161204689696987
R4,823,0.16452057159117073,0.02854835419233403,0.16452057159117073
R4,824,0.1039689199202409,0.010063006919807523,0.1039689199202409
R4,825,0.13527033077755166,0.012592223315054172,0.13527033077755166
R4,826,0.12332560253091147,0.013057472292076358,0.12332560253091147
R4,827,0.1470046347760279,0.012447882617759403,0.1470046347760279
R4,828,0.11159309992561098,0.012371245517471454,0.11159309992561098
R4,829,0.12343503035836523,0.018172252636304,0.12343503035836523
R4,830,0.1388526910880393,0.02655201276811787,0.1388526910880393
R4,831,0.17680564052566822,0.012766175507461036,0.17680564052566822
R4,832,0.10674868834215963,0.010947792756206186,0.10674868834215963
R4,833,0.15194838269556782,0.012635569454502057,0.15194838269556782
R4,834,0.1478189820154996,0.03202016496219061,0.1478189820154996
R4,835,0.11827704391246868,0.011406520661478224,0.11827704391246868
R4,836,0.1234467559048058,0.01658539102822361,0.1234467559048058
R4,837,0.14471491404210193,0.013870498046246136,0.14471491404210193
R4,838,0.14220181011241442,0.016655507432281377,0.14220181011241442
R4,839,0.1290025341000941,0.013648616002251698,0.1290025341000941
R4,840,0.11722605399906562,0.011309624494931881,0.11722605399906562
R4,841,0.11879876268122337,0.013752997848500316,0.11879876268122337
R4,842,0.10047817625329845,0.010245188371889612,0.10047817625329845
R4,843,0.13415682173421156,0.012689273623370639,0.13415682173421156
R4,844,0.1233995916279922,0.018822685872176996,0.1233995916279922
R4,845,0.13176939058021905,0.01386118126557541,0.13176939058021905
R4,846,0.13789791543601546,0.013660158845401674,0.13789791543601546
R4,847,0.11710382209267196,0.013533867788927635,0.11710382209267196
R4,848,0.1370203802277937,0.020507961880696063,0.1370203802277937
R4,849,0.15810717838207314,0.016746381974186503,0.15810717838207314
R4,850,0.12591751049807742,0.014704313134358691,0.12591751049807742
R4,851,0.09990634453149824,0.015650876795955185,0.09990634453149824
R4,852,0.1539411818457425,0.015325797343525177,0.1539411818457425
R4,853,0.15798377230278096,0.026793207554006673,0.15798377230278096
R4,854,0.15359576350579685,0.014105699166828342,0.15359576350579685
R4,855,0.11616147432724107,0.009724939747971428,0.11616147432724107
R4,856,0.10398081433027619,0.017595027294417295,0.10398081433027619
R4,857,0.13361217923263718,0.014537725795652955,0.13361217923263718
R4,858,0.13093351524135416,0.01868080559317277,0.13093351524135416
R4,859,0.13713458144990626,0.01491395609459621,0.13713458144990626
R4,860,0.1020232972615502,0.014190057831548062,0.1020232972615502
R4,861,0.15094434829909256,0.022749374079954515,0.15094434829909256
R4,862,0.11871851514221773,0.020239113842097693,0.11871851514221773
R4,863,0.14921670208822158,0.016304339200910754,0.14921670208822158
R4,864,0.10809609762458472,0.01004103420539738,0.10809609762458472
R4,865,0.13217466908331968,0.012043934631939361,0.13217466908331968
R4,866,0.1303921832458404,0.012027199856587277,0.1303921832458404
R4,867,0.13045602885386406,0.022352590861678727,0.13045602885386406
R4,868,0.20533030646335848,0.022175534914756455,0.20533030646335848
R4,869,0.1274285374299899,0.014799191898746287,0.1274285374299899
R4,870,0.13275199786311953,0.018148448352409596,0.13275199786311953
R4,871,0.10759364746127956,0.018887085746976204,0.10759364746127956
R4,872,0.12378149674738322,0.01651951910440285,0.12378149674738322
R4,873,0.13148539600687262,0.015622854599169284,0.13148539600687262
R4,874,0.1298994909864041,0.015663241907067492,0.1298994909864041
R4,875,0.14273133146570025,0.01460749981314523,0.14273133146570025
R4,876,0.11892133829923385,0.011144719365691594,0.11892133829923385
R4,877,0.1545851132106923,0.020610170344970768,0.1545851132106923
R4,878,0.11341015776652315,0.011552859377650476,0.11341015776652315
R4,879,0.13863611907575768,0.01545769422150046,0.13863611907575768
R4,880,0.14045679400185218,0.017830035763879395,0.14045679400185218
R4,881,0.127356835737086,0.012938656809984928,0.127356835737086
R4,882,0.10583946719511522,0.010876460756398837,0.10583946719511522
R4,883,0.1300312331650481,0.014064735794652443,0.1300312331650481
R4,884,0.09643186695685776,0.010023035514273365,0.09643186695685776
R4,885,0.14743518789888735,0.01689863364994947,0.14743518789888735
R4,886,0.14634769750119747,0.01633927400300768,0.14634769750119747
R4,887,0.11348880030927239,0.012242893736103521,0.11348880030927239
R4,888,0.12423210638493362,0.01431487084226253,0.12423210638493362
R4,889,0.12711198136217466,0.016472469469593194,0.12711198136217466
R4,890,0.11875214665928209,0.012385438852659048,0.11875214665928209
R4,891,0.12487401272236474,0.017972159034641284,0.12487401272236474
R4,892,0.12438350596865988,0.012428288850900724,0.12438350596865988
R4,893,0.16823914806697293,0.016942994021228595,0.16823914806697293
R4,894,0.13122287382901263,0.011381471274206403,0.13122287382901263
R4,895,0.10355283570085225,0.015831271193672183,0.10355283570085225
R4,896,0.12681263075328106,0.01564624029353305,0.12681263075328106
R4,897,0.15179090031092296,0.015224328936558843,0.15179090031092296
R4,898,0.1832402517245216,0.03361760975727986,0.1832402517245216
R4,899,0.17594465849472213,0.023514218910656224,0.17594465849472213
R4,900,0.1569580233038221,0.02203163210891859,0.1569580233038221
R4,901,0.10417272954859311,0.013735930681986133,0.10417272954859311
R4,902,0.12437434780225809,0.018664410858267023,0.12437434780225809
R4,903,0.10839412883680642,0.011018821734586008,0.10839412883680642
R4,904,0.11907286789833504,0.016546004517739632,0.11907286789833504
R4,905,0.14464572446528484,0.017150320508629874,0.14464572446528484
R4,906,0.11258464884599764,0.015493638919872951,0.11258464884599764
R4,907,0.1275251643428592,0.010176636672698636,0.1275251643428592
R4,908,0.14001719856870995,0.012095002825030647,0.14001719856870995
R4,909,0.11984869611276597,0.010901430637458106,0.11984869611276597
R4,910,0.1179534583651162,0.012528277606860755,0.1179534583651162
R4,911,0.14936513534182833,0.02233540903860199,0.14936513534182833
R4,912,0.13807834294731605,0.014914450820175885,0.13807834294731605
R4,913,0.12881258312793228,0.013005564688183055,0.12881258312793228
R4,914,0.1510336386085401,0.01241399499919542,0.1510336386085401
R4,915,0.14327086103210687,0.016064073560076584,0.14327086103210687
R4,916,0.12372535189802902,0.017622399547140708,0.12372535189802902
R4,917,0.144053504874104,0.018272987826850728,0.144053504874104
R4,918,0.14909871759937707,0.017077650004336378,0.14909871759937707
R4,919,0.12764437732118356,0.01252261050772895,0.12764437732118356
R4,920,0.19500009932763573,0.020694423396991665,0.19500009932763573
R4,921,0.19622227271567114,0.030521874322241113,0.19622227271567114
R4,922,0.1671147084950001,0.011217706528591477,0.1671147084950001
R4,923,0.13951337945956535,0.015971440647372315,0.13951337945956535
R4,924,0.17376525908622387,0.015540052957792292,0.17376525908622387
R4,925,0.15109015410004514,0.020752972602365874,0.15109015410004514
R4,926,0.15819524277794833,0.023196996864012828,0.15819524277794833
R4,927,0.09588987343246907,0.012697981837181035,0.09588987343246907
R4,928,0.17270688345363464,0.019305539051966573,0.17270688345363464
R4,929,0.12822647099848258,0.018021346086660332,0.12822647099848258
R4,930,0.13406038651345112,0.014209538701943832,0.13406038651345112
R4,931,0.12873673357577653,0.019349922814949017,0.12873673357577653
R4,932,0.13948963093794475,0.017577860927379764,0.13948963093794475
R4,933,0.17642596507954084,0.020588695173685435,0.17642596507954084
R4,934,0.15033138281346203,0.014616162753251838,0.15033138281346203
R4,935,0.11116910564473423,0.013199443965427826,0.11116910564473423
R4,936,0.14954491353299826,0.020701605262948175,0.14954491353299826
R4,937,0.13998173767367839,0.016468664067184485,0.13998173767367839
R4,938,0.1259976175125575,0.010509549971359292,0.1259976175125575
R4,939,0.16447513754501236,0.025423379751096098,0.16447513754501236
R4,940,0.15504804914309941,0.016954947463637664,0.15504804914309941
R4,941,0.11879026427090844,0.012708659828245773,0.11879026427090844
R4,942,0.13491632256107508,0.011026966946935344,0.13491632256107508
R4,943,0.1462382011563584,0.01583957749600561,0.1462382011563584
R4,944,0.12885195550185097,0.011552117830699777,0.12885195550185097
R4,945,0.12456360151588698,0.01301306890321195,0.12456360151588698
R4,946,0.11644474212139527,0.01224256868007113,0.11644474212139527
R4,947,0.12225881646722331,0.013815010546876061,0.12225881646722331
R4,948,0.1428002845586082,0.01375175011315718,0.1428002845586082
R4,949,0.12137252780136912,0.012572068904253803,0.12137252780136912
R4,950,0.11890996812398587,0.011989666186504176,0.11890996812398587
R4,951,0.1727254408331109,0.02883834896264606,0.1727254408331109
R4,952,0.1438123774524217,0.013283429361987672,0.1438123774524217
R4,953,0.15063729036858273,0.0165366352615626,0.15063729036858273
R4,954,0.1300719863335837,0.015893396666113134,0.1300719863335837
R4,955,0.12070804020998713,0.011839363860572074,0.12070804020998713
R4,956,0.1460848351439471,0.01934860143222513,0.1460848351439471
R4,957,0.15888668600773873,0.020296198591025705,0.15888668600773873
R4,958,0.1608916961505722,0.012222970660797866,0.1608916961505722
R4,959,0.1616042333513261,0.01772518114425807,0.1616042333513261
R4,960,0.13324879204321238,0.018596938774046102,0.13324879204321238
R4,961,0.135343438890778,0.01724984807115679,0.135343438890778
R4,962,0.13534470555141684,0.012801119016881768,0.13534470555141684
R4,963,0.1432177686234157,0.028658963142610235,0.1432177686234157
R4,964,0.13375479136003982,0.011483477288900291,0.13375479136003982
R4,965,0.15003231465319117,0.020599855781646925,0.15003231465319117
R4,966,0.1342739216775005,0.012792524346349636,0.1342739216775005
R4,967,0.1269679457584071,0.01259416585165674,0.1269679457584071
R4,968,0.11254937362804529,0.012667355048332416,0.11254937362804529
R4,969,0.11511171699042935,0.02574783059449197,0.11511171699042935
R4,970,0.18779270246779092,0.027444795581493812,0.18779270246779092
R4,971,0.1411252886811301,0.013738448144715311,0.1411252886811301
R4,972,0.12662672498474345,0.0134425420742983,0.12662672498474345
R4,973,0.12721550279540733,0.013909187757741252,0.12721550279540733
R4,974,0.1280345621238961,0.015095874389828172,0.1280345621238961
R4,975,0.17349680307301912,0.015423714714330123,0.17349680307301912
R4,976,0.1223254349749165,0.012552354253445386,0.1223254349749165
R4,977,0.1777935812812729,0.014726175263224839,0.1777935812812729
R4,978,0.13124648751587578,0.012957644540233735,0.13124648751587578
R4,979,0.10164360691909033,0.012474523112686856,0.10164360691909033
R4,980,0.13116350356833173,0.012948627273968368,0.13116350356833173
R4,981,0.16163165783186983,0.01866117533825626,0.16163165783186983
R4,982,0.14316795196458743,0.016569020518576314,0.14316795196458743
R4,983,0.17901747175766444,0.020305920710617386,0.17901747175766444
R4,984,0.11068495308016589,0.018729858863687568,0.11068495308016589
R4,985,0.12622412185534018,0.01638173349493526,0.12622412185534018
R4,986,0.10493786676070323,0.017507297287099044,0.10493786676070323
R4,987,0.16613489165837114,0.011897544825009048,0.16613489165837114
R4,988,0.16388855323494436,0.016361931044665018,0.16388855323494436
R4,989,0.13923831457459668,0.01683574643374851,0.13923831457459668
R4,990,0.1511466432353888,0.023295811500441164,0.1511466432353888
R4,991,0.10911464778593316,0.013194154670287126,0.10911464778593316
R4,992,0.128903383002732,0.016313777089403153,0.128903383002732
R4,993,0.08681667308842242,0.008888649602119415,0.08681667308842242
R4,994,0.10055289843476051,0.009842982873204852,0.10055289843476051
R4,995,0.14170350772047133,0.014288704006290134,0.14170350772047133
R4,996,0.13716436051809458,0.01775083315396446,0.13716436051809458
R4,997,0.11620266604513045,0.0183783084007689,0.11620266604513045
R4,998,0.13238619556229292,0.014713977092029146,0.13238619556229292
R4,999,0.13034517042336213,0.01831909860423943,0.13034517042336213
R4,1000,0.12310769293272862,0.014008295863110348,0.12310769293272862
R4,1001,0.13475370219468813,0.018533446196366134,0.13475370219468813
R4,1002,0.11526812354094405,0.018064108659973353,0.11526812354094405
R4,1003,0.11816303642990861,0.01177201155180299,0.11816303642990861
R4,1004,0.13845521951256473,0.025318365183668742,0.13845521951256473
R4,1005,0.13572975437115425,0.012602021280293403,0.13572975437115425
R4,1006,0.16442582484447318,0.014170349298447875,0.16442582484447318
R4,1007,0.14396413291564703,0.022330255923113957,0.14396413291564703
R4,1008,0.1020134351237835,0.01566272245811551,0.1020134351237835
R4,1009,0.1551979695668192,0.014715380306338397,0.1551979695668192
R4,1010,0.15636008352626662,0.021846407714784483,0.15636008352626662
R4,1011,0.1335085254940129,0.016230728197315206,0.1335085254940129
R4,1012,0.169194290007479,0.021883461418362015,0.169194290007479
R4,1013,0.1334734925758735,0.016301710463306765,0.1334734925758735
R4,1014,0.13661430901630767,0.01646323368036309,0.13661430901630767
R4,1015,0.17883303136517067,0.027255033890602236,0.17883303136517067
R4,1016,0.13290524894289715,0.01592396642890926,0.13290524894289715
R4,1017,0.1230046165406246,0.018873170460543882,0.1230046165406246
R4,1018,0.15652607690506687,0.022730036907780447,0.15652607690506687
R4,1019,0.14399642206088065,0.0209433106259109,0.14399642206088065
R4,1020,0.16718245177673363,0.018602088658486487,0.16718245177673363
R4,1021,0.10518497239315315,0.018701097906194175,0.10518497239315315
R4,1022,0.09675713618899853,0.012593468061289519,0.09675713618899853
R4,1023,0.10798496114393617,0.01607374507436262,0.10798496114393617
R4,1024,0.15147577347045535,0.013438080816377141,0.15147577347045535
R4,1025,0.1448894005112386,0.01686123963445336,0.1448894005112386
R4,1026,0.12724159734122828,0.015399383127421151,0.12724159734122828
R4,1027,0.1252860935557989,0.01394993659970728,0.1252860935557989
R4,1028,0.14195631544949994,0.013928023183033359,0.14195631544949994
R4,1029,0.13847371407168008,0.015257988530929037,0.13847371407168008
R4,1030,0.1327540234021613,0.015176486085795747,0.1327540234021613
R4,1031,0.1223997405585225,0.018498831598192735,0.1223997405585225
R4,1032,0.15398295505909293,0.022400777638100434,0.15398295505909293
R4,1033,0.12345269994198109,0.014242267504368552,0.12345269994198109
R4,1034,0.1629128552822091,0.031206444116376377,0.1629128552822091
R4,1035,0.1602603004604869,0.027853857303294618,0.1602603004604869
R4,1036,0.16338714118947337,0.01764186930793903,0.16338714118947337
R4,1037,0.14420928681994763,0.016570751822410443,0.14420928681994763
R4,1038,0.12700660551194407,0.012688253226194704,0.12700660551194407
R4,1039,0.17030448683572286,0.016344406361960898,0.17030448683572286
R4,1040,0.14322144054835037,0.012473035461812785,0.14322144054835037
R4,1041,0.11835588096144635,0.010171955638515816,0.11835588096144635
R4,1042,0.12085385072241611,0.017476452852384267,0.12085385072241611
R4,1043,0.14292570716333972,0.011615291136940008,0.14292570716333972
R4,1044,0.11486985619891978,0.012333432472626879,0.11486985619891978
R4,1045,0.12810207625084774,0.024593177832482015,0.12810207625084774
R4,1046,0.14971494866575769,0.013112368309800457,0.14971494866575769
R4,1047,0.11579021352372823,0.012766937134693585,0.11579021352372823
R4,1048,0.10563429138271958,0.009688711597771094,0.10563429138271958
R4,1049,0.13590113903047463,0.010148990727327101,0.13590113903047463
R4,1050,0.1498730693807043,0.013034975327137188,0.1498730693807043
R4,1051,0.1507642587875177,0.01630652924782925,0.1507642587875177
R4,1052,0.11932498922797698,0.011756025821924749,0.11932498922797698
R4,1053,0.11812113423470039,0.017790749205969077,0.11812113423470039
R4,1054,0.1221924296246429,0.015418622460200697,0.1221924296246429
R4,1055,0.10436156752862567,0.012678901670687885,0.10436156752862567
R4,1056,0.12643944097412424,0.016921805729573882,0.12643944097412424
R4,1057,0.11436065059015266,0.015203233144043905,0.11436065059015266
R4,1058,0.19320789071467276,0.01995191407447162,0.19320789071467276
R4,1059,0.1408328163520044,0.02270285750458608,0.1408328163520044
R4,1060,0.11253145185595119,0.014986847570204472,0.11253145185595119
R4,1061,0.11244782095276594,0.01600434068124499,0.11244782095276594
R4,1062,0.14719275008927424,0.01531877636589093,0.14719275008927424
R4,1063,0.21837862830760316,0.04301054822151567,0.21837862830760316
R4,1064,0.13566906723039457,0.017650944926300757,0.13566906723039457
R4,1065,0.14910295178037106,0.01656233893110179,0.14910295178037106
R4,1066,0.13657805658164,0.01549990916720996,0.13657805658164
R4,1067,0.10416052317302682,0.013909911426356532,0.10416052317302682
R4,1068,0.12854977247978167,0.015027040294822252,0.12854977247978167
R4,1069,0.14620864719439472,0.01567739011943603,0.14620864719439472
R4,1070,0.145649473373577,0.013754338459005765,0.145649473373577
R4,1071,0.11381181521576617,0.013545667941852503,0.11381181521576617
R4,1072,0.14298553103928102,0.022307373436210528,0.14298553103928102
R4,1073,0.15454208408377315,0.018127890801977714,0.15454208408377315
R4,1074,0.1268432342832605,0.019901770388448505,0.1268432342832605
R4,1075,0.17503725598476225,0.03021586339104687,0.17503725598476225
R4,1076,0.15811267477132585,0.02190977420367148,0.15811267477132585
R4,1077,0.1605141901351988,0.011952483509925867,0.1605141901351988
R4,1078,0.11407581076826875,0.01522963872811877,0.11407581076826875
R4,1079,0.09918048792612223,0.014120149574882843,0.09918048792612223
R4,1080,0.17678106919683254,0.014241155425927663,0.17678106919683254
R4,1081,0.15289530152010347,0.023210365265924092,0.15289530152010347
R4,1082,0.11357859863314002,0.013091334317884404,0.11357859863314002
R4,1083,0.13015462234022943,0.01131735498626604,0.13015462234022943
R4,1084,0.1438605955069415,0.012089285889028908,0.1438605955069415
R4,1085,0.13613494067419443,0.020562035520975484,0.13613494067419443
R4,1086,0.15065250794296972,0.01346017409822404,0.15065250794296972
R4,1087,0.12718222992793116,0.015646321273487255,0.12718222992793116
R4,1088,0.1905700175317687,0.027502930017482646,0.1905700175317687
R4,1089,0.1308028938358289,0.01494002152239792,0.1308028938358289
R4,1090,0.10693749255791003,0.011427752068247117,0.10693749255791003
R4,1091,0.12821574697474625,0.017863806779801737,0.12821574697474625
R4,1092,0.12559935023077548,0.015381498200708022,0.12559935023077548
R4,1093,0.10821356780914382,0.010249687272700933,0.10821356780914382
R4,1094,0.1238856734715286,0.017363695732299168,0.1238856734715286
R4,1095,0.13403443251780736,0.013052245473831867,0.13403443251780736
R4,1096,0.1554236805241008,0.02446793006729844,0.1554236805241008
R4,1097,0.11975636706879386,0.01228746165855024,0.11975636706879386
R4,1098,0.15528155706090807,0.02503477751869359,0.15528155706090807
R4,1099,0.12700010290616767,0.011703463081893127,0.12700010290616767
R4,1100,0.1656358175810001,0.019992068247293746,0.1656358175810001
R4,1101,0.13823815740553472,0.013489276795564508,0.13823815740553472
R4,1102,0.14027268732442458,0.014850898382831197,0.14027268732442458
R4,1103,0.13927220532807555,0.01589081293359319,0.13927220532807555
R4,1104,0.117046153440425,0.011438128070900343,0.117046153440425
R4,1105,0.13671351755107097,0.022530217118280533,0.13671351755107097
R4,1106,0.12496334938482795,0.013183483772546417,0.12496334938482795
R4,1107,0.11994085442790037,0.020576602869942676,0.11994085442790037
R4,1108,0.10068640192951216,0.026098788800565636,0.10068640192951216
R4,1109,0.11504926646501844,0.01850042149853037,0.11504926646501844
R4,1110,0.16708513510338252,0.016356712120921855,0.16708513510338252
R4,1111,0.11897264454927331,0.013507895622479683,0.11897264454927331
R4,1112,0.12139622094818632,0.02488198282089863,0.12139622094818632
R4,1113,0.11890098945644993,0.013758405752548558,0.11890098945644993
R4,1114,0.1432535264438179,0.017904657067890017,0.1432535264438179
R4,1115,0.11275610032148325,0.011786306269325444,0.11275610032148325
R4,1116,0.14215448709250633,0.020068654905389022,0.14215448709250633
R4,1117,0.16787494325514737,0.0187616847776481,0.16787494325514737
R4,1118,0.15341217351480563,0.014980008380790564,0.15341217351480563
R4,1119,0.1264832504909401,0.015918537753362372,0.1264832504909401
R4,1120,0.14614348689810702,0.020220082502653607,0.14614348689810702
R4,1121,0.16993382431877221,0.016596974855724166,0.16993382431877221
R4,1122,0.13427308250385864,0.012467761515265265,0.13427308250385864
R4,1123,0.10255323196398151,0.012160221702760616,0.10255323196398151
R4,1124,0.1116217704935956,0.014222204801269466,0.1116217704935956
R4,1125,0.12286063785173075,0.01742767690598245,0.12286063785173075
R4,1126,0.10884883510402417,0.011673002086971238,0.10884883510402417
R4,1127,0.18264430683763425,0.021430722488614325,0.18264430683763425
R4,1128,0.11131310831036934,0.010540379795874587,0.11131310831036934
R4,1129,0.10550250209082511,0.015880878961680684,0.10550250209082511
R4,1130,0.15498383561353365,0.01817703492064103,0.15498383561353365
R4,1131,0.1152159173335566,0.012097638667469091,0.1152159173335566
R4,1132,0.11333199104622396,0.01082255584233866,0.11333199104622396
R4,1133,0.14362940974232438,0.014981144408757436,0.14362940974232438
R4,1134,0.17710677944296507,0.027226599766027544,0.17710677944296507
R4,1135,0.11575547116002416,0.012581051098332158,0.11575547116002416
R4,1136,0.1310625605245493,0.01471201288062243,0.1310625605245493
R4,1137,0.13600902424223696,0.013861722718988776,0.13600902424223696
R4,1138,0.10931698979325823,0.014174243005355563,0.10931698979325823
R4,1139,0.14189735556542687,0.013326897474727307,0.14189735556542687
R4,1140,0.12146474356236246,0.012481321018603306,0.12146474356236246
R4,1141,0.1569734719886991,0.014949159232392864,0.1569734719886991
R4,1142,0.16046215312556777,0.018120395118484234,0.16046215312556777
R4,1143,0.149769734803934,0.023915244378454888,0.149769734803934
R4,1144,0.13459310607786495,0.01782715193242481,0.13459310607786495
R4,1145,0.15683869286621274,0.01622383321739116,0.15683869286621274
R4,1146,0.1280711647071277,0.022071204583490118,0.1280711647071277
R4,1147,0.10812434719971505,0.011890333120384719,0.10812434719971505
R4,1148,0.1883116540261227,0.024357856499009334,0.1883116540261227
R4,1149,0.12689200927856886,0.015784568263924187,0.12689200927856886
R4,1150,0.12962700115751694,0.015295960105093593,0.12962700115751694
R4,1151,0.13308384036653428,0.011679050853138464,0.13308384036653428
R4,1152,0.1300297165902439,0.011804404094377973,0.1300297165902439
R4,1153,0.1194788553446391,0.014564397561136509,0.1194788553446391
R4,1154,0.11830798145859388,0.013794235848657738,0.11830798145859388
R4,1155,0.14848035546514876,0.018865619234056233,0.14848035546514876
R4,1156,0.13922285895722378,0.012387449558679665,0.13922285895722378
R4,1157,0.09625187713932186,0.011646036701040995,0.09625187713932186
R4,1158,0.11911622345169275,0.01688212807587645,0.11911622345169275
R4,1159,0.1185831926990814,0.011596923147389707,0.1185831926990814
R4,1160,0.1296035726214411,0.024674146056603376,0.1296035726214411
R4,1161,0.1077537844139882,0.025079871188754904,0.1077537844139882
R4,1162,0.17980854656196904,0.027528750925569622,0.17980854656196904
R4,1163,0.13984749626166926,0.022825095211102108,0.13984749626166926
R4,1164,0.124457300360815,0.01392070462952526,0.124457300360815
R4,1165,0.19010395763518229,0.029917816578668082,0.19010395763518229
R4,1166,0.13594466693006096,0.014559095045792942,0.13594466693006096
R4,1167,0.13601101682955408,0.017006844053337595,0.13601101682955408
R4,1168,0.14083696912038388,0.0122365057988945,0.14083696912038388
R4,1169,0.14199318639193345,0.018078466574420533,0.14199318639193345
R4,1170,0.10342343723638732,0.009053437457746274,0.10342343723638732
R4,1171,0.12228497252406216,0.012682075472401156,0.12228497252406216
R4,1172,0.15844393724191183,0.01998977171409656,0.15844393724191183
R4,1173,0.14318466374665098,0.01608509448451482,0.14318466374665098
R4,1174,0.11670464295098443,0.011225936265570327,0.11670464295098443
R4,1175,0.123369579176212,0.014302945281864269,0.123369579176212
R4,1176,0.15124272637454075,0.013015427032611559,0.15124272637454075
R4,1177,0.11993198093175692,0.014128354612790146,0.11993198093175692
R4,1178,0.11802029213087209,0.010298010775011874,0.11802029213087209
R4,1179,0.1370600235315564,0.014436031864638564,0.1370600235315564
R4,1180,0.116272460216069,0.014487199868231214,0.116272460216069
R4,1181,0.13162315426782994,0.01635750170202218,0.13162315426782994
R4,1182,0.17521588321128156,0.010767100529642026,0.17521588321128156
R4,1183,0.12236710606262849,0.012871485027953666,0.12236710606262849
R4,1184,0.13526207834925932,0.01216868009767802,0.13526207834925932
R4,1185,0.11094218096734146,0.012876383307288406,0.11094218096734146
R4,1186,0.14303949238853356,0.017039385803827238,0.14303949238853356
R4,1187,0.13272946083667486,0.011268351777358339,0.13272946083667486
R4,1188,0.11361064778004074,0.018103509546734137,0.11361064778004074
R4,1189,0.1353275823933069,0.013671058771852982,0.1353275823933069
R4,1190,0.17519437648137798,0.019065527943436442,0.17519437648137798
R4,1191,0.13911928752755928,0.015582758401691465,0.13911928752755928
R4,1192,0.12628028446444955,0.01677057515975909,0.12628028446444955
R4,1193,0.18483940628041773,0.028435137930820253,0.18483940628041773
R4,1194,0.14990006691593694,0.01659720517630178,0.14990006691593694
R4,1195,0.15460345901655262,0.0137826252511259,0.15460345901655262
R4,1196,0.14195858050539487,0.01740657850351767,0.14195858050539487
R4,1197,0.12087970916461264,0.01255310122423168,0.12087970916461264
R4,1198,0.11691663883097583,0.01521855474516588,0.11691663883097583
R4,1199,0.12170467407327701,0.013837635138474953,0.12170467407327701
R4,1200,0.13487870514016567,0.018752481944543483,0.13487870514016567
R4,1201,0.12300450295392006,0.01691763001019215,0.12300450295392006
R4,1202,0.14695823065216498,0.016474476280347386,0.14695823065216498
R4,1203,0.18336116859665627,0.022961741789009175,0.18336116859665627
R4,1204,0.12216373969703966,0.010956682818982138,0.12216373969703966
R4,1205,0.11735799341561354,0.011176580497629108,0.11735799341561354
R4,1206,0.15094507507310312,0.01754988633473213,0.15094507507310312
R4,1207,0.10670231321762505,0.009228656227133253,0.10670231321762505
R4,1208,0.1279126218449212,0.01198373492006926,0.1279126218449212
R4,1209,0.12209242543490446,0.013414100462262017,0.12209242543490446
R4,1210,0.11916647974664105,0.017716585357705303,0.11916647974664105
R4,1211,0.10064890445619028,0.010303779802099785,0.10064890445619028
R4,1212,0.12484652954532427,0.013767164738106512,0.12484652954532427
R4,1213,0.1347387183321399,0.01922286233757371,0.1347387183321399
R4,1214,0.12147936133924209,0.014468114589532134,0.12147936133924209
R4,1215,0.11892924937592186,0.013862918686048402,0.11892924937592186
R4,1216,0.13204137974822341,0.019523003156913767,0.13204137974822341
R4,1217,0.10931227022143372,0.013402456006423046,0.10931227022143372
R4,1218,0.1199493281912432,0.024579438528789,0.1199493281912432
R4,1219,0.11942719535429973,0.014511381548865087,0.11942719535429973
R4,1220,0.17045559792872045,0.013472438806953617,0.17045559792872045
R4,1221,0.11677409380097183,0.014887620268063527,0.11677409380097183
R4,1222,0.1337394028559102,0.012889088020312944,0.1337394028559102
R4,1223,0.11791245727217063,0.013876414157652213,0.11791245727217063
R4,1224,0.15280498617668184,0.016445724662486717,0.15280498617668184
R4,1225,0.13522810460300394,0.01758466327838715,0.13522810460300394
R4,1226,0.10695853794614368,0.012170891775193255,0.10695853794614368
R4,1227,0.12491723091053764,0.016138947406244032,0.12491723091053764
R4,1228,0.1427667225494836,0.016230566627216163,0.1427667225494836
R4,1229,0.121102791635966,0.012914060363726965,0.121102791635966
R4,1230,0.13835189771607226,0.016137736984052683,0.13835189771607226
R4,1231,0.11510488342984825,0.025035220476553665,0.11510488342984825
R4,1232,0.12001011327578295,0.014805112274516623,0.12001011327578295
R4,1233,0.15728035469030308,0.014684686841218365,0.15728035469030308
R4,1234,0.15844436138780213,0.01569367729132058,0.15844436138780213
R4,1235,0.1245402905346627,0.013193707132754088,0.1245402905346627
R4,1236,0.14246486070586808,0.016904370867980748,0.14246486070586808
R4,1237,0.1837184581157492,0.026929855218136615,0.1837184581157492
R4,1238,0.25057978148270715,0.04393372129759374,0.25057978148270715
R4,1239,0.10694598853322344,0.00910093577057276,0.10694598853322344
R4,1240,0.15448815327078796,0.025391933019784443,0.15448815327078796
R4,1241,0.153709134404631,0.013490392253185024,0.153709134404631
R4,1242,0.15618165245713989,0.03136565198889342,0.15618165245713989
R4,1243,0.12262376342033808,0.015156846383576773,0.12262376342033808
R4,1244,0.09985486742360829,0.01633490103323147,0.09985486742360829
R4,1245,0.1471924141680644,0.017550481731545164,0.1471924141680644
R4,1246,0.12566491424946072,0.017603955495618263,0.12566491424946072
R4,1247,0.13707143207845177,0.016862698623598675,0.13707143207845177
R4,1248,0.11134148558862436,0.017238761538104937,0.11134148558862436
R4,1249,0.12244840003093417,0.02637169873100542,0.12244840003093417
R4,1250,0.11862770996355845,0.013763726283254256,0.11862770996355845
R4,1251,0.14011147148006334,0.019862746252061407,0.14011147148006334
R4,1252,0.13672578893305118,0.013686283986265766,0.13672578893305118
R4,1253,0.14604073985437038,0.017135046907352233,0.14604073985437038
R4,1254,0.18604331363541252,0.021291101217115298,0.18604331363541252
R4,1255,0.1381643549778854,0.01361564862386977,0.1381643549778854
R4,1256,0.13905564211220064,0.012258819411270381,0.13905564211220064
R4,1257,0.12555188792759797,0.015086801975640279,0.12555188792759797
R4,1258,0.11801957820511369,0.019721663472684798,0.11801957820511369
R4,1259,0.133747615177901,0.014997928592526346,0.133747615177901
R4,1260,0.12454121451877184,0.02479881524212361,0.12454121451877184
R4,1261,0.13245486612682936,0.0122161006703859,0.13245486612682936
R4,1262,0.15706179489273445,0.01396360504285915,0.15706179489273445
R4,1263,0.12865762495866181,0.012447703122334166,0.12865762495866181
R4,1264,0.13712986702097124,0.017598295606859427,0.13712986702097124
R4,1265,0.13284495908799457,0.01595582357853397,0.13284495908799457
R4,1266,0.1528663662052846,0.01229481862102059,0.1528663662052846
R4,1267,0.1311783036034945,0.014033879446477179,0.1311783036034945
R4,1268,0.15371646973202335,0.015415835393209745,0.15371646973202335
R4,1269,0.17196495753263527,0.021057423049511914,0.17196495753263527
R4,1270,0.15229403332496658,0.020866326908033358,0.15229403332496658
R4,1271,0.11752967381001149,0.013730245422645903,0.11752967381001149
R4,1272,0.10813843901771149,0.014500728326732012,0.10813843901771149
R4,1273,0.11980971720680714,0.016696914881477527,0.11980971720680714
R4,1274,0.118462781548364,0.012635811406766869,0.118462781548364
R4,1275,0.12360732598258815,0.014125888139834817,0.12360732598258815
R4,1276,0.12192725668017085,0.011986343633638308,0.12192725668017085
R4,1277,0.12781146785701225,0.013507277437291795,0.12781146785701225
R4,1278,0.1137024398323542,0.018103095201700885,0.1137024398323542
R4,1279,0.12391729972096308,0.01167085361756933,0.12391729972096308
R4,1280,0.11707117692790162,0.0217198600525355,0.11707117692790162
R4,1281,0.12545412047948387,0.023889399634569448,0.12545412047948387
R4,1282,0.1278533496750546,0.019850648490830312,0.1278533496750546
R4,1283,0.1390699858739224,0.015978928496988818,0.1390699858739224
R4,1284,0.13214865726470426,0.013444515135279243,0.13214865726470426
R4,1285,0.116281965420188,0.011088043999835318,0.116281965420188
R4,1286,0.148424646503376,0.013864105405824877,0.148424646503376
R4,1287,0.19254306480040545,0.01595444124391085,0.19254306480040545
R4,1288,0.12326083113084461,0.014344763337077647,0.12326083113084461
R4,1289,0.1766686187116495,0.019798246654289458,0.1766686187116495
R4,1290,0.12847938599074876,0.014694022593469637,0.12847938599074876
R4,1291,0.13256046325650966,0.015961378552369912,0.13256046325650966
R4,1292,0.16667443933982184,0.014209169228663228,0.16667443933982184
R4,1293,0.14805723736425686,0.01846762239342579,0.14805723736425686
R4,1294,0.1530614722875894,0.014313018714900398,0.1530614722875894
R4,1295,0.14724065269080178,0.013869176965182126,0.14724065269080178
R4,1296,0.1323763305628639,0.014644400475452006,0.1323763305628639
R4,1297,0.09861461204146557,0.0155739694039897,0.09861461204146557
R4,1298,0.14587893693013515,0.023529784251947145,0.14587893693013515
R4,1299,0.1543155620665059,0.016640650573062094,0.1543155620665059
R4,1300,0.134474462472868,0.010364265918449245,0.134474462472868
R4,1301,0.12412154642704581,0.017499876303490425,0.12412154642704581
R4,1302,0.1405224989708244,0.018871281214192234,0.1405224989708244
R4,1303,0.17692995051767502,0.012166283252655749,0.17692995051767502
R4,1304,0.11104339077068505,0.01753529978331093,0.11104339077068505
R4,1305,0.18881114600230595,0.02189109568642423,0.18881114600230595
R4,1306,0.11417995390474417,0.014276659324845762,0.11417995390474417
R4,1307,0.1117458680057078,0.01215463235015515,0.1117458680057078
R4,1308,0.13033527812503667,0.016162944794295562,0.13033527812503667
R4,1309,0.1361828612913183,0.011736818206737812,0.1361828612913183
R4,1310,0.15258037854877163,0.019668135743253743,0.15258037854877163
R4,1311,0.13513337697407418,0.015571973066156604,0.13513337697407418
R4,1312,0.10965506682555416,0.014920658052154803,0.10965506682555416
R4,1313,0.18863812565350013,0.017689782011924025,0.18863812565350013
R4,1314,0.1458200572463224,0.013993597304848874,0.1458200572463224
R4,1315,0.13408835299026925,0.011213681726924383,0.13408835299026925
R4,1316,0.12772876742679187,0.01585888879957089,0.12772876742679187
R4,1317,0.1082058053330441,0.019668375910047,0.1082058053330441
R4,1318,0.14827988081188345,0.015472264347362668,0.14827988081188345
R4,1319,0.15105660588554107,0.014003868642330098,0.15105660588554107
R4,1320,0.1440557425137402,0.015296154340291359,0.1440557425137402
R4,1321,0.09586998598977224,0.012388765801124536,0.09586998598977224
R4,1322,0.1096812830636992,0.016152364994696553,0.1096812830636992
R4,1323,0.1394216555820445,0.021202739777082757,0.1394216555820445
R4,1324,0.1298328721494851,0.016508190330045414,0.1298328721494851
R4,1325,0.16748012644364482,0.023146442685655775,0.16748012644364482
R4,1326,0.1328128614548853,0.013400914574086974,0.1328128614548853
R4,1327,0.13392601664588838,0.01205403859183757,0.13392601664588838
R4,1328,0.18063804807618739,0.01952536937776702,0.18063804807618739
R4,1329,0.11280975876437557,0.01746867852001435,0.11280975876437557
R4,1330,0.1454784191828585,0.012015267364993226,0.1454784191828585
R4,1331,0.13590222094688492,0.013600316090857732,0.13590222094688492
R4,1332,0.15913309738677206,0.023743630569227972,0.15913309738677206
R4,1333,0.14124437725313593,0.014738436788439566,0.14124437725313593
R4,1334,0.11895575115328552,0.019985530021609382,0.11895575115328552
R4,1335,0.12233507976784741,0.010280144884167598,0.12233507976784741
R4,1336,0.12047541922770486,0.018512761166584162,0.12047541922770486
R4,1337,0.15777924166326135,0.02275456348727339,0.15777924166326135
R4,1338,0.12479886479063156,0.012390926579918658,0.12479886479063156
R4,1339,0.12468142552027757,0.011327395687527199,0.12468142552027757
R4,1340,0.12337907073512337,0.01507011927487262,0.12337907073512337
R4,1341,0.1313169339774491,0.011490480402886086,0.1313169339774491
R4,1342,0.1111849005531183,0.01234232937861045,0.1111849005531183
R4,1343,0.12623798482126564,0.0123894659786062,0.12623798482126564
R4,1344,0.142113171662291,0.012594408731241022,0.142113171662291
R4,1345,0.15037280615799947,0.024787104019251258,0.15037280615799947
R4,1346,0.11839526712847816,0.013896403684087701,0.11839526712847816
R4,1347,0.11374568122126986,0.018866939067062733,0.11374568122126986
R4,1348,0.13797662666727917,0.01897106209199645,0.13797662666727917
R4,1349,0.13434169444405641,0.012974514408265098,0.13434169444405641
R4,1350,0.11884740095219541,0.01606788878735833,0.11884740095219541
R4,1351,0.13561570432388137,0.024547850160464513,0.13561570432388137
R4,1352,0.14558080382708577,0.015720298489224342,0.14558080382708577
R4,1353,0.13665463302488748,0.015150450339839392,0.13665463302488748
R4,1354,0.12089206514900833,0.012747084755157127,0.12089206514900833
R4,1355,0.1250076577693645,0.016788672340668345,0.1250076577693645
R4,1356,0.1342547118791243,0.01896675472686645,0.1342547118791243
R4,1357,0.12089725790168825,0.017596575376625085,0.12089725790168825
R4,1358,0.12881355064139696,0.013571970576142898,0.12881355064139696
R4,1359,0.14455334489655405,0.012284830970501839,0.14455334489655405
R4,1360,0.16536007414557452,0.02062786589502424,0.16536007414557452
R4,1361,0.13834940113603814,0.01647069634229699,0.13834940113603814
R4,1362,0.14771316102313117,0.022996392730096214,0.14771316102313117
R4,1363,0.0971226401031556,0.015141279977657117,0.0971226401031556
R4,1364,0.11204229925849649,0.011528126679065732,0.11204229925849649
R4,1365,0.10687957644874539,0.02051057545097424,0.10687957644874539
R4,1366,0.1509106472248436,0.023025787599103828,0.1509106472248436
R4,1367,0.1351248546146057,0.024421410365539027,0.1351248546146057
R4,1368,0.16766862178916114,0.018855881791871927,0.16766862178916114
R4,1369,0.12618284210311326,0.018874180620580976,0.12618284210311326
R4,1370,0.14822872984703916,0.019415178186040397,0.14822872984703916
R4,1371,0.10027362598204281,0.01350461897948429,0.10027362598204281
R4,1372,0.14140336843136805,0.01407499446221214,0.14140336843136805
R4,1373,0.12844513240159383,0.013782091844218358,0.12844513240159383
R4,1374,0.10599318808555418,0.017493443529066927,0.10599318808555418
R4,1375,0.1722319759773467,0.0219963592766364,0.1722319759773467
R4,1376,0.16955893830605798,0.016666029518165627,0.16955893830605798
R4,1377,0.12843013949756446,0.016965932921615152,0.12843013949756446
R4,1378,0.1521059998104689,0.016252207964984854,0.1521059998104689
R4,1379,0.11113337068277773,0.01631871536730833,0.11113337068277773
R4,1380,0.11055654577077778,0.02036083882009335,0.11055654577077778
R4,1381,0.12147615652565681,0.011303553606898468,0.12147615652565681
R4,1382,0.12416505787455226,0.013587856215841338,0.12416505787455226
R4,1383,0.16477439353840864,0.030280918351087788,0.16477439353840864
R4,1384,0.12132978361805,0.014441546930922665,0.12132978361805
R4,1385,0.12911124752218162,0.01500122606375603,0.12911124752218162
R4,1386,0.12187625224872776,0.013647350622192378,0.12187625224872776
R4,1387,0.15743058423787784,0.0192943089706764,0.15743058423787784
R4,1388,0.11682690073600295,0.015078764999593834,0.11682690073600295
R4,1389,0.15591705214263896,0.02771947568449544,0.15591705214263896
R4,1390,0.11621894299433676,0.012694426851088104,0.11621894299433676
R4,1391,0.12961224362417564,0.019212756095326484,0.12961224362417564
R4,1392,0.11703371662392496,0.015551641032943429,0.11703371662392496
R4,1393,0.12493607673727965,0.01184167026904227,0.12493607673727965
R4,1394,0.12581311506675366,0.017189241611155717,0.12581311506675366
R4,1395,0.11008806005909805,0.011108690895885395,0.11008806005909805
R4,1396,0.12972224801239016,0.012891323424254164,0.12972224801239016
R4,1397,0.14247126414921885,0.0191707139403101,0.14247126414921885
R4,1398,0.10060403521765335,0.015375137677998725,0.10060403521765335
R4,1399,0.13161795565638393,0.012820403833219586,0.13161795565638393
R4,1400,0.11827440492591074,0.015784853693858,0.11827440492591074
R4,1401,0.11186891296888438,0.01499961775125662,0.11186891296888438
R4,1402,0.11844096651968693,0.014073521712522671,0.11844096651968693
R4,1403,0.12265367082606675,0.012862239593546146,0.12265367082606675
R4,1404,0.15766917857728327,0.01606190203820327,0.15766917857728327
R4,1405,0.13051721596416146,0.01653182864132787,0.13051721596416146
R4,1406,0.1265465727511534,0.013231456901060232,0.1265465727511534
R4,1407,0.12370372482931859,0.02806711585973333,0.12370372482931859
R4,1408,0.12707942104833872,0.014343214138977467,0.12707942104833872
R4,1409,0.114515909305717,0.015445037746511863,0.114515909305717
R4,1410,0.13433859603042234,0.019516529930457164,0.13433859603042234
R4,1411,0.11995810788707637,0.01511863925099816,0.11995810788707637
R4,1412,0.14605280849657032,0.01459585784357606,0.14605280849657032
R4,1413,0.13330618067208486,0.01481502754200024,0.13330618067208486
R4,1414,0.12570176460083474,0.013851508711279596,0.12570176460083474
R4,1415,0.13326819525635347,0.01660445087938642,0.13326819525635347
R4,1416,0.13854118363432394,0.019953398091425063,0.13854118363432394
R4,1417,0.10956653224006548,0.009511094454350184,0.10956653224006548
R4,1418,0.12021835493355394,0.012313868457078233,0.12021835493355394
R4,1419,0.13040684228281368,0.0116329450200084,0.13040684228281368
R4,1420,0.1276068500797171,0.019894888810837518,0.1276068500797171
R4,1421,0.1567344125311678,0.016266582663170465,0.1567344125311678
R4,1422,0.14975396663412432,0.012715822639467066,0.14975396663412432
R4,1423,0.13776236469207398,0.018184729891756006,0.13776236469207398
R4,1424,0.1002833964826088,0.014452423064005938,0.1002833964826088
R4,1425,0.12516758872914086,0.012755237829849678,0.12516758872914086
R4,1426,0.1288849777717464,0.015980436734928882,0.1288849777717464
R4,1427,0.14173627742955636,0.014348071566585237,0.14173627742955636
R4,1428,0.13306540834628183,0.01409585667550228,0.13306540834628183
R4,1429,0.08577150468023581,0.012311428956061937,0.08577150468023581
R4,1430,0.13663053432582806,0.017296502312029893,0.13663053432582806
R4,1431,0.12958126649453547,0.015502015233896054,0.12958126649453547
R4,1432,0.11842916489605379,0.01679716478977145,0.11842916489605379
R4,1433,0.13160005547551795,0.010888086999541012,0.13160005547551795
R4,1434,0.1455677479403234,0.01956479400852583,0.1455677479403234
R4,1435,0.12097401719561503,0.014039764771742604,0.12097401719561503
R4,1436,0.13326590388022908,0.023919052693178917,0.13326590388022908
R4,1437,0.10762200503067747,0.011181620683592066,0.10762200503067747
R4,1438,0.1112568391403402,0.015136231543774518,0.1112568391403402
R4,1439,0.12782124157646918,0.014436072135518091,0.12782124157646918
R4,1440,0.11713958716202297,0.011975977613763369,0.11713958716202297
R4,1441,0.1393648558504743,0.013686151019619506,0.1393648558504743
R4,1442,0.11929444293697426,0.013149122439011285,0.11929444293697426
R4,1443,0.10603459855080934,0.018097724860170597,0.10603459855080934
R4,1444,0.11566169325715621,0.011134798905235218,0.11566169325715621
R4,1445,0.16372360049065904,0.02431769345514207,0.16372360049065904
R4,1446,0.1359918047631609,0.014923184668350348,0.1359918047631609
R4,1447,0.11456464606231821,0.011807563669421204,0.11456464606231821
R4,1448,0.14321315996699507,0.01469212504269421,0.14321315996699507
R4,1449,0.11430497505158875,0.017572231069445277,0.11430497505158875
R4,1450,0.11571839842161764,0.012152844700694238,0.11571839842161764
R4,1451,0.11200503032696221,0.018127248519162274,0.11200503032696221
R4,1452,0.14906344537161442,0.01614141548650005,0.14906344537161442
R4,1453,0.13455279444886795,0.020509411551666287,0.13455279444886795
R4,1454,0.13606047092666754,0.015317226532410279,0.13606047092666754
R4,1455,0.12320676925354117,0.01651406126505094,0.12320676925354117
R4,1456,0.11482113583148594,0.01940742863188861,0.11482113583148594
R4,1457,0.11487286612429028,0.019485340741918503,0.11487286612429028
R4,1458,0.09826495791301348,0.014277356556550413,0.09826495791301348
R4,1459,0.12130541774650137,0.018309747088384495,0.12130541774650137
R4,1460,0.1665902704373551,0.01481855281580308,0.1665902704373551
R4,1461,0.13212020243394793,0.013576455784011069,0.13212020243394793
R4,1462,0.12702533032666422,0.013823683204474935,0.12702533032666422
R4,1463,0.1667124019754073,0.01711727425467777,0.1667124019754073
R4,1464,0.13758598300499245,0.0146369396198298,0.13758598300499245
R4,1465,0.14519721443540157,0.014668249619446364,0.14519721443540157
R4,1466,0.12431618569730789,0.01935814929115246,0.12431618569730789
R4,1467,0.14499733937784054,0.025803360846321493,0.14499733937784054
R4,1468,0.12165041000374446,0.017602849152154765,0.12165041000374446
R4,1469,0.10426473282955953,0.016707910757728265,0.10426473282955953
R4,1470,0.10782949418663756,0.009243698120107797,0.10782949418663756
R4,1471,0.12235087510520554,0.017042275531934565,0.12235087510520554
R4,1472,0.1533996471950526,0.014907480082004251,0.1533996471950526
R4,1473,0.12359807992971428,0.011198577130821011,0.12359807992971428
R4,1474,0.13304622989593348,0.019902483302645498,0.13304622989593348
R4,1475,0.12730745210536623,0.014326235287388417,0.12730745210536623
R4,1476,0.12657915333195943,0.027557221664733594,0.12657915333195943
R4,1477,0.1752193338352936,0.01459696900472544,0.1752193338352936
R4,1478,0.1533718486691987,0.013373352099939699,0.1533718486691987
R4,1479,0.12249481492638777,0.015019061387320558,0.12249481492638777
R4,1480,0.1438925530515322,0.016396096121210353,0.1438925530515322
R4,1481,0.13643139786567263,0.020388100157417568,0.13643139786567263
R4,1482,0.13395285970785628,0.015547978457570558,0.13395285970785628
R4,1483,0.13287180293749246,0.01618148216865486,0.13287180293749246
R4,1484,0.13387591512477576,0.01597804628827526,0.13387591512477576
R4,1485,0.09662160952872338,0.012492795349887358,0.09662160952872338
R4,1486,0.15725747202154994,0.014127570791343153,0.15725747202154994
R4,1487,0.15043259888742672,0.023073942678452707,0.15043259888742672
R4,1488,0.14380777770232456,0.012994592635306295,0.14380777770232456
R4,1489,0.15009479923865668,0.018204767609024657,0.15009479923865668
R4,1490,0.14607380110765456,0.019976893861608256,0.14607380110765456
R4,1491,0.16327257065263023,0.018249802411208257,0.16327257065263023
R4,1492,0.15637841194756083,0.030100697209362152,0.15637841194756083
R4,1493,0.1297556264793353,0.015661057163292687,0.1297556264793353
R4,1494,0.13547934882031307,0.014651928448028557,0.13547934882031307
R4,1495,0.14022368404715085,0.014602153424395388,0.14022368404715085
R4,1496,0.12720151749445557,0.016209282729538907,0.12720151749445557
R4,1497,0.1370819691554409,0.014506563222367158,0.1370819691554409
R4,1498,0.15984509760374582,0.015884670187455336,0.15984509760374582
R4,1499,0.14568342667762588,0.020909787606391072,0.14568342667762588
R4,1500,0.15106606687042426,0.014497632824374005,0.15106606687042426
R4,1501,0.1597382710898643,0.013939727146079663,0.1597382710898643
R4,1502,0.13394155771543886,0.023977935468370636,0.13394155771543886
R4,1503,0.11740407766332689,0.01793536510580036,0.11740407766332689
R4,1504,0.12436968800549174,0.016114481432631136,0.12436968800549174
R4,1505,0.11521620272880993,0.008482584562898285,0.11521620272880993
R4,1506,0.10908192644206774,0.014802478173199733,0.10908192644206774
R4,1507,0.14829309475228125,0.017052846009098295,0.14829309475228125
R4,1508,0.16011418034553443,0.015528404627434862,0.16011418034553443
R4,1509,0.1461538019511258,0.01598606455090172,0.1461538019511258
R4,1510,0.1451794281249768,0.02425013602876708,0.1451794281249768
R4,1511,0.1464754552305943,0.020842621614868564,0.1464754552305943
R4,1512,0.13885913736126246,0.020143332859326825,0.13885913736126246
R4,1513,0.1506037159514626,0.012381213115089466,0.1506037159514626
R4,1514,0.11526747940247427,0.01450410500295036,0.11526747940247427
R4,1515,0.1492841958386973,0.012700661050830597,0.1492841958386973
R4,1516,0.13850760525052216,0.017220299994178533,0.13850760525052216
R4,1517,0.16127756249145658,0.012948218615880806,0.16127756249145658
R4,1518,0.12616526279947995,0.028374987241401764,0.12616526279947995
R4,1519,0.11372748426907817,0.013364110430140902,0.11372748426907817
R4,1520,0.09658319749851348,0.015494491289330075,0.09658319749851348
R4,1521,0.1619599801251032,0.022005275105676146,0.1619599801251032
R4,1522,0.12131259110297113,0.01519138080227776,0.12131259110297113
R4,1523,0.15221528664264494,0.01740884374528744,0.15221528664264494
R4,1524,0.13575134486407986,0.02022161029953659,0.13575134486407986
R4,1525,0.18928148754776428,0.019081140671309428,0.18928148754776428
R4,1526,0.15634767544602363,0.02217920288019718,0.15634767544602363
R4,1527,0.11713899038967945,0.016150656318649786,0.11713899038967945
R4,1528,0.10968808817900008,0.01339372688014352,0.10968808817900008
R4,1529,0.12344534359180934,0.019262008122673827,0.12344534359180934
R4,1530,0.15344473579197418,0.016070804176318128,0.15344473579197418
R4,1531,0.12564132663012098,0.010464428236675458,0.12564132663012098
R4,1532,0.11904063854874802,0.014929115405425887,0.11904063854874802
R4,1533,0.10192667851937556,0.00887866334662788,0.10192667851937556
R4,1534,0.1028475255589729,0.00920694118267017,0.1028475255589729
R4,1535,0.15609443415954496,0.020478970346834036,0.15609443415954496
R4,1536,0.1236987407613751,0.015315125207819826,0.1236987407613751
R4,1537,0.1510671116656239,0.014919557338573223,0.1510671116656239
R4,1538,0.1045984313937014,0.01358284605677208,0.1045984313937014
R4,1539,0.1200605938987536,0.01528565011866007,0.1200605938987536
R4,1540,0.10796214736802213,0.013887665750584,0.10796214736802213
R4,1541,0.10186962110191299,0.011002499359289533,0.10186962110191299
R4,1542,0.16757583385579203,0.017871217048974618,0.16757583385579203
R4,1543,0.14380129550453918,0.015900867862519454,0.14380129550453918
R4,1544,0.12977533248606596,0.013155119252128838,0.12977533248606596
R4,1545,0.13346790512750956,0.014101696897081168,0.13346790512750956
R4,1546,0.12922298597788054,0.013006611527048899,0.12922298597788054
R4,1547,0.14488522450028127,0.01169979421413035,0.14488522450028127
R4,1548,0.12623333477899973,0.01252119519449307,0.12623333477899973
R4,1549,0.14410807040979345,0.012618220678360973,0.14410807040979345
R4,1550,0.1063880904638065,0.020020836842941866,0.1063880904638065
R4,1551,0.13496385297099514,0.014753631984441613,0.13496385297099514
R4,1552,0.1495894189623621,0.015508396033957518,0.1495894189623621
R4,1553,0.12613988961370615,0.013949387217151452,0.12613988961370615
R4,1554,0.13109546394455787,0.016097341528509553,0.13109546394455787
R4,1555,0.12487773115486252,0.014310344537930434,0.12487773115486252
R4,1556,0.15279163109447758,0.016667391079083094,0.15279163109447758
R4,1557,0.12242162121097076,0.017296375417482805,0.12242162121097076
R4,1558,0.13058018026605328,0.013494425212403854,0.13058018026605328
R4,1559,0.10147799678398978,0.010643408155374949,0.10147799678398978
R4,1560,0.14442836867714304,0.019841752424391356,0.14442836867714304
R4,1561,0.1796329216640138,0.02423719319024048,0.1796329216640138
R4,1562,0.13763271474130911,0.017912968700868774,0.13763271474130911
R4,1563,0.10724653577927241,0.01666490617501683,0.10724653577927241
R4,1564,0.11238904618509553,0.010412928146866774,0.11238904618509553
R4,1565,0.13438897938160568,0.028119156012829907,0.13438897938160568
R4,1566,0.16850166465141062,0.015305397830899603,0.16850166465141062
R4,1567,0.1188953390875695,0.011648711888769238,0.1188953390875695
R4,1568,0.1618040041009053,0.017087489436906116,0.1618040041009053
R4,1569,0.1408387859635896,0.01618854341671568,0.1408387859635896
R4,1570,0.11765108023347115,0.013295307354269413,0.11765108023347115
R4,1571,0.13862938866555702,0.01599856655557452,0.13862938866555702
R4,1572,0.12560057650360235,0.0172658415142842,0.12560057650360235
R4,1573,0.12304075300972059,0.014034908005193632,0.12304075300972059
R4,1574,0.1441738870281421,0.020136791665646987,0.1441738870281421
R4,1575,0.13346834411081365,0.02091764133642422,0.13346834411081365
R4,1576,0.10990580521225173,0.009843199578466454,0.10990580521225173
R4,1577,0.12039470593339176,0.018966757946283417,0.12039470593339176
R4,1578,0.11135894231958327,0.014421979660124833,0.11135894231958327
R4,1579,0.1402279310919631,0.012095195918532253,0.1402279310919631
R4,1580,0.14949252391108966,0.016117319509462567,0.14949252391108966
R4,1581,0.12039380799053996,0.01223141746927703,0.12039380799053996
R4,1582,0.1328365914493211,0.022028825614241774,0.1328365914493211
R4,1583,0.13005077965478026,0.010302220331722572,0.13005077965478026
R4,1584,0.13169826967178982,0.019294781500423522,0.13169826967178982
R4,1585,0.1467044360958429,0.017029336124318062,0.1467044360958429
R4,1586,0.17376445036080013,0.01931052226684105,0.17376445036080013
R4,1587,0.14766250076995954,0.022757748579643095,0.14766250076995954
R4,1588,0.11230863805003906,0.01511796343956791,0.11230863805003906
R4,1589,0.13980260717023946,0.020435402794393494,0.13980260717023946
R4,1590,0.13164824500846709,0.023089474728433604,0.13164824500846709
R4,1591,0.12647284440542075,0.015054702804844462,0.12647284440542075
R4,1592,0.11462355289997748,0.012692399477159617,0.11462355289997748
R4,1593,0.12264172143548457,0.016146456344458278,0.12264172143548457
R4,1594,0.14461400431944033,0.011425236083432582,0.14461400431944033
R4,1595,0.15417659780649148,0.016765598081286744,0.15417659780649148
R4,1596,0.17405818284524638,0.020377932637914025,0.17405818284524638
R4,1597,0.15319231348169227,0.017578061193204816,0.15319231348169227
R4,1598,0.11972609083079722,0.024143190426644645,0.11972609083079722
R4,1599,0.15629575840876064,0.018091637651190803,0.15629575840876064
R4,1600,0.09203452409048539,0.015622704090973409,0.09203452409048539
R4,1601,0.16729530672995072,0.014547667530458068,0.16729530672995072
R4,1602,0.09678999660546264,0.020998685120965182,0.09678999660546264
R4,1603,0.12492859201158481,0.010497394878779093,0.12492859201158481
R4,1604,0.1234574961253871,0.01964396945837528,0.1234574961253871
R4,1605,0.1434654045544848,0.015736906325990407,0.1434654045544848
R4,1606,0.13932506103946518,0.021745744448713075,0.13932506103946518
R4,1607,0.1170129707222632,0.016211980405414193,0.1170129707222632
R4,1608,0.1002115346217204,0.00985438756234097,0.1002115346217204
R4,1609,0.1593726701429335,0.014153400991446189,0.1593726701429335
R4,1610,0.1139710058581995,0.014143534116673722,0.1139710058581995
R4,1611,0.13440354588680378,0.011515288833403246,0.13440354588680378
R4,1612,0.1522600976205377,0.013850721136198778,0.1522600976205377
R4,1613,0.1323691646446694,0.019831572370721775,0.1323691646446694
R4,1614,0.12043291643204143,0.01662214948150426,0.12043291643204143
R4,1615,0.10787773619615544,0.01916634736129982,0.10787773619615544
R4,1616,0.1205937952136653,0.012777455813014866,0.1205937952136653
R4,1617,0.09402415129556167,0.012932497592546124,0.09402415129556167
R4,1618,0.12700995285581929,0.022922631415161383,0.12700995285581929
R4,1619,0.15899439462767498,0.016108968685593205,0.15899439462767498
R4,1620,0.11628716170541224,0.014290121380016672,0.11628716170541224
R4,1621,0.16564309133665986,0.02236869790140696,0.16564309133665986
R4,1622,0.16951039875429164,0.025108921299533595,0.16951039875429164
R4,1623,0.10634884638353363,0.01161336589381647,0.10634884638353363
R4,1624,0.12083319374237074,0.018062014415491136,0.12083319374237074
R4,1625,0.17237704953609032,0.018157068380685794,0.17237704953609032
R4,1626,0.11876227388751263,0.013747829751187397,0.11876227388751263
R4,1627,0.12446370293182488,0.012063994947931943,0.12446370293182488
R4,1628,0.1152658669958505,0.02456544618692388,0.1152658669958505
R4,1629,0.1352770305940033,0.015522633719201467,0.1352770305940033
R4,1630,0.12868922795826374,0.020503630842036914,0.12868922795826374
R4,1631,0.12304892183474982,0.014667115771610516,0.12304892183474982
R4,1632,0.12569202237044177,0.012274720083776945,0.12569202237044177
R4,1633,0.1107733587141439,0.015978248535620784,0.1107733587141439
R4,1634,0.12508689180052207,0.015197010005471828,0.12508689180052207
R4,1635,0.12127500245621366,0.01363451463510322,0.12127500245621366
R4,1636,0.14135108065113575,0.01712554766444645,0.14135108065113575
R4,1637,0.1425377172852576,0.020337372019959693,0.1425377172852576
R4,1638,0.121390926581131,0.01576339823952589,0.121390926581131
R4,1639,0.1841858223815523,0.023656199282498017,0.1841858223815523
R4,1640,0.13345127762159753,0.018676747263356712,0.13345127762159753
R4,1641,0.13104740119775293,0.017300170558642525,0.13104740119775293
R4,1642,0.1152238672095266,0.011499361047866988,0.1152238672095266
R4,1643,0.1407800233651464,0.020035584130624565,0.1407800233651464
R4,1644,0.15763177376070656,0.029861370838585737,0.15763177376070656
R4,1645,0.10714081694017574,0.026596881566056912,0.10714081694017574
R4,1646,0.12926908507820215,0.021528066539520718,0.12926908507820215
R4,1647,0.11739168294721518,0.02148883019157816,0.11739168294721518
R4,1648,0.14326733191745195,0.020402209734597467,0.14326733191745195
R4,1649,0.14554216955535546,0.013107608993880497,0.14554216955535546
R4,1650,0.11829559857324773,0.01619313251451999,0.11829559857324773
R4,1651,0.13711044267208905,0.015751584263639408,0.13711044267208905
R4,1652,0.13404476433278648,0.013742516560621946,0.13404476433278648
R4,1653,0.13592573493858542,0.014868397736937947,0.13592573493858542
R4,1654,0.12345627890674399,0.020770087834032263,0.12345627890674399
R4,1655,0.14561768821496382,0.012436761032848258,0.14561768821496382
R4,1656,0.12776313472744558,0.01895573818359512,0.12776313472744558
R4,1657,0.14124674997435813,0.014041863074117285,0.14124674997435813
R4,1658,0.11656352754875048,0.01431370201857082,0.11656352754875048
R4,1659,0.12043556094227509,0.01670451089440865,0.12043556094227509
R4,1660,0.16148175546176877,0.018159166337689367,0.16148175546176877
R4,1661,0.14500534330906525,0.02101903161807186,0.14500534330906525
R4,1662,0.12268468713554467,0.012814858154020876,0.12268468713554467
R4,1663,0.12854407078000707,0.011656044241000245,0.12854407078000707
R4,1664,0.14808496179176037,0.024565792918608553,0.14808496179176037
R4,1665,0.14039760612379285,0.014606947949618882,0.14039760612379285
R4,1666,0.12081726666244848,0.011161239651831642,0.12081726666244848
R4,1667,0.12777040107776477,0.015744098023123237,0.12777040107776477
R4,1668,0.13114597729822353,0.013631096960357426,0.13114597729822353
R4,1669,0.0970298159647069,0.014496270946420527,0.0970298159647069
R4,1670,0.13009840979001577,0.017595812775891582,0.13009840979001577
R4,1671,0.13999352964094489,0.012870611307937263,0.13999352964094489
R4,1672,0.13793644923462103,0.01312135840919798,0.13793644923462103
R4,1673,0.11514754823832278,0.015699298137033506,0.11514754823832278
R4,1674,0.1306438257194228,0.014140284872628762,0.1306438257194228
R4,1675,0.11420557142898316,0.017470573405618594,0.11420557142898316
R4,1676,0.10918951650691953,0.013176477007793067,0.10918951650691953
R4,1677,0.11135128204944313,0.01481062584317585,0.11135128204944313
R4,1678,0.12440420631963163,0.016800254839864043,0.12440420631963163
R4,1679,0.11180882351891612,0.01569490986692708,0.11180882351891612
R4,1680,0.12955993837387705,0.013502124279609048,0.12955993837387705
R4,1681,0.1564839533259059,0.019835704157915184,0.1564839533259059
R4,1682,0.1326638989151548,0.011995707943590155,0.1326638989151548
R4,1683,0.1143983784945949,0.012977909984634032,0.1143983784945949
R4,1684,0.17334030713163934,0.016477868964469178,0.17334030713163934
R4,1685,0.1494511572862734,0.018515940255973754,0.1494511572862734
R4,1686,0.12865202446576826,0.01325635294466467,0.12865202446576826
R4,1687,0.1289090478954889,0.015760169587761153,0.1289090478954889
R4,1688,0.13573399487781898,0.012313707331908987,0.13573399487781898
R4,1689,0.13582042323908186,0.017240954402806617,0.13582042323908186
R4,1690,0.11371982403088374,0.011241957743325636,0.11371982403088374
R4,1691,0.11392546218268201,0.009114345661821349,0.11392546218268201
R4,1692,0.09894820856630089,0.019401522735880115,0.09894820856630089
R4,1693,0.17120920645191454,0.022989105848974758,0.17120920645191454
R4,1694,0.11172023741248785,0.012322531302642265,0.11172023741248785
R4,1695,0.11702191201965069,0.015106284498950236,0.11702191201965069
R4,1696,0.11815401042789345,0.01607387050163686,0.11815401042789345
R4,1697,0.14068207492452522,0.015039048677413054,0.14068207492452522
R4,1698,0.1307244217562776,0.008848190323333454,0.1307244217562776
R4,1699,0.12275709912954137,0.013835439229749266,0.12275709912954137
R4,1700,0.13097252823084107,0.016373946980045975,0.13097252823084107
R4,1701,0.12774288957282218,0.011013707379155763,0.12774288957282218
R4,1702,0.13699538619580984,0.01742439341966864,0.13699538619580984
R4,1703,0.11494218329703174,0.012456054307086996,0.11494218329703174
R4,1704,0.19044748209240456,0.025786076163716153,0.19044748209240456
R4,1705,0.10664678044909004,0.013888630644353243,0.10664678044909004
R4,1706,0.10696601390150315,0.013892703877799537,0.10696601390150315
R4,1707,0.1318461236333419,0.011387104464760569,0.1318461236333419
R4,1708,0.16666461488130732,0.03067962893729751,0.16666461488130732
R4,1709,0.1308995961151336,0.014572148315749175,0.1308995961151336
R4,1710,0.15174931991104684,0.013567268226441383,0.15174931991104684
R4,1711,0.11812091158797992,0.014928922392804064,0.11812091158797992
R4,1712,0.10776877993126502,0.012673392260369084,0.10776877993126502
R4,1713,0.11740793668860898,0.014588320364313541,0.11740793668860898
R4,1714,0.10233505010386859,0.013017305694426788,0.10233505010386859
R4,1715,0.1166517642026519,0.01379072464746065,0.1166517642026519
R4,1716,0.1424007087726104,0.014615912226102215,0.1424007087726104
R4,1717,0.20332746209689648,0.022828302530951864,0.20332746209689648
R4,1718,0.1278436591628543,0.013743695411952767,0.1278436591628543
R4,1719,0.14025183825429052,0.013691986023783832,0.14025183825429052
R4,1720,0.13119936313299113,0.013753080400955913,0.13119936313299113
R4,1721,0.12984704664431826,0.017940383010225307,0.12984704664431826
R4,1722,0.12387147114432305,0.015173045695076081,0.12387147114432305
R4,1723,0.21971849776524324,0.029031469230751495,0.21971849776524324
R4,1724,0.11693662402256949,0.01181127090424696,0.11693662402256949
R4,1725,0.1307445411457594,0.01873046482870108,0.1307445411457594
R4,1726,0.17330225759524467,0.016712235841878045,0.17330225759524467
R4,1727,0.10392161306469654,0.013716296006239343,0.10392161306469654
R4,1728,0.12867171435140975,0.01570150610557522,0.12867171435140975
R4,1729,0.09825502286725869,0.009211164744437226,0.09825502286725869
R4,1730,0.10861528418130115,0.013593522973564155,0.10861528418130115
R4,1731,0.12022270033811285,0.012725914145249173,0.12022270033811285
R4,1732,0.12645791115936833,0.013528355672640515,0.12645791115936833
R4,1733,0.1530941635214511,0.018503738950960587,0.1530941635214511
R4,1734,0.11462473357719816,0.026335278767600875,0.11462473357719816
R4,1735,0.10932006909808833,0.016297594532552237,0.10932006909808833
R4,1736,0.16308359505131917,0.01813225285484675,0.16308359505131917
R4,1737,0.1526872296938682,0.02376600176217107,0.1526872296938682
R4,1738,0.13993509081013275,0.017098664154881253,0.13993509081013275
R4,1739,0.12067510403622746,0.014233269744573458,0.12067510403622746
R4,1740,0.15927456604072057,0.014465079355942156,0.15927456604072057
R4,1741,0.1643773824096849,0.015209137757048338,0.1643773824096849
R4,1742,0.128687687805521,0.01485602434322845,0.128687687805521
R4,1743,0.11487371899405523,0.012975548059511871,0.11487371899405523
R4,1744,0.18065643813925106,0.01932865872317805,0.18065643813925106
R4,1745,0.14182663899090114,0.01691959536933909,0.14182663899090114
R4,1746,0.1262648102350315,0.021350882817907143,0.1262648102350315
R4,1747,0.11336668304300974,0.013251641702376913,0.11336668304300974
R4,1748,0.13378270730193353,0.01243065554767834,0.13378270730193353
R4,1749,0.11360850336670049,0.01393089315182575,0.11360850336670049
R4,1750,0.15635791327298937,0.016138325954485423,0.15635791327298937
R4,1751,0.12501787484585983,0.013640271577401934,0.12501787484585983
R4,1752,0.16000874212844055,0.018391075856126055,0.16000874212844055
R4,1753,0.15629474864285395,0.022880918606905973,0.15629474864285395
R4,1754,0.1606284467469242,0.01486905248809298,0.1606284467469242
R4,1755,0.12943577526767208,0.014984140617137386,0.12943577526767208
R4,1756,0.15052023975584167,0.018880878983744794,0.15052023975584167
R4,1757,0.12084658690484984,0.012246555566870886,0.12084658690484984
R4,1758,0.13888404806864224,0.015497076033133472,0.13888404806864224
R4,1759,0.114405566956041,0.013953740104241885,0.114405566956041
R4,1760,0.14235750575511513,0.015039286017692001,0.14235750575511513
R4,1761,0.16242655444486234,0.016663055875125826,0.16242655444486234
R4,1762,0.12255042684431178,0.015258872971458722,0.12255042684431178
R4,1763,0.1213764487905628,0.016212226178507917,0.1213764487905628
R4,1764,0.10791572531094447,0.012849769437965064,0.10791572531094447
R4,1765,0.14910986271055487,0.014827358680163511,0.14910986271055487
R4,1766,0.11000763989248052,0.01067055127055789,0.11000763989248052
R4,1767,0.12390994925480663,0.013178491460345283,0.12390994925480663
R4,1768,0.13806885406441463,0.01958005965617871,0.13806885406441463
R4,1769,0.12310848233247383,0.021197169762168712,0.12310848233247383
R4,1770,0.1265001891331007,0.011918260837397757,0.1265001891331007
R4,1771,0.13340370905304358,0.011248163327321675,0.13340370905304358
R4,1772,0.11441482768270783,0.018196762755509587,0.11441482768270783
R4,1773,0.15477431954013846,0.0180904897442065,0.15477431954013846
R4,1774,0.1661126590183622,0.015829977609736652,0.1661126590183622
R4,1775,0.17235858684941519,0.020267386195661728,0.17235858684941519
R4,1776,0.11262495570058763,0.009496077942477468,0.11262495570058763
R4,1777,0.1475766015855453,0.01193483833714805,0.1475766015855453
R4,1778,0.11942912075133684,0.012682077300934248,0.11942912075133684
R4,1779,0.12605753275810652,0.02469670972432152,0.12605753275810652
R4,1780,0.16078199909930616,0.02295617153037079,0.16078199909930616
R4,1781,0.13885751543934116,0.01208866872334936,0.13885751543934116
R4,1782,0.12745888654008855,0.013550818614474242,0.12745888654008855
R4,1783,0.13176252397512958,0.020384747179666245,0.13176252397512958
R4,1784,0.1402905075433821,0.011563082348365878,0.1402905075433821
R4,1785,0.11381206380466567,0.013342321620327034,0.11381206380466567
R4,1786,0.11578547022968314,0.01754108837956525,0.11578547022968314
R4,1787,0.10172015416000063,0.010164606621844945,0.10172015416000063
R4,1788,0.13004309661172564,0.013663957673725625,0.13004309661172564
R4,1789,0.11962755224426737,0.014332442120313578,0.11962755224426737
R4,1790,0.16688327871302566,0.018515368521326358,0.16688327871302566
R4,1791,0.14931925325673798,0.01847465169184839,0.14931925325673798
R4,1792,0.10948966517774203,0.015970143554223413,0.10948966517774203
R4,1793,0.1409204190612042,0.011443113230559878,0.1409204190612042
R4,1794,0.1271094649954781,0.014981864783329937,0.1271094649954781
R4,1795,0.14091333865887573,0.018636560761068042,0.14091333865887573
R4,1796,0.16533260238008307,0.022458074248566606,0.16533260238008307
R4,1797,0.11711494312099342,0.014246633654352175,0.11711494312099342
R4,1798,0.14537247245802348,0.02004120814401241,0.14537247245802348
R4,1799,0.12270420447037103,0.01758607829634232,0.12270420447037103
R4,1800,0.13802033071554545,0.015155126386899287,0.13802033071554545
R4,1801,0.11201185332279563,0.012555212417607313,0.11201185332279563
R4,1802,0.11946799520995662,0.01622018308951896,0.11946799520995662
R4,1803,0.14984864113024804,0.01750194998580801,0.14984864113024804
R4,1804,0.12596862815900242,0.0104100955058682,0.12596862815900242
R4,1805,0.12210555478641713,0.020221570148185854,0.12210555478641713
R4,1806,0.13623792696751905,0.013810636748847608,0.13623792696751905
R4,1807,0.13693188962818467,0.015557427353261825,0.13693188962818467
R4,1808,0.10335795192631678,0.011221061024674413,0.10335795192631678
R4,1809,0.11661690192175105,0.012301140016310703,0.11661690192175105
R4,1810,0.1025391341451407,0.014084570099078108,0.1025391341451407
R4,1811,0.12950932892318423,0.019708085625836085,0.12950932892318423
R4,1812,0.11789455672424924,0.013384056311720367,0.11789455672424924
R4,1813,0.12123258707318993,0.01159776885689422,0.12123258707318993
R4,1814,0.16183560188128954,0.025329869018566483,0.16183560188128954
R4,1815,0.13473341477280537,0.014949278738181793,0.13473341477280537
R4,1816,0.11625393156560475,0.016752909047196233,0.11625393156560475
R4,1817,0.15468848157169146,0.014646159144355,0.15468848157169146
R4,1818,0.13108373053936198,0.010593028403819364,0.13108373053936198
R4,1819,0.15055427615977182,0.015002065647339195,0.15055427615977182
R4,1820,0.1680438468349627,0.011018992646341553,0.1680438468349627
R4,1821,0.1434226373252314,0.013358117248032635,0.1434226373252314
R4,1822,0.11695902041800203,0.011769955297203273,0.11695902041800203
R4,1823,0.18020708084948198,0.025369575191252224,0.18020708084948198
R4,1824,0.13145363233360413,0.016681500347190348,0.13145363233360413
R4,1825,0.13830320402221993,0.01217599971780241,0.13830320402221993
R4,1826,0.12155737917712141,0.011767250630368521,0.12155737917712141
R4,1827,0.1341086047968191,0.014997260224427022,0.1341086047968191
R4,1828,0.12318596911466623,0.012500155029296394,0.12318596911466623
R4,1829,0.12370369083566424,0.013381694857015467,0.12370369083566424
R4,1830,0.11977568350847155,0.013147657490362879,0.11977568350847155
R4,1831,0.12660092602371412,0.011866275704293636,0.12660092602371412
R4,1832,0.13533045939342533,0.01400424361846422,0.13533045939342533
R4,1833,0.15405485473231273,0.024065808479712444,0.15405485473231273
R4,1834,0.11923854007463887,0.011853667863818716,0.11923854007463887
R4,1835,0.20219165475349077,0.023283203112344737,0.20219165475349077
R4,1836,0.1144699091833614,0.014983880275056071,0.1144699091833614
R4,1837,0.13834473224367716,0.018272273346757156,0.13834473224367716
R4,1838,0.1639919496208229,0.016663423752390535,0.1639919496208229
R4,1839,0.14924034216102935,0.016199192540463044,0.14924034216102935
R4,1840,0.14112978210161786,0.018355658838442788,0.14112978210161786
R4,1841,0.1417719566300775,0.01692246836701952,0.1417719566300775
R4,1842,0.12608774404717213,0.010972309986126867,0.12608774404717213
R4,1843,0.12362274507325094,0.013222625843854,0.12362274507325094
R4,1844,0.1358430457857754,0.01447485145131084,0.1358430457857754
R4,1845,0.13071185391073445,0.01909472263289599,0.13071185391073445
R4,1846,0.12353780172352519,0.01676097588023944,0.12353780172352519
R4,1847,0.11875344292667253,0.01701735979378252,0.11875344292667253
R4,1848,0.15307618503160988,0.019357683488498287,0.15307618503160988
R4,1849,0.11846242759051102,0.015420624930569773,0.11846242759051102
R4,1850,0.1122284657441547,0.010566215630532139,0.1122284657441547
R4,1851,0.2221840103824844,0.03741019194801293,0.2221840103824844
R4,1852,0.1422975405227444,0.01605343870197096,0.1422975405227444
R4,1853,0.095964925990977,0.016612138625289888,0.095964925990977
R4,1854,0.16364152108732943,0.019598405677309794,0.16364152108732943
R4,1855,0.1527720804213542,0.009798151576050186,0.1527720804213542
R4,1856,0.14655723643046936,0.014216395886899448,0.14655723643046936
R4,1857,0.15513190612914612,0.014100578457387675,0.15513190612914612
R4,1858,0.12512176395620386,0.01778907639810838,0.12512176395620386
R4,1859,0.14055105422405736,0.013103580635804022,0.14055105422405736
R4,1860,0.10548904377088406,0.014143427883899754,0.10548904377088406
R4,1861,0.15660390274107092,0.020001224301513982,0.15660390274107092
R4,1862,0.15057068182219968,0.0126350934316324,0.15057068182219968
R4,1863,0.09575525679885112,0.009407249830310068,0.09575525679885112
R4,1864,0.15767862548104059,0.03148796497448344,0.15767862548104059
R4,1865,0.1368058276485413,0.014741652665922273,0.1368058276485413
R4,1866,0.1435826575923368,0.019021140273847846,0.1435826575923368
R4,1867,0.11023007554814591,0.011908529094790338,0.11023007554814591
R4,1868,0.13061218871651398,0.015054039693693297,0.13061218871651398
R4,1869,0.14818623571248635,0.017062899737020243,0.14818623571248635
R4,1870,0.1220868785934559,0.012784059583809229,0.1220868785934559
R4,1871,0.12141525665105751,0.01609474508498407,0.12141525665105751
R4,1872,0.13131628854522345,0.015532693207609872,0.13131628854522345
R4,1873,0.1327841064944095,0.017466244329964097,0.1327841064944095
R4,1874,0.10360675416269378,0.011542922587833621,0.10360675416269378
R4,1875,0.13515989200712256,0.013356893531094541,0.13515989200712256
R4,1876,0.12942086628632465,0.013797203367677393,0.12942086628632465
R4,1877,0.14898731328793874,0.021183993088517514,0.14898731328793874
R4,1878,0.12689231891285707,0.015585104066633701,0.12689231891285707
R4,1879,0.13759790626531387,0.010694032993630665,0.13759790626531387
R4,1880,0.19249876759802048,0.026356293107582876,0.19249876759802048
R4,1881,0.10910651431230427,0.01018035380044996,0.10910651431230427
R4,1882,0.16077689417180635,0.015261118989473087,0.16077689417180635
R4,1883,0.11582285825860084,0.012746291941770087,0.11582285825860084
R4,1884,0.14894383199557587,0.014842174586469243,0.14894383199557587
R4,1885,0.11186201558226185,0.012097313079529454,0.11186201558226185
R4,1886,0.12623641237476238,0.014018551935094948,0.12623641237476238
R4,1887,0.11980062913138022,0.013103311291010757,0.11980062913138022
R4,1888,0.1147013405875368,0.0148511194025627,0.1147013405875368
R4,1889,0.1445079639875386,0.01984513298212721,0.1445079639875386
R4,1890,0.13081635261057661,0.011724135485946151,0.13081635261057661
R4,1891,0.1677205423311897,0.012794257810714547,0.1677205423311897
R4,1892,0.11435689241691147,0.015531038222940542,0.11435689241691147
R4,1893,0.12534975522089814,0.017251257569806184,0.12534975522089814
R4,1894,0.11799467913821068,0.01565753274928393,0.11799467913821068
R4,1895,0.11549086286434251,0.016456637780947022,0.11549086286434251
R4,1896,0.12608902909988515,0.011137331519292906,0.12608902909988515
R4,1897,0.11513306436942787,0.01332562658371189,0.11513306436942787
R4,1898,0.11202883649005473,0.01224313343631836,0.11202883649005473
R4,1899,0.125713580726542,0.025242023620056953,0.125713580726542
R4,1900,0.13163809167032714,0.017808723230196267,0.13163809167032714
R4,1901,0.16054669488247758,0.011922586339189451,0.16054669488247758
R4,1902,0.13503239847601942,0.017447166201507512,0.13503239847601942
R4,1903,0.16610882907732372,0.015593751765924155,0.16610882907732372
R4,1904,0.13086257662349512,0.020088655888647864,0.13086257662349512
R4,1905,0.143502291141449,0.020985039194278778,0.143502291141449
R4,1906,0.11652137671723224,0.014955638829285679,0.11652137671723224
R4,1907,0.12930523682602438,0.015455815549101826,0.12930523682602438
R4,1908,0.13794340764076918,0.017532394645954217,0.13794340764076918
R4,1909,0.16438130203298246,0.020275818634500904,0.16438130203298246
R4,1910,0.16773956829061032,0.01814465202062991,0.16773956829061032
R4,1911,0.14319458556695552,0.01437232453154825,0.14319458556695552
R4,1912,0.09855895163776503,0.019744537285790332,0.09855895163776503
R4,1913,0.12037341555047185,0.014028978165172127,0.12037341555047185
R4,1914,0.15161018815929528,0.016274183587029627,0.15161018815929528
R4,1915,0.1123773184191689,0.011205662736591269,0.1123773184191689
R4,1916,0.1114618001807981,0.01362327134670905,0.1114618001807981
R4,1917,0.13786873007847325,0.015455161139119943,0.13786873007847325
R4,1918,0.10119201627358503,0.012609805280601806,0.10119201627358503
R4,1919,0.12495499038011133,0.022534887528805364,0.12495499038011133
R4,1920,0.15743661416381638,0.015006054962399968,0.15743661416381638
R4,1921,0.11130028663237651,0.013107114869324397,0.11130028663237651
R4,1922,0.13455611281829133,0.0131838004176528,0.13455611281829133
R4,1923,0.1023531347802394,0.012308148833211397,0.1023531347802394
R4,1924,0.12849313040395452,0.013354198641396139,0.12849313040395452
R4,1925,0.15698163580174926,0.01256651609411945,0.15698163580174926
R4,1926,0.15305238247124367,0.019185270979626735,0.15305238247124367
R4,1927,0.1504472418393738,0.013120865420017828,0.1504472418393738
R4,1928,0.11723846979221099,0.016053544989071807,0.11723846979221099
R4,1929,0.10881690935266702,0.02025105962536032,0.10881690935266702
R4,1930,0.12207960609556433,0.014873999721021594,0.12207960609556433
R4,1931,0.14176400847976844,0.016372634527272556,0.14176400847976844
R4,1932,0.15119604148587676,0.019158906436224386,0.15119604148587676
R4,1933,0.12367477474930533,0.015343981329574487,0.12367477474930533
R4,1934,0.14758621366089092,0.013929948197778447,0.14758621366089092
R4,1935,0.12206044529353359,0.012802727696937796,0.12206044529353359
R4,1936,0.1321413822722596,0.014656036116499993,0.1321413822722596
R4,1937,0.12785192258195688,0.021266161990194012,0.12785192258195688
R4,1938,0.13314392577419584,0.020330423904679977,0.13314392577419584
R4,1939,0.11564207820126508,0.010919372982325981,0.11564207820126508
R4,1940,0.1623878529669433,0.01606362987934555,0.1623878529669433
R4,1941,0.1276443305383864,0.013899733025393065,0.1276443305383864
R4,1942,0.14105519641125555,0.014495019440039328,0.14105519641125555
R4,1943,0.13840364874849423,0.012532498336728438,0.13840364874849423
R4,1944,0.15073344025380406,0.013497425307826187,0.15073344025380406
R4,1945,0.10970197176709559,0.015693118917207222,0.10970197176709559
R4,1946,0.12948091899831912,0.020119745646221873,0.12948091899831912
R4,1947,0.1517678111098423,0.014591126877655819,0.1517678111098423
R4,1948,0.10364743611097682,0.010098376421217458,0.10364743611097682
R4,1949,0.12648172178956432,0.012540236500482346,0.12648172178956432
R4,1950,0.12760520175445325,0.01643770830276597,0.12760520175445325
R4,1951,0.10508891052913269,0.011457419637328778,0.10508891052913269
R4,1952,0.12646950107793,0.02757094539786995,0.12646950107793
R4,1953,0.12117976363150668,0.011840210950815033,0.12117976363150668
R4,1954,0.10830146492154238,0.015480750274148783,0.10830146492154238
R4,1955,0.13246900086267116,0.011525026706734779,0.13246900086267116
R4,1956,0.12179341693019756,0.013065864349707393,0.12179341693019756
R4,1957,0.12250204872833555,0.019412344240576113,0.12250204872833555
R4,1958,0.15186398802103362,0.018614802737120358,0.15186398802103362
R4,1959,0.12036639037609415,0.015862172875823848,0.12036639037609415
R4,1960,0.13433047731525755,0.014749979738335505,0.13433047731525755
R4,1961,0.11728784025562419,0.01441142979280461,0.11728784025562419
R4,1962,0.11395025369264271,0.015829622628726506,0.11395025369264271
R4,1963,0.1285209895017887,0.023507543932805925,0.1285209895017887
R4,1964,0.12651297368352965,0.01766388003692968,0.12651297368352965
R4,1965,0.14766044581086424,0.02340470852125877,0.14766044581086424
R4,1966,0.10347153882281303,0.015095306678395601,0.10347153882281303
R4,1967,0.14360937929542436,0.016949142049601004,0.14360937929542436
R4,1968,0.14743441248729847,0.01852208020224275,0.14743441248729847
R4,1969,0.11985157364418254,0.011158447079245548,0.11985157364418254
R4,1970,0.1289187120621818,0.01581230471985101,0.1289187120621818
R4,1971,0.1142248378998294,0.01624259794594726,0.1142248378998294
R4,1972,0.15877545616576508,0.01232491881169719,0.15877545616576508
R4,1973,0.11207875615592444,0.014532777540820963,0.11207875615592444
R4,1974,0.11391318659466557,0.023119924878745132,0.11391318659466557
R4,1975,0.13631977493107816,0.017301662492172434,0.13631977493107816
R4,1976,0.14270451344049193,0.012774712192445265,0.14270451344049193
R4,1977,0.11490354401924387,0.019905108970314563,0.11490354401924387
R4,1978,0.15662290222491512,0.014755375945217744,0.15662290222491512
R4,1979,0.19441425965962653,0.01693372765570804,0.19441425965962653
R4,1980,0.16121496506519553,0.023393256480715732,0.16121496506519553
R4,1981,0.13169389092312647,0.026445990648487436,0.13169389092312647
R4,1982,0.14739110540223116,0.023882395717838956,0.14739110540223116
R4,1983,0.12851259357825515,0.015717389970515604,0.12851259357825515
R4,1984,0.12713274198968186,0.015226496284177101,0.12713274198968186
R4,1985,0.11913726137654104,0.016141558791006507,0.11913726137654104
R4,1986,0.147439050823986,0.02154844792485773,0.147439050823986
R4,1987,0.16956559385040107,0.018335868518039488,0.16956559385040107
R4,1988,0.14741010594924436,0.020724817725265767,0.14741010594924436
R4,1989,0.14949561034852313,0.015897111534536386,0.14949561034852313
R4,1990,0.10734044866203221,0.010608122010965882,0.10734044866203221
R4,1991,0.11991660528740522,0.012188273481669724,0.11991660528740522
R4,1992,0.11483522773837361,0.021498475140192513,0.11483522773837361
R4,1993,0.14283730424062166,0.013240674352213063,0.14283730424062166
R4,1994,0.17734869645476947,0.02022173516003622,0.17734869645476947
R4,1995,0.11139146529235203,0.010381993982180492,0.11139146529235203
R4,1996,0.1504344037074741,0.013547488613235596,0.1504344037074741
R4,1997,0.09930862341905165,0.01419482053468564,0.09930862341905165
R4,1998,0.1425636562826185,0.01754621438663583,0.1425636562826185
R4,1999,0.15460014986771728,0.013553823913422499,0.15460014986771728
