iteration,representation,condition,target_linear_p,target_nonlinear_p,target_combined_p,target_linear_significant,target_nonlinear_significant,target_combined_significant,finite,bounded
1,R1,common_pair,0.0005,0.0005,0.0005,True,True,True,True,True
1,R2,common_pair,0.0005,0.0005,0.0005,True,True,True,True,True
1,R3,common_pair,0.0005,0.0005,0.0005,True,True,True,True,True
1,R4,common_pair,0.0005,0.0005,0.0005,True,True,True,True,True
1,R1,direct_linear,0.0005,0.0005,0.0005,True,True,True,True,True
1,R2,direct_linear,0.0005,0.0005,0.0005,True,True,True,True,True
1,R3,direct_linear,0.0005,0.0005,0.0005,True,True,True,True,True
1,R4,direct_linear,0.0005,0.0005,0.0005,True,True,True,True,True
1,R1,global_common,0.0005,0.0005,0.0005,True,True,True,True,True
1,R2,global_common,0.0005,0.0005,0.0005,True,True,True,True,True
1,R3,global_common,0.0005,0.0005,0.0005,True,True,True,True,True
1,R4,global_common,0.0005,0.0005,0.0005,True,True,True,True,True
1,R1,nonlinear_square,1.0,0.0005,1.0,False,True,False,True,True
1,R2,nonlinear_square,0.999,0.003,0.999,False,True,False,True,True
1,R3,nonlinear_square,0.9635,0.0005,0.65,False,True,False,True,True
1,R4,nonlinear_square,0.881,0.0005,0.881,False,True,False,True,True
1,R1,nonlinear_tanh,0.0005,0.0005,0.0005,True,True,True,True,True
1,R2,nonlinear_tanh,0.0005,0.0005,0.0005,True,True,True,True,True
1,R3,nonlinear_tanh,0.0005,0.0005,0.0005,True,True,True,True,True
1,R4,nonlinear_tanh,0.0005,0.0005,0.0005,True,True,True,True,True
1,R1,null,0.709,0.9595,0.709,False,False,False,True,True
1,R2,null,0.9995,0.7105,0.9995,False,False,False,True,True
1,R3,null,1.0,1.0,1.0,False,False,False,True,True
1,R4,null,0.1145,0.312,0.1145,False,False,False,True,True
2,R1,common_pair,0.0005,0.0005,0.0005,True,True,True,True,True
2,R2,common_pair,0.0005,0.0005,0.0005,True,True,True,True,True
2,R3,common_pair,0.0005,0.0005,0.0005,True,True,True,True,True
2,R4,common_pair,0.0005,0.0005,0.0005,True,True,True,True,True
2,R1,direct_linear,0.0005,0.0005,0.0005,True,True,True,True,True
2,R2,direct_linear,0.0005,0.0005,0.0005,True,True,True,True,True
2,R3,direct_linear,0.0005,0.0005,0.0005,True,True,True,True,True
2,R4,direct_linear,0.0005,0.0005,0.0005,True,True,True,True,True
2,R1,global_common,0.0005,0.0005,0.0005,True,True,True,True,True
2,R2,global_common,0.0005,0.0005,0.0005,True,True,True,True,True
2,R3,global_common,0.0005,0.0005,0.0005,True,True,True,True,True
2,R4,global_common,0.0005,0.0005,0.0005,True,True,True,True,True
2,R1,nonlinear_square,1.0,0.0005,1.0,False,True,False,True,True
2,R2,nonlinear_square,1.0,0.0015,1.0,False,True,False,True,True
2,R3,nonlinear_square,1.0,0.0005,0.967,False,True,False,True,True
2,R4,nonlinear_square,0.895,0.0005,0.895,False,True,False,True,True
2,R1,nonlinear_tanh,0.0005,0.0005,0.0005,True,True,True,True,True
2,R2,nonlinear_tanh,0.0005,0.0005,0.0005,True,True,True,True,True
2,R3,nonlinear_tanh,0.0005,0.0005,0.0005,True,True,True,True,True
2,R4,nonlinear_tanh,0.0005,0.0005,0.0005,True,True,True,True,True
2,R1,null,0.9965,0.9995,0.9965,False,False,False,True,True
2,R2,null,0.933,0.971,0.933,False,False,False,True,True
2,R3,null,1.0,0.9945,1.0,False,False,False,True,True
2,R4,null,0.999,1.0,0.999,False,False,False,True,True
3,R1,common_pair,0.0005,0.0005,0.0005,True,True,True,True,True
3,R2,common_pair,0.0005,0.0005,0.0005,True,True,True,True,True
3,R3,common_pair,0.0005,0.0005,0.0005,True,True,True,True,True
3,R4,common_pair,0.0005,0.0005,0.0005,True,True,True,True,True
3,R1,direct_linear,0.0005,0.0005,0.0005,True,True,True,True,True
3,R2,direct_linear,0.0005,0.0005,0.0005,True,True,True,True,True
3,R3,direct_linear,0.0005,0.0005,0.0005,True,True,True,True,True
3,R4,direct_linear,0.0005,0.0005,0.0005,True,True,True,True,True
3,R1,global_common,0.0005,0.0005,0.0005,True,True,True,True,True
3,R2,global_common,0.0005,0.0005,0.0005,True,True,True,True,True
3,R3,global_common,0.0005,0.0005,0.0005,True,True,True,True,True
3,R4,global_common,0.0005,0.0005,0.0005,True,True,True,True,True
3,R1,nonlinear_square,0.173,0.0005,0.173,False,True,False,True,True
3,R2,nonlinear_square,1.0,0.0005,0.9995,False,True,False,True,True
3,R3,nonlinear_square,0.8705,0.0005,0.8705,False,True,False,True,True
3,R4,nonlinear_square,0.2025,0.0005,0.2025,False,True,False,True,True
3,R1,nonlinear_tanh,0.0005,0.0005,0.0005,True,True,True,True,True
3,R2,nonlinear_tanh,0.0005,0.0005,0.0005,True,True,True,True,True
3,R3,nonlinear_tanh,0.0005,0.0005,0.0005,True,True,True,True,True
3,R4,nonlinear_tanh,0.0005,0.0005,0.0005,True,True,True,True,True
3,R1,null,1.0,0.7715,1.0,False,False,False,True,True
3,R2,null,1.0,0.959,1.0,False,False,False,True,True
3,R3,null,1.0,1.0,1.0,False,False,False,True,True
3,R4,null,0.9995,1.0,0.9995,False,False,False,True,True
4,R1,common_pair,0.0005,0.0005,0.0005,True,True,True,True,True
4,R2,common_pair,0.0005,0.0005,0.0005,True,True,True,True,True
4,R3,common_pair,0.0005,0.0005,0.0005,True,True,True,True,True
4,R4,common_pair,0.0005,0.0005,0.0005,True,True,True,True,True
4,R1,direct_linear,0.0005,0.0005,0.0005,True,True,True,True,True
4,R2,direct_linear,0.0005,0.0005,0.0005,True,True,True,True,True
4,R3,direct_linear,0.0005,0.0005,0.0005,True,True,True,True,True
4,R4,direct_linear,0.0005,0.0005,0.0005,True,True,True,True,True
4,R1,global_common,0.0005,0.0005,0.0005,True,True,True,True,True
4,R2,global_common,0.0005,0.0005,0.0005,True,True,True,True,True
4,R3,global_common,0.0005,0.0005,0.0005,True,True,True,True,True
4,R4,global_common,0.0005,0.0005,0.0005,True,True,True,True,True
4,R1,nonlinear_square,1.0,0.0005,0.9965,False,True,False,True,True
4,R2,nonlinear_square,0.9835,0.0005,0.9835,False,True,False,True,True
4,R3,nonlinear_square,0.3405,0.0005,0.2295,False,True,False,True,True
4,R4,nonlinear_square,1.0,0.0005,1.0,False,True,False,True,True
4,R1,nonlinear_tanh,0.0005,0.0005,0.0005,True,True,True,True,True
4,R2,nonlinear_tanh,0.0005,0.0005,0.0005,True,True,True,True,True
4,R3,nonlinear_tanh,0.0005,0.0005,0.0005,True,True,True,True,True
4,R4,nonlinear_tanh,0.0005,0.0005,0.0005,True,True,True,True,True
4,R1,null,0.9915,1.0,0.9915,False,False,False,True,True
4,R2,null,0.124,0.076,0.124,False,False,False,True,True
4,R3,null,0.9805,0.857,0.9805,False,False,False,True,True
4,R4,null,0.999,1.0,0.999,False,False,False,True,True
5,R1,common_pair,0.0005,0.0005,0.0005,True,True,True,True,True
5,R2,common_pair,0.0005,0.0005,0.0005,True,True,True,True,True
5,R3,common_pair,0.0005,0.0005,0.0005,True,True,True,True,True
5,R4,common_pair,0.0005,0.0005,0.0005,True,True,True,True,True
5,R1,direct_linear,0.0005,0.0005,0.0005,True,True,True,True,True
5,R2,direct_linear,0.0005,0.0005,0.0005,True,True,True,True,True
5,R3,direct_linear,0.0005,0.0005,0.0005,True,True,True,True,True
5,R4,direct_linear,0.0005,0.0005,0.0005,True,True,True,True,True
5,R1,global_common,0.0005,0.0005,0.0005,True,True,True,True,True
5,R2,global_common,0.0005,0.0005,0.0005,True,True,True,True,True
5,R3,global_common,0.0005,0.0005,0.0005,True,True,True,True,True
5,R4,global_common,0.0005,0.0005,0.0005,True,True,True,True,True
5,R1,nonlinear_square,0.8545,0.0005,0.8545,False,True,False,True,True
5,R2,nonlinear_square,1.0,0.001,1.0,False,True,False,True,True
5,R3,nonlinear_square,0.947,0.0005,0.8895,False,True,False,True,True
5,R4,nonlinear_square,1.0,0.0005,1.0,False,True,False,True,True
5,R1,nonlinear_tanh,0.0005,0.0005,0.0005,True,True,True,True,True
5,R2,nonlinear_tanh,0.0005,0.0005,0.0005,True,True,True,True,True
5,R3,nonlinear_tanh,0.0005,0.0005,0.0005,True,True,True,True,True
5,R4,nonlinear_tanh,0.0005,0.0005,0.0005,True,True,True,True,True
5,R1,null,1.0,1.0,1.0,False,False,False,True,True
5,R2,null,0.6285,0.487,0.6285,False,False,False,True,True
5,R3,null,1.0,1.0,1.0,False,False,False,True,True
5,R4,null,1.0,0.706,1.0,False,False,False,True,True
6,R1,common_pair,0.0005,0.0005,0.0005,True,True,True,True,True
6,R2,common_pair,0.0005,0.0005,0.0005,True,True,True,True,True
6,R3,common_pair,0.0005,0.0005,0.0005,True,True,True,True,True
6,R4,common_pair,0.0005,0.0005,0.0005,True,True,True,True,True
6,R1,direct_linear,0.0005,0.0005,0.0005,True,True,True,True,True
6,R2,direct_linear,0.0005,0.0005,0.0005,True,True,True,True,True
6,R3,direct_linear,0.0005,0.0005,0.0005,True,True,True,True,True
6,R4,direct_linear,0.0005,0.0005,0.0005,True,True,True,True,True
6,R1,global_common,0.0005,0.0005,0.0005,True,True,True,True,True
6,R2,global_common,0.0005,0.0005,0.0005,True,True,True,True,True
6,R3,global_common,0.0005,0.0005,0.0005,True,True,True,True,True
6,R4,global_common,0.0005,0.0005,0.0005,True,True,True,True,True
6,R1,nonlinear_square,1.0,0.0005,0.0505,False,True,False,True,True
6,R2,nonlinear_square,0.8315,0.0015,0.8315,False,True,False,True,True
6,R3,nonlinear_square,1.0,0.0005,0.8945,False,True,False,True,True
6,R4,nonlinear_square,0.999,0.0005,0.999,False,True,False,True,True
6,R1,nonlinear_tanh,0.0005,0.0005,0.0005,True,True,True,True,True
6,R2,nonlinear_tanh,0.0005,0.0005,0.0005,True,True,True,True,True
6,R3,nonlinear_tanh,0.0005,0.0005,0.0005,True,True,True,True,True
6,R4,nonlinear_tanh,0.0005,0.0005,0.0005,True,True,True,True,True
6,R1,null,1.0,1.0,1.0,False,False,False,True,True
6,R2,null,1.0,1.0,1.0,False,False,False,True,True
6,R3,null,1.0,1.0,1.0,False,False,False,True,True
6,R4,null,1.0,0.841,1.0,False,False,False,True,True
7,R1,common_pair,0.0005,0.0005,0.0005,True,True,True,True,True
7,R2,common_pair,0.0005,0.0005,0.0005,True,True,True,True,True
7,R3,common_pair,0.0005,0.0005,0.0005,True,True,True,True,True
7,R4,common_pair,0.0005,0.0005,0.0005,True,True,True,True,True
7,R1,direct_linear,0.0005,0.0005,0.0005,True,True,True,True,True
7,R2,direct_linear,0.0005,0.0005,0.0005,True,True,True,True,True
7,R3,direct_linear,0.0005,0.0005,0.0005,True,True,True,True,True
7,R4,direct_linear,0.0005,0.0005,0.0005,True,True,True,True,True
7,R1,global_common,0.0005,0.0005,0.0005,True,True,True,True,True
7,R2,global_common,0.0005,0.0005,0.0005,True,True,True,True,True
7,R3,global_common,0.0005,0.0005,0.0005,True,True,True,True,True
7,R4,global_common,0.0005,0.0005,0.0005,True,True,True,True,True
7,R1,nonlinear_square,1.0,0.0005,0.999,False,True,False,True,True
7,R2,nonlinear_square,0.999,0.0005,0.999,False,True,False,True,True
7,R3,nonlinear_square,0.033,0.0005,0.033,True,True,True,True,True
7,R4,nonlinear_square,0.2735,0.0005,0.2735,False,True,False,True,True
7,R1,nonlinear_tanh,0.0005,0.0005,0.0005,True,True,True,True,True
7,R2,nonlinear_tanh,0.0005,0.0005,0.0005,True,True,True,True,True
7,R3,nonlinear_tanh,0.0005,0.0005,0.0005,True,True,True,True,True
7,R4,nonlinear_tanh,0.0005,0.0005,0.0005,True,True,True,True,True
7,R1,null,0.979,0.9995,0.979,False,False,False,True,True
7,R2,null,0.8865,1.0,0.8865,False,False,False,True,True
7,R3,null,0.866,0.9965,0.866,False,False,False,True,True
7,R4,null,1.0,1.0,1.0,False,False,False,True,True
8,R1,common_pair,0.0005,0.0005,0.0005,True,True,True,True,True
8,R2,common_pair,0.0005,0.0005,0.0005,True,True,True,True,True
8,R3,common_pair,0.0005,0.0005,0.0005,True,True,True,True,True
8,R4,common_pair,0.0005,0.0005,0.0005,True,True,True,True,True
8,R1,direct_linear,0.0005,0.0005,0.0005,True,True,True,True,True
8,R2,direct_linear,0.0005,0.0005,0.0005,True,True,True,True,True
8,R3,direct_linear,0.0005,0.0005,0.0005,True,True,True,True,True
8,R4,direct_linear,0.0005,0.0005,0.0005,True,True,True,True,True
8,R1,global_common,0.0005,0.0005,0.0005,True,True,True,True,True
8,R2,global_common,0.0005,0.0005,0.0005,True,True,True,True,True
8,R3,global_common,0.0005,0.0005,0.0005,True,True,True,True,True
8,R4,global_common,0.0005,0.0005,0.0005,True,True,True,True,True
8,R1,nonlinear_square,1.0,0.0005,0.665,False,True,False,True,True
8,R2,nonlinear_square,0.9995,0.0015,0.9995,False,True,False,True,True
8,R3,nonlinear_square,1.0,0.0005,0.978,False,True,False,True,True
8,R4,nonlinear_square,1.0,0.0005,1.0,False,True,False,True,True
8,R1,nonlinear_tanh,0.0005,0.0005,0.0005,True,True,True,True,True
8,R2,nonlinear_tanh,0.0005,0.0005,0.0005,True,True,True,True,True
8,R3,nonlinear_tanh,0.0005,0.0005,0.0005,True,True,True,True,True
8,R4,nonlinear_tanh,0.0005,0.0005,0.0005,True,True,True,True,True
8,R1,null,1.0,1.0,1.0,False,False,False,True,True
8,R2,null,1.0,1.0,1.0,False,False,False,True,True
8,R3,null,1.0,0.819,1.0,False,False,False,True,True
8,R4,null,1.0,1.0,1.0,False,False,False,True,True
9,R1,common_pair,0.0005,0.0005,0.0005,True,True,True,True,True
9,R2,common_pair,0.0005,0.0005,0.0005,True,True,True,True,True
9,R3,common_pair,0.0005,0.0005,0.0005,True,True,True,True,True
9,R4,common_pair,0.0005,0.0005,0.0005,True,True,True,True,True
9,R1,direct_linear,0.0005,0.0005,0.0005,True,True,True,True,True
9,R2,direct_linear,0.0005,0.0005,0.0005,True,True,True,True,True
9,R3,direct_linear,0.0005,0.0005,0.0005,True,True,True,True,True
9,R4,direct_linear,0.0005,0.0005,0.0005,True,True,True,True,True
9,R1,global_common,0.0005,0.0005,0.0005,True,True,True,True,True
9,R2,global_common,0.0005,0.0005,0.0005,True,True,True,True,True
9,R3,global_common,0.0005,0.0005,0.0005,True,True,True,True,True
9,R4,global_common,0.0005,0.0005,0.0005,True,True,True,True,True
9,R1,nonlinear_square,0.0395,0.0005,0.0395,True,True,True,True,True
9,R2,nonlinear_square,1.0,0.0005,1.0,False,True,False,True,True
9,R3,nonlinear_square,0.997,0.0005,0.905,False,True,False,True,True
9,R4,nonlinear_square,1.0,0.0005,1.0,False,True,False,True,True
9,R1,nonlinear_tanh,0.0005,0.0005,0.0005,True,True,True,True,True
9,R2,nonlinear_tanh,0.0005,0.0005,0.0005,True,True,True,True,True
9,R3,nonlinear_tanh,0.0005,0.0005,0.0005,True,True,True,True,True
9,R4,nonlinear_tanh,0.0005,0.0005,0.0005,True,True,True,True,True
9,R1,null,1.0,1.0,1.0,False,False,False,True,True
9,R2,null,0.8115,1.0,0.8115,False,False,False,True,True
9,R3,null,0.891,0.94,0.891,False,False,False,True,True
9,R4,null,1.0,1.0,1.0,False,False,False,True,True
10,R1,common_pair,0.0005,0.0005,0.0005,True,True,True,True,True
10,R2,common_pair,0.0005,0.0005,0.0005,True,True,True,True,True
10,R3,common_pair,0.0005,0.0005,0.0005,True,True,True,True,True
10,R4,common_pair,0.0005,0.0005,0.0005,True,True,True,True,True
10,R1,direct_linear,0.0005,0.0005,0.0005,True,True,True,True,True
10,R2,direct_linear,0.0005,0.0005,0.0005,True,True,True,True,True
10,R3,direct_linear,0.0005,0.0005,0.0005,True,True,True,True,True
10,R4,direct_linear,0.0005,0.0005,0.0005,True,True,True,True,True
10,R1,global_common,0.0005,0.0005,0.0005,True,True,True,True,True
10,R2,global_common,0.0005,0.0005,0.0005,True,True,True,True,True
10,R3,global_common,0.0005,0.0005,0.0005,True,True,True,True,True
10,R4,global_common,0.0005,0.0005,0.0005,True,True,True,True,True
10,R1,nonlinear_square,1.0,0.0005,0.998,False,True,False,True,True
10,R2,nonlinear_square,0.843,0.0005,0.843,False,True,False,True,True
10,R3,nonlinear_square,1.0,0.0005,1.0,False,True,False,True,True
10,R4,nonlinear_square,0.539,0.0005,0.539,False,True,False,True,True
10,R1,nonlinear_tanh,0.0005,0.0005,0.0005,True,True,True,True,True
10,R2,nonlinear_tanh,0.0005,0.0005,0.0005,True,True,True,True,True
10,R3,nonlinear_tanh,0.0005,0.0005,0.0005,True,True,True,True,True
10,R4,nonlinear_tanh,0.0005,0.0005,0.0005,True,True,True,True,True
10,R1,null,0.3605,0.445,0.3605,False,False,False,True,True
10,R2,null,0.9775,1.0,0.9775,False,False,False,True,True
10,R3,null,1.0,1.0,1.0,False,False,False,True,True
10,R4,null,1.0,1.0,1.0,False,False,False,True,True
11,R1,common_pair,0.0005,0.0005,0.0005,True,True,True,True,True
11,R2,common_pair,0.0005,0.0005,0.0005,True,True,True,True,True
11,R3,common_pair,0.0005,0.0005,0.0005,True,True,True,True,True
11,R4,common_pair,0.0005,0.0005,0.0005,True,True,True,True,True
11,R1,direct_linear,0.0005,0.0005,0.0005,True,True,True,True,True
11,R2,direct_linear,0.0005,0.0005,0.0005,True,True,True,True,True
11,R3,direct_linear,0.0005,0.0005,0.0005,True,True,True,True,True
11,R4,direct_linear,0.0005,0.0005,0.0005,True,True,True,True,True
11,R1,global_common,0.0005,0.0005,0.0005,True,True,True,True,True
11,R2,global_common,0.0005,0.0005,0.0005,True,True,True,True,True
11,R3,global_common,0.0005,0.0005,0.0005,True,True,True,True,True
11,R4,global_common,0.0005,0.0005,0.0005,True,True,True,True,True
11,R1,nonlinear_square,1.0,0.0005,0.999,False,True,False,True,True
11,R2,nonlinear_square,1.0,0.0005,1.0,False,True,False,True,True
11,R3,nonlinear_square,1.0,0.0005,0.8115,False,True,False,True,True
11,R4,nonlinear_square,1.0,0.0005,1.0,False,True,False,True,True
11,R1,nonlinear_tanh,0.0005,0.0005,0.0005,True,True,True,True,True
11,R2,nonlinear_tanh,0.0005,0.0005,0.0005,True,True,True,True,True
11,R3,nonlinear_tanh,0.0005,0.0005,0.0005,True,True,True,True,True
11,R4,nonlinear_tanh,0.0005,0.0005,0.0005,True,True,True,True,True
11,R1,null,1.0,0.998,1.0,False,False,False,True,True
11,R2,null,1.0,1.0,1.0,False,False,False,True,True
11,R3,null,1.0,0.3635,1.0,False,False,False,True,True
11,R4,null,1.0,0.9975,1.0,False,False,False,True,True
12,R1,common_pair,0.0005,0.0005,0.0005,True,True,True,True,True
12,R2,common_pair,0.0005,0.0005,0.0005,True,True,True,True,True
12,R3,common_pair,0.0005,0.0005,0.0005,True,True,True,True,True
12,R4,common_pair,0.0005,0.0005,0.0005,True,True,True,True,True
12,R1,direct_linear,0.0005,0.0005,0.0005,True,True,True,True,True
12,R2,direct_linear,0.0005,0.0005,0.0005,True,True,True,True,True
12,R3,direct_linear,0.0005,0.0005,0.0005,True,True,True,True,True
12,R4,direct_linear,0.0005,0.0005,0.0005,True,True,True,True,True
12,R1,global_common,0.0005,0.0005,0.0005,True,True,True,True,True
12,R2,global_common,0.0005,0.0005,0.0005,True,True,True,True,True
12,R3,global_common,0.0005,0.0005,0.0005,True,True,True,True,True
12,R4,global_common,0.0005,0.0005,0.0005,True,True,True,True,True
12,R1,nonlinear_square,1.0,0.0005,0.9405,False,True,False,True,True
12,R2,nonlinear_square,0.9995,0.0005,0.9995,False,True,False,True,True
12,R3,nonlinear_square,0.6155,0.0005,0.6155,False,True,False,True,True
12,R4,nonlinear_square,0.9835,0.0005,0.9835,False,True,False,True,True
12,R1,nonlinear_tanh,0.0005,0.0005,0.0005,True,True,True,True,True
12,R2,nonlinear_tanh,0.0005,0.0005,0.0005,True,True,True,True,True
12,R3,nonlinear_tanh,0.0005,0.0005,0.0005,True,True,True,True,True
12,R4,nonlinear_tanh,0.0005,0.0005,0.0005,True,True,True,True,True
12,R1,null,0.9695,1.0,0.9695,False,False,False,True,True
12,R2,null,0.8345,0.995,0.8345,False,False,False,True,True
12,R3,null,1.0,0.988,1.0,False,False,False,True,True
12,R4,null,1.0,0.972,1.0,False,False,False,True,True
13,R1,common_pair,0.0005,0.0005,0.0005,True,True,True,True,True
13,R2,common_pair,0.0005,0.0005,0.0005,True,True,True,True,True
13,R3,common_pair,0.0005,0.0005,0.0005,True,True,True,True,True
13,R4,common_pair,0.0005,0.0005,0.0005,True,True,True,True,True
13,R1,direct_linear,0.0005,0.0005,0.0005,True,True,True,True,True
13,R2,direct_linear,0.0005,0.0005,0.0005,True,True,True,True,True
13,R3,direct_linear,0.0005,0.0005,0.0005,True,True,True,True,True
13,R4,direct_linear,0.0005,0.0005,0.0005,True,True,True,True,True
13,R1,global_common,0.0005,0.0005,0.0005,True,True,True,True,True
13,R2,global_common,0.0005,0.0005,0.0005,True,True,True,True,True
13,R3,global_common,0.0005,0.0005,0.0005,True,True,True,True,True
13,R4,global_common,0.0005,0.0005,0.0005,True,True,True,True,True
13,R1,nonlinear_square,0.9945,0.0005,0.951,False,True,False,True,True
13,R2,nonlinear_square,0.263,0.0005,0.263,False,True,False,True,True
13,R3,nonlinear_square,0.9995,0.0005,0.9735,False,True,False,True,True
13,R4,nonlinear_square,0.31,0.0005,0.31,False,True,False,True,True
13,R1,nonlinear_tanh,0.0005,0.0005,0.0005,True,True,True,True,True
13,R2,nonlinear_tanh,0.0005,0.0005,0.0005,True,True,True,True,True
13,R3,nonlinear_tanh,0.0005,0.0005,0.0005,True,True,True,True,True
13,R4,nonlinear_tanh,0.0005,0.0005,0.0005,True,True,True,True,True
13,R1,null,1.0,1.0,1.0,False,False,False,True,True
13,R2,null,1.0,1.0,1.0,False,False,False,True,True
13,R3,null,0.722,0.998,0.722,False,False,False,True,True
13,R4,null,0.9765,1.0,0.9765,False,False,False,True,True
14,R1,common_pair,0.0005,0.0005,0.0005,True,True,True,True,True
14,R2,common_pair,0.0005,0.0005,0.0005,True,True,True,True,True
14,R3,common_pair,0.0005,0.0005,0.0005,True,True,True,True,True
14,R4,common_pair,0.0005,0.0005,0.0005,True,True,True,True,True
14,R1,direct_linear,0.0005,0.0005,0.0005,True,True,True,True,True
14,R2,direct_linear,0.0005,0.0005,0.0005,True,True,True,True,True
14,R3,direct_linear,0.0005,0.0005,0.0005,True,True,True,True,True
14,R4,direct_linear,0.0005,0.0005,0.0005,True,True,True,True,True
14,R1,global_common,0.0005,0.0005,0.0005,True,True,True,True,True
14,R2,global_common,0.0005,0.0005,0.0005,True,True,True,True,True
14,R3,global_common,0.0005,0.0005,0.0005,True,True,True,True,True
14,R4,global_common,0.0005,0.0005,0.0005,True,True,True,True,True
14,R1,nonlinear_square,1.0,0.0005,0.3565,False,True,False,True,True
14,R2,nonlinear_square,0.043,0.0005,0.043,True,True,True,True,True
14,R3,nonlinear_square,1.0,0.0005,0.681,False,True,False,True,True
14,R4,nonlinear_square,0.0165,0.0005,0.0165,True,True,True,True,True
14,R1,nonlinear_tanh,0.0005,0.0005,0.0005,True,True,True,True,True
14,R2,nonlinear_tanh,0.0005,0.0005,0.0005,True,True,True,True,True
14,R3,nonlinear_tanh,0.0005,0.0005,0.0005,True,True,True,True,True
14,R4,nonlinear_tanh,0.0005,0.0005,0.0005,True,True,True,True,True
14,R1,null,1.0,0.9895,1.0,False,False,False,True,True
14,R2,null,1.0,1.0,1.0,False,False,False,True,True
14,R3,null,1.0,0.992,1.0,False,False,False,True,True
14,R4,null,1.0,1.0,1.0,False,False,False,True,True
15,R1,common_pair,0.0005,0.0005,0.0005,True,True,True,True,True
15,R2,common_pair,0.0005,0.0005,0.0005,True,True,True,True,True
15,R3,common_pair,0.0005,0.0005,0.0005,True,True,True,True,True
15,R4,common_pair,0.0005,0.0005,0.0005,True,True,True,True,True
15,R1,direct_linear,0.0005,0.0005,0.0005,True,True,True,True,True
15,R2,direct_linear,0.0005,0.0005,0.0005,True,True,True,True,True
15,R3,direct_linear,0.0005,0.0005,0.0005,True,True,True,True,True
15,R4,direct_linear,0.0005,0.0005,0.0005,True,True,True,True,True
15,R1,global_common,0.0005,0.0005,0.0005,True,True,True,True,True
15,R2,global_common,0.0005,0.0005,0.0005,True,True,True,True,True
15,R3,global_common,0.0005,0.0005,0.0005,True,True,True,True,True
15,R4,global_common,0.0005,0.0005,0.0005,True,True,True,True,True
15,R1,nonlinear_square,0.999,0.0005,0.999,False,True,False,True,True
15,R2,nonlinear_square,1.0,0.0005,1.0,False,True,False,True,True
15,R3,nonlinear_square,0.321,0.0005,0.321,False,True,False,True,True
15,R4,nonlinear_square,0.9795,0.002,0.9795,False,True,False,True,True
15,R1,nonlinear_tanh,0.0005,0.0005,0.0005,True,True,True,True,True
15,R2,nonlinear_tanh,0.0005,0.0005,0.0005,True,True,True,True,True
15,R3,nonlinear_tanh,0.0005,0.0005,0.0005,True,True,True,True,True
15,R4,nonlinear_tanh,0.0005,0.0005,0.0005,True,True,True,True,True
15,R1,null,0.9905,0.9965,0.9905,False,False,False,True,True
15,R2,null,0.978,1.0,0.978,False,False,False,True,True
15,R3,null,1.0,1.0,1.0,False,False,False,True,True
15,R4,null,1.0,1.0,1.0,False,False,False,True,True
16,R1,common_pair,0.0005,0.0005,0.0005,True,True,True,True,True
16,R2,common_pair,0.0005,0.0005,0.0005,True,True,True,True,True
16,R3,common_pair,0.0005,0.0005,0.0005,True,True,True,True,True
16,R4,common_pair,0.0005,0.0005,0.0005,True,True,True,True,True
16,R1,direct_linear,0.0005,0.0005,0.0005,True,True,True,True,True
16,R2,direct_linear,0.0005,0.0005,0.0005,True,True,True,True,True
16,R3,direct_linear,0.0005,0.0005,0.0005,True,True,True,True,True
16,R4,direct_linear,0.0005,0.0005,0.0005,True,True,True,True,True
16,R1,global_common,0.0005,0.0005,0.0005,True,True,True,True,True
16,R2,global_common,0.0005,0.0005,0.0005,True,True,True,True,True
16,R3,global_common,0.0005,0.0005,0.0005,True,True,True,True,True
16,R4,global_common,0.0005,0.0005,0.0005,True,True,True,True,True
16,R1,nonlinear_square,1.0,0.0005,0.932,False,True,False,True,True
16,R2,nonlinear_square,0.978,0.0005,0.978,False,True,False,True,True
16,R3,nonlinear_square,1.0,0.0005,0.8405,False,True,False,True,True
16,R4,nonlinear_square,0.0195,0.0005,0.0195,True,True,True,True,True
16,R1,nonlinear_tanh,0.0005,0.0005,0.0005,True,True,True,True,True
16,R2,nonlinear_tanh,0.0005,0.0005,0.0005,True,True,True,True,True
16,R3,nonlinear_tanh,0.0005,0.0005,0.0005,True,True,True,True,True
16,R4,nonlinear_tanh,0.0005,0.0005,0.0005,True,True,True,True,True
16,R1,null,1.0,1.0,1.0,False,False,False,True,True
16,R2,null,1.0,1.0,1.0,False,False,False,True,True
16,R3,null,0.991,1.0,0.991,False,False,False,True,True
16,R4,null,1.0,1.0,1.0,False,False,False,True,True
17,R1,common_pair,0.0005,0.0005,0.0005,True,True,True,True,True
17,R2,common_pair,0.0005,0.0005,0.0005,True,True,True,True,True
17,R3,common_pair,0.0005,0.0005,0.0005,True,True,True,True,True
17,R4,common_pair,0.0005,0.0005,0.0005,True,True,True,True,True
17,R1,direct_linear,0.0005,0.0005,0.0005,True,True,True,True,True
17,R2,direct_linear,0.0005,0.0005,0.0005,True,True,True,True,True
17,R3,direct_linear,0.0005,0.0005,0.0005,True,True,True,True,True
17,R4,direct_linear,0.0005,0.0005,0.0005,True,True,True,True,True
17,R1,global_common,0.0005,0.0005,0.0005,True,True,True,True,True
17,R2,global_common,0.0005,0.0005,0.0005,True,True,True,True,True
17,R3,global_common,0.0005,0.0005,0.0005,True,True,True,True,True
17,R4,global_common,0.0005,0.0005,0.0005,True,True,True,True,True
17,R1,nonlinear_square,1.0,0.0005,0.999,False,True,False,True,True
17,R2,nonlinear_square,0.814,0.0005,0.814,False,True,False,True,True
17,R3,nonlinear_square,0.9985,0.0005,0.9985,False,True,False,True,True
17,R4,nonlinear_square,0.316,0.0005,0.316,False,True,False,True,True
17,R1,nonlinear_tanh,0.0005,0.0005,0.0005,True,True,True,True,True
17,R2,nonlinear_tanh,0.0005,0.0005,0.0005,True,True,True,True,True
17,R3,nonlinear_tanh,0.0005,0.0005,0.0005,True,True,True,True,True
17,R4,nonlinear_tanh,0.0005,0.0005,0.0005,True,True,True,True,True
17,R1,null,0.7805,1.0,0.7805,False,False,False,True,True
17,R2,null,1.0,1.0,1.0,False,False,False,True,True
17,R3,null,1.0,1.0,1.0,False,False,False,True,True
17,R4,null,0.852,1.0,0.852,False,False,False,True,True
18,R1,common_pair,0.0005,0.0005,0.0005,True,True,True,True,True
18,R2,common_pair,0.0005,0.0005,0.0005,True,True,True,True,True
18,R3,common_pair,0.0005,0.0005,0.0005,True,True,True,True,True
18,R4,common_pair,0.0005,0.0005,0.0005,True,True,True,True,True
18,R1,direct_linear,0.0005,0.0005,0.0005,True,True,True,True,True
18,R2,direct_linear,0.0005,0.0005,0.0005,True,True,True,True,True
18,R3,direct_linear,0.0005,0.0005,0.0005,True,True,True,True,True
18,R4,direct_linear,0.0005,0.0005,0.0005,True,True,True,True,True
18,R1,global_common,0.0005,0.0005,0.0005,True,True,True,True,True
18,R2,global_common,0.0005,0.0005,0.0005,True,True,True,True,True
18,R3,global_common,0.0005,0.0005,0.0005,True,True,True,True,True
18,R4,global_common,0.0005,0.0005,0.0005,True,True,True,True,True
18,R1,nonlinear_square,0.6645,0.0005,0.6645,False,True,False,True,True
18,R2,nonlinear_square,1.0,0.0005,1.0,False,True,False,True,True
18,R3,nonlinear_square,1.0,0.0005,0.6975,False,True,False,True,True
18,R4,nonlinear_square,0.942,0.0005,0.942,False,True,False,True,True
18,R1,nonlinear_tanh,0.0005,0.0005,0.0005,True,True,True,True,True
18,R2,nonlinear_tanh,0.0005,0.0005,0.0005,True,True,True,True,True
18,R3,nonlinear_tanh,0.0005,0.0005,0.0005,True,True,True,True,True
18,R4,nonlinear_tanh,0.0005,0.0005,0.0005,True,True,True,True,True
18,R1,null,1.0,0.998,1.0,False,False,False,True,True
18,R2,null,0.9315,0.9255,0.9315,False,False,False,True,True
18,R3,null,1.0,1.0,1.0,False,False,False,True,True
18,R4,null,0.7435,1.0,0.7435,False,False,False,True,True
19,R1,common_pair,0.0005,0.0005,0.0005,True,True,True,True,True
19,R2,common_pair,0.0005,0.0005,0.0005,True,True,True,True,True
19,R3,common_pair,0.0005,0.0005,0.0005,True,True,True,True,True
19,R4,common_pair,0.0005,0.0005,0.0005,True,True,True,True,True
19,R1,direct_linear,0.0005,0.0005,0.0005,True,True,True,True,True
19,R2,direct_linear,0.0005,0.0005,0.0005,True,True,True,True,True
19,R3,direct_linear,0.0005,0.0005,0.0005,True,True,True,True,True
19,R4,direct_linear,0.0005,0.0005,0.0005,True,True,True,True,True
19,R1,global_common,0.0005,0.0005,0.0005,True,True,True,True,True
19,R2,global_common,0.0005,0.0005,0.0005,True,True,True,True,True
19,R3,global_common,0.0005,0.0005,0.0005,True,True,True,True,True
19,R4,global_common,0.0005,0.0005,0.0005,True,True,True,True,True
19,R1,nonlinear_square,0.8455,0.0005,0.8455,False,True,False,True,True
19,R2,nonlinear_square,0.8985,0.0005,0.8985,False,True,False,True,True
19,R3,nonlinear_square,0.1105,0.0005,0.1105,False,True,False,True,True
19,R4,nonlinear_square,1.0,0.0005,1.0,False,True,False,True,True
19,R1,nonlinear_tanh,0.0005,0.0005,0.0005,True,True,True,True,True
19,R2,nonlinear_tanh,0.0005,0.0005,0.0005,True,True,True,True,True
19,R3,nonlinear_tanh,0.0005,0.0005,0.0005,True,True,True,True,True
19,R4,nonlinear_tanh,0.0005,0.0005,0.0005,True,True,True,True,True
19,R1,null,1.0,1.0,1.0,False,False,False,True,True
19,R2,null,0.9775,0.845,0.9775,False,False,False,True,True
19,R3,null,1.0,0.942,1.0,False,False,False,True,True
19,R4,null,1.0,1.0,1.0,False,False,False,True,True
20,R1,common_pair,0.0005,0.0005,0.0005,True,True,True,True,True
20,R2,common_pair,0.0005,0.0005,0.0005,True,True,True,True,True
20,R3,common_pair,0.0005,0.0005,0.0005,True,True,True,True,True
20,R4,common_pair,0.0005,0.0005,0.0005,True,True,True,True,True
20,R1,direct_linear,0.0005,0.0005,0.0005,True,True,True,True,True
20,R2,direct_linear,0.0005,0.0005,0.0005,True,True,True,True,True
20,R3,direct_linear,0.0005,0.0005,0.0005,True,True,True,True,True
20,R4,direct_linear,0.0005,0.0005,0.0005,True,True,True,True,True
20,R1,global_common,0.0005,0.0005,0.0005,True,True,True,True,True
20,R2,global_common,0.0005,0.0005,0.0005,True,True,True,True,True
20,R3,global_common,0.0005,0.0005,0.0005,True,True,True,True,True
20,R4,global_common,0.0005,0.0005,0.0005,True,True,True,True,True
20,R1,nonlinear_square,1.0,0.0005,0.825,False,True,False,True,True
20,R2,nonlinear_square,0.9545,0.0005,0.9545,False,True,False,True,True
20,R3,nonlinear_square,1.0,0.0005,0.999,False,True,False,True,True
20,R4,nonlinear_square,0.4235,0.0005,0.4235,False,True,False,True,True
20,R1,nonlinear_tanh,0.0005,0.0005,0.0005,True,True,True,True,True
20,R2,nonlinear_tanh,0.0005,0.0005,0.0005,True,True,True,True,True
20,R3,nonlinear_tanh,0.0005,0.0005,0.0005,True,True,True,True,True
20,R4,nonlinear_tanh,0.0005,0.0005,0.0005,True,True,True,True,True
20,R1,null,0.9205,1.0,0.9205,False,False,False,True,True
20,R2,null,0.883,0.9645,0.883,False,False,False,True,True
20,R3,null,0.9865,0.674,0.9865,False,False,False,True,True
20,R4,null,0.9855,0.8805,0.9855,False,False,False,True,True
21,R1,common_pair,0.0005,0.0005,0.0005,True,True,True,True,True
21,R2,common_pair,0.0005,0.0005,0.0005,True,True,True,True,True
21,R3,common_pair,0.0005,0.0005,0.0005,True,True,True,True,True
21,R4,common_pair,0.0005,0.0005,0.0005,True,True,True,True,True
21,R1,direct_linear,0.0005,0.0005,0.0005,True,True,True,True,True
21,R2,direct_linear,0.0005,0.0005,0.0005,True,True,True,True,True
21,R3,direct_linear,0.0005,0.0005,0.0005,True,True,True,True,True
21,R4,direct_linear,0.0005,0.0005,0.0005,True,True,True,True,True
21,R1,global_common,0.0005,0.0005,0.0005,True,True,True,True,True
21,R2,global_common,0.0005,0.0005,0.0005,True,True,True,True,True
21,R3,global_common,0.0005,0.0005,0.0005,True,True,True,True,True
21,R4,global_common,0.0005,0.0005,0.0005,True,True,True,True,True
21,R1,nonlinear_square,1.0,0.0005,0.83,False,True,False,True,True
21,R2,nonlinear_square,0.0085,0.0005,0.0085,True,True,True,True,True
21,R3,nonlinear_square,0.847,0.0005,0.3275,False,True,False,True,True
21,R4,nonlinear_square,1.0,0.0005,1.0,False,True,False,True,True
21,R1,nonlinear_tanh,0.0005,0.0005,0.0005,True,True,True,True,True
21,R2,nonlinear_tanh,0.0005,0.0005,0.0005,True,True,True,True,True
21,R3,nonlinear_tanh,0.0005,0.0005,0.0005,True,True,True,True,True
21,R4,nonlinear_tanh,0.0005,0.0005,0.0005,True,True,True,True,True
21,R1,null,1.0,1.0,1.0,False,False,False,True,True
21,R2,null,1.0,1.0,1.0,False,False,False,True,True
21,R3,null,1.0,1.0,1.0,False,False,False,True,True
21,R4,null,1.0,0.963,1.0,False,False,False,True,True
22,R1,common_pair,0.0005,0.0005,0.0005,True,True,True,True,True
22,R2,common_pair,0.0005,0.0005,0.0005,True,True,True,True,True
22,R3,common_pair,0.0005,0.0005,0.0005,True,True,True,True,True
22,R4,common_pair,0.0005,0.0005,0.0005,True,True,True,True,True
22,R1,direct_linear,0.0005,0.0005,0.0005,True,True,True,True,True
22,R2,direct_linear,0.0005,0.0005,0.0005,True,True,True,True,True
22,R3,direct_linear,0.0005,0.0005,0.0005,True,True,True,True,True
22,R4,direct_linear,0.0005,0.0005,0.0005,True,True,True,True,True
22,R1,global_common,0.0005,0.0005,0.0005,True,True,True,True,True
22,R2,global_common,0.0005,0.0005,0.0005,True,True,True,True,True
22,R3,global_common,0.0005,0.0005,0.0005,True,True,True,True,True
22,R4,global_common,0.0005,0.0005,0.0005,True,True,True,True,True
22,R1,nonlinear_square,0.853,0.0005,0.071,False,True,False,True,True
22,R2,nonlinear_square,0.699,0.0005,0.699,False,True,False,True,True
22,R3,nonlinear_square,0.419,0.0005,0.419,False,True,False,True,True
22,R4,nonlinear_square,0.9685,0.0005,0.9685,False,True,False,True,True
22,R1,nonlinear_tanh,0.0005,0.0005,0.0005,True,True,True,True,True
22,R2,nonlinear_tanh,0.0005,0.0005,0.0005,True,True,True,True,True
22,R3,nonlinear_tanh,0.0005,0.0005,0.0005,True,True,True,True,True
22,R4,nonlinear_tanh,0.0005,0.0005,0.0005,True,True,True,True,True
22,R1,null,1.0,1.0,1.0,False,False,False,True,True
22,R2,null,1.0,1.0,1.0,False,False,False,True,True
22,R3,null,1.0,0.789,1.0,False,False,False,True,True
22,R4,null,1.0,1.0,1.0,False,False,False,True,True
23,R1,common_pair,0.0005,0.0005,0.0005,True,True,True,True,True
23,R2,common_pair,0.0005,0.0005,0.0005,True,True,True,True,True
23,R3,common_pair,0.0005,0.0005,0.0005,True,True,True,True,True
23,R4,common_pair,0.0005,0.0005,0.0005,True,True,True,True,True
23,R1,direct_linear,0.0005,0.0005,0.0005,True,True,True,True,True
23,R2,direct_linear,0.0005,0.0005,0.0005,True,True,True,True,True
23,R3,direct_linear,0.0005,0.0005,0.0005,True,True,True,True,True
23,R4,direct_linear,0.0005,0.0005,0.0005,True,True,True,True,True
23,R1,global_common,0.0005,0.0005,0.0005,True,True,True,True,True
23,R2,global_common,0.0005,0.0005,0.0005,True,True,True,True,True
23,R3,global_common,0.0005,0.0005,0.0005,True,True,True,True,True
23,R4,global_common,0.0005,0.0005,0.0005,True,True,True,True,True
23,R1,nonlinear_square,0.927,0.0005,0.927,False,True,False,True,True
23,R2,nonlinear_square,1.0,0.0005,1.0,False,True,False,True,True
23,R3,nonlinear_square,0.3835,0.0005,0.3835,False,True,False,True,True
23,R4,nonlinear_square,0.635,0.0005,0.635,False,True,False,True,True
23,R1,nonlinear_tanh,0.0005,0.0005,0.0005,True,True,True,True,True
23,R2,nonlinear_tanh,0.0005,0.0005,0.0005,True,True,True,True,True
23,R3,nonlinear_tanh,0.0005,0.0005,0.0005,True,True,True,True,True
23,R4,nonlinear_tanh,0.0005,0.0005,0.0005,True,True,True,True,True
23,R1,null,1.0,1.0,1.0,False,False,False,True,True
23,R2,null,1.0,1.0,1.0,False,False,False,True,True
23,R3,null,1.0,1.0,1.0,False,False,False,True,True
23,R4,null,1.0,1.0,1.0,False,False,False,True,True
24,R1,common_pair,0.0005,0.0005,0.0005,True,True,True,True,True
24,R2,common_pair,0.0005,0.0005,0.0005,True,True,True,True,True
24,R3,common_pair,0.0005,0.0005,0.0005,True,True,True,True,True
24,R4,common_pair,0.0005,0.0005,0.0005,True,True,True,True,True
24,R1,direct_linear,0.0005,0.0005,0.0005,True,True,True,True,True
24,R2,direct_linear,0.0005,0.0005,0.0005,True,True,True,True,True
24,R3,direct_linear,0.0005,0.0005,0.0005,True,True,True,True,True
24,R4,direct_linear,0.0005,0.0005,0.0005,True,True,True,True,True
24,R1,global_common,0.0005,0.0005,0.0005,True,True,True,True,True
24,R2,global_common,0.0005,0.0005,0.0005,True,True,True,True,True
24,R3,global_common,0.0005,0.0005,0.0005,True,True,True,True,True
24,R4,global_common,0.0005,0.0005,0.0005,True,True,True,True,True
24,R1,nonlinear_square,1.0,0.0005,0.4865,False,True,False,True,True
24,R2,nonlinear_square,1.0,0.003,1.0,False,True,False,True,True
24,R3,nonlinear_square,0.9735,0.0005,0.9735,False,True,False,True,True
24,R4,nonlinear_square,0.9205,0.0005,0.9205,False,True,False,True,True
24,R1,nonlinear_tanh,0.0005,0.0005,0.0005,True,True,True,True,True
24,R2,nonlinear_tanh,0.0005,0.0005,0.0005,True,True,True,True,True
24,R3,nonlinear_tanh,0.0005,0.0005,0.0005,True,True,True,True,True
24,R4,nonlinear_tanh,0.0005,0.0005,0.0005,True,True,True,True,True
24,R1,null,1.0,0.9995,1.0,False,False,False,True,True
24,R2,null,1.0,0.327,1.0,False,False,False,True,True
24,R3,null,1.0,1.0,1.0,False,False,False,True,True
24,R4,null,1.0,0.9995,1.0,False,False,False,True,True
25,R1,common_pair,0.0005,0.0005,0.0005,True,True,True,True,True
25,R2,common_pair,0.0005,0.0005,0.0005,True,True,True,True,True
25,R3,common_pair,0.0005,0.0005,0.0005,True,True,True,True,True
25,R4,common_pair,0.0005,0.0005,0.0005,True,True,True,True,True
25,R1,direct_linear,0.0005,0.0005,0.0005,True,True,True,True,True
25,R2,direct_linear,0.0005,0.0005,0.0005,True,True,True,True,True
25,R3,direct_linear,0.0005,0.0005,0.0005,True,True,True,True,True
25,R4,direct_linear,0.0005,0.0005,0.0005,True,True,True,True,True
25,R1,global_common,0.0005,0.0005,0.0005,True,True,True,True,True
25,R2,global_common,0.0005,0.0005,0.0005,True,True,True,True,True
25,R3,global_common,0.0005,0.0005,0.0005,True,True,True,True,True
25,R4,global_common,0.0005,0.0005,0.0005,True,True,True,True,True
25,R1,nonlinear_square,0.9985,0.0005,0.9985,False,True,False,True,True
25,R2,nonlinear_square,0.877,0.0005,0.877,False,True,False,True,True
25,R3,nonlinear_square,0.2905,0.0005,0.2905,False,True,False,True,True
25,R4,nonlinear_square,1.0,0.0005,1.0,False,True,False,True,True
25,R1,nonlinear_tanh,0.0005,0.0005,0.0005,True,True,True,True,True
25,R2,nonlinear_tanh,0.0005,0.0005,0.0005,True,True,True,True,True
25,R3,nonlinear_tanh,0.0005,0.0005,0.0005,True,True,True,True,True
25,R4,nonlinear_tanh,0.0005,0.0005,0.0005,True,True,True,True,True
25,R1,null,1.0,0.9935,1.0,False,False,False,True,True
25,R2,null,0.9855,1.0,0.9855,False,False,False,True,True
25,R3,null,1.0,0.9815,1.0,False,False,False,True,True
25,R4,null,0.9805,1.0,0.9805,False,False,False,True,True
26,R1,common_pair,0.0005,0.0005,0.0005,True,True,True,True,True
26,R2,common_pair,0.0005,0.0005,0.0005,True,True,True,True,True
26,R3,common_pair,0.0005,0.0005,0.0005,True,True,True,True,True
26,R4,common_pair,0.0005,0.0005,0.0005,True,True,True,True,True
26,R1,direct_linear,0.0005,0.0005,0.0005,True,True,True,True,True
26,R2,direct_linear,0.0005,0.0005,0.0005,True,True,True,True,True
26,R3,direct_linear,0.0005,0.0005,0.0005,True,True,True,True,True
26,R4,direct_linear,0.0005,0.0005,0.0005,True,True,True,True,True
26,R1,global_common,0.0005,0.0005,0.0005,True,True,True,True,True
26,R2,global_common,0.0005,0.0005,0.0005,True,True,True,True,True
26,R3,global_common,0.0005,0.0005,0.0005,True,True,True,True,True
26,R4,global_common,0.0005,0.0005,0.0005,True,True,True,True,True
26,R1,nonlinear_square,0.9995,0.0005,0.9995,False,True,False,True,True
26,R2,nonlinear_square,1.0,0.0005,1.0,False,True,False,True,True
26,R3,nonlinear_square,0.5765,0.0005,0.1545,False,True,False,True,True
26,R4,nonlinear_square,1.0,0.0005,1.0,False,True,False,True,True
26,R1,nonlinear_tanh,0.0005,0.0005,0.0005,True,True,True,True,True
26,R2,nonlinear_tanh,0.0005,0.0005,0.0005,True,True,True,True,True
26,R3,nonlinear_tanh,0.0005,0.0005,0.0005,True,True,True,True,True
26,R4,nonlinear_tanh,0.0005,0.0005,0.0005,True,True,True,True,True
26,R1,null,0.959,0.9155,0.959,False,False,False,True,True
26,R2,null,0.85,1.0,0.85,False,False,False,True,True
26,R3,null,1.0,0.9195,1.0,False,False,False,True,True
26,R4,null,1.0,1.0,1.0,False,False,False,True,True
27,R1,common_pair,0.0005,0.0005,0.0005,True,True,True,True,True
27,R2,common_pair,0.0005,0.0005,0.0005,True,True,True,True,True
27,R3,common_pair,0.0005,0.0005,0.0005,True,True,True,True,True
27,R4,common_pair,0.0005,0.0005,0.0005,True,True,True,True,True
27,R1,direct_linear,0.0005,0.0005,0.0005,True,True,True,True,True
27,R2,direct_linear,0.0005,0.0005,0.0005,True,True,True,True,True
27,R3,direct_linear,0.0005,0.0005,0.0005,True,True,True,True,True
27,R4,direct_linear,0.0005,0.0005,0.0005,True,True,True,True,True
27,R1,global_common,0.0005,0.0005,0.0005,True,True,True,True,True
27,R2,global_common,0.0005,0.0005,0.0005,True,True,True,True,True
27,R3,global_common,0.0005,0.0005,0.0005,True,True,True,True,True
27,R4,global_common,0.0005,0.0005,0.0005,True,True,True,True,True
27,R1,nonlinear_square,1.0,0.0005,0.9755,False,True,False,True,True
27,R2,nonlinear_square,1.0,0.0005,1.0,False,True,False,True,True
27,R3,nonlinear_square,1.0,0.0005,0.905,False,True,False,True,True
27,R4,nonlinear_square,1.0,0.0005,0.999,False,True,False,True,True
27,R1,nonlinear_tanh,0.0005,0.0005,0.0005,True,True,True,True,True
27,R2,nonlinear_tanh,0.0005,0.0005,0.0005,True,True,True,True,True
27,R3,nonlinear_tanh,0.0005,0.0005,0.0005,True,True,True,True,True
27,R4,nonlinear_tanh,0.0005,0.0005,0.0005,True,True,True,True,True
27,R1,null,1.0,1.0,1.0,False,False,False,True,True
27,R2,null,0.846,0.9965,0.846,False,False,False,True,True
27,R3,null,1.0,1.0,1.0,False,False,False,True,True
27,R4,null,0.998,0.979,0.998,False,False,False,True,True
28,R1,common_pair,0.0005,0.0005,0.0005,True,True,True,True,True
28,R2,common_pair,0.0005,0.0005,0.0005,True,True,True,True,True
28,R3,common_pair,0.0005,0.0005,0.0005,True,True,True,True,True
28,R4,common_pair,0.0005,0.0005,0.0005,True,True,True,True,True
28,R1,direct_linear,0.0005,0.0005,0.0005,True,True,True,True,True
28,R2,direct_linear,0.0005,0.0005,0.0005,True,True,True,True,True
28,R3,direct_linear,0.0005,0.0005,0.0005,True,True,True,True,True
28,R4,direct_linear,0.0005,0.0005,0.0005,True,True,True,True,True
28,R1,global_common,0.0005,0.0005,0.0005,True,True,True,True,True
28,R2,global_common,0.0005,0.0005,0.0005,True,True,True,True,True
28,R3,global_common,0.0005,0.0005,0.0005,True,True,True,True,True
28,R4,global_common,0.0005,0.0005,0.0005,True,True,True,True,True
28,R1,nonlinear_square,1.0,0.0005,0.0805,False,True,False,True,True
28,R2,nonlinear_square,1.0,0.0005,1.0,False,True,False,True,True
28,R3,nonlinear_square,1.0,0.0005,0.9675,False,True,False,True,True
28,R4,nonlinear_square,1.0,0.0005,1.0,False,True,False,True,True
28,R1,nonlinear_tanh,0.0005,0.0005,0.0005,True,True,True,True,True
28,R2,nonlinear_tanh,0.0005,0.0005,0.0005,True,True,True,True,True
28,R3,nonlinear_tanh,0.0005,0.0005,0.0005,True,True,True,True,True
28,R4,nonlinear_tanh,0.0005,0.0005,0.0005,True,True,True,True,True
28,R1,null,0.805,0.9915,0.805,False,False,False,True,True
28,R2,null,0.999,0.9965,0.999,False,False,False,True,True
28,R3,null,1.0,1.0,1.0,False,False,False,True,True
28,R4,null,1.0,0.996,1.0,False,False,False,True,True
29,R1,common_pair,0.0005,0.0005,0.0005,True,True,True,True,True
29,R2,common_pair,0.0005,0.0005,0.0005,True,True,True,True,True
29,R3,common_pair,0.0005,0.0005,0.0005,True,True,True,True,True
29,R4,common_pair,0.0005,0.0005,0.0005,True,True,True,True,True
29,R1,direct_linear,0.0005,0.0005,0.0005,True,True,True,True,True
29,R2,direct_linear,0.0005,0.0005,0.0005,True,True,True,True,True
29,R3,direct_linear,0.0005,0.0005,0.0005,True,True,True,True,True
29,R4,direct_linear,0.0005,0.0005,0.0005,True,True,True,True,True
29,R1,global_common,0.0005,0.0005,0.0005,True,True,True,True,True
29,R2,global_common,0.0005,0.0005,0.0005,True,True,True,True,True
29,R3,global_common,0.0005,0.0005,0.0005,True,True,True,True,True
29,R4,global_common,0.0005,0.0005,0.0005,True,True,True,True,True
29,R1,nonlinear_square,0.972,0.0005,0.972,False,True,False,True,True
29,R2,nonlinear_square,1.0,0.0005,1.0,False,True,False,True,True
29,R3,nonlinear_square,0.8375,0.0005,0.0585,False,True,False,True,True
29,R4,nonlinear_square,1.0,0.0005,1.0,False,True,False,True,True
29,R1,nonlinear_tanh,0.0005,0.0005,0.0005,True,True,True,True,True
29,R2,nonlinear_tanh,0.0005,0.0005,0.0005,True,True,True,True,True
29,R3,nonlinear_tanh,0.0005,0.0005,0.0005,True,True,True,True,True
29,R4,nonlinear_tanh,0.0005,0.0005,0.0005,True,True,True,True,True
29,R1,null,1.0,0.804,1.0,False,False,False,True,True
29,R2,null,1.0,1.0,1.0,False,False,False,True,True
29,R3,null,1.0,1.0,1.0,False,False,False,True,True
29,R4,null,1.0,0.9895,1.0,False,False,False,True,True
30,R1,common_pair,0.0005,0.0005,0.0005,True,True,True,True,True
30,R2,common_pair,0.0005,0.0005,0.0005,True,True,True,True,True
30,R3,common_pair,0.0005,0.0005,0.0005,True,True,True,True,True
30,R4,common_pair,0.0005,0.0005,0.0005,True,True,True,True,True
30,R1,direct_linear,0.0005,0.0005,0.0005,True,True,True,True,True
30,R2,direct_linear,0.0005,0.0005,0.0005,True,True,True,True,True
30,R3,direct_linear,0.0005,0.0005,0.0005,True,True,True,True,True
30,R4,direct_linear,0.0005,0.0005,0.0005,True,True,True,True,True
30,R1,global_common,0.0005,0.0005,0.0005,True,True,True,True,True
30,R2,global_common,0.0005,0.0005,0.0005,True,True,True,True,True
30,R3,global_common,0.0005,0.0005,0.0005,True,True,True,True,True
30,R4,global_common,0.0005,0.0005,0.0005,True,True,True,True,True
30,R1,nonlinear_square,1.0,0.0005,0.847,False,True,False,True,True
30,R2,nonlinear_square,1.0,0.0005,1.0,False,True,False,True,True
30,R3,nonlinear_square,0.2945,0.0005,0.2945,False,True,False,True,True
30,R4,nonlinear_square,0.7935,0.0005,0.7935,False,True,False,True,True
30,R1,nonlinear_tanh,0.0005,0.0005,0.0005,True,True,True,True,True
30,R2,nonlinear_tanh,0.0005,0.0005,0.0005,True,True,True,True,True
30,R3,nonlinear_tanh,0.0005,0.0005,0.0005,True,True,True,True,True
30,R4,nonlinear_tanh,0.0005,0.0005,0.0005,True,True,True,True,True
30,R1,null,0.9965,0.9995,0.9965,False,False,False,True,True
30,R2,null,1.0,0.9965,1.0,False,False,False,True,True
30,R3,null,0.8905,0.9935,0.8905,False,False,False,True,True
30,R4,null,1.0,0.9775,1.0,False,False,False,True,True
31,R1,common_pair,0.0005,0.0005,0.0005,True,True,True,True,True
31,R2,common_pair,0.0005,0.0005,0.0005,True,True,True,True,True
31,R3,common_pair,0.0005,0.0005,0.0005,True,True,True,True,True
31,R4,common_pair,0.0005,0.0005,0.0005,True,True,True,True,True
31,R1,direct_linear,0.0005,0.0005,0.0005,True,True,True,True,True
31,R2,direct_linear,0.0005,0.0005,0.0005,True,True,True,True,True
31,R3,direct_linear,0.0005,0.0005,0.0005,True,True,True,True,True
31,R4,direct_linear,0.0005,0.0005,0.0005,True,True,True,True,True
31,R1,global_common,0.0005,0.0005,0.0005,True,True,True,True,True
31,R2,global_common,0.0005,0.0005,0.0005,True,True,True,True,True
31,R3,global_common,0.0005,0.0005,0.0005,True,True,True,True,True
31,R4,global_common,0.0005,0.0005,0.0005,True,True,True,True,True
31,R1,nonlinear_square,1.0,0.0005,0.3015,False,True,False,True,True
31,R2,nonlinear_square,0.9995,0.0005,0.9995,False,True,False,True,True
31,R3,nonlinear_square,1.0,0.0005,0.589,False,True,False,True,True
31,R4,nonlinear_square,1.0,0.0005,1.0,False,True,False,True,True
31,R1,nonlinear_tanh,0.0005,0.0005,0.0005,True,True,True,True,True
31,R2,nonlinear_tanh,0.0005,0.0005,0.0005,True,True,True,True,True
31,R3,nonlinear_tanh,0.0005,0.0005,0.0005,True,True,True,True,True
31,R4,nonlinear_tanh,0.0005,0.0005,0.0005,True,True,True,True,True
31,R1,null,0.373,0.437,0.373,False,False,False,True,True
31,R2,null,1.0,1.0,1.0,False,False,False,True,True
31,R3,null,0.948,0.9655,0.948,False,False,False,True,True
31,R4,null,1.0,0.9755,1.0,False,False,False,True,True
32,R1,common_pair,0.0005,0.0005,0.0005,True,True,True,True,True
32,R2,common_pair,0.0005,0.0005,0.0005,True,True,True,True,True
32,R3,common_pair,0.0005,0.0005,0.0005,True,True,True,True,True
32,R4,common_pair,0.0005,0.0005,0.0005,True,True,True,True,True
32,R1,direct_linear,0.0005,0.0005,0.0005,True,True,True,True,True
32,R2,direct_linear,0.0005,0.0005,0.0005,True,True,True,True,True
32,R3,direct_linear,0.0005,0.0005,0.0005,True,True,True,True,True
32,R4,direct_linear,0.0005,0.0005,0.0005,True,True,True,True,True
32,R1,global_common,0.0005,0.0005,0.0005,True,True,True,True,True
32,R2,global_common,0.0005,0.0005,0.0005,True,True,True,True,True
32,R3,global_common,0.0005,0.0005,0.0005,True,True,True,True,True
32,R4,global_common,0.0005,0.002,0.0005,True,True,True,True,True
32,R1,nonlinear_square,0.1615,0.0005,0.1615,False,True,False,True,True
32,R2,nonlinear_square,0.831,0.0005,0.831,False,True,False,True,True
32,R3,nonlinear_square,1.0,0.0005,0.4605,False,True,False,True,True
32,R4,nonlinear_square,0.588,0.0005,0.588,False,True,False,True,True
32,R1,nonlinear_tanh,0.0005,0.0005,0.0005,True,True,True,True,True
32,R2,nonlinear_tanh,0.0005,0.0005,0.0005,True,True,True,True,True
32,R3,nonlinear_tanh,0.0005,0.0005,0.0005,True,True,True,True,True
32,R4,nonlinear_tanh,0.0005,0.0005,0.0005,True,True,True,True,True
32,R1,null,0.701,1.0,0.701,False,False,False,True,True
32,R2,null,1.0,1.0,1.0,False,False,False,True,True
32,R3,null,0.999,1.0,0.999,False,False,False,True,True
32,R4,null,1.0,0.958,1.0,False,False,False,True,True
33,R1,common_pair,0.0005,0.0005,0.0005,True,True,True,True,True
33,R2,common_pair,0.0005,0.0005,0.0005,True,True,True,True,True
33,R3,common_pair,0.0005,0.0005,0.0005,True,True,True,True,True
33,R4,common_pair,0.0005,0.0005,0.0005,True,True,True,True,True
33,R1,direct_linear,0.0005,0.0005,0.0005,True,True,True,True,True
33,R2,direct_linear,0.0005,0.0005,0.0005,True,True,True,True,True
33,R3,direct_linear,0.0005,0.0005,0.0005,True,True,True,True,True
33,R4,direct_linear,0.0005,0.0005,0.0005,True,True,True,True,True
33,R1,global_common,0.0005,0.0005,0.0005,True,True,True,True,True
33,R2,global_common,0.0005,0.0005,0.0005,True,True,True,True,True
33,R3,global_common,0.0005,0.0005,0.0005,True,True,True,True,True
33,R4,global_common,0.0005,0.0005,0.0005,True,True,True,True,True
33,R1,nonlinear_square,0.991,0.0005,0.243,False,True,False,True,True
33,R2,nonlinear_square,0.9965,0.0005,0.9965,False,True,False,True,True
33,R3,nonlinear_square,1.0,0.0005,0.032,False,True,True,True,True
33,R4,nonlinear_square,0.5185,0.0005,0.5185,False,True,False,True,True
33,R1,nonlinear_tanh,0.0005,0.0005,0.0005,True,True,True,True,True
33,R2,nonlinear_tanh,0.0005,0.0005,0.0005,True,True,True,True,True
33,R3,nonlinear_tanh,0.0005,0.0005,0.0005,True,True,True,True,True
33,R4,nonlinear_tanh,0.0005,0.0005,0.0005,True,True,True,True,True
33,R1,null,0.9995,0.8815,0.9995,False,False,False,True,True
33,R2,null,1.0,1.0,1.0,False,False,False,True,True
33,R3,null,1.0,1.0,1.0,False,False,False,True,True
33,R4,null,1.0,1.0,1.0,False,False,False,True,True
34,R1,common_pair,0.0005,0.0005,0.0005,True,True,True,True,True
34,R2,common_pair,0.0005,0.0005,0.0005,True,True,True,True,True
34,R3,common_pair,0.0005,0.0005,0.0005,True,True,True,True,True
34,R4,common_pair,0.0005,0.0005,0.0005,True,True,True,True,True
34,R1,direct_linear,0.0005,0.0005,0.0005,True,True,True,True,True
34,R2,direct_linear,0.0005,0.0005,0.0005,True,True,True,True,True
34,R3,direct_linear,0.0005,0.0005,0.0005,True,True,True,True,True
34,R4,direct_linear,0.0005,0.0005,0.0005,True,True,True,True,True
34,R1,global_common,0.0005,0.0005,0.0005,True,True,True,True,True
34,R2,global_common,0.0005,0.0005,0.0005,True,True,True,True,True
34,R3,global_common,0.0005,0.0005,0.0005,True,True,True,True,True
34,R4,global_common,0.0005,0.0005,0.0005,True,True,True,True,True
34,R1,nonlinear_square,1.0,0.0005,0.994,False,True,False,True,True
34,R2,nonlinear_square,0.981,0.003,0.981,False,True,False,True,True
34,R3,nonlinear_square,1.0,0.0005,0.738,False,True,False,True,True
34,R4,nonlinear_square,0.0035,0.0005,0.0035,True,True,True,True,True
34,R1,nonlinear_tanh,0.0005,0.0005,0.0005,True,True,True,True,True
34,R2,nonlinear_tanh,0.0005,0.0005,0.0005,True,True,True,True,True
34,R3,nonlinear_tanh,0.0005,0.0005,0.0005,True,True,True,True,True
34,R4,nonlinear_tanh,0.0005,0.0005,0.0005,True,True,True,True,True
34,R1,null,0.999,1.0,0.999,False,False,False,True,True
34,R2,null,0.9835,0.5115,0.9835,False,False,False,True,True
34,R3,null,0.893,1.0,0.893,False,False,False,True,True
34,R4,null,0.833,0.996,0.833,False,False,False,True,True
35,R1,common_pair,0.0005,0.0005,0.0005,True,True,True,True,True
35,R2,common_pair,0.0005,0.0005,0.0005,True,True,True,True,True
35,R3,common_pair,0.0005,0.0005,0.0005,True,True,True,True,True
35,R4,common_pair,0.0005,0.0005,0.0005,True,True,True,True,True
35,R1,direct_linear,0.0005,0.0005,0.0005,True,True,True,True,True
35,R2,direct_linear,0.0005,0.0005,0.0005,True,True,True,True,True
35,R3,direct_linear,0.0005,0.0005,0.0005,True,True,True,True,True
35,R4,direct_linear,0.0005,0.0005,0.0005,True,True,True,True,True
35,R1,global_common,0.0005,0.0005,0.0005,True,True,True,True,True
35,R2,global_common,0.0005,0.0005,0.0005,True,True,True,True,True
35,R3,global_common,0.0005,0.0005,0.0005,True,True,True,True,True
35,R4,global_common,0.0005,0.0005,0.0005,True,True,True,True,True
35,R1,nonlinear_square,1.0,0.0005,0.962,False,True,False,True,True
35,R2,nonlinear_square,0.0075,0.0005,0.0075,True,True,True,True,True
35,R3,nonlinear_square,0.986,0.0005,0.924,False,True,False,True,True
35,R4,nonlinear_square,0.2015,0.0005,0.2015,False,True,False,True,True
35,R1,nonlinear_tanh,0.0005,0.0005,0.0005,True,True,True,True,True
35,R2,nonlinear_tanh,0.0005,0.0005,0.0005,True,True,True,True,True
35,R3,nonlinear_tanh,0.0005,0.0005,0.0005,True,True,True,True,True
35,R4,nonlinear_tanh,0.0005,0.0005,0.0005,True,True,True,True,True
35,R1,null,0.9315,1.0,0.9315,False,False,False,True,True
35,R2,null,0.813,0.9595,0.813,False,False,False,True,True
35,R3,null,0.977,0.997,0.977,False,False,False,True,True
35,R4,null,0.59,0.939,0.59,False,False,False,True,True
36,R1,common_pair,0.0005,0.0005,0.0005,True,True,True,True,True
36,R2,common_pair,0.0005,0.0005,0.0005,True,True,True,True,True
36,R3,common_pair,0.0005,0.0005,0.0005,True,True,True,True,True
36,R4,common_pair,0.0005,0.0005,0.0005,True,True,True,True,True
36,R1,direct_linear,0.0005,0.0005,0.0005,True,True,True,True,True
36,R2,direct_linear,0.0005,0.0005,0.0005,True,True,True,True,True
36,R3,direct_linear,0.0005,0.0005,0.0005,True,True,True,True,True
36,R4,direct_linear,0.0005,0.0005,0.0005,True,True,True,True,True
36,R1,global_common,0.0005,0.0005,0.0005,True,True,True,True,True
36,R2,global_common,0.0005,0.0005,0.0005,True,True,True,True,True
36,R3,global_common,0.0005,0.0005,0.0005,True,True,True,True,True
36,R4,global_common,0.0005,0.0005,0.0005,True,True,True,True,True
36,R1,nonlinear_square,0.992,0.0005,0.6945,False,True,False,True,True
36,R2,nonlinear_square,1.0,0.0005,1.0,False,True,False,True,True
36,R3,nonlinear_square,1.0,0.0005,0.9665,False,True,False,True,True
36,R4,nonlinear_square,1.0,0.0005,1.0,False,True,False,True,True
36,R1,nonlinear_tanh,0.0005,0.0005,0.0005,True,True,True,True,True
36,R2,nonlinear_tanh,0.0005,0.0005,0.0005,True,True,True,True,True
36,R3,nonlinear_tanh,0.0005,0.0005,0.0005,True,True,True,True,True
36,R4,nonlinear_tanh,0.0005,0.0005,0.0005,True,True,True,True,True
36,R1,null,1.0,1.0,1.0,False,False,False,True,True
36,R2,null,0.946,0.705,0.946,False,False,False,True,True
36,R3,null,1.0,1.0,1.0,False,False,False,True,True
36,R4,null,1.0,1.0,1.0,False,False,False,True,True
37,R1,common_pair,0.0005,0.0005,0.0005,True,True,True,True,True
37,R2,common_pair,0.0005,0.0005,0.0005,True,True,True,True,True
37,R3,common_pair,0.0005,0.0005,0.0005,True,True,True,True,True
37,R4,common_pair,0.0005,0.0005,0.0005,True,True,True,True,True
37,R1,direct_linear,0.0005,0.0005,0.0005,True,True,True,True,True
37,R2,direct_linear,0.0005,0.0005,0.0005,True,True,True,True,True
37,R3,direct_linear,0.0005,0.0005,0.0005,True,True,True,True,True
37,R4,direct_linear,0.0005,0.0005,0.0005,True,True,True,True,True
37,R1,global_common,0.0005,0.0005,0.0005,True,True,True,True,True
37,R2,global_common,0.0005,0.0005,0.0005,True,True,True,True,True
37,R3,global_common,0.0005,0.0005,0.0005,True,True,True,True,True
37,R4,global_common,0.0005,0.0005,0.0005,True,True,True,True,True
37,R1,nonlinear_square,0.684,0.0005,0.615,False,True,False,True,True
37,R2,nonlinear_square,0.998,0.0005,0.998,False,True,False,True,True
37,R3,nonlinear_square,0.999,0.0005,0.2575,False,True,False,True,True
37,R4,nonlinear_square,1.0,0.0005,1.0,False,True,False,True,True
37,R1,nonlinear_tanh,0.0005,0.0005,0.0005,True,True,True,True,True
37,R2,nonlinear_tanh,0.0005,0.0005,0.0005,True,True,True,True,True
37,R3,nonlinear_tanh,0.0005,0.0005,0.0005,True,True,True,True,True
37,R4,nonlinear_tanh,0.0005,0.0005,0.0005,True,True,True,True,True
37,R1,null,0.959,0.9895,0.959,False,False,False,True,True
37,R2,null,0.92,1.0,0.92,False,False,False,True,True
37,R3,null,1.0,0.932,1.0,False,False,False,True,True
37,R4,null,1.0,1.0,1.0,False,False,False,True,True
38,R1,common_pair,0.0005,0.0005,0.0005,True,True,True,True,True
38,R2,common_pair,0.0005,0.0005,0.0005,True,True,True,True,True
38,R3,common_pair,0.0005,0.0005,0.0005,True,True,True,True,True
38,R4,common_pair,0.0005,0.0005,0.0005,True,True,True,True,True
38,R1,direct_linear,0.0005,0.0005,0.0005,True,True,True,True,True
38,R2,direct_linear,0.0005,0.0005,0.0005,True,True,True,True,True
38,R3,direct_linear,0.0005,0.0005,0.0005,True,True,True,True,True
38,R4,direct_linear,0.0005,0.0005,0.0005,True,True,True,True,True
38,R1,global_common,0.0005,0.0005,0.0005,True,True,True,True,True
38,R2,global_common,0.0005,0.0005,0.0005,True,True,True,True,True
38,R3,global_common,0.0005,0.0005,0.0005,True,True,True,True,True
38,R4,global_common,0.0005,0.0005,0.0005,True,True,True,True,True
38,R1,nonlinear_square,1.0,0.0005,1.0,False,True,False,True,True
38,R2,nonlinear_square,0.0655,0.0015,0.0655,False,True,False,True,True
38,R3,nonlinear_square,0.9995,0.0005,0.874,False,True,False,True,True
38,R4,nonlinear_square,0.992,0.0005,0.992,False,True,False,True,True
38,R1,nonlinear_tanh,0.0005,0.0005,0.0005,True,True,True,True,True
38,R2,nonlinear_tanh,0.0005,0.0005,0.0005,True,True,True,True,True
38,R3,nonlinear_tanh,0.0005,0.0005,0.0005,True,True,True,True,True
38,R4,nonlinear_tanh,0.0005,0.0005,0.0005,True,True,True,True,True
38,R1,null,0.928,1.0,0.928,False,False,False,True,True
38,R2,null,1.0,1.0,1.0,False,False,False,True,True
38,R3,null,1.0,1.0,1.0,False,False,False,True,True
38,R4,null,1.0,1.0,1.0,False,False,False,True,True
39,R1,common_pair,0.0005,0.0005,0.0005,True,True,True,True,True
39,R2,common_pair,0.0005,0.0005,0.0005,True,True,True,True,True
39,R3,common_pair,0.0005,0.0005,0.0005,True,True,True,True,True
39,R4,common_pair,0.0005,0.0005,0.0005,True,True,True,True,True
39,R1,direct_linear,0.0005,0.0005,0.0005,True,True,True,True,True
39,R2,direct_linear,0.0005,0.0005,0.0005,True,True,True,True,True
39,R3,direct_linear,0.0005,0.0005,0.0005,True,True,True,True,True
39,R4,direct_linear,0.0005,0.0005,0.0005,True,True,True,True,True
39,R1,global_common,0.0005,0.0005,0.0005,True,True,True,True,True
39,R2,global_common,0.0005,0.0005,0.0005,True,True,True,True,True
39,R3,global_common,0.0005,0.0005,0.0005,True,True,True,True,True
39,R4,global_common,0.0005,0.0005,0.0005,True,True,True,True,True
39,R1,nonlinear_square,0.3395,0.0005,0.3395,False,True,False,True,True
39,R2,nonlinear_square,1.0,0.0005,1.0,False,True,False,True,True
39,R3,nonlinear_square,1.0,0.0005,0.9705,False,True,False,True,True
39,R4,nonlinear_square,0.1755,0.0005,0.1755,False,True,False,True,True
39,R1,nonlinear_tanh,0.0005,0.0005,0.0005,True,True,True,True,True
39,R2,nonlinear_tanh,0.0005,0.0005,0.0005,True,True,True,True,True
39,R3,nonlinear_tanh,0.0005,0.0005,0.0005,True,True,True,True,True
39,R4,nonlinear_tanh,0.0005,0.0005,0.0005,True,True,True,True,True
39,R1,null,0.906,1.0,0.906,False,False,False,True,True
39,R2,null,0.8415,0.8645,0.8415,False,False,False,True,True
39,R3,null,1.0,1.0,1.0,False,False,False,True,True
39,R4,null,1.0,0.982,1.0,False,False,False,True,True
40,R1,common_pair,0.0005,0.0005,0.0005,True,True,True,True,True
40,R2,common_pair,0.0005,0.0005,0.0005,True,True,True,True,True
40,R3,common_pair,0.0005,0.0005,0.0005,True,True,True,True,True
40,R4,common_pair,0.0005,0.0005,0.0005,True,True,True,True,True
40,R1,direct_linear,0.0005,0.0005,0.0005,True,True,True,True,True
40,R2,direct_linear,0.0005,0.0005,0.0005,True,True,True,True,True
40,R3,direct_linear,0.0005,0.0005,0.0005,True,True,True,True,True
40,R4,direct_linear,0.0005,0.0005,0.0005,True,True,True,True,True
40,R1,global_common,0.0005,0.0005,0.0005,True,True,True,True,True
40,R2,global_common,0.0005,0.0005,0.0005,True,True,True,True,True
40,R3,global_common,0.0005,0.0005,0.0005,True,True,True,True,True
40,R4,global_common,0.0005,0.0005,0.0005,True,True,True,True,True
40,R1,nonlinear_square,1.0,0.0005,1.0,False,True,False,True,True
40,R2,nonlinear_square,0.143,0.0005,0.143,False,True,False,True,True
40,R3,nonlinear_square,0.9735,0.0005,0.5755,False,True,False,True,True
40,R4,nonlinear_square,1.0,0.0005,1.0,False,True,False,True,True
40,R1,nonlinear_tanh,0.0005,0.0005,0.0005,True,True,True,True,True
40,R2,nonlinear_tanh,0.0005,0.0005,0.0005,True,True,True,True,True
40,R3,nonlinear_tanh,0.0005,0.0005,0.0005,True,True,True,True,True
40,R4,nonlinear_tanh,0.0005,0.0005,0.0005,True,True,True,True,True
40,R1,null,0.8635,0.9885,0.8635,False,False,False,True,True
40,R2,null,1.0,1.0,1.0,False,False,False,True,True
40,R3,null,1.0,1.0,1.0,False,False,False,True,True
40,R4,null,1.0,0.5825,1.0,False,False,False,True,True
41,R1,common_pair,0.0005,0.0005,0.0005,True,True,True,True,True
41,R2,common_pair,0.0005,0.0005,0.0005,True,True,True,True,True
41,R3,common_pair,0.0005,0.0005,0.0005,True,True,True,True,True
41,R4,common_pair,0.0005,0.0005,0.0005,True,True,True,True,True
41,R1,direct_linear,0.0005,0.0005,0.0005,True,True,True,True,True
41,R2,direct_linear,0.0005,0.0005,0.0005,True,True,True,True,True
41,R3,direct_linear,0.0005,0.0005,0.0005,True,True,True,True,True
41,R4,direct_linear,0.0005,0.0005,0.0005,True,True,True,True,True
41,R1,global_common,0.0005,0.0005,0.0005,True,True,True,True,True
41,R2,global_common,0.0005,0.0005,0.0005,True,True,True,True,True
41,R3,global_common,0.0005,0.0005,0.0005,True,True,True,True,True
41,R4,global_common,0.0005,0.0005,0.0005,True,True,True,True,True
41,R1,nonlinear_square,0.9995,0.0005,0.9655,False,True,False,True,True
41,R2,nonlinear_square,0.226,0.0005,0.226,False,True,False,True,True
41,R3,nonlinear_square,1.0,0.0005,1.0,False,True,False,True,True
41,R4,nonlinear_square,1.0,0.0005,1.0,False,True,False,True,True
41,R1,nonlinear_tanh,0.0005,0.0005,0.0005,True,True,True,True,True
41,R2,nonlinear_tanh,0.0005,0.0005,0.0005,True,True,True,True,True
41,R3,nonlinear_tanh,0.0005,0.0005,0.0005,True,True,True,True,True
41,R4,nonlinear_tanh,0.0005,0.0005,0.0005,True,True,True,True,True
41,R1,null,1.0,1.0,1.0,False,False,False,True,True
41,R2,null,0.979,1.0,0.979,False,False,False,True,True
41,R3,null,1.0,1.0,1.0,False,False,False,True,True
41,R4,null,0.9945,0.825,0.9945,False,False,False,True,True
42,R1,common_pair,0.0005,0.0005,0.0005,True,True,True,True,True
42,R2,common_pair,0.0005,0.0005,0.0005,True,True,True,True,True
42,R3,common_pair,0.0005,0.0005,0.0005,True,True,True,True,True
42,R4,common_pair,0.0005,0.0005,0.0005,True,True,True,True,True
42,R1,direct_linear,0.0005,0.0005,0.0005,True,True,True,True,True
42,R2,direct_linear,0.0005,0.0005,0.0005,True,True,True,True,True
42,R3,direct_linear,0.0005,0.0005,0.0005,True,True,True,True,True
42,R4,direct_linear,0.0005,0.0005,0.0005,True,True,True,True,True
42,R1,global_common,0.0005,0.0005,0.0005,True,True,True,True,True
42,R2,global_common,0.0005,0.0005,0.0005,True,True,True,True,True
42,R3,global_common,0.0005,0.0005,0.0005,True,True,True,True,True
42,R4,global_common,0.0005,0.0005,0.0005,True,True,True,True,True
42,R1,nonlinear_square,0.0925,0.0005,0.0925,False,True,False,True,True
42,R2,nonlinear_square,0.094,0.0005,0.094,False,True,False,True,True
42,R3,nonlinear_square,1.0,0.0005,0.3105,False,True,False,True,True
42,R4,nonlinear_square,0.9795,0.0005,0.9795,False,True,False,True,True
42,R1,nonlinear_tanh,0.0005,0.0005,0.0005,True,True,True,True,True
42,R2,nonlinear_tanh,0.0005,0.0005,0.0005,True,True,True,True,True
42,R3,nonlinear_tanh,0.0005,0.0005,0.0005,True,True,True,True,True
42,R4,nonlinear_tanh,0.0005,0.0005,0.0005,True,True,True,True,True
42,R1,null,1.0,0.8275,1.0,False,False,False,True,True
42,R2,null,0.994,1.0,0.994,False,False,False,True,True
42,R3,null,0.9995,0.4885,0.9995,False,False,False,True,True
42,R4,null,1.0,1.0,1.0,False,False,False,True,True
43,R1,common_pair,0.0005,0.0005,0.0005,True,True,True,True,True
43,R2,common_pair,0.0005,0.0005,0.0005,True,True,True,True,True
43,R3,common_pair,0.0005,0.0005,0.0005,True,True,True,True,True
43,R4,common_pair,0.0005,0.0005,0.0005,True,True,True,True,True
43,R1,direct_linear,0.0005,0.0005,0.0005,True,True,True,True,True
43,R2,direct_linear,0.0005,0.0005,0.0005,True,True,True,True,True
43,R3,direct_linear,0.0005,0.0005,0.0005,True,True,True,True,True
43,R4,direct_linear,0.0005,0.0005,0.0005,True,True,True,True,True
43,R1,global_common,0.0005,0.0005,0.0005,True,True,True,True,True
43,R2,global_common,0.0005,0.0005,0.0005,True,True,True,True,True
43,R3,global_common,0.0005,0.0005,0.0005,True,True,True,True,True
43,R4,global_common,0.0005,0.0005,0.0005,True,True,True,True,True
43,R1,nonlinear_square,0.9955,0.0005,0.8955,False,True,False,True,True
43,R2,nonlinear_square,1.0,0.0005,1.0,False,True,False,True,True
43,R3,nonlinear_square,1.0,0.0005,0.3955,False,True,False,True,True
43,R4,nonlinear_square,0.994,0.0005,0.994,False,True,False,True,True
43,R1,nonlinear_tanh,0.0005,0.0005,0.0005,True,True,True,True,True
43,R2,nonlinear_tanh,0.0005,0.0005,0.0005,True,True,True,True,True
43,R3,nonlinear_tanh,0.0005,0.0005,0.0005,True,True,True,True,True
43,R4,nonlinear_tanh,0.0005,0.0005,0.0005,True,True,True,True,True
43,R1,null,1.0,1.0,1.0,False,False,False,True,True
43,R2,null,1.0,1.0,1.0,False,False,False,True,True
43,R3,null,1.0,1.0,1.0,False,False,False,True,True
43,R4,null,1.0,1.0,1.0,False,False,False,True,True
44,R1,common_pair,0.0005,0.0005,0.0005,True,True,True,True,True
44,R2,common_pair,0.0005,0.0005,0.0005,True,True,True,True,True
44,R3,common_pair,0.0005,0.0005,0.0005,True,True,True,True,True
44,R4,common_pair,0.0005,0.0005,0.0005,True,True,True,True,True
44,R1,direct_linear,0.0005,0.0005,0.0005,True,True,True,True,True
44,R2,direct_linear,0.0005,0.0005,0.0005,True,True,True,True,True
44,R3,direct_linear,0.0005,0.0005,0.0005,True,True,True,True,True
44,R4,direct_linear,0.0005,0.0005,0.0005,True,True,True,True,True
44,R1,global_common,0.0005,0.0005,0.0005,True,True,True,True,True
44,R2,global_common,0.0005,0.0005,0.0005,True,True,True,True,True
44,R3,global_common,0.0005,0.016,0.0005,True,True,True,True,True
44,R4,global_common,0.0005,0.0005,0.0005,True,True,True,True,True
44,R1,nonlinear_square,0.9995,0.0005,0.8295,False,True,False,True,True
44,R2,nonlinear_square,0.1635,0.0005,0.1635,False,True,False,True,True
44,R3,nonlinear_square,0.9985,0.0005,0.9985,False,True,False,True,True
44,R4,nonlinear_square,0.708,0.0005,0.708,False,True,False,True,True
44,R1,nonlinear_tanh,0.0005,0.0005,0.0005,True,True,True,True,True
44,R2,nonlinear_tanh,0.0005,0.0005,0.0005,True,True,True,True,True
44,R3,nonlinear_tanh,0.0005,0.0005,0.0005,True,True,True,True,True
44,R4,nonlinear_tanh,0.0005,0.0005,0.0005,True,True,True,True,True
44,R1,null,1.0,0.9265,1.0,False,False,False,True,True
44,R2,null,1.0,1.0,1.0,False,False,False,True,True
44,R3,null,1.0,0.9935,1.0,False,False,False,True,True
44,R4,null,1.0,1.0,1.0,False,False,False,True,True
45,R1,common_pair,0.0005,0.0005,0.0005,True,True,True,True,True
45,R2,common_pair,0.0005,0.0005,0.0005,True,True,True,True,True
45,R3,common_pair,0.0005,0.0005,0.0005,True,True,True,True,True
45,R4,common_pair,0.0005,0.0005,0.0005,True,True,True,True,True
45,R1,direct_linear,0.0005,0.0005,0.0005,True,True,True,True,True
45,R2,direct_linear,0.0005,0.0005,0.0005,True,True,True,True,True
45,R3,direct_linear,0.0005,0.0005,0.0005,True,True,True,True,True
45,R4,direct_linear,0.0005,0.0005,0.0005,True,True,True,True,True
45,R1,global_common,0.0005,0.0005,0.0005,True,True,True,True,True
45,R2,global_common,0.0005,0.0005,0.0005,True,True,True,True,True
45,R3,global_common,0.0005,0.0005,0.0005,True,True,True,True,True
45,R4,global_common,0.0005,0.0005,0.0005,True,True,True,True,True
45,R1,nonlinear_square,0.0385,0.0005,0.0385,True,True,True,True,True
45,R2,nonlinear_square,0.6015,0.0005,0.6015,False,True,False,True,True
45,R3,nonlinear_square,1.0,0.0005,0.973,False,True,False,True,True
45,R4,nonlinear_square,0.274,0.0005,0.274,False,True,False,True,True
45,R1,nonlinear_tanh,0.0005,0.0005,0.0005,True,True,True,True,True
45,R2,nonlinear_tanh,0.0005,0.0005,0.0005,True,True,True,True,True
45,R3,nonlinear_tanh,0.0005,0.0005,0.0005,True,True,True,True,True
45,R4,nonlinear_tanh,0.0005,0.0005,0.0005,True,True,True,True,True
45,R1,null,0.6155,0.998,0.6155,False,False,False,True,True
45,R2,null,0.897,1.0,0.897,False,False,False,True,True
45,R3,null,0.9865,1.0,0.9865,False,False,False,True,True
45,R4,null,1.0,1.0,1.0,False,False,False,True,True
46,R1,common_pair,0.0005,0.0005,0.0005,True,True,True,True,True
46,R2,common_pair,0.0005,0.0005,0.0005,True,True,True,True,True
46,R3,common_pair,0.0005,0.0005,0.0005,True,True,True,True,True
46,R4,common_pair,0.0005,0.0005,0.0005,True,True,True,True,True
46,R1,direct_linear,0.0005,0.0005,0.0005,True,True,True,True,True
46,R2,direct_linear,0.0005,0.0005,0.0005,True,True,True,True,True
46,R3,direct_linear,0.0005,0.0005,0.0005,True,True,True,True,True
46,R4,direct_linear,0.0005,0.0005,0.0005,True,True,True,True,True
46,R1,global_common,0.0005,0.0005,0.0005,True,True,True,True,True
46,R2,global_common,0.0005,0.0005,0.0005,True,True,True,True,True
46,R3,global_common,0.0005,0.0005,0.0005,True,True,True,True,True
46,R4,global_common,0.0005,0.0005,0.0005,True,True,True,True,True
46,R1,nonlinear_square,1.0,0.0005,0.939,False,True,False,True,True
46,R2,nonlinear_square,1.0,0.0005,1.0,False,True,False,True,True
46,R3,nonlinear_square,1.0,0.0005,0.961,False,True,False,True,True
46,R4,nonlinear_square,0.208,0.0005,0.208,False,True,False,True,True
46,R1,nonlinear_tanh,0.0005,0.0005,0.0005,True,True,True,True,True
46,R2,nonlinear_tanh,0.0005,0.0005,0.0005,True,True,True,True,True
46,R3,nonlinear_tanh,0.0005,0.0005,0.0005,True,True,True,True,True
46,R4,nonlinear_tanh,0.0005,0.0005,0.0005,True,True,True,True,True
46,R1,null,0.9995,1.0,0.9995,False,False,False,True,True
46,R2,null,0.9855,1.0,0.9855,False,False,False,True,True
46,R3,null,1.0,1.0,1.0,False,False,False,True,True
46,R4,null,1.0,0.9995,1.0,False,False,False,True,True
47,R1,common_pair,0.0005,0.0005,0.0005,True,True,True,True,True
47,R2,common_pair,0.0005,0.0005,0.0005,True,True,True,True,True
47,R3,common_pair,0.0005,0.0005,0.0005,True,True,True,True,True
47,R4,common_pair,0.0005,0.0005,0.0005,True,True,True,True,True
47,R1,direct_linear,0.0005,0.0005,0.0005,True,True,True,True,True
47,R2,direct_linear,0.0005,0.0005,0.0005,True,True,True,True,True
47,R3,direct_linear,0.0005,0.0005,0.0005,True,True,True,True,True
47,R4,direct_linear,0.0005,0.0005,0.0005,True,True,True,True,True
47,R1,global_common,0.0005,0.0005,0.0005,True,True,True,True,True
47,R2,global_common,0.0005,0.0005,0.0005,True,True,True,True,True
47,R3,global_common,0.0005,0.0005,0.0005,True,True,True,True,True
47,R4,global_common,0.0005,0.0005,0.0005,True,True,True,True,True
47,R1,nonlinear_square,0.999,0.0005,0.999,False,True,False,True,True
47,R2,nonlinear_square,1.0,0.0005,1.0,False,True,False,True,True
47,R3,nonlinear_square,0.6595,0.0005,0.6595,False,True,False,True,True
47,R4,nonlinear_square,0.999,0.0005,0.999,False,True,False,True,True
47,R1,nonlinear_tanh,0.0005,0.0005,0.0005,True,True,True,True,True
47,R2,nonlinear_tanh,0.0005,0.0005,0.0005,True,True,True,True,True
47,R3,nonlinear_tanh,0.0005,0.0005,0.0005,True,True,True,True,True
47,R4,nonlinear_tanh,0.0005,0.0005,0.0005,True,True,True,True,True
47,R1,null,1.0,0.9995,1.0,False,False,False,True,True
47,R2,null,1.0,1.0,1.0,False,False,False,True,True
47,R3,null,0.998,0.8405,0.998,False,False,False,True,True
47,R4,null,1.0,1.0,1.0,False,False,False,True,True
48,R1,common_pair,0.0005,0.0005,0.0005,True,True,True,True,True
48,R2,common_pair,0.0005,0.0005,0.0005,True,True,True,True,True
48,R3,common_pair,0.0005,0.0005,0.0005,True,True,True,True,True
48,R4,common_pair,0.0005,0.0005,0.0005,True,True,True,True,True
48,R1,direct_linear,0.0005,0.0005,0.0005,True,True,True,True,True
48,R2,direct_linear,0.0005,0.0005,0.0005,True,True,True,True,True
48,R3,direct_linear,0.0005,0.0005,0.0005,True,True,True,True,True
48,R4,direct_linear,0.0005,0.0005,0.0005,True,True,True,True,True
48,R1,global_common,0.0005,0.0005,0.0005,True,True,True,True,True
48,R2,global_common,0.0005,0.0005,0.0005,True,True,True,True,True
48,R3,global_common,0.0005,0.0005,0.0005,True,True,True,True,True
48,R4,global_common,0.0005,0.0005,0.0005,True,True,True,True,True
48,R1,nonlinear_square,1.0,0.0005,0.3565,False,True,False,True,True
48,R2,nonlinear_square,1.0,0.0005,0.999,False,True,False,True,True
48,R3,nonlinear_square,1.0,0.0005,0.3425,False,True,False,True,True
48,R4,nonlinear_square,1.0,0.0005,1.0,False,True,False,True,True
48,R1,nonlinear_tanh,0.0005,0.0005,0.0005,True,True,True,True,True
48,R2,nonlinear_tanh,0.0005,0.0005,0.0005,True,True,True,True,True
48,R3,nonlinear_tanh,0.0005,0.0005,0.0005,True,True,True,True,True
48,R4,nonlinear_tanh,0.0005,0.0005,0.0005,True,True,True,True,True
48,R1,null,1.0,1.0,1.0,False,False,False,True,True
48,R2,null,0.9965,0.775,0.9965,False,False,False,True,True
48,R3,null,0.8425,0.999,0.8425,False,False,False,True,True
48,R4,null,1.0,1.0,1.0,False,False,False,True,True
49,R1,common_pair,0.0005,0.0005,0.0005,True,True,True,True,True
49,R2,common_pair,0.0005,0.0005,0.0005,True,True,True,True,True
49,R3,common_pair,0.0005,0.0005,0.0005,True,True,True,True,True
49,R4,common_pair,0.0005,0.0005,0.0005,True,True,True,True,True
49,R1,direct_linear,0.0005,0.0005,0.0005,True,True,True,True,True
49,R2,direct_linear,0.0005,0.0005,0.0005,True,True,True,True,True
49,R3,direct_linear,0.0005,0.0005,0.0005,True,True,True,True,True
49,R4,direct_linear,0.0005,0.0005,0.0005,True,True,True,True,True
49,R1,global_common,0.0005,0.0005,0.0005,True,True,True,True,True
49,R2,global_common,0.0005,0.0005,0.0005,True,True,True,True,True
49,R3,global_common,0.0005,0.0005,0.0005,True,True,True,True,True
49,R4,global_common,0.0005,0.0005,0.0005,True,True,True,True,True
49,R1,nonlinear_square,0.5005,0.0005,0.5005,False,True,False,True,True
49,R2,nonlinear_square,0.9955,0.0005,0.9955,False,True,False,True,True
49,R3,nonlinear_square,0.653,0.0005,0.1805,False,True,False,True,True
49,R4,nonlinear_square,0.9795,0.0005,0.9795,False,True,False,True,True
49,R1,nonlinear_tanh,0.0005,0.0005,0.0005,True,True,True,True,True
49,R2,nonlinear_tanh,0.0005,0.0005,0.0005,True,True,True,True,True
49,R3,nonlinear_tanh,0.0005,0.0005,0.0005,True,True,True,True,True
49,R4,nonlinear_tanh,0.0005,0.0005,0.0005,True,True,True,True,True
49,R1,null,0.768,0.529,0.768,False,False,False,True,True
49,R2,null,1.0,1.0,1.0,False,False,False,True,True
49,R3,null,0.999,0.9925,0.999,False,False,False,True,True
49,R4,null,0.9895,1.0,0.9895,False,False,False,True,True
50,R1,common_pair,0.0005,0.0005,0.0005,True,True,True,True,True
50,R2,common_pair,0.0005,0.0005,0.0005,True,True,True,True,True
50,R3,common_pair,0.0005,0.0005,0.0005,True,True,True,True,True
50,R4,common_pair,0.0005,0.0005,0.0005,True,True,True,True,True
50,R1,direct_linear,0.0005,0.0005,0.0005,True,True,True,True,True
50,R2,direct_linear,0.0005,0.0005,0.0005,True,True,True,True,True
50,R3,direct_linear,0.0005,0.0005,0.0005,True,True,True,True,True
50,R4,direct_linear,0.0005,0.0005,0.0005,True,True,True,True,True
50,R1,global_common,0.0005,0.0005,0.0005,True,True,True,True,True
50,R2,global_common,0.0005,0.0005,0.0005,True,True,True,True,True
50,R3,global_common,0.0005,0.0005,0.0005,True,True,True,True,True
50,R4,global_common,0.0005,0.0005,0.0005,True,True,True,True,True
50,R1,nonlinear_square,0.8515,0.0005,0.8515,False,True,False,True,True
50,R2,nonlinear_square,0.954,0.0005,0.954,False,True,False,True,True
50,R3,nonlinear_square,1.0,0.0005,0.96,False,True,False,True,True
50,R4,nonlinear_square,0.902,0.0005,0.902,False,True,False,True,True
50,R1,nonlinear_tanh,0.0005,0.0005,0.0005,True,True,True,True,True
50,R2,nonlinear_tanh,0.0005,0.0005,0.0005,True,True,True,True,True
50,R3,nonlinear_tanh,0.0005,0.0005,0.0005,True,True,True,True,True
50,R4,nonlinear_tanh,0.0005,0.0005,0.0005,True,True,True,True,True
50,R1,null,1.0,0.996,1.0,False,False,False,True,True
50,R2,null,0.855,1.0,0.855,False,False,False,True,True
50,R3,null,0.991,0.986,0.991,False,False,False,True,True
50,R4,null,1.0,1.0,1.0,False,False,False,True,True
51,R1,common_pair,0.0005,0.0005,0.0005,True,True,True,True,True
51,R2,common_pair,0.0005,0.0005,0.0005,True,True,True,True,True
51,R3,common_pair,0.0005,0.0005,0.0005,True,True,True,True,True
51,R4,common_pair,0.0005,0.0005,0.0005,True,True,True,True,True
51,R1,direct_linear,0.0005,0.0005,0.0005,True,True,True,True,True
51,R2,direct_linear,0.0005,0.0005,0.0005,True,True,True,True,True
51,R3,direct_linear,0.0005,0.0005,0.0005,True,True,True,True,True
51,R4,direct_linear,0.0005,0.0005,0.0005,True,True,True,True,True
51,R1,global_common,0.0005,0.0005,0.0005,True,True,True,True,True
51,R2,global_common,0.0005,0.0005,0.0005,True,True,True,True,True
51,R3,global_common,0.0005,0.0005,0.0005,True,True,True,True,True
51,R4,global_common,0.0005,0.0005,0.0005,True,True,True,True,True
51,R1,nonlinear_square,0.9995,0.0005,0.9995,False,True,False,True,True
51,R2,nonlinear_square,1.0,0.001,1.0,False,True,False,True,True
51,R3,nonlinear_square,0.417,0.0005,0.417,False,True,False,True,True
51,R4,nonlinear_square,0.473,0.0005,0.473,False,True,False,True,True
51,R1,nonlinear_tanh,0.0005,0.0005,0.0005,True,True,True,True,True
51,R2,nonlinear_tanh,0.0005,0.0005,0.0005,True,True,True,True,True
51,R3,nonlinear_tanh,0.0005,0.0005,0.0005,True,True,True,True,True
51,R4,nonlinear_tanh,0.0005,0.0005,0.0005,True,True,True,True,True
51,R1,null,1.0,1.0,1.0,False,False,False,True,True
51,R2,null,0.9995,0.993,0.9995,False,False,False,True,True
51,R3,null,1.0,0.773,1.0,False,False,False,True,True
51,R4,null,0.7485,1.0,0.7485,False,False,False,True,True
52,R1,common_pair,0.0005,0.0005,0.0005,True,True,True,True,True
52,R2,common_pair,0.0005,0.0005,0.0005,True,True,True,True,True
52,R3,common_pair,0.0005,0.0005,0.0005,True,True,True,True,True
52,R4,common_pair,0.0005,0.0005,0.0005,True,True,True,True,True
52,R1,direct_linear,0.0005,0.0005,0.0005,True,True,True,True,True
52,R2,direct_linear,0.0005,0.0005,0.0005,True,True,True,True,True
52,R3,direct_linear,0.0005,0.0005,0.0005,True,True,True,True,True
52,R4,direct_linear,0.0005,0.0005,0.0005,True,True,True,True,True
52,R1,global_common,0.0005,0.0005,0.0005,True,True,True,True,True
52,R2,global_common,0.0005,0.0005,0.0005,True,True,True,True,True
52,R3,global_common,0.0005,0.0005,0.0005,True,True,True,True,True
52,R4,global_common,0.0005,0.0005,0.0005,True,True,True,True,True
52,R1,nonlinear_square,0.498,0.0005,0.4685,False,True,False,True,True
52,R2,nonlinear_square,0.9045,0.0015,0.9045,False,True,False,True,True
52,R3,nonlinear_square,0.2905,0.0005,0.2905,False,True,False,True,True
52,R4,nonlinear_square,1.0,0.0005,1.0,False,True,False,True,True
52,R1,nonlinear_tanh,0.0005,0.0005,0.0005,True,True,True,True,True
52,R2,nonlinear_tanh,0.0005,0.0005,0.0005,True,True,True,True,True
52,R3,nonlinear_tanh,0.0005,0.0005,0.0005,True,True,True,True,True
52,R4,nonlinear_tanh,0.0005,0.0005,0.0005,True,True,True,True,True
52,R1,null,0.998,1.0,0.998,False,False,False,True,True
52,R2,null,1.0,1.0,1.0,False,False,False,True,True
52,R3,null,0.9995,1.0,0.9995,False,False,False,True,True
52,R4,null,1.0,0.987,1.0,False,False,False,True,True
53,R1,common_pair,0.0005,0.0005,0.0005,True,True,True,True,True
53,R2,common_pair,0.0005,0.0005,0.0005,True,True,True,True,True
53,R3,common_pair,0.0005,0.0005,0.0005,True,True,True,True,True
53,R4,common_pair,0.0005,0.0005,0.0005,True,True,True,True,True
53,R1,direct_linear,0.0005,0.0005,0.0005,True,True,True,True,True
53,R2,direct_linear,0.0005,0.0005,0.0005,True,True,True,True,True
53,R3,direct_linear,0.0005,0.0005,0.0005,True,True,True,True,True
53,R4,direct_linear,0.0005,0.0005,0.0005,True,True,True,True,True
53,R1,global_common,0.0005,0.0005,0.0005,True,True,True,True,True
53,R2,global_common,0.0005,0.0005,0.0005,True,True,True,True,True
53,R3,global_common,0.0005,0.0005,0.0005,True,True,True,True,True
53,R4,global_common,0.0005,0.0005,0.0005,True,True,True,True,True
53,R1,nonlinear_square,1.0,0.0005,1.0,False,True,False,True,True
53,R2,nonlinear_square,1.0,0.0005,1.0,False,True,False,True,True
53,R3,nonlinear_square,0.993,0.0005,0.8475,False,True,False,True,True
53,R4,nonlinear_square,0.0305,0.0005,0.0305,True,True,True,True,True
53,R1,nonlinear_tanh,0.0005,0.0005,0.0005,True,True,True,True,True
53,R2,nonlinear_tanh,0.0005,0.0005,0.0005,True,True,True,True,True
53,R3,nonlinear_tanh,0.0005,0.0005,0.0005,True,True,True,True,True
53,R4,nonlinear_tanh,0.0005,0.0005,0.0005,True,True,True,True,True
53,R1,null,0.314,0.5475,0.314,False,False,False,True,True
53,R2,null,1.0,1.0,1.0,False,False,False,True,True
53,R3,null,0.967,0.984,0.967,False,False,False,True,True
53,R4,null,0.4525,0.8135,0.4525,False,False,False,True,True
54,R1,common_pair,0.0005,0.0005,0.0005,True,True,True,True,True
54,R2,common_pair,0.0005,0.0005,0.0005,True,True,True,True,True
54,R3,common_pair,0.0005,0.0005,0.0005,True,True,True,True,True
54,R4,common_pair,0.0005,0.0005,0.0005,True,True,True,True,True
54,R1,direct_linear,0.0005,0.0005,0.0005,True,True,True,True,True
54,R2,direct_linear,0.0005,0.0005,0.0005,True,True,True,True,True
54,R3,direct_linear,0.0005,0.0005,0.0005,True,True,True,True,True
54,R4,direct_linear,0.0005,0.0005,0.0005,True,True,True,True,True
54,R1,global_common,0.0005,0.0005,0.0005,True,True,True,True,True
54,R2,global_common,0.0005,0.0005,0.0005,True,True,True,True,True
54,R3,global_common,0.0005,0.0005,0.0005,True,True,True,True,True
54,R4,global_common,0.0005,0.0005,0.0005,True,True,True,True,True
54,R1,nonlinear_square,1.0,0.0005,0.9585,False,True,False,True,True
54,R2,nonlinear_square,1.0,0.001,1.0,False,True,False,True,True
54,R3,nonlinear_square,0.524,0.0005,0.524,False,True,False,True,True
54,R4,nonlinear_square,1.0,0.0005,1.0,False,True,False,True,True
54,R1,nonlinear_tanh,0.0005,0.0005,0.0005,True,True,True,True,True
54,R2,nonlinear_tanh,0.0005,0.0005,0.0005,True,True,True,True,True
54,R3,nonlinear_tanh,0.0005,0.0005,0.0005,True,True,True,True,True
54,R4,nonlinear_tanh,0.0005,0.0005,0.0005,True,True,True,True,True
54,R1,null,1.0,0.996,1.0,False,False,False,True,True
54,R2,null,1.0,1.0,1.0,False,False,False,True,True
54,R3,null,0.9905,0.9975,0.9905,False,False,False,True,True
54,R4,null,1.0,1.0,1.0,False,False,False,True,True
55,R1,common_pair,0.0005,0.0005,0.0005,True,True,True,True,True
55,R2,common_pair,0.0005,0.0005,0.0005,True,True,True,True,True
55,R3,common_pair,0.0005,0.0005,0.0005,True,True,True,True,True
55,R4,common_pair,0.0005,0.0005,0.0005,True,True,True,True,True
55,R1,direct_linear,0.0005,0.0005,0.0005,True,True,True,True,True
55,R2,direct_linear,0.0005,0.0005,0.0005,True,True,True,True,True
55,R3,direct_linear,0.0005,0.0005,0.0005,True,True,True,True,True
55,R4,direct_linear,0.0005,0.0005,0.0005,True,True,True,True,True
55,R1,global_common,0.0005,0.0005,0.0005,True,True,True,True,True
55,R2,global_common,0.0005,0.0005,0.0005,True,True,True,True,True
55,R3,global_common,0.0005,0.0005,0.0005,True,True,True,True,True
55,R4,global_common,0.0005,0.0005,0.0005,True,True,True,True,True
55,R1,nonlinear_square,1.0,0.0005,0.8475,False,True,False,True,True
55,R2,nonlinear_square,0.0995,0.0005,0.0995,False,True,False,True,True
55,R3,nonlinear_square,1.0,0.0005,0.9225,False,True,False,True,True
55,R4,nonlinear_square,1.0,0.0005,1.0,False,True,False,True,True
55,R1,nonlinear_tanh,0.0005,0.0005,0.0005,True,True,True,True,True
55,R2,nonlinear_tanh,0.0005,0.0005,0.0005,True,True,True,True,True
55,R3,nonlinear_tanh,0.0005,0.0005,0.0005,True,True,True,True,True
55,R4,nonlinear_tanh,0.0005,0.0005,0.0005,True,True,True,True,True
55,R1,null,1.0,1.0,1.0,False,False,False,True,True
55,R2,null,0.9995,1.0,0.9995,False,False,False,True,True
55,R3,null,0.65,0.9955,0.65,False,False,False,True,True
55,R4,null,0.281,0.5285,0.281,False,False,False,True,True
56,R1,common_pair,0.0005,0.0005,0.0005,True,True,True,True,True
56,R2,common_pair,0.0005,0.0005,0.0005,True,True,True,True,True
56,R3,common_pair,0.0005,0.0005,0.0005,True,True,True,True,True
56,R4,common_pair,0.0005,0.0005,0.0005,True,True,True,True,True
56,R1,direct_linear,0.0005,0.0005,0.0005,True,True,True,True,True
56,R2,direct_linear,0.0005,0.0005,0.0005,True,True,True,True,True
56,R3,direct_linear,0.0005,0.0005,0.0005,True,True,True,True,True
56,R4,direct_linear,0.0005,0.0005,0.0005,True,True,True,True,True
56,R1,global_common,0.0005,0.0005,0.0005,True,True,True,True,True
56,R2,global_common,0.0005,0.0005,0.0005,True,True,True,True,True
56,R3,global_common,0.0005,0.0005,0.0005,True,True,True,True,True
56,R4,global_common,0.0005,0.0005,0.0005,True,True,True,True,True
56,R1,nonlinear_square,0.0085,0.0005,0.0085,True,True,True,True,True
56,R2,nonlinear_square,0.0895,0.0015,0.0895,False,True,False,True,True
56,R3,nonlinear_square,0.996,0.0005,0.725,False,True,False,True,True
56,R4,nonlinear_square,1.0,0.0005,1.0,False,True,False,True,True
56,R1,nonlinear_tanh,0.0005,0.0005,0.0005,True,True,True,True,True
56,R2,nonlinear_tanh,0.0005,0.0005,0.0005,True,True,True,True,True
56,R3,nonlinear_tanh,0.0005,0.0005,0.0005,True,True,True,True,True
56,R4,nonlinear_tanh,0.0005,0.0005,0.0005,True,True,True,True,True
56,R1,null,0.948,0.4745,0.948,False,False,False,True,True
56,R2,null,1.0,1.0,1.0,False,False,False,True,True
56,R3,null,1.0,1.0,1.0,False,False,False,True,True
56,R4,null,1.0,1.0,1.0,False,False,False,True,True
57,R1,common_pair,0.0005,0.0005,0.0005,True,True,True,True,True
57,R2,common_pair,0.0005,0.0005,0.0005,True,True,True,True,True
57,R3,common_pair,0.0005,0.0005,0.0005,True,True,True,True,True
57,R4,common_pair,0.0005,0.0005,0.0005,True,True,True,True,True
57,R1,direct_linear,0.0005,0.0005,0.0005,True,True,True,True,True
57,R2,direct_linear,0.0005,0.0005,0.0005,True,True,True,True,True
57,R3,direct_linear,0.0005,0.0005,0.0005,True,True,True,True,True
57,R4,direct_linear,0.0005,0.0005,0.0005,True,True,True,True,True
57,R1,global_common,0.0005,0.0005,0.0005,True,True,True,True,True
57,R2,global_common,0.0005,0.0005,0.0005,True,True,True,True,True
57,R3,global_common,0.0005,0.0005,0.0005,True,True,True,True,True
57,R4,global_common,0.0005,0.0005,0.0005,True,True,True,True,True
57,R1,nonlinear_square,1.0,0.0005,0.9675,False,True,False,True,True
57,R2,nonlinear_square,1.0,0.0005,1.0,False,True,False,True,True
57,R3,nonlinear_square,0.4605,0.0005,0.4605,False,True,False,True,True
57,R4,nonlinear_square,1.0,0.0005,1.0,False,True,False,True,True
57,R1,nonlinear_tanh,0.0005,0.0005,0.0005,True,True,True,True,True
57,R2,nonlinear_tanh,0.0005,0.0005,0.0005,True,True,True,True,True
57,R3,nonlinear_tanh,0.0005,0.0005,0.0005,True,True,True,True,True
57,R4,nonlinear_tanh,0.0005,0.0005,0.0005,True,True,True,True,True
57,R1,null,0.9995,1.0,0.9995,False,False,False,True,True
57,R2,null,1.0,0.039,1.0,False,True,False,True,True
57,R3,null,1.0,1.0,1.0,False,False,False,True,True
57,R4,null,1.0,1.0,1.0,False,False,False,True,True
58,R1,common_pair,0.0005,0.0005,0.0005,True,True,True,True,True
58,R2,common_pair,0.0005,0.0005,0.0005,True,True,True,True,True
58,R3,common_pair,0.0005,0.0005,0.0005,True,True,True,True,True
58,R4,common_pair,0.0005,0.0005,0.0005,True,True,True,True,True
58,R1,direct_linear,0.0005,0.0005,0.0005,True,True,True,True,True
58,R2,direct_linear,0.0005,0.0005,0.0005,True,True,True,True,True
58,R3,direct_linear,0.0005,0.0005,0.0005,True,True,True,True,True
58,R4,direct_linear,0.0005,0.0005,0.0005,True,True,True,True,True
58,R1,global_common,0.0005,0.0005,0.0005,True,True,True,True,True
58,R2,global_common,0.0005,0.0005,0.0005,True,True,True,True,True
58,R3,global_common,0.0005,0.0005,0.0005,True,True,True,True,True
58,R4,global_common,0.0005,0.0005,0.0005,True,True,True,True,True
58,R1,nonlinear_square,0.888,0.0005,0.725,False,True,False,True,True
58,R2,nonlinear_square,1.0,0.0005,1.0,False,True,False,True,True
58,R3,nonlinear_square,1.0,0.0005,0.29,False,True,False,True,True
58,R4,nonlinear_square,0.899,0.0005,0.899,False,True,False,True,True
58,R1,nonlinear_tanh,0.0005,0.0005,0.0005,True,True,True,True,True
58,R2,nonlinear_tanh,0.0005,0.0005,0.0005,True,True,True,True,True
58,R3,nonlinear_tanh,0.0005,0.0005,0.0005,True,True,True,True,True
58,R4,nonlinear_tanh,0.0005,0.0005,0.0005,True,True,True,True,True
58,R1,null,0.35,0.629,0.35,False,False,False,True,True
58,R2,null,1.0,1.0,1.0,False,False,False,True,True
58,R3,null,1.0,1.0,1.0,False,False,False,True,True
58,R4,null,1.0,1.0,1.0,False,False,False,True,True
59,R1,common_pair,0.0005,0.0005,0.0005,True,True,True,True,True
59,R2,common_pair,0.0005,0.0005,0.0005,True,True,True,True,True
59,R3,common_pair,0.0005,0.0005,0.0005,True,True,True,True,True
59,R4,common_pair,0.0005,0.0005,0.0005,True,True,True,True,True
59,R1,direct_linear,0.0005,0.0005,0.0005,True,True,True,True,True
59,R2,direct_linear,0.0005,0.0005,0.0005,True,True,True,True,True
59,R3,direct_linear,0.0005,0.0005,0.0005,True,True,True,True,True
59,R4,direct_linear,0.0005,0.0005,0.0005,True,True,True,True,True
59,R1,global_common,0.0005,0.0005,0.0005,True,True,True,True,True
59,R2,global_common,0.0005,0.0005,0.0005,True,True,True,True,True
59,R3,global_common,0.0005,0.0005,0.0005,True,True,True,True,True
59,R4,global_common,0.0005,0.0005,0.0005,True,True,True,True,True
59,R1,nonlinear_square,0.903,0.0005,0.903,False,True,False,True,True
59,R2,nonlinear_square,1.0,0.0005,1.0,False,True,False,True,True
59,R3,nonlinear_square,1.0,0.0005,0.723,False,True,False,True,True
59,R4,nonlinear_square,0.9825,0.0005,0.9825,False,True,False,True,True
59,R1,nonlinear_tanh,0.0005,0.0005,0.0005,True,True,True,True,True
59,R2,nonlinear_tanh,0.0005,0.0005,0.0005,True,True,True,True,True
59,R3,nonlinear_tanh,0.0005,0.0005,0.0005,True,True,True,True,True
59,R4,nonlinear_tanh,0.0005,0.0005,0.0005,True,True,True,True,True
59,R1,null,0.9725,0.8885,0.9725,False,False,False,True,True
59,R2,null,1.0,0.9125,1.0,False,False,False,True,True
59,R3,null,1.0,1.0,1.0,False,False,False,True,True
59,R4,null,1.0,1.0,1.0,False,False,False,True,True
60,R1,common_pair,0.0005,0.0005,0.0005,True,True,True,True,True
60,R2,common_pair,0.0005,0.0005,0.0005,True,True,True,True,True
60,R3,common_pair,0.0005,0.0005,0.0005,True,True,True,True,True
60,R4,common_pair,0.0005,0.0005,0.0005,True,True,True,True,True
60,R1,direct_linear,0.0005,0.0005,0.0005,True,True,True,True,True
60,R2,direct_linear,0.0005,0.0005,0.0005,True,True,True,True,True
60,R3,direct_linear,0.0005,0.0005,0.0005,True,True,True,True,True
60,R4,direct_linear,0.0005,0.0005,0.0005,True,True,True,True,True
60,R1,global_common,0.0005,0.0005,0.0005,True,True,True,True,True
60,R2,global_common,0.0005,0.0005,0.0005,True,True,True,True,True
60,R3,global_common,0.0005,0.0005,0.0005,True,True,True,True,True
60,R4,global_common,0.0005,0.0005,0.0005,True,True,True,True,True
60,R1,nonlinear_square,0.9715,0.0005,0.7115,False,True,False,True,True
60,R2,nonlinear_square,0.627,0.003,0.627,False,True,False,True,True
60,R3,nonlinear_square,1.0,0.0005,0.936,False,True,False,True,True
60,R4,nonlinear_square,1.0,0.0005,1.0,False,True,False,True,True
60,R1,nonlinear_tanh,0.0005,0.0005,0.0005,True,True,True,True,True
60,R2,nonlinear_tanh,0.0005,0.0005,0.0005,True,True,True,True,True
60,R3,nonlinear_tanh,0.0005,0.0005,0.0005,True,True,True,True,True
60,R4,nonlinear_tanh,0.0005,0.0005,0.0005,True,True,True,True,True
60,R1,null,1.0,0.959,1.0,False,False,False,True,True
60,R2,null,1.0,0.2715,1.0,False,False,False,True,True
60,R3,null,1.0,0.8165,1.0,False,False,False,True,True
60,R4,null,0.9685,1.0,0.9685,False,False,False,True,True
61,R1,common_pair,0.0005,0.0005,0.0005,True,True,True,True,True
61,R2,common_pair,0.0005,0.0005,0.0005,True,True,True,True,True
61,R3,common_pair,0.0005,0.0005,0.0005,True,True,True,True,True
61,R4,common_pair,0.0005,0.0005,0.0005,True,True,True,True,True
61,R1,direct_linear,0.0005,0.0005,0.0005,True,True,True,True,True
61,R2,direct_linear,0.0005,0.0005,0.0005,True,True,True,True,True
61,R3,direct_linear,0.0005,0.0005,0.0005,True,True,True,True,True
61,R4,direct_linear,0.0005,0.0005,0.0005,True,True,True,True,True
61,R1,global_common,0.0005,0.0005,0.0005,True,True,True,True,True
61,R2,global_common,0.0005,0.0005,0.0005,True,True,True,True,True
61,R3,global_common,0.0005,0.0005,0.0005,True,True,True,True,True
61,R4,global_common,0.0005,0.0005,0.0005,True,True,True,True,True
61,R1,nonlinear_square,0.142,0.0005,0.142,False,True,False,True,True
61,R2,nonlinear_square,1.0,0.0005,1.0,False,True,False,True,True
61,R3,nonlinear_square,0.414,0.0005,0.383,False,True,False,True,True
61,R4,nonlinear_square,1.0,0.0005,0.969,False,True,False,True,True
61,R1,nonlinear_tanh,0.0005,0.0005,0.0005,True,True,True,True,True
61,R2,nonlinear_tanh,0.0005,0.0005,0.0005,True,True,True,True,True
61,R3,nonlinear_tanh,0.0005,0.0005,0.0005,True,True,True,True,True
61,R4,nonlinear_tanh,0.0005,0.0005,0.0005,True,True,True,True,True
61,R1,null,1.0,1.0,1.0,False,False,False,True,True
61,R2,null,0.999,1.0,0.999,False,False,False,True,True
61,R3,null,1.0,1.0,1.0,False,False,False,True,True
61,R4,null,1.0,1.0,1.0,False,False,False,True,True
62,R1,common_pair,0.0005,0.0005,0.0005,True,True,True,True,True
62,R2,common_pair,0.0005,0.0005,0.0005,True,True,True,True,True
62,R3,common_pair,0.0005,0.0005,0.0005,True,True,True,True,True
62,R4,common_pair,0.0005,0.0005,0.0005,True,True,True,True,True
62,R1,direct_linear,0.0005,0.0005,0.0005,True,True,True,True,True
62,R2,direct_linear,0.0005,0.0005,0.0005,True,True,True,True,True
62,R3,direct_linear,0.0005,0.0005,0.0005,True,True,True,True,True
62,R4,direct_linear,0.0005,0.0005,0.0005,True,True,True,True,True
62,R1,global_common,0.0005,0.0005,0.0005,True,True,True,True,True
62,R2,global_common,0.0005,0.0005,0.0005,True,True,True,True,True
62,R3,global_common,0.0005,0.0005,0.0005,True,True,True,True,True
62,R4,global_common,0.0005,0.0005,0.0005,True,True,True,True,True
62,R1,nonlinear_square,1.0,0.0005,0.8265,False,True,False,True,True
62,R2,nonlinear_square,1.0,0.0005,0.9995,False,True,False,True,True
62,R3,nonlinear_square,0.828,0.0005,0.828,False,True,False,True,True
62,R4,nonlinear_square,0.012,0.0005,0.012,True,True,True,True,True
62,R1,nonlinear_tanh,0.0005,0.0005,0.0005,True,True,True,True,True
62,R2,nonlinear_tanh,0.0005,0.0005,0.0005,True,True,True,True,True
62,R3,nonlinear_tanh,0.0005,0.0005,0.0005,True,True,True,True,True
62,R4,nonlinear_tanh,0.0005,0.0005,0.0005,True,True,True,True,True
62,R1,null,0.999,0.9995,0.999,False,False,False,True,True
62,R2,null,1.0,1.0,1.0,False,False,False,True,True
62,R3,null,0.5075,0.135,0.5075,False,False,False,True,True
62,R4,null,1.0,1.0,1.0,False,False,False,True,True
63,R1,common_pair,0.0005,0.0005,0.0005,True,True,True,True,True
63,R2,common_pair,0.0005,0.0005,0.0005,True,True,True,True,True
63,R3,common_pair,0.0005,0.0005,0.0005,True,True,True,True,True
63,R4,common_pair,0.0005,0.0005,0.0005,True,True,True,True,True
63,R1,direct_linear,0.0005,0.0005,0.0005,True,True,True,True,True
63,R2,direct_linear,0.0005,0.0005,0.0005,True,True,True,True,True
63,R3,direct_linear,0.0005,0.0005,0.0005,True,True,True,True,True
63,R4,direct_linear,0.0005,0.0005,0.0005,True,True,True,True,True
63,R1,global_common,0.0005,0.0005,0.0005,True,True,True,True,True
63,R2,global_common,0.0005,0.0005,0.0005,True,True,True,True,True
63,R3,global_common,0.0005,0.0005,0.0005,True,True,True,True,True
63,R4,global_common,0.0005,0.0005,0.0005,True,True,True,True,True
63,R1,nonlinear_square,0.971,0.0005,0.8775,False,True,False,True,True
63,R2,nonlinear_square,0.9855,0.0005,0.9855,False,True,False,True,True
63,R3,nonlinear_square,0.9995,0.0005,0.9995,False,True,False,True,True
63,R4,nonlinear_square,1.0,0.0005,1.0,False,True,False,True,True
63,R1,nonlinear_tanh,0.0005,0.0005,0.0005,True,True,True,True,True
63,R2,nonlinear_tanh,0.0005,0.0005,0.0005,True,True,True,True,True
63,R3,nonlinear_tanh,0.0005,0.0005,0.0005,True,True,True,True,True
63,R4,nonlinear_tanh,0.0005,0.0005,0.0005,True,True,True,True,True
63,R1,null,1.0,1.0,1.0,False,False,False,True,True
63,R2,null,1.0,0.9815,1.0,False,False,False,True,True
63,R3,null,0.95,0.164,0.95,False,False,False,True,True
63,R4,null,1.0,0.689,1.0,False,False,False,True,True
64,R1,common_pair,0.0005,0.0005,0.0005,True,True,True,True,True
64,R2,common_pair,0.0005,0.0005,0.0005,True,True,True,True,True
64,R3,common_pair,0.0005,0.0005,0.0005,True,True,True,True,True
64,R4,common_pair,0.0005,0.0005,0.0005,True,True,True,True,True
64,R1,direct_linear,0.0005,0.0005,0.0005,True,True,True,True,True
64,R2,direct_linear,0.0005,0.0005,0.0005,True,True,True,True,True
64,R3,direct_linear,0.0005,0.0005,0.0005,True,True,True,True,True
64,R4,direct_linear,0.0005,0.0005,0.0005,True,True,True,True,True
64,R1,global_common,0.0005,0.0005,0.0005,True,True,True,True,True
64,R2,global_common,0.0005,0.0005,0.0005,True,True,True,True,True
64,R3,global_common,0.0005,0.0005,0.0005,True,True,True,True,True
64,R4,global_common,0.0005,0.0005,0.0005,True,True,True,True,True
64,R1,nonlinear_square,0.003,0.0005,0.003,True,True,True,True,True
64,R2,nonlinear_square,0.95,0.0005,0.95,False,True,False,True,True
64,R3,nonlinear_square,1.0,0.0005,0.986,False,True,False,True,True
64,R4,nonlinear_square,0.453,0.0005,0.453,False,True,False,True,True
64,R1,nonlinear_tanh,0.0005,0.0005,0.0005,True,True,True,True,True
64,R2,nonlinear_tanh,0.0005,0.0005,0.0005,True,True,True,True,True
64,R3,nonlinear_tanh,0.0005,0.0005,0.0005,True,True,True,True,True
64,R4,nonlinear_tanh,0.0005,0.0005,0.0005,True,True,True,True,True
64,R1,null,1.0,0.9995,1.0,False,False,False,True,True
64,R2,null,0.999,1.0,0.999,False,False,False,True,True
64,R3,null,0.434,0.454,0.434,False,False,False,True,True
64,R4,null,0.6755,0.803,0.6755,False,False,False,True,True
65,R1,common_pair,0.0005,0.0005,0.0005,True,True,True,True,True
65,R2,common_pair,0.0005,0.0005,0.0005,True,True,True,True,True
65,R3,common_pair,0.0005,0.0005,0.0005,True,True,True,True,True
65,R4,common_pair,0.0005,0.0005,0.0005,True,True,True,True,True
65,R1,direct_linear,0.0005,0.0005,0.0005,True,True,True,True,True
65,R2,direct_linear,0.0005,0.0005,0.0005,True,True,True,True,True
65,R3,direct_linear,0.0005,0.0005,0.0005,True,True,True,True,True
65,R4,direct_linear,0.0005,0.0005,0.0005,True,True,True,True,True
65,R1,global_common,0.0005,0.0005,0.0005,True,True,True,True,True
65,R2,global_common,0.0005,0.0005,0.0005,True,True,True,True,True
65,R3,global_common,0.0005,0.0005,0.0005,True,True,True,True,True
65,R4,global_common,0.0005,0.0005,0.0005,True,True,True,True,True
65,R1,nonlinear_square,1.0,0.0005,0.9675,False,True,False,True,True
65,R2,nonlinear_square,1.0,0.0005,1.0,False,True,False,True,True
65,R3,nonlinear_square,0.9975,0.0005,0.7545,False,True,False,True,True
65,R4,nonlinear_square,0.999,0.0005,0.999,False,True,False,True,True
65,R1,nonlinear_tanh,0.0005,0.0005,0.0005,True,True,True,True,True
65,R2,nonlinear_tanh,0.0005,0.0005,0.0005,True,True,True,True,True
65,R3,nonlinear_tanh,0.0005,0.0005,0.0005,True,True,True,True,True
65,R4,nonlinear_tanh,0.0005,0.0005,0.0005,True,True,True,True,True
65,R1,null,0.7825,0.9935,0.7825,False,False,False,True,True
65,R2,null,1.0,1.0,1.0,False,False,False,True,True
65,R3,null,0.9995,1.0,0.9995,False,False,False,True,True
65,R4,null,1.0,1.0,1.0,False,False,False,True,True
66,R1,common_pair,0.0005,0.0005,0.0005,True,True,True,True,True
66,R2,common_pair,0.0005,0.0005,0.0005,True,True,True,True,True
66,R3,common_pair,0.0005,0.0005,0.0005,True,True,True,True,True
66,R4,common_pair,0.0005,0.0005,0.0005,True,True,True,True,True
66,R1,direct_linear,0.0005,0.0005,0.0005,True,True,True,True,True
66,R2,direct_linear,0.0005,0.0005,0.0005,True,True,True,True,True
66,R3,direct_linear,0.0005,0.0005,0.0005,True,True,True,True,True
66,R4,direct_linear,0.0005,0.0005,0.0005,True,True,True,True,True
66,R1,global_common,0.0005,0.0005,0.0005,True,True,True,True,True
66,R2,global_common,0.0005,0.0005,0.0005,True,True,True,True,True
66,R3,global_common,0.0005,0.0005,0.0005,True,True,True,True,True
66,R4,global_common,0.0005,0.0005,0.0005,True,True,True,True,True
66,R1,nonlinear_square,0.9975,0.0005,0.231,False,True,False,True,True
66,R2,nonlinear_square,1.0,0.0005,1.0,False,True,False,True,True
66,R3,nonlinear_square,1.0,0.0005,0.9875,False,True,False,True,True
66,R4,nonlinear_square,1.0,0.0005,1.0,False,True,False,True,True
66,R1,nonlinear_tanh,0.0005,0.0005,0.0005,True,True,True,True,True
66,R2,nonlinear_tanh,0.0005,0.0005,0.0005,True,True,True,True,True
66,R3,nonlinear_tanh,0.0005,0.0005,0.0005,True,True,True,True,True
66,R4,nonlinear_tanh,0.0005,0.0005,0.0005,True,True,True,True,True
66,R1,null,0.999,0.9995,0.999,False,False,False,True,True
66,R2,null,1.0,1.0,1.0,False,False,False,True,True
66,R3,null,1.0,1.0,1.0,False,False,False,True,True
66,R4,null,0.6755,0.1735,0.6755,False,False,False,True,True
67,R1,common_pair,0.0005,0.0005,0.0005,True,True,True,True,True
67,R2,common_pair,0.0005,0.0005,0.0005,True,True,True,True,True
67,R3,common_pair,0.0005,0.0005,0.0005,True,True,True,True,True
67,R4,common_pair,0.0005,0.0005,0.0005,True,True,True,True,True
67,R1,direct_linear,0.0005,0.0005,0.0005,True,True,True,True,True
67,R2,direct_linear,0.0005,0.0005,0.0005,True,True,True,True,True
67,R3,direct_linear,0.0005,0.0005,0.0005,True,True,True,True,True
67,R4,direct_linear,0.0005,0.0005,0.0005,True,True,True,True,True
67,R1,global_common,0.0005,0.0005,0.0005,True,True,True,True,True
67,R2,global_common,0.0005,0.0005,0.0005,True,True,True,True,True
67,R3,global_common,0.0005,0.0005,0.0005,True,True,True,True,True
67,R4,global_common,0.0005,0.0005,0.0005,True,True,True,True,True
67,R1,nonlinear_square,1.0,0.0005,0.961,False,True,False,True,True
67,R2,nonlinear_square,0.998,0.0005,0.998,False,True,False,True,True
67,R3,nonlinear_square,1.0,0.0005,0.7085,False,True,False,True,True
67,R4,nonlinear_square,0.4645,0.0005,0.4645,False,True,False,True,True
67,R1,nonlinear_tanh,0.0005,0.0005,0.0005,True,True,True,True,True
67,R2,nonlinear_tanh,0.0005,0.0005,0.0005,True,True,True,True,True
67,R3,nonlinear_tanh,0.0005,0.0005,0.0005,True,True,True,True,True
67,R4,nonlinear_tanh,0.0005,0.0005,0.0005,True,True,True,True,True
67,R1,null,1.0,1.0,1.0,False,False,False,True,True
67,R2,null,1.0,1.0,1.0,False,False,False,True,True
67,R3,null,0.895,0.9995,0.895,False,False,False,True,True
67,R4,null,0.999,0.996,0.999,False,False,False,True,True
68,R1,common_pair,0.0005,0.0005,0.0005,True,True,True,True,True
68,R2,common_pair,0.0005,0.0005,0.0005,True,True,True,True,True
68,R3,common_pair,0.0005,0.0005,0.0005,True,True,True,True,True
68,R4,common_pair,0.0005,0.0005,0.0005,True,True,True,True,True
68,R1,direct_linear,0.0005,0.0005,0.0005,True,True,True,True,True
68,R2,direct_linear,0.0005,0.0005,0.0005,True,True,True,True,True
68,R3,direct_linear,0.0005,0.0005,0.0005,True,True,True,True,True
68,R4,direct_linear,0.0005,0.0005,0.0005,True,True,True,True,True
68,R1,global_common,0.0005,0.0005,0.0005,True,True,True,True,True
68,R2,global_common,0.0005,0.0005,0.0005,True,True,True,True,True
68,R3,global_common,0.0005,0.0005,0.0005,True,True,True,True,True
68,R4,global_common,0.0005,0.0005,0.0005,True,True,True,True,True
68,R1,nonlinear_square,0.0075,0.0005,0.0075,True,True,True,True,True
68,R2,nonlinear_square,0.9995,0.0005,0.9995,False,True,False,True,True
68,R3,nonlinear_square,1.0,0.0005,0.0965,False,True,False,True,True
68,R4,nonlinear_square,1.0,0.0005,1.0,False,True,False,True,True
68,R1,nonlinear_tanh,0.0005,0.0005,0.0005,True,True,True,True,True
68,R2,nonlinear_tanh,0.0005,0.0005,0.0005,True,True,True,True,True
68,R3,nonlinear_tanh,0.0005,0.0005,0.0005,True,True,True,True,True
68,R4,nonlinear_tanh,0.0005,0.0005,0.0005,True,True,True,True,True
68,R1,null,0.9895,0.9885,0.9895,False,False,False,True,True
68,R2,null,1.0,1.0,1.0,False,False,False,True,True
68,R3,null,1.0,1.0,1.0,False,False,False,True,True
68,R4,null,1.0,1.0,1.0,False,False,False,True,True
69,R1,common_pair,0.0005,0.0005,0.0005,True,True,True,True,True
69,R2,common_pair,0.0005,0.0005,0.0005,True,True,True,True,True
69,R3,common_pair,0.0005,0.0005,0.0005,True,True,True,True,True
69,R4,common_pair,0.0005,0.0005,0.0005,True,True,True,True,True
69,R1,direct_linear,0.0005,0.0005,0.0005,True,True,True,True,True
69,R2,direct_linear,0.0005,0.0005,0.0005,True,True,True,True,True
69,R3,direct_linear,0.0005,0.0005,0.0005,True,True,True,True,True
69,R4,direct_linear,0.0005,0.0005,0.0005,True,True,True,True,True
69,R1,global_common,0.0005,0.0005,0.0005,True,True,True,True,True
69,R2,global_common,0.0005,0.0005,0.0005,True,True,True,True,True
69,R3,global_common,0.0005,0.0005,0.0005,True,True,True,True,True
69,R4,global_common,0.0005,0.0005,0.0005,True,True,True,True,True
69,R1,nonlinear_square,0.972,0.0005,0.8915,False,True,False,True,True
69,R2,nonlinear_square,0.9655,0.0005,0.9655,False,True,False,True,True
69,R3,nonlinear_square,1.0,0.0005,0.976,False,True,False,True,True
69,R4,nonlinear_square,1.0,0.0005,0.9765,False,True,False,True,True
69,R1,nonlinear_tanh,0.0005,0.0005,0.0005,True,True,True,True,True
69,R2,nonlinear_tanh,0.0005,0.0005,0.0005,True,True,True,True,True
69,R3,nonlinear_tanh,0.0005,0.0005,0.0005,True,True,True,True,True
69,R4,nonlinear_tanh,0.0005,0.0005,0.0005,True,True,True,True,True
69,R1,null,0.995,1.0,0.995,False,False,False,True,True
69,R2,null,1.0,0.9095,1.0,False,False,False,True,True
69,R3,null,1.0,1.0,1.0,False,False,False,True,True
69,R4,null,1.0,1.0,1.0,False,False,False,True,True
70,R1,common_pair,0.0005,0.0005,0.0005,True,True,True,True,True
70,R2,common_pair,0.0005,0.0005,0.0005,True,True,True,True,True
70,R3,common_pair,0.0005,0.0005,0.0005,True,True,True,True,True
70,R4,common_pair,0.0005,0.0005,0.0005,True,True,True,True,True
70,R1,direct_linear,0.0005,0.0005,0.0005,True,True,True,True,True
70,R2,direct_linear,0.0005,0.0005,0.0005,True,True,True,True,True
70,R3,direct_linear,0.0005,0.0005,0.0005,True,True,True,True,True
70,R4,direct_linear,0.0005,0.0005,0.0005,True,True,True,True,True
70,R1,global_common,0.0005,0.0005,0.0005,True,True,True,True,True
70,R2,global_common,0.0005,0.0005,0.0005,True,True,True,True,True
70,R3,global_common,0.0005,0.0005,0.0005,True,True,True,True,True
70,R4,global_common,0.0005,0.0005,0.0005,True,True,True,True,True
70,R1,nonlinear_square,0.9615,0.0005,0.9615,False,True,False,True,True
70,R2,nonlinear_square,1.0,0.0005,0.914,False,True,False,True,True
70,R3,nonlinear_square,1.0,0.0005,0.991,False,True,False,True,True
70,R4,nonlinear_square,0.9345,0.0005,0.9345,False,True,False,True,True
70,R1,nonlinear_tanh,0.0005,0.0005,0.0005,True,True,True,True,True
70,R2,nonlinear_tanh,0.0005,0.0005,0.0005,True,True,True,True,True
70,R3,nonlinear_tanh,0.0005,0.0005,0.0005,True,True,True,True,True
70,R4,nonlinear_tanh,0.0005,0.0005,0.0005,True,True,True,True,True
70,R1,null,1.0,1.0,1.0,False,False,False,True,True
70,R2,null,0.9995,1.0,0.9995,False,False,False,True,True
70,R3,null,0.9985,1.0,0.9985,False,False,False,True,True
70,R4,null,1.0,1.0,1.0,False,False,False,True,True
71,R1,common_pair,0.0005,0.0005,0.0005,True,True,True,True,True
71,R2,common_pair,0.0005,0.0005,0.0005,True,True,True,True,True
71,R3,common_pair,0.0005,0.0005,0.0005,True,True,True,True,True
71,R4,common_pair,0.0005,0.0005,0.0005,True,True,True,True,True
71,R1,direct_linear,0.0005,0.0005,0.0005,True,True,True,True,True
71,R2,direct_linear,0.0005,0.0005,0.0005,True,True,True,True,True
71,R3,direct_linear,0.0005,0.0005,0.0005,True,True,True,True,True
71,R4,direct_linear,0.0005,0.0005,0.0005,True,True,True,True,True
71,R1,global_common,0.0005,0.0005,0.0005,True,True,True,True,True
71,R2,global_common,0.0005,0.0005,0.0005,True,True,True,True,True
71,R3,global_common,0.0005,0.0005,0.0005,True,True,True,True,True
71,R4,global_common,0.0005,0.0005,0.0005,True,True,True,True,True
71,R1,nonlinear_square,0.988,0.0005,0.845,False,True,False,True,True
71,R2,nonlinear_square,0.999,0.0005,0.999,False,True,False,True,True
71,R3,nonlinear_square,0.999,0.0005,0.999,False,True,False,True,True
71,R4,nonlinear_square,1.0,0.0005,1.0,False,True,False,True,True
71,R1,nonlinear_tanh,0.0005,0.0005,0.0005,True,True,True,True,True
71,R2,nonlinear_tanh,0.0005,0.0005,0.0005,True,True,True,True,True
71,R3,nonlinear_tanh,0.0005,0.0005,0.0005,True,True,True,True,True
71,R4,nonlinear_tanh,0.0005,0.0005,0.0005,True,True,True,True,True
71,R1,null,0.9995,0.9555,0.9995,False,False,False,True,True
71,R2,null,0.8505,0.9975,0.8505,False,False,False,True,True
71,R3,null,1.0,1.0,1.0,False,False,False,True,True
71,R4,null,1.0,0.7365,1.0,False,False,False,True,True
72,R1,common_pair,0.0005,0.0005,0.0005,True,True,True,True,True
72,R2,common_pair,0.0005,0.0005,0.0005,True,True,True,True,True
72,R3,common_pair,0.0005,0.0005,0.0005,True,True,True,True,True
72,R4,common_pair,0.0005,0.0005,0.0005,True,True,True,True,True
72,R1,direct_linear,0.0005,0.0005,0.0005,True,True,True,True,True
72,R2,direct_linear,0.0005,0.0005,0.0005,True,True,True,True,True
72,R3,direct_linear,0.0005,0.0005,0.0005,True,True,True,True,True
72,R4,direct_linear,0.0005,0.0005,0.0005,True,True,True,True,True
72,R1,global_common,0.0005,0.0005,0.0005,True,True,True,True,True
72,R2,global_common,0.0005,0.0005,0.0005,True,True,True,True,True
72,R3,global_common,0.0005,0.0005,0.0005,True,True,True,True,True
72,R4,global_common,0.0005,0.0005,0.0005,True,True,True,True,True
72,R1,nonlinear_square,0.9605,0.0005,0.9605,False,True,False,True,True
72,R2,nonlinear_square,0.9795,0.003,0.9795,False,True,False,True,True
72,R3,nonlinear_square,1.0,0.0005,0.857,False,True,False,True,True
72,R4,nonlinear_square,1.0,0.001,1.0,False,True,False,True,True
72,R1,nonlinear_tanh,0.0005,0.0005,0.0005,True,True,True,True,True
72,R2,nonlinear_tanh,0.0005,0.0005,0.0005,True,True,True,True,True
72,R3,nonlinear_tanh,0.0005,0.0005,0.0005,True,True,True,True,True
72,R4,nonlinear_tanh,0.0005,0.0005,0.0005,True,True,True,True,True
72,R1,null,1.0,1.0,1.0,False,False,False,True,True
72,R2,null,1.0,1.0,1.0,False,False,False,True,True
72,R3,null,0.9975,1.0,0.9975,False,False,False,True,True
72,R4,null,1.0,1.0,1.0,False,False,False,True,True
73,R1,common_pair,0.0005,0.0005,0.0005,True,True,True,True,True
73,R2,common_pair,0.0005,0.0005,0.0005,True,True,True,True,True
73,R3,common_pair,0.0005,0.0005,0.0005,True,True,True,True,True
73,R4,common_pair,0.0005,0.0005,0.0005,True,True,True,True,True
73,R1,direct_linear,0.0005,0.0005,0.0005,True,True,True,True,True
73,R2,direct_linear,0.0005,0.0005,0.0005,True,True,True,True,True
73,R3,direct_linear,0.0005,0.0005,0.0005,True,True,True,True,True
73,R4,direct_linear,0.0005,0.0005,0.0005,True,True,True,True,True
73,R1,global_common,0.0005,0.0005,0.0005,True,True,True,True,True
73,R2,global_common,0.0005,0.0005,0.0005,True,True,True,True,True
73,R3,global_common,0.0005,0.0005,0.0005,True,True,True,True,True
73,R4,global_common,0.0005,0.0005,0.0005,True,True,True,True,True
73,R1,nonlinear_square,1.0,0.0005,0.9105,False,True,False,True,True
73,R2,nonlinear_square,1.0,0.0005,1.0,False,True,False,True,True
73,R3,nonlinear_square,0.9865,0.0005,0.941,False,True,False,True,True
73,R4,nonlinear_square,1.0,0.0005,1.0,False,True,False,True,True
73,R1,nonlinear_tanh,0.0005,0.0005,0.0005,True,True,True,True,True
73,R2,nonlinear_tanh,0.0005,0.0005,0.0005,True,True,True,True,True
73,R3,nonlinear_tanh,0.0005,0.0005,0.0005,True,True,True,True,True
73,R4,nonlinear_tanh,0.0005,0.0005,0.0005,True,True,True,True,True
73,R1,null,0.8495,0.8595,0.8495,False,False,False,True,True
73,R2,null,0.9995,1.0,0.9995,False,False,False,True,True
73,R3,null,1.0,1.0,1.0,False,False,False,True,True
73,R4,null,1.0,1.0,1.0,False,False,False,True,True
74,R1,common_pair,0.0005,0.0005,0.0005,True,True,True,True,True
74,R2,common_pair,0.0005,0.0005,0.0005,True,True,True,True,True
74,R3,common_pair,0.0005,0.0005,0.0005,True,True,True,True,True
74,R4,common_pair,0.0005,0.0005,0.0005,True,True,True,True,True
74,R1,direct_linear,0.0005,0.0005,0.0005,True,True,True,True,True
74,R2,direct_linear,0.0005,0.0005,0.0005,True,True,True,True,True
74,R3,direct_linear,0.0005,0.0005,0.0005,True,True,True,True,True
74,R4,direct_linear,0.0005,0.0005,0.0005,True,True,True,True,True
74,R1,global_common,0.0005,0.0005,0.0005,True,True,True,True,True
74,R2,global_common,0.0005,0.0005,0.0005,True,True,True,True,True
74,R3,global_common,0.0005,0.0005,0.0005,True,True,True,True,True
74,R4,global_common,0.0005,0.0005,0.0005,True,True,True,True,True
74,R1,nonlinear_square,0.927,0.0005,0.927,False,True,False,True,True
74,R2,nonlinear_square,0.278,0.0005,0.278,False,True,False,True,True
74,R3,nonlinear_square,1.0,0.0005,0.5005,False,True,False,True,True
74,R4,nonlinear_square,0.871,0.0005,0.871,False,True,False,True,True
74,R1,nonlinear_tanh,0.0005,0.0005,0.0005,True,True,True,True,True
74,R2,nonlinear_tanh,0.0005,0.0005,0.0005,True,True,True,True,True
74,R3,nonlinear_tanh,0.0005,0.0005,0.0005,True,True,True,True,True
74,R4,nonlinear_tanh,0.0005,0.0005,0.0005,True,True,True,True,True
74,R1,null,1.0,1.0,1.0,False,False,False,True,True
74,R2,null,0.9965,1.0,0.9965,False,False,False,True,True
74,R3,null,1.0,1.0,1.0,False,False,False,True,True
74,R4,null,1.0,0.9645,1.0,False,False,False,True,True
75,R1,common_pair,0.0005,0.0005,0.0005,True,True,True,True,True
75,R2,common_pair,0.0005,0.0005,0.0005,True,True,True,True,True
75,R3,common_pair,0.0005,0.0005,0.0005,True,True,True,True,True
75,R4,common_pair,0.0005,0.0005,0.0005,True,True,True,True,True
75,R1,direct_linear,0.0005,0.0005,0.0005,True,True,True,True,True
75,R2,direct_linear,0.0005,0.0005,0.0005,True,True,True,True,True
75,R3,direct_linear,0.0005,0.0005,0.0005,True,True,True,True,True
75,R4,direct_linear,0.0005,0.0005,0.0005,True,True,True,True,True
75,R1,global_common,0.0005,0.0005,0.0005,True,True,True,True,True
75,R2,global_common,0.0005,0.0005,0.0005,True,True,True,True,True
75,R3,global_common,0.0005,0.0005,0.0005,True,True,True,True,True
75,R4,global_common,0.0005,0.0005,0.0005,True,True,True,True,True
75,R1,nonlinear_square,1.0,0.0005,0.692,False,True,False,True,True
75,R2,nonlinear_square,0.171,0.0005,0.171,False,True,False,True,True
75,R3,nonlinear_square,0.991,0.0005,0.2125,False,True,False,True,True
75,R4,nonlinear_square,1.0,0.0005,1.0,False,True,False,True,True
75,R1,nonlinear_tanh,0.0005,0.0005,0.0005,True,True,True,True,True
75,R2,nonlinear_tanh,0.0005,0.0005,0.0005,True,True,True,True,True
75,R3,nonlinear_tanh,0.0005,0.0005,0.0005,True,True,True,True,True
75,R4,nonlinear_tanh,0.0005,0.0005,0.0005,True,True,True,True,True
75,R1,null,0.985,0.986,0.985,False,False,False,True,True
75,R2,null,1.0,1.0,1.0,False,False,False,True,True
75,R3,null,1.0,0.998,1.0,False,False,False,True,True
75,R4,null,0.969,1.0,0.969,False,False,False,True,True
76,R1,common_pair,0.0005,0.0005,0.0005,True,True,True,True,True
76,R2,common_pair,0.0005,0.0005,0.0005,True,True,True,True,True
76,R3,common_pair,0.0005,0.0005,0.0005,True,True,True,True,True
76,R4,common_pair,0.0005,0.0005,0.0005,True,True,True,True,True
76,R1,direct_linear,0.0005,0.0005,0.0005,True,True,True,True,True
76,R2,direct_linear,0.0005,0.0005,0.0005,True,True,True,True,True
76,R3,direct_linear,0.0005,0.0005,0.0005,True,True,True,True,True
76,R4,direct_linear,0.0005,0.0005,0.0005,True,True,True,True,True
76,R1,global_common,0.0005,0.0005,0.0005,True,True,True,True,True
76,R2,global_common,0.0005,0.0005,0.0005,True,True,True,True,True
76,R3,global_common,0.0005,0.0005,0.0005,True,True,True,True,True
76,R4,global_common,0.0005,0.0005,0.0005,True,True,True,True,True
76,R1,nonlinear_square,1.0,0.0005,0.763,False,True,False,True,True
76,R2,nonlinear_square,1.0,0.0005,1.0,False,True,False,True,True
76,R3,nonlinear_square,1.0,0.0005,0.362,False,True,False,True,True
76,R4,nonlinear_square,0.2455,0.0005,0.2455,False,True,False,True,True
76,R1,nonlinear_tanh,0.0005,0.0005,0.0005,True,True,True,True,True
76,R2,nonlinear_tanh,0.0005,0.0005,0.0005,True,True,True,True,True
76,R3,nonlinear_tanh,0.0005,0.0005,0.0005,True,True,True,True,True
76,R4,nonlinear_tanh,0.0005,0.0005,0.0005,True,True,True,True,True
76,R1,null,1.0,0.364,1.0,False,False,False,True,True
76,R2,null,1.0,0.9995,1.0,False,False,False,True,True
76,R3,null,0.919,0.7355,0.919,False,False,False,True,True
76,R4,null,1.0,1.0,1.0,False,False,False,True,True
77,R1,common_pair,0.0005,0.0005,0.0005,True,True,True,True,True
77,R2,common_pair,0.0005,0.0005,0.0005,True,True,True,True,True
77,R3,common_pair,0.0005,0.0005,0.0005,True,True,True,True,True
77,R4,common_pair,0.0005,0.0005,0.0005,True,True,True,True,True
77,R1,direct_linear,0.0005,0.0005,0.0005,True,True,True,True,True
77,R2,direct_linear,0.0005,0.0005,0.0005,True,True,True,True,True
77,R3,direct_linear,0.0005,0.0005,0.0005,True,True,True,True,True
77,R4,direct_linear,0.0005,0.0005,0.0005,True,True,True,True,True
77,R1,global_common,0.0005,0.0005,0.0005,True,True,True,True,True
77,R2,global_common,0.0005,0.0005,0.0005,True,True,True,True,True
77,R3,global_common,0.0005,0.0005,0.0005,True,True,True,True,True
77,R4,global_common,0.0005,0.0005,0.0005,True,True,True,True,True
77,R1,nonlinear_square,0.5745,0.0005,0.5745,False,True,False,True,True
77,R2,nonlinear_square,0.897,0.0005,0.897,False,True,False,True,True
77,R3,nonlinear_square,0.2575,0.0005,0.21,False,True,False,True,True
77,R4,nonlinear_square,0.095,0.0005,0.095,False,True,False,True,True
77,R1,nonlinear_tanh,0.0005,0.0005,0.0005,True,True,True,True,True
77,R2,nonlinear_tanh,0.0005,0.0005,0.0005,True,True,True,True,True
77,R3,nonlinear_tanh,0.0005,0.0005,0.0005,True,True,True,True,True
77,R4,nonlinear_tanh,0.0005,0.0005,0.0005,True,True,True,True,True
77,R1,null,1.0,1.0,1.0,False,False,False,True,True
77,R2,null,1.0,1.0,1.0,False,False,False,True,True
77,R3,null,0.945,0.8745,0.945,False,False,False,True,True
77,R4,null,0.314,0.7465,0.314,False,False,False,True,True
78,R1,common_pair,0.0005,0.0005,0.0005,True,True,True,True,True
78,R2,common_pair,0.0005,0.0005,0.0005,True,True,True,True,True
78,R3,common_pair,0.0005,0.0005,0.0005,True,True,True,True,True
78,R4,common_pair,0.0005,0.0005,0.0005,True,True,True,True,True
78,R1,direct_linear,0.0005,0.0005,0.0005,True,True,True,True,True
78,R2,direct_linear,0.0005,0.0005,0.0005,True,True,True,True,True
78,R3,direct_linear,0.0005,0.0005,0.0005,True,True,True,True,True
78,R4,direct_linear,0.0005,0.0005,0.0005,True,True,True,True,True
78,R1,global_common,0.0005,0.0005,0.0005,True,True,True,True,True
78,R2,global_common,0.0005,0.0005,0.0005,True,True,True,True,True
78,R3,global_common,0.0005,0.0005,0.0005,True,True,True,True,True
78,R4,global_common,0.0005,0.0005,0.0005,True,True,True,True,True
78,R1,nonlinear_square,0.9995,0.0005,0.7545,False,True,False,True,True
78,R2,nonlinear_square,0.9405,0.0005,0.9405,False,True,False,True,True
78,R3,nonlinear_square,1.0,0.0005,0.9975,False,True,False,True,True
78,R4,nonlinear_square,1.0,0.0005,1.0,False,True,False,True,True
78,R1,nonlinear_tanh,0.0005,0.0005,0.0005,True,True,True,True,True
78,R2,nonlinear_tanh,0.0005,0.0005,0.0005,True,True,True,True,True
78,R3,nonlinear_tanh,0.0005,0.0005,0.0005,True,True,True,True,True
78,R4,nonlinear_tanh,0.0005,0.0005,0.0005,True,True,True,True,True
78,R1,null,1.0,1.0,1.0,False,False,False,True,True
78,R2,null,1.0,1.0,1.0,False,False,False,True,True
78,R3,null,0.9975,1.0,0.9975,False,False,False,True,True
78,R4,null,0.9945,1.0,0.9945,False,False,False,True,True
79,R1,common_pair,0.0005,0.0005,0.0005,True,True,True,True,True
79,R2,common_pair,0.0005,0.0005,0.0005,True,True,True,True,True
79,R3,common_pair,0.0005,0.0005,0.0005,True,True,True,True,True
79,R4,common_pair,0.0005,0.0005,0.0005,True,True,True,True,True
79,R1,direct_linear,0.0005,0.0005,0.0005,True,True,True,True,True
79,R2,direct_linear,0.0005,0.0005,0.0005,True,True,True,True,True
79,R3,direct_linear,0.0005,0.0005,0.0005,True,True,True,True,True
79,R4,direct_linear,0.0005,0.0005,0.0005,True,True,True,True,True
79,R1,global_common,0.0005,0.0005,0.0005,True,True,True,True,True
79,R2,global_common,0.0005,0.0005,0.0005,True,True,True,True,True
79,R3,global_common,0.0005,0.0005,0.0005,True,True,True,True,True
79,R4,global_common,0.0005,0.0005,0.0005,True,True,True,True,True
79,R1,nonlinear_square,1.0,0.0005,0.999,False,True,False,True,True
79,R2,nonlinear_square,0.8795,0.003,0.8795,False,True,False,True,True
79,R3,nonlinear_square,0.6545,0.0005,0.6545,False,True,False,True,True
79,R4,nonlinear_square,0.1355,0.0005,0.1355,False,True,False,True,True
79,R1,nonlinear_tanh,0.0005,0.0005,0.0005,True,True,True,True,True
79,R2,nonlinear_tanh,0.0005,0.0005,0.0005,True,True,True,True,True
79,R3,nonlinear_tanh,0.0005,0.0005,0.0005,True,True,True,True,True
79,R4,nonlinear_tanh,0.0005,0.0005,0.0005,True,True,True,True,True
79,R1,null,0.9985,0.9565,0.9985,False,False,False,True,True
79,R2,null,0.8865,0.879,0.8865,False,False,False,True,True
79,R3,null,0.8245,0.8275,0.8245,False,False,False,True,True
79,R4,null,1.0,0.9875,1.0,False,False,False,True,True
80,R1,common_pair,0.0005,0.0005,0.0005,True,True,True,True,True
80,R2,common_pair,0.0005,0.0005,0.0005,True,True,True,True,True
80,R3,common_pair,0.0005,0.0005,0.0005,True,True,True,True,True
80,R4,common_pair,0.0005,0.0005,0.0005,True,True,True,True,True
80,R1,direct_linear,0.0005,0.0005,0.0005,True,True,True,True,True
80,R2,direct_linear,0.0005,0.0005,0.0005,True,True,True,True,True
80,R3,direct_linear,0.0005,0.0005,0.0005,True,True,True,True,True
80,R4,direct_linear,0.0005,0.0005,0.0005,True,True,True,True,True
80,R1,global_common,0.0005,0.0005,0.0005,True,True,True,True,True
80,R2,global_common,0.0005,0.0005,0.0005,True,True,True,True,True
80,R3,global_common,0.0005,0.0005,0.0005,True,True,True,True,True
80,R4,global_common,0.0005,0.0005,0.0005,True,True,True,True,True
80,R1,nonlinear_square,0.9845,0.0005,0.468,False,True,False,True,True
80,R2,nonlinear_square,0.5945,0.0005,0.5945,False,True,False,True,True
80,R3,nonlinear_square,0.5395,0.0005,0.153,False,True,False,True,True
80,R4,nonlinear_square,1.0,0.0005,1.0,False,True,False,True,True
80,R1,nonlinear_tanh,0.0005,0.0005,0.0005,True,True,True,True,True
80,R2,nonlinear_tanh,0.0005,0.0005,0.0005,True,True,True,True,True
80,R3,nonlinear_tanh,0.0005,0.0005,0.0005,True,True,True,True,True
80,R4,nonlinear_tanh,0.0005,0.0005,0.0005,True,True,True,True,True
80,R1,null,0.867,0.9955,0.867,False,False,False,True,True
80,R2,null,1.0,1.0,1.0,False,False,False,True,True
80,R3,null,1.0,1.0,1.0,False,False,False,True,True
80,R4,null,1.0,1.0,1.0,False,False,False,True,True
81,R1,common_pair,0.0005,0.0005,0.0005,True,True,True,True,True
81,R2,common_pair,0.0005,0.0005,0.0005,True,True,True,True,True
81,R3,common_pair,0.0005,0.0005,0.0005,True,True,True,True,True
81,R4,common_pair,0.0005,0.0005,0.0005,True,True,True,True,True
81,R1,direct_linear,0.0005,0.0005,0.0005,True,True,True,True,True
81,R2,direct_linear,0.0005,0.0005,0.0005,True,True,True,True,True
81,R3,direct_linear,0.0005,0.0005,0.0005,True,True,True,True,True
81,R4,direct_linear,0.0005,0.0005,0.0005,True,True,True,True,True
81,R1,global_common,0.0005,0.0005,0.0005,True,True,True,True,True
81,R2,global_common,0.0005,0.0005,0.0005,True,True,True,True,True
81,R3,global_common,0.0005,0.0005,0.0005,True,True,True,True,True
81,R4,global_common,0.0005,0.0005,0.0005,True,True,True,True,True
81,R1,nonlinear_square,0.9985,0.0005,0.9315,False,True,False,True,True
81,R2,nonlinear_square,0.71,0.0005,0.71,False,True,False,True,True
81,R3,nonlinear_square,1.0,0.0005,0.868,False,True,False,True,True
81,R4,nonlinear_square,1.0,0.0005,1.0,False,True,False,True,True
81,R1,nonlinear_tanh,0.0005,0.0005,0.0005,True,True,True,True,True
81,R2,nonlinear_tanh,0.0005,0.0005,0.0005,True,True,True,True,True
81,R3,nonlinear_tanh,0.0005,0.0005,0.0005,True,True,True,True,True
81,R4,nonlinear_tanh,0.0005,0.0005,0.0005,True,True,True,True,True
81,R1,null,1.0,1.0,1.0,False,False,False,True,True
81,R2,null,0.593,1.0,0.593,False,False,False,True,True
81,R3,null,0.6795,0.932,0.6795,False,False,False,True,True
81,R4,null,1.0,1.0,1.0,False,False,False,True,True
82,R1,common_pair,0.0005,0.0005,0.0005,True,True,True,True,True
82,R2,common_pair,0.0005,0.0005,0.0005,True,True,True,True,True
82,R3,common_pair,0.0005,0.0005,0.0005,True,True,True,True,True
82,R4,common_pair,0.0005,0.0005,0.0005,True,True,True,True,True
82,R1,direct_linear,0.0005,0.0005,0.0005,True,True,True,True,True
82,R2,direct_linear,0.0005,0.0005,0.0005,True,True,True,True,True
82,R3,direct_linear,0.0005,0.0005,0.0005,True,True,True,True,True
82,R4,direct_linear,0.0005,0.0005,0.0005,True,True,True,True,True
82,R1,global_common,0.0005,0.0005,0.0005,True,True,True,True,True
82,R2,global_common,0.0005,0.0005,0.0005,True,True,True,True,True
82,R3,global_common,0.0005,0.0005,0.0005,True,True,True,True,True
82,R4,global_common,0.0005,0.0005,0.0005,True,True,True,True,True
82,R1,nonlinear_square,1.0,0.0005,0.933,False,True,False,True,True
82,R2,nonlinear_square,0.994,0.0015,0.994,False,True,False,True,True
82,R3,nonlinear_square,0.944,0.0005,0.7845,False,True,False,True,True
82,R4,nonlinear_square,1.0,0.0005,0.999,False,True,False,True,True
82,R1,nonlinear_tanh,0.0005,0.0005,0.0005,True,True,True,True,True
82,R2,nonlinear_tanh,0.0005,0.0005,0.0005,True,True,True,True,True
82,R3,nonlinear_tanh,0.0005,0.0005,0.0005,True,True,True,True,True
82,R4,nonlinear_tanh,0.0005,0.0005,0.0005,True,True,True,True,True
82,R1,null,0.9965,0.9995,0.9965,False,False,False,True,True
82,R2,null,0.999,1.0,0.999,False,False,False,True,True
82,R3,null,1.0,0.9975,1.0,False,False,False,True,True
82,R4,null,1.0,1.0,1.0,False,False,False,True,True
83,R1,common_pair,0.0005,0.0005,0.0005,True,True,True,True,True
83,R2,common_pair,0.0005,0.0005,0.0005,True,True,True,True,True
83,R3,common_pair,0.0005,0.0005,0.0005,True,True,True,True,True
83,R4,common_pair,0.0005,0.0005,0.0005,True,True,True,True,True
83,R1,direct_linear,0.0005,0.0005,0.0005,True,True,True,True,True
83,R2,direct_linear,0.0005,0.0005,0.0005,True,True,True,True,True
83,R3,direct_linear,0.0005,0.0005,0.0005,True,True,True,True,True
83,R4,direct_linear,0.0005,0.0005,0.0005,True,True,True,True,True
83,R1,global_common,0.0005,0.0005,0.0005,True,True,True,True,True
83,R2,global_common,0.0005,0.0005,0.0005,True,True,True,True,True
83,R3,global_common,0.0005,0.0005,0.0005,True,True,True,True,True
83,R4,global_common,0.0005,0.0005,0.0005,True,True,True,True,True
83,R1,nonlinear_square,0.0015,0.0005,0.0015,True,True,True,True,True
83,R2,nonlinear_square,1.0,0.0005,1.0,False,True,False,True,True
83,R3,nonlinear_square,0.9995,0.0005,0.962,False,True,False,True,True
83,R4,nonlinear_square,0.428,0.0005,0.428,False,True,False,True,True
83,R1,nonlinear_tanh,0.0005,0.0005,0.0005,True,True,True,True,True
83,R2,nonlinear_tanh,0.0005,0.0005,0.0005,True,True,True,True,True
83,R3,nonlinear_tanh,0.0005,0.0005,0.0005,True,True,True,True,True
83,R4,nonlinear_tanh,0.0005,0.0005,0.0005,True,True,True,True,True
83,R1,null,1.0,1.0,1.0,False,False,False,True,True
83,R2,null,0.942,1.0,0.942,False,False,False,True,True
83,R3,null,0.8955,1.0,0.8955,False,False,False,True,True
83,R4,null,1.0,1.0,1.0,False,False,False,True,True
84,R1,common_pair,0.0005,0.0005,0.0005,True,True,True,True,True
84,R2,common_pair,0.0005,0.0005,0.0005,True,True,True,True,True
84,R3,common_pair,0.0005,0.0005,0.0005,True,True,True,True,True
84,R4,common_pair,0.0005,0.0005,0.0005,True,True,True,True,True
84,R1,direct_linear,0.0005,0.0005,0.0005,True,True,True,True,True
84,R2,direct_linear,0.0005,0.0005,0.0005,True,True,True,True,True
84,R3,direct_linear,0.0005,0.0005,0.0005,True,True,True,True,True
84,R4,direct_linear,0.0005,0.0005,0.0005,True,True,True,True,True
84,R1,global_common,0.0005,0.0005,0.0005,True,True,True,True,True
84,R2,global_common,0.0005,0.0005,0.0005,True,True,True,True,True
84,R3,global_common,0.0005,0.0005,0.0005,True,True,True,True,True
84,R4,global_common,0.0005,0.0005,0.0005,True,True,True,True,True
84,R1,nonlinear_square,1.0,0.0005,0.9965,False,True,False,True,True
84,R2,nonlinear_square,1.0,0.0005,1.0,False,True,False,True,True
84,R3,nonlinear_square,1.0,0.0005,0.668,False,True,False,True,True
84,R4,nonlinear_square,0.9975,0.001,0.9975,False,True,False,True,True
84,R1,nonlinear_tanh,0.0005,0.0005,0.0005,True,True,True,True,True
84,R2,nonlinear_tanh,0.0005,0.0005,0.0005,True,True,True,True,True
84,R3,nonlinear_tanh,0.0005,0.0005,0.0005,True,True,True,True,True
84,R4,nonlinear_tanh,0.0005,0.0005,0.0005,True,True,True,True,True
84,R1,null,0.9995,1.0,0.9995,False,False,False,True,True
84,R2,null,1.0,1.0,1.0,False,False,False,True,True
84,R3,null,0.9915,1.0,0.9915,False,False,False,True,True
84,R4,null,0.9785,1.0,0.9785,False,False,False,True,True
85,R1,common_pair,0.0005,0.0005,0.0005,True,True,True,True,True
85,R2,common_pair,0.0005,0.0005,0.0005,True,True,True,True,True
85,R3,common_pair,0.0005,0.0005,0.0005,True,True,True,True,True
85,R4,common_pair,0.0005,0.0005,0.0005,True,True,True,True,True
85,R1,direct_linear,0.0005,0.0005,0.0005,True,True,True,True,True
85,R2,direct_linear,0.0005,0.0005,0.0005,True,True,True,True,True
85,R3,direct_linear,0.0005,0.0005,0.0005,True,True,True,True,True
85,R4,direct_linear,0.0005,0.0005,0.0005,True,True,True,True,True
85,R1,global_common,0.0005,0.0005,0.0005,True,True,True,True,True
85,R2,global_common,0.0005,0.0005,0.0005,True,True,True,True,True
85,R3,global_common,0.0005,0.0005,0.0005,True,True,True,True,True
85,R4,global_common,0.0005,0.0005,0.0005,True,True,True,True,True
85,R1,nonlinear_square,0.0015,0.0005,0.0015,True,True,True,True,True
85,R2,nonlinear_square,0.998,0.0005,0.998,False,True,False,True,True
85,R3,nonlinear_square,0.253,0.0005,0.253,False,True,False,True,True
85,R4,nonlinear_square,1.0,0.0005,0.9995,False,True,False,True,True
85,R1,nonlinear_tanh,0.0005,0.0005,0.0005,True,True,True,True,True
85,R2,nonlinear_tanh,0.0005,0.0005,0.0005,True,True,True,True,True
85,R3,nonlinear_tanh,0.0005,0.0005,0.0005,True,True,True,True,True
85,R4,nonlinear_tanh,0.0005,0.0005,0.0005,True,True,True,True,True
85,R1,null,1.0,1.0,1.0,False,False,False,True,True
85,R2,null,0.9665,1.0,0.9665,False,False,False,True,True
85,R3,null,0.999,1.0,0.999,False,False,False,True,True
85,R4,null,1.0,1.0,1.0,False,False,False,True,True
86,R1,common_pair,0.0005,0.0005,0.0005,True,True,True,True,True
86,R2,common_pair,0.0005,0.0005,0.0005,True,True,True,True,True
86,R3,common_pair,0.0005,0.0005,0.0005,True,True,True,True,True
86,R4,common_pair,0.0005,0.0005,0.0005,True,True,True,True,True
86,R1,direct_linear,0.0005,0.0005,0.0005,True,True,True,True,True
86,R2,direct_linear,0.0005,0.0005,0.0005,True,True,True,True,True
86,R3,direct_linear,0.0005,0.0005,0.0005,True,True,True,True,True
86,R4,direct_linear,0.0005,0.0005,0.0005,True,True,True,True,True
86,R1,global_common,0.0005,0.0005,0.0005,True,True,True,True,True
86,R2,global_common,0.0005,0.0005,0.0005,True,True,True,True,True
86,R3,global_common,0.0005,0.0005,0.0005,True,True,True,True,True
86,R4,global_common,0.0005,0.0005,0.0005,True,True,True,True,True
86,R1,nonlinear_square,1.0,0.0005,0.9315,False,True,False,True,True
86,R2,nonlinear_square,0.0105,0.0005,0.0105,True,True,True,True,True
86,R3,nonlinear_square,0.989,0.0005,0.9295,False,True,False,True,True
86,R4,nonlinear_square,1.0,0.0005,1.0,False,True,False,True,True
86,R1,nonlinear_tanh,0.0005,0.0005,0.0005,True,True,True,True,True
86,R2,nonlinear_tanh,0.0005,0.0005,0.0005,True,True,True,True,True
86,R3,nonlinear_tanh,0.0005,0.0005,0.0005,True,True,True,True,True
86,R4,nonlinear_tanh,0.0005,0.0005,0.0005,True,True,True,True,True
86,R1,null,1.0,1.0,1.0,False,False,False,True,True
86,R2,null,1.0,1.0,1.0,False,False,False,True,True
86,R3,null,0.9975,1.0,0.9975,False,False,False,True,True
86,R4,null,1.0,1.0,1.0,False,False,False,True,True
87,R1,common_pair,0.0005,0.0005,0.0005,True,True,True,True,True
87,R2,common_pair,0.0005,0.0005,0.0005,True,True,True,True,True
87,R3,common_pair,0.0005,0.0005,0.0005,True,True,True,True,True
87,R4,common_pair,0.0005,0.0005,0.0005,True,True,True,True,True
87,R1,direct_linear,0.0005,0.0005,0.0005,True,True,True,True,True
87,R2,direct_linear,0.0005,0.0005,0.0005,True,True,True,True,True
87,R3,direct_linear,0.0005,0.0005,0.0005,True,True,True,True,True
87,R4,direct_linear,0.0005,0.0005,0.0005,True,True,True,True,True
87,R1,global_common,0.0005,0.0005,0.0005,True,True,True,True,True
87,R2,global_common,0.0005,0.0005,0.0005,True,True,True,True,True
87,R3,global_common,0.0005,0.0005,0.0005,True,True,True,True,True
87,R4,global_common,0.0005,0.0005,0.0005,True,True,True,True,True
87,R1,nonlinear_square,0.9675,0.0005,0.8765,False,True,False,True,True
87,R2,nonlinear_square,0.982,0.0005,0.982,False,True,False,True,True
87,R3,nonlinear_square,0.997,0.0005,0.8415,False,True,False,True,True
87,R4,nonlinear_square,1.0,0.0015,1.0,False,True,False,True,True
87,R1,nonlinear_tanh,0.0005,0.0005,0.0005,True,True,True,True,True
87,R2,nonlinear_tanh,0.0005,0.0005,0.0005,True,True,True,True,True
87,R3,nonlinear_tanh,0.0005,0.0005,0.0005,True,True,True,True,True
87,R4,nonlinear_tanh,0.0005,0.0005,0.0005,True,True,True,True,True
87,R1,null,1.0,1.0,1.0,False,False,False,True,True
87,R2,null,0.998,0.946,0.998,False,False,False,True,True
87,R3,null,1.0,1.0,1.0,False,False,False,True,True
87,R4,null,0.9665,1.0,0.9665,False,False,False,True,True
88,R1,common_pair,0.0005,0.0005,0.0005,True,True,True,True,True
88,R2,common_pair,0.0005,0.0005,0.0005,True,True,True,True,True
88,R3,common_pair,0.0005,0.0005,0.0005,True,True,True,True,True
88,R4,common_pair,0.0005,0.0005,0.0005,True,True,True,True,True
88,R1,direct_linear,0.0005,0.0005,0.0005,True,True,True,True,True
88,R2,direct_linear,0.0005,0.0005,0.0005,True,True,True,True,True
88,R3,direct_linear,0.0005,0.0005,0.0005,True,True,True,True,True
88,R4,direct_linear,0.0005,0.0005,0.0005,True,True,True,True,True
88,R1,global_common,0.0005,0.0005,0.0005,True,True,True,True,True
88,R2,global_common,0.0005,0.0005,0.0005,True,True,True,True,True
88,R3,global_common,0.0005,0.0005,0.0005,True,True,True,True,True
88,R4,global_common,0.0005,0.0005,0.0005,True,True,True,True,True
88,R1,nonlinear_square,1.0,0.0005,0.6765,False,True,False,True,True
88,R2,nonlinear_square,1.0,0.0005,1.0,False,True,False,True,True
88,R3,nonlinear_square,1.0,0.0005,0.519,False,True,False,True,True
88,R4,nonlinear_square,0.9445,0.0005,0.9445,False,True,False,True,True
88,R1,nonlinear_tanh,0.0005,0.0005,0.0005,True,True,True,True,True
88,R2,nonlinear_tanh,0.0005,0.0005,0.0005,True,True,True,True,True
88,R3,nonlinear_tanh,0.0005,0.0005,0.0005,True,True,True,True,True
88,R4,nonlinear_tanh,0.0005,0.0005,0.0005,True,True,True,True,True
88,R1,null,1.0,1.0,1.0,False,False,False,True,True
88,R2,null,1.0,1.0,1.0,False,False,False,True,True
88,R3,null,0.9045,0.973,0.9045,False,False,False,True,True
88,R4,null,1.0,1.0,1.0,False,False,False,True,True
89,R1,common_pair,0.0005,0.0005,0.0005,True,True,True,True,True
89,R2,common_pair,0.0005,0.0005,0.0005,True,True,True,True,True
89,R3,common_pair,0.0005,0.0005,0.0005,True,True,True,True,True
89,R4,common_pair,0.0005,0.0005,0.0005,True,True,True,True,True
89,R1,direct_linear,0.0005,0.0005,0.0005,True,True,True,True,True
89,R2,direct_linear,0.0005,0.0005,0.0005,True,True,True,True,True
89,R3,direct_linear,0.0005,0.0005,0.0005,True,True,True,True,True
89,R4,direct_linear,0.0005,0.0005,0.0005,True,True,True,True,True
89,R1,global_common,0.0005,0.0005,0.0005,True,True,True,True,True
89,R2,global_common,0.0005,0.0005,0.0005,True,True,True,True,True
89,R3,global_common,0.0005,0.0005,0.0005,True,True,True,True,True
89,R4,global_common,0.0005,0.0005,0.0005,True,True,True,True,True
89,R1,nonlinear_square,1.0,0.0005,0.7985,False,True,False,True,True
89,R2,nonlinear_square,0.0525,0.0005,0.0525,False,True,False,True,True
89,R3,nonlinear_square,0.989,0.0005,0.321,False,True,False,True,True
89,R4,nonlinear_square,0.8475,0.0005,0.8475,False,True,False,True,True
89,R1,nonlinear_tanh,0.0005,0.0005,0.0005,True,True,True,True,True
89,R2,nonlinear_tanh,0.0005,0.0005,0.0005,True,True,True,True,True
89,R3,nonlinear_tanh,0.0005,0.0005,0.0005,True,True,True,True,True
89,R4,nonlinear_tanh,0.0005,0.0005,0.0005,True,True,True,True,True
89,R1,null,0.579,0.9885,0.579,False,False,False,True,True
89,R2,null,1.0,1.0,1.0,False,False,False,True,True
89,R3,null,1.0,1.0,1.0,False,False,False,True,True
89,R4,null,1.0,1.0,1.0,False,False,False,True,True
90,R1,common_pair,0.0005,0.0005,0.0005,True,True,True,True,True
90,R2,common_pair,0.0005,0.0005,0.0005,True,True,True,True,True
90,R3,common_pair,0.0005,0.0005,0.0005,True,True,True,True,True
90,R4,common_pair,0.0005,0.0005,0.0005,True,True,True,True,True
90,R1,direct_linear,0.0005,0.0005,0.0005,True,True,True,True,True
90,R2,direct_linear,0.0005,0.0005,0.0005,True,True,True,True,True
90,R3,direct_linear,0.0005,0.0005,0.0005,True,True,True,True,True
90,R4,direct_linear,0.0005,0.0005,0.0005,True,True,True,True,True
90,R1,global_common,0.0005,0.0005,0.0005,True,True,True,True,True
90,R2,global_common,0.0005,0.0005,0.0005,True,True,True,True,True
90,R3,global_common,0.0005,0.0005,0.0005,True,True,True,True,True
90,R4,global_common,0.0005,0.0005,0.0005,True,True,True,True,True
90,R1,nonlinear_square,0.9755,0.0005,0.646,False,True,False,True,True
90,R2,nonlinear_square,0.968,0.0005,0.968,False,True,False,True,True
90,R3,nonlinear_square,0.9995,0.0005,0.1935,False,True,False,True,True
90,R4,nonlinear_square,1.0,0.0005,1.0,False,True,False,True,True
90,R1,nonlinear_tanh,0.0005,0.0005,0.0005,True,True,True,True,True
90,R2,nonlinear_tanh,0.0005,0.0005,0.0005,True,True,True,True,True
90,R3,nonlinear_tanh,0.0005,0.0005,0.0005,True,True,True,True,True
90,R4,nonlinear_tanh,0.0005,0.0005,0.0005,True,True,True,True,True
90,R1,null,0.8955,0.9995,0.8955,False,False,False,True,True
90,R2,null,1.0,1.0,1.0,False,False,False,True,True
90,R3,null,1.0,1.0,1.0,False,False,False,True,True
90,R4,null,1.0,1.0,1.0,False,False,False,True,True
91,R1,common_pair,0.0005,0.0005,0.0005,True,True,True,True,True
91,R2,common_pair,0.0005,0.0005,0.0005,True,True,True,True,True
91,R3,common_pair,0.0005,0.0005,0.0005,True,True,True,True,True
91,R4,common_pair,0.0005,0.0005,0.0005,True,True,True,True,True
91,R1,direct_linear,0.0005,0.0005,0.0005,True,True,True,True,True
91,R2,direct_linear,0.0005,0.0005,0.0005,True,True,True,True,True
91,R3,direct_linear,0.0005,0.0005,0.0005,True,True,True,True,True
91,R4,direct_linear,0.0005,0.0005,0.0005,True,True,True,True,True
91,R1,global_common,0.0005,0.0005,0.0005,True,True,True,True,True
91,R2,global_common,0.0005,0.0005,0.0005,True,True,True,True,True
91,R3,global_common,0.0005,0.0005,0.0005,True,True,True,True,True
91,R4,global_common,0.0005,0.0005,0.0005,True,True,True,True,True
91,R1,nonlinear_square,1.0,0.0005,0.999,False,True,False,True,True
91,R2,nonlinear_square,1.0,0.001,1.0,False,True,False,True,True
91,R3,nonlinear_square,0.0005,0.0005,0.0005,True,True,True,True,True
91,R4,nonlinear_square,1.0,0.0005,0.993,False,True,False,True,True
91,R1,nonlinear_tanh,0.0005,0.0005,0.0005,True,True,True,True,True
91,R2,nonlinear_tanh,0.0005,0.0005,0.0005,True,True,True,True,True
91,R3,nonlinear_tanh,0.0005,0.0005,0.0005,True,True,True,True,True
91,R4,nonlinear_tanh,0.0005,0.0005,0.0005,True,True,True,True,True
91,R1,null,0.8795,0.9235,0.8795,False,False,False,True,True
91,R2,null,0.5795,1.0,0.5795,False,False,False,True,True
91,R3,null,1.0,1.0,1.0,False,False,False,True,True
91,R4,null,0.3425,0.6625,0.3425,False,False,False,True,True
92,R1,common_pair,0.0005,0.0005,0.0005,True,True,True,True,True
92,R2,common_pair,0.0005,0.0005,0.0005,True,True,True,True,True
92,R3,common_pair,0.0005,0.0005,0.0005,True,True,True,True,True
92,R4,common_pair,0.0005,0.0005,0.0005,True,True,True,True,True
92,R1,direct_linear,0.0005,0.0005,0.0005,True,True,True,True,True
92,R2,direct_linear,0.0005,0.0005,0.0005,True,True,True,True,True
92,R3,direct_linear,0.0005,0.0005,0.0005,True,True,True,True,True
92,R4,direct_linear,0.0005,0.0005,0.0005,True,True,True,True,True
92,R1,global_common,0.0005,0.0005,0.0005,True,True,True,True,True
92,R2,global_common,0.0005,0.0005,0.0005,True,True,True,True,True
92,R3,global_common,0.0005,0.0005,0.0005,True,True,True,True,True
92,R4,global_common,0.0005,0.0005,0.0005,True,True,True,True,True
92,R1,nonlinear_square,1.0,0.0005,0.8065,False,True,False,True,True
92,R2,nonlinear_square,0.8805,0.0005,0.8805,False,True,False,True,True
92,R3,nonlinear_square,1.0,0.0005,0.584,False,True,False,True,True
92,R4,nonlinear_square,1.0,0.0005,1.0,False,True,False,True,True
92,R1,nonlinear_tanh,0.0005,0.0005,0.0005,True,True,True,True,True
92,R2,nonlinear_tanh,0.0005,0.0005,0.0005,True,True,True,True,True
92,R3,nonlinear_tanh,0.0005,0.0005,0.0005,True,True,True,True,True
92,R4,nonlinear_tanh,0.0005,0.0005,0.0005,True,True,True,True,True
92,R1,null,0.999,0.383,0.999,False,False,False,True,True
92,R2,null,0.998,0.989,0.998,False,False,False,True,True
92,R3,null,1.0,1.0,1.0,False,False,False,True,True
92,R4,null,0.999,0.972,0.999,False,False,False,True,True
93,R1,common_pair,0.0005,0.0005,0.0005,True,True,True,True,True
93,R2,common_pair,0.0005,0.0005,0.0005,True,True,True,True,True
93,R3,common_pair,0.0005,0.0005,0.0005,True,True,True,True,True
93,R4,common_pair,0.0005,0.0005,0.0005,True,True,True,True,True
93,R1,direct_linear,0.0005,0.0005,0.0005,True,True,True,True,True
93,R2,direct_linear,0.0005,0.0005,0.0005,True,True,True,True,True
93,R3,direct_linear,0.0005,0.0005,0.0005,True,True,True,True,True
93,R4,direct_linear,0.0005,0.0005,0.0005,True,True,True,True,True
93,R1,global_common,0.0005,0.0005,0.0005,True,True,True,True,True
93,R2,global_common,0.0005,0.0005,0.0005,True,True,True,True,True
93,R3,global_common,0.0005,0.0005,0.0005,True,True,True,True,True
93,R4,global_common,0.0005,0.0005,0.0005,True,True,True,True,True
93,R1,nonlinear_square,0.9955,0.0005,0.9645,False,True,False,True,True
93,R2,nonlinear_square,0.7685,0.0005,0.7685,False,True,False,True,True
93,R3,nonlinear_square,1.0,0.0005,0.977,False,True,False,True,True
93,R4,nonlinear_square,0.999,0.0005,0.999,False,True,False,True,True
93,R1,nonlinear_tanh,0.0005,0.0005,0.0005,True,True,True,True,True
93,R2,nonlinear_tanh,0.0005,0.0005,0.0005,True,True,True,True,True
93,R3,nonlinear_tanh,0.0005,0.0005,0.0005,True,True,True,True,True
93,R4,nonlinear_tanh,0.0005,0.0005,0.0005,True,True,True,True,True
93,R1,null,0.987,1.0,0.987,False,False,False,True,True
93,R2,null,1.0,1.0,1.0,False,False,False,True,True
93,R3,null,1.0,1.0,1.0,False,False,False,True,True
93,R4,null,0.7355,0.474,0.7355,False,False,False,True,True
94,R1,common_pair,0.0005,0.0005,0.0005,True,True,True,True,True
94,R2,common_pair,0.0005,0.0005,0.0005,True,True,True,True,True
94,R3,common_pair,0.0005,0.0005,0.0005,True,True,True,True,True
94,R4,common_pair,0.0005,0.0005,0.0005,True,True,True,True,True
94,R1,direct_linear,0.0005,0.0005,0.0005,True,True,True,True,True
94,R2,direct_linear,0.0005,0.0005,0.0005,True,True,True,True,True
94,R3,direct_linear,0.0005,0.0005,0.0005,True,True,True,True,True
94,R4,direct_linear,0.0005,0.0005,0.0005,True,True,True,True,True
94,R1,global_common,0.0005,0.0005,0.0005,True,True,True,True,True
94,R2,global_common,0.0005,0.0005,0.0005,True,True,True,True,True
94,R3,global_common,0.0005,0.0005,0.0005,True,True,True,True,True
94,R4,global_common,0.0005,0.0005,0.0005,True,True,True,True,True
94,R1,nonlinear_square,0.9735,0.0005,0.665,False,True,False,True,True
94,R2,nonlinear_square,1.0,0.0005,0.998,False,True,False,True,True
94,R3,nonlinear_square,0.9975,0.0005,0.2685,False,True,False,True,True
94,R4,nonlinear_square,1.0,0.0005,0.999,False,True,False,True,True
94,R1,nonlinear_tanh,0.0005,0.0005,0.0005,True,True,True,True,True
94,R2,nonlinear_tanh,0.0005,0.0005,0.0005,True,True,True,True,True
94,R3,nonlinear_tanh,0.0005,0.0005,0.0005,True,True,True,True,True
94,R4,nonlinear_tanh,0.0005,0.0005,0.0005,True,True,True,True,True
94,R1,null,0.436,0.2615,0.436,False,False,False,True,True
94,R2,null,0.999,1.0,0.999,False,False,False,True,True
94,R3,null,0.938,1.0,0.938,False,False,False,True,True
94,R4,null,0.8855,0.9755,0.8855,False,False,False,True,True
95,R1,common_pair,0.0005,0.0005,0.0005,True,True,True,True,True
95,R2,common_pair,0.0005,0.0005,0.0005,True,True,True,True,True
95,R3,common_pair,0.0005,0.0005,0.0005,True,True,True,True,True
95,R4,common_pair,0.0005,0.0005,0.0005,True,True,True,True,True
95,R1,direct_linear,0.0005,0.0005,0.0005,True,True,True,True,True
95,R2,direct_linear,0.0005,0.0005,0.0005,True,True,True,True,True
95,R3,direct_linear,0.0005,0.0005,0.0005,True,True,True,True,True
95,R4,direct_linear,0.0005,0.0005,0.0005,True,True,True,True,True
95,R1,global_common,0.0005,0.0005,0.0005,True,True,True,True,True
95,R2,global_common,0.0005,0.0005,0.0005,True,True,True,True,True
95,R3,global_common,0.0005,0.0005,0.0005,True,True,True,True,True
95,R4,global_common,0.0005,0.0005,0.0005,True,True,True,True,True
95,R1,nonlinear_square,0.4815,0.0005,0.4815,False,True,False,True,True
95,R2,nonlinear_square,0.999,0.0005,0.999,False,True,False,True,True
95,R3,nonlinear_square,1.0,0.0005,0.476,False,True,False,True,True
95,R4,nonlinear_square,0.79,0.0005,0.79,False,True,False,True,True
95,R1,nonlinear_tanh,0.0005,0.0005,0.0005,True,True,True,True,True
95,R2,nonlinear_tanh,0.0005,0.0005,0.0005,True,True,True,True,True
95,R3,nonlinear_tanh,0.0005,0.0005,0.0005,True,True,True,True,True
95,R4,nonlinear_tanh,0.0005,0.0005,0.0005,True,True,True,True,True
95,R1,null,1.0,0.9925,1.0,False,False,False,True,True
95,R2,null,0.8505,1.0,0.8505,False,False,False,True,True
95,R3,null,0.996,1.0,0.996,False,False,False,True,True
95,R4,null,1.0,0.9505,1.0,False,False,False,True,True
96,R1,common_pair,0.0005,0.0005,0.0005,True,True,True,True,True
96,R2,common_pair,0.0005,0.0005,0.0005,True,True,True,True,True
96,R3,common_pair,0.0005,0.0005,0.0005,True,True,True,True,True
96,R4,common_pair,0.0005,0.0005,0.0005,True,True,True,True,True
96,R1,direct_linear,0.0005,0.0005,0.0005,True,True,True,True,True
96,R2,direct_linear,0.0005,0.0005,0.0005,True,True,True,True,True
96,R3,direct_linear,0.0005,0.0005,0.0005,True,True,True,True,True
96,R4,direct_linear,0.0005,0.0005,0.0005,True,True,True,True,True
96,R1,global_common,0.0005,0.0005,0.0005,True,True,True,True,True
96,R2,global_common,0.0005,0.0005,0.0005,True,True,True,True,True
96,R3,global_common,0.0005,0.0005,0.0005,True,True,True,True,True
96,R4,global_common,0.0005,0.0005,0.0005,True,True,True,True,True
96,R1,nonlinear_square,0.0395,0.0005,0.0395,True,True,True,True,True
96,R2,nonlinear_square,0.999,0.0005,0.999,False,True,False,True,True
96,R3,nonlinear_square,0.979,0.0005,0.979,False,True,False,True,True
96,R4,nonlinear_square,1.0,0.0005,1.0,False,True,False,True,True
96,R1,nonlinear_tanh,0.0005,0.0005,0.0005,True,True,True,True,True
96,R2,nonlinear_tanh,0.0005,0.0005,0.0005,True,True,True,True,True
96,R3,nonlinear_tanh,0.0005,0.0005,0.0005,True,True,True,True,True
96,R4,nonlinear_tanh,0.0005,0.0005,0.0005,True,True,True,True,True
96,R1,null,0.864,1.0,0.864,False,False,False,True,True
96,R2,null,0.9415,1.0,0.9415,False,False,False,True,True
96,R3,null,1.0,1.0,1.0,False,False,False,True,True
96,R4,null,0.577,0.5485,0.577,False,False,False,True,True
97,R1,common_pair,0.0005,0.0005,0.0005,True,True,True,True,True
97,R2,common_pair,0.0005,0.0005,0.0005,True,True,True,True,True
97,R3,common_pair,0.0005,0.0005,0.0005,True,True,True,True,True
97,R4,common_pair,0.0005,0.0005,0.0005,True,True,True,True,True
97,R1,direct_linear,0.0005,0.0005,0.0005,True,True,True,True,True
97,R2,direct_linear,0.0005,0.0005,0.0005,True,True,True,True,True
97,R3,direct_linear,0.0005,0.0005,0.0005,True,True,True,True,True
97,R4,direct_linear,0.0005,0.0005,0.0005,True,True,True,True,True
97,R1,global_common,0.0005,0.0005,0.0005,True,True,True,True,True
97,R2,global_common,0.0005,0.0005,0.0005,True,True,True,True,True
97,R3,global_common,0.0005,0.0005,0.0005,True,True,True,True,True
97,R4,global_common,0.0005,0.0005,0.0005,True,True,True,True,True
97,R1,nonlinear_square,0.748,0.0005,0.7405,False,True,False,True,True
97,R2,nonlinear_square,1.0,0.0005,1.0,False,True,False,True,True
97,R3,nonlinear_square,0.732,0.0005,0.732,False,True,False,True,True
97,R4,nonlinear_square,1.0,0.0005,1.0,False,True,False,True,True
97,R1,nonlinear_tanh,0.0005,0.0005,0.0005,True,True,True,True,True
97,R2,nonlinear_tanh,0.0005,0.0005,0.0005,True,True,True,True,True
97,R3,nonlinear_tanh,0.0005,0.0005,0.0005,True,True,True,True,True
97,R4,nonlinear_tanh,0.0005,0.0005,0.0005,True,True,True,True,True
97,R1,null,0.9755,0.8625,0.9755,False,False,False,True,True
97,R2,null,1.0,1.0,1.0,False,False,False,True,True
97,R3,null,1.0,1.0,1.0,False,False,False,True,True
97,R4,null,0.5705,0.2405,0.5705,False,False,False,True,True
98,R1,common_pair,0.0005,0.0005,0.0005,True,True,True,True,True
98,R2,common_pair,0.0005,0.0005,0.0005,True,True,True,True,True
98,R3,common_pair,0.0005,0.0005,0.0005,True,True,True,True,True
98,R4,common_pair,0.0005,0.0005,0.0005,True,True,True,True,True
98,R1,direct_linear,0.0005,0.0005,0.0005,True,True,True,True,True
98,R2,direct_linear,0.0005,0.0005,0.0005,True,True,True,True,True
98,R3,direct_linear,0.0005,0.0005,0.0005,True,True,True,True,True
98,R4,direct_linear,0.0005,0.0005,0.0005,True,True,True,True,True
98,R1,global_common,0.0005,0.0005,0.0005,True,True,True,True,True
98,R2,global_common,0.0005,0.0005,0.0005,True,True,True,True,True
98,R3,global_common,0.0005,0.0005,0.0005,True,True,True,True,True
98,R4,global_common,0.0005,0.0005,0.0005,True,True,True,True,True
98,R1,nonlinear_square,1.0,0.0005,0.758,False,True,False,True,True
98,R2,nonlinear_square,0.431,0.0005,0.431,False,True,False,True,True
98,R3,nonlinear_square,0.9755,0.0005,0.9755,False,True,False,True,True
98,R4,nonlinear_square,1.0,0.0005,1.0,False,True,False,True,True
98,R1,nonlinear_tanh,0.0005,0.0005,0.0005,True,True,True,True,True
98,R2,nonlinear_tanh,0.0005,0.0005,0.0005,True,True,True,True,True
98,R3,nonlinear_tanh,0.0005,0.0005,0.0005,True,True,True,True,True
98,R4,nonlinear_tanh,0.0005,0.0005,0.0005,True,True,True,True,True
98,R1,null,0.8695,0.9465,0.8695,False,False,False,True,True
98,R2,null,1.0,1.0,1.0,False,False,False,True,True
98,R3,null,0.234,0.986,0.234,False,False,False,True,True
98,R4,null,1.0,0.977,1.0,False,False,False,True,True
99,R1,common_pair,0.0005,0.0005,0.0005,True,True,True,True,True
99,R2,common_pair,0.0005,0.0005,0.0005,True,True,True,True,True
99,R3,common_pair,0.0005,0.0005,0.0005,True,True,True,True,True
99,R4,common_pair,0.0005,0.0005,0.0005,True,True,True,True,True
99,R1,direct_linear,0.0005,0.0005,0.0005,True,True,True,True,True
99,R2,direct_linear,0.0005,0.0005,0.0005,True,True,True,True,True
99,R3,direct_linear,0.0005,0.0005,0.0005,True,True,True,True,True
99,R4,direct_linear,0.0005,0.0005,0.0005,True,True,True,True,True
99,R1,global_common,0.0005,0.0005,0.0005,True,True,True,True,True
99,R2,global_common,0.0005,0.0005,0.0005,True,True,True,True,True
99,R3,global_common,0.0005,0.0005,0.0005,True,True,True,True,True
99,R4,global_common,0.0005,0.0005,0.0005,True,True,True,True,True
99,R1,nonlinear_square,1.0,0.0005,1.0,False,True,False,True,True
99,R2,nonlinear_square,0.85,0.001,0.85,False,True,False,True,True
99,R3,nonlinear_square,0.2145,0.0005,0.2145,False,True,False,True,True
99,R4,nonlinear_square,1.0,0.0005,1.0,False,True,False,True,True
99,R1,nonlinear_tanh,0.0005,0.0005,0.0005,True,True,True,True,True
99,R2,nonlinear_tanh,0.0005,0.0005,0.0005,True,True,True,True,True
99,R3,nonlinear_tanh,0.0005,0.0005,0.0005,True,True,True,True,True
99,R4,nonlinear_tanh,0.0005,0.0005,0.0005,True,True,True,True,True
99,R1,null,0.498,0.37,0.498,False,False,False,True,True
99,R2,null,1.0,1.0,1.0,False,False,False,True,True
99,R3,null,1.0,1.0,1.0,False,False,False,True,True
99,R4,null,1.0,0.836,1.0,False,False,False,True,True
100,R1,common_pair,0.0005,0.0005,0.0005,True,True,True,True,True
100,R2,common_pair,0.0005,0.0005,0.0005,True,True,True,True,True
100,R3,common_pair,0.0005,0.0005,0.0005,True,True,True,True,True
100,R4,common_pair,0.0005,0.0005,0.0005,True,True,True,True,True
100,R1,direct_linear,0.0005,0.0005,0.0005,True,True,True,True,True
100,R2,direct_linear,0.0005,0.0005,0.0005,True,True,True,True,True
100,R3,direct_linear,0.0005,0.0005,0.0005,True,True,True,True,True
100,R4,direct_linear,0.0005,0.0005,0.0005,True,True,True,True,True
100,R1,global_common,0.0005,0.0005,0.0005,True,True,True,True,True
100,R2,global_common,0.0005,0.0005,0.0005,True,True,True,True,True
100,R3,global_common,0.0005,0.0005,0.0005,True,True,True,True,True
100,R4,global_common,0.0005,0.0005,0.0005,True,True,True,True,True
100,R1,nonlinear_square,1.0,0.0005,0.9925,False,True,False,True,True
100,R2,nonlinear_square,0.9965,0.0005,0.9965,False,True,False,True,True
100,R3,nonlinear_square,1.0,0.0005,0.5835,False,True,False,True,True
100,R4,nonlinear_square,0.9805,0.0005,0.9805,False,True,False,True,True
100,R1,nonlinear_tanh,0.0005,0.0005,0.0005,True,True,True,True,True
100,R2,nonlinear_tanh,0.0005,0.0005,0.0005,True,True,True,True,True
100,R3,nonlinear_tanh,0.0005,0.0005,0.0005,True,True,True,True,True
100,R4,nonlinear_tanh,0.0005,0.0005,0.0005,True,True,True,True,True
100,R1,null,0.9875,0.9995,0.9875,False,False,False,True,True
100,R2,null,1.0,1.0,1.0,False,False,False,True,True
100,R3,null,1.0,0.979,1.0,False,False,False,True,True
100,R4,null,1.0,1.0,1.0,False,False,False,True,True
