candidate,condition,replicate,target_linear,target_nonlinear,target_combined,target_linear_p,target_nonlinear_p,target_combined_p,linear_max_p,nonlinear_max_p,combined_max_p
rff24,nonlinear_square,1,0.08984839301937882,0.10631236266926267,0.10631236266926267,0.9985,0.0005,0.9215,0.6655,0.0005,0.6655
rff64,nonlinear_square,1,0.08984839301937882,0.05995994042871967,0.08984839301937882,0.9985,0.0005,0.9985,0.6655,0.0005,0.6655
rff128,nonlinear_square,1,0.08984839301937882,0.07260954194055369,0.08984839301937882,0.9985,0.0005,0.9985,0.6655,0.0005,0.6655
ensemble4x32,nonlinear_square,1,0.08984839301937882,0.08628605315336971,0.08984839301937882,0.9985,0.0005,0.9985,0.6655,0.0005,0.6655
rff24,nonlinear_square,2,0.041914238370571684,0.10243808781366534,0.10243808781366534,1.0,0.0005,0.9585,0.6725,0.0005,0.6725
rff64,nonlinear_square,2,0.041914238370571684,0.06328587181677847,0.06328587181677847,1.0,0.0005,1.0,0.6725,0.0005,0.6725
rff128,nonlinear_square,2,0.041914238370571684,0.08156478547791048,0.08156478547791048,1.0,0.0005,1.0,0.6725,0.0005,0.6725
ensemble4x32,nonlinear_square,2,0.041914238370571684,0.0937668417871798,0.0937668417871798,1.0,0.0005,0.992,0.6725,0.0005,0.6725
rff24,nonlinear_square,3,0.10881455066458731,0.12223526749259567,0.12223526749259567,0.8955,0.0005,0.6805,0.8605,0.0005,0.6805
rff64,nonlinear_square,3,0.10881455066458731,0.06848645732964809,0.10881455066458731,0.8955,0.0005,0.8955,0.8605,0.0005,0.8605
rff128,nonlinear_square,3,0.10881455066458731,0.0900259983826573,0.10881455066458731,0.8955,0.0005,0.8955,0.8605,0.0005,0.8605
ensemble4x32,nonlinear_square,3,0.10881455066458731,0.10217764114356896,0.10881455066458731,0.8955,0.0005,0.8955,0.8605,0.0005,0.8605
rff24,nonlinear_square,4,0.1666963837182331,0.1499201309683103,0.1666963837182331,0.066,0.0005,0.066,0.066,0.0005,0.066
rff64,nonlinear_square,4,0.1666963837182331,0.0818405991155203,0.1666963837182331,0.066,0.0005,0.066,0.066,0.0005,0.066
rff128,nonlinear_square,4,0.1666963837182331,0.10223060916597379,0.1666963837182331,0.066,0.0005,0.066,0.066,0.0005,0.066
ensemble4x32,nonlinear_square,4,0.1666963837182331,0.12136710725205514,0.1666963837182331,0.066,0.0005,0.066,0.066,0.0005,0.066
rff24,nonlinear_square,5,0.06408710878801568,0.1273985478214537,0.1273985478214537,1.0,0.0005,0.583,0.974,0.0005,0.583
rff64,nonlinear_square,5,0.06408710878801568,0.07251072720766723,0.07251072720766723,1.0,0.0005,1.0,0.974,0.0005,0.974
rff128,nonlinear_square,5,0.06408710878801568,0.10362670068665748,0.10362670068665748,1.0,0.0005,0.9475,0.974,0.0005,0.9475
ensemble4x32,nonlinear_square,5,0.06408710878801568,0.11763829811795887,0.11763829811795887,1.0,0.0005,0.7715,0.974,0.0005,0.7715
rff24,nonlinear_square,6,0.0979833082569887,0.10443381425175068,0.10443381425175068,0.982,0.0005,0.941,0.49,0.0005,0.49
rff64,nonlinear_square,6,0.0979833082569887,0.06600602335167115,0.0979833082569887,0.982,0.0005,0.982,0.49,0.0005,0.49
rff128,nonlinear_square,6,0.0979833082569887,0.08388464545622469,0.0979833082569887,0.982,0.0005,0.982,0.49,0.0005,0.49
ensemble4x32,nonlinear_square,6,0.0979833082569887,0.0961067415353844,0.0979833082569887,0.982,0.0005,0.982,0.49,0.0005,0.49
rff24,nonlinear_square,7,0.07560044812285212,0.10488343164741469,0.10488343164741469,1.0,0.0005,0.938,0.97,0.0005,0.938
rff64,nonlinear_square,7,0.07560044812285212,0.05883186585196466,0.07560044812285212,1.0,0.0005,1.0,0.97,0.0005,0.97
rff128,nonlinear_square,7,0.07560044812285212,0.0775071214791423,0.0775071214791423,1.0,0.0005,1.0,0.97,0.0005,0.97
ensemble4x32,nonlinear_square,7,0.07560044812285212,0.0903638978341645,0.0903638978341645,1.0,0.0005,0.9985,0.97,0.0005,0.97
rff24,nonlinear_square,8,0.09030090932029544,0.10354610780646956,0.10354610780646956,0.9985,0.0005,0.948,0.33,0.0005,0.33
rff64,nonlinear_square,8,0.09030090932029544,0.06701067925149778,0.09030090932029544,0.9985,0.0005,0.9985,0.33,0.0005,0.33
rff128,nonlinear_square,8,0.09030090932029544,0.08391864893110011,0.09030090932029544,0.9985,0.0005,0.9985,0.33,0.0005,0.33
ensemble4x32,nonlinear_square,8,0.09030090932029544,0.09799443555504181,0.09799443555504181,0.9985,0.0005,0.982,0.33,0.0005,0.33
rff24,nonlinear_square,9,0.05507805153034076,0.12130565752718887,0.12130565752718887,1.0,0.0005,0.7025,0.936,0.0005,0.7025
rff64,nonlinear_square,9,0.05507805153034076,0.07290534910548975,0.07290534910548975,1.0,0.0005,1.0,0.936,0.0005,0.936
rff128,nonlinear_square,9,0.05507805153034076,0.0962616346146405,0.0962616346146405,1.0,0.0005,0.985,0.936,0.0005,0.936
ensemble4x32,nonlinear_square,9,0.05507805153034076,0.10817449508065931,0.10817449508065931,1.0,0.0005,0.9045,0.936,0.0005,0.9045
rff24,nonlinear_square,10,0.06545991529559252,0.10007580824360143,0.10007580824360143,1.0,0.0005,0.9685,0.792,0.0005,0.792
rff64,nonlinear_square,10,0.06545991529559252,0.07211486610123537,0.07211486610123537,1.0,0.0005,1.0,0.792,0.0005,0.792
rff128,nonlinear_square,10,0.06545991529559252,0.08392007055364313,0.08392007055364313,1.0,0.0005,0.999,0.792,0.0005,0.792
ensemble4x32,nonlinear_square,10,0.06545991529559252,0.09688041218625962,0.09688041218625962,1.0,0.0005,0.9835,0.792,0.0005,0.792
rff24,nonlinear_square,11,0.07700103019153134,0.11567014145470537,0.11567014145470537,1.0,0.0005,0.7955,0.8495,0.0005,0.7955
rff64,nonlinear_square,11,0.07700103019153134,0.06486066095445421,0.07700103019153134,1.0,0.0005,1.0,0.8495,0.0005,0.8495
rff128,nonlinear_square,11,0.07700103019153134,0.08705175051550766,0.08705175051550766,1.0,0.0005,0.999,0.8495,0.0005,0.8495
ensemble4x32,nonlinear_square,11,0.07700103019153134,0.10161142083157436,0.10161142083157436,1.0,0.0005,0.963,0.8495,0.0005,0.8495
rff24,nonlinear_square,12,0.0972734856356328,0.09394389359534164,0.0972734856356328,0.9835,0.0005,0.9835,0.352,0.0005,0.352
rff64,nonlinear_square,12,0.0972734856356328,0.0570356531822961,0.0972734856356328,0.9835,0.0005,0.9835,0.352,0.0005,0.352
rff128,nonlinear_square,12,0.0972734856356328,0.07433738635401055,0.0972734856356328,0.9835,0.0005,0.9835,0.352,0.0005,0.352
ensemble4x32,nonlinear_square,12,0.0972734856356328,0.0850971563147141,0.0972734856356328,0.9835,0.0005,0.9835,0.352,0.0005,0.352
rff24,nonlinear_square,13,0.062345565280432474,0.10055563816868006,0.10055563816868006,1.0,0.0005,0.9665,0.1665,0.0005,0.1665
rff64,nonlinear_square,13,0.062345565280432474,0.0610378573991789,0.062345565280432474,1.0,0.0005,1.0,0.1665,0.0005,0.1665
rff128,nonlinear_square,13,0.062345565280432474,0.07599472018544884,0.07599472018544884,1.0,0.0005,1.0,0.1665,0.0005,0.1665
ensemble4x32,nonlinear_square,13,0.062345565280432474,0.08858827775320267,0.08858827775320267,1.0,0.0005,0.9985,0.1665,0.0005,0.1665
rff24,nonlinear_square,14,0.11367977864805348,0.11986871546262863,0.11986871546262863,0.8275,0.0005,0.7285,0.049,0.0005,0.049
rff64,nonlinear_square,14,0.11367977864805348,0.07487938789500179,0.11367977864805348,0.8275,0.0005,0.8275,0.049,0.0005,0.049
rff128,nonlinear_square,14,0.11367977864805348,0.08735152332496651,0.11367977864805348,0.8275,0.0005,0.8275,0.049,0.0005,0.049
ensemble4x32,nonlinear_square,14,0.11367977864805348,0.10057166808231313,0.11367977864805348,0.8275,0.0005,0.8275,0.049,0.0005,0.049
rff24,nonlinear_square,15,0.0710516047788432,0.10386387342761096,0.10386387342761096,1.0,0.0005,0.9455,0.49,0.0005,0.49
rff64,nonlinear_square,15,0.0710516047788432,0.06289129372899684,0.0710516047788432,1.0,0.0005,1.0,0.49,0.0005,0.49
rff128,nonlinear_square,15,0.0710516047788432,0.07935212812991907,0.07935212812991907,1.0,0.0005,1.0,0.49,0.0005,0.49
ensemble4x32,nonlinear_square,15,0.0710516047788432,0.08830837907824067,0.08830837907824067,1.0,0.0005,0.9985,0.49,0.0005,0.49
rff24,nonlinear_square,16,0.0960178312361962,0.11486545780474978,0.11486545780474978,0.9855,0.0005,0.809,0.15,0.0005,0.15
rff64,nonlinear_square,16,0.0960178312361962,0.06953964661223376,0.0960178312361962,0.9855,0.0005,0.9855,0.15,0.0005,0.15
rff128,nonlinear_square,16,0.0960178312361962,0.0908561531265428,0.0960178312361962,0.9855,0.0005,0.9855,0.15,0.0005,0.15
ensemble4x32,nonlinear_square,16,0.0960178312361962,0.10277373840778997,0.10277373840778997,0.9855,0.0005,0.956,0.15,0.0005,0.15
rff24,nonlinear_square,17,0.06474724937457665,0.12200612627094413,0.12200612627094413,1.0,0.0005,0.6905,0.792,0.0005,0.6905
rff64,nonlinear_square,17,0.06474724937457665,0.07061966330334235,0.07061966330334235,1.0,0.0005,1.0,0.792,0.0005,0.792
rff128,nonlinear_square,17,0.06474724937457665,0.09245193118742809,0.09245193118742809,1.0,0.0005,0.9945,0.792,0.0005,0.792
ensemble4x32,nonlinear_square,17,0.06474724937457665,0.10653862386783462,0.10653862386783462,1.0,0.0005,0.9195,0.792,0.0005,0.792
rff24,nonlinear_square,18,0.1578904001563426,0.13896218289592,0.1578904001563426,0.1215,0.0005,0.1215,0.1215,0.0005,0.1215
rff64,nonlinear_square,18,0.1578904001563426,0.08559368579078434,0.1578904001563426,0.1215,0.0005,0.1215,0.1215,0.0005,0.1215
rff128,nonlinear_square,18,0.1578904001563426,0.1058950125614548,0.1578904001563426,0.1215,0.0005,0.1215,0.1215,0.0005,0.1215
ensemble4x32,nonlinear_square,18,0.1578904001563426,0.11992445478035463,0.1578904001563426,0.1215,0.0005,0.1215,0.1215,0.0005,0.1215
rff24,nonlinear_square,19,0.07960285732394022,0.06800414175123773,0.07960285732394022,1.0,0.0005,1.0,0.709,0.0005,0.709
rff64,nonlinear_square,19,0.07960285732394022,0.04739709043118727,0.07960285732394022,1.0,0.0005,1.0,0.709,0.0005,0.709
rff128,nonlinear_square,19,0.07960285732394022,0.058975218865469685,0.07960285732394022,1.0,0.0005,1.0,0.709,0.0005,0.709
ensemble4x32,nonlinear_square,19,0.07960285732394022,0.06432949194168792,0.07960285732394022,1.0,0.0005,1.0,0.709,0.0005,0.709
rff24,nonlinear_square,20,0.05276330332648988,0.11391616394178286,0.11391616394178286,1.0,0.0005,0.824,0.213,0.0005,0.213
rff64,nonlinear_square,20,0.05276330332648988,0.06307571611633954,0.06307571611633954,1.0,0.0005,1.0,0.213,0.0005,0.213
rff128,nonlinear_square,20,0.05276330332648988,0.08300728863447585,0.08300728863447585,1.0,0.0005,0.9995,0.213,0.0005,0.213
ensemble4x32,nonlinear_square,20,0.05276330332648988,0.09573964407133115,0.09573964407133115,1.0,0.0005,0.9865,0.213,0.0005,0.213
rff24,nonlinear_square,21,0.07592934174452247,0.1163358349270943,0.1163358349270943,1.0,0.0005,0.79,0.052,0.0005,0.052
rff64,nonlinear_square,21,0.07592934174452247,0.07309417444088256,0.07592934174452247,1.0,0.0005,1.0,0.052,0.0005,0.052
rff128,nonlinear_square,21,0.07592934174452247,0.08736357620549516,0.08736357620549516,1.0,0.0005,0.999,0.052,0.0005,0.052
ensemble4x32,nonlinear_square,21,0.07592934174452247,0.10061995649572779,0.10061995649572779,1.0,0.0005,0.9665,0.052,0.0005,0.052
rff24,nonlinear_square,22,0.0889146181437212,0.11550889484254827,0.11550889484254827,0.9985,0.0005,0.7965,0.635,0.0005,0.635
rff64,nonlinear_square,22,0.0889146181437212,0.07222197423809745,0.0889146181437212,0.9985,0.0005,0.9985,0.635,0.0005,0.635
rff128,nonlinear_square,22,0.0889146181437212,0.0922561008145379,0.0922561008145379,0.9985,0.0005,0.995,0.635,0.0005,0.635
ensemble4x32,nonlinear_square,22,0.0889146181437212,0.10495904913524984,0.10495904913524984,0.9985,0.0005,0.937,0.635,0.0005,0.635
rff24,nonlinear_square,23,0.0743153742749295,0.1017528082829382,0.1017528082829382,1.0,0.0005,0.962,0.8755,0.0005,0.8755
rff64,nonlinear_square,23,0.0743153742749295,0.06517966780943021,0.0743153742749295,1.0,0.0005,1.0,0.8755,0.0005,0.8755
rff128,nonlinear_square,23,0.0743153742749295,0.08780739465024319,0.08780739465024319,1.0,0.0005,0.999,0.8755,0.0005,0.8755
ensemble4x32,nonlinear_square,23,0.0743153742749295,0.09662407647408922,0.09662407647408922,1.0,0.0005,0.985,0.8755,0.0005,0.8755
rff24,nonlinear_square,24,0.11693295070384893,0.07937065568222697,0.11693295070384893,0.7805,0.0005,0.7805,0.658,0.0005,0.658
rff64,nonlinear_square,24,0.11693295070384893,0.04905834457663955,0.11693295070384893,0.7805,0.0005,0.7805,0.658,0.0005,0.658
rff128,nonlinear_square,24,0.11693295070384893,0.07094372599453799,0.11693295070384893,0.7805,0.0005,0.7805,0.658,0.0005,0.658
ensemble4x32,nonlinear_square,24,0.11693295070384893,0.07770270717665737,0.11693295070384893,0.7805,0.0005,0.7805,0.658,0.0005,0.658
rff24,nonlinear_square,25,0.06370618949108371,0.12597712346802484,0.12597712346802484,1.0,0.0005,0.613,0.285,0.0005,0.285
rff64,nonlinear_square,25,0.06370618949108371,0.07765872110665305,0.07765872110665305,1.0,0.0005,1.0,0.285,0.0005,0.285
rff128,nonlinear_square,25,0.06370618949108371,0.10203835712004275,0.10203835712004275,1.0,0.0005,0.96,0.285,0.0005,0.285
ensemble4x32,nonlinear_square,25,0.06370618949108371,0.11791804269538353,0.11791804269538353,1.0,0.0005,0.7665,0.285,0.0005,0.285
rff24,nonlinear_square,26,0.17330505994894443,0.10614339370758741,0.17330505994894443,0.041,0.0005,0.041,0.041,0.0005,0.041
rff64,nonlinear_square,26,0.17330505994894443,0.06448188781316927,0.17330505994894443,0.041,0.0005,0.041,0.041,0.0005,0.041
rff128,nonlinear_square,26,0.17330505994894443,0.09470017407536156,0.17330505994894443,0.041,0.0005,0.041,0.041,0.0005,0.041
ensemble4x32,nonlinear_square,26,0.17330505994894443,0.10462392445446178,0.17330505994894443,0.041,0.0005,0.041,0.041,0.0005,0.041
rff24,nonlinear_square,27,0.1280165979701916,0.09699697088083463,0.1280165979701916,0.574,0.0005,0.574,0.574,0.0005,0.574
rff64,nonlinear_square,27,0.1280165979701916,0.05752653522381282,0.1280165979701916,0.574,0.0005,0.574,0.574,0.0005,0.574
rff128,nonlinear_square,27,0.1280165979701916,0.07756467224765583,0.1280165979701916,0.574,0.0005,0.574,0.574,0.0005,0.574
ensemble4x32,nonlinear_square,27,0.1280165979701916,0.08937108066011702,0.1280165979701916,0.574,0.0005,0.574,0.574,0.0005,0.574
rff24,nonlinear_square,28,0.061594933380801783,0.12570805381713673,0.12570805381713673,1.0,0.0005,0.6155,0.793,0.0005,0.6155
rff64,nonlinear_square,28,0.061594933380801783,0.07071824212616305,0.07071824212616305,1.0,0.0005,1.0,0.793,0.0005,0.793
rff128,nonlinear_square,28,0.061594933380801783,0.09792460279296994,0.09792460279296994,1.0,0.0005,0.9825,0.793,0.0005,0.793
ensemble4x32,nonlinear_square,28,0.061594933380801783,0.11151673345617996,0.11151673345617996,1.0,0.0005,0.8605,0.793,0.0005,0.793
rff24,nonlinear_square,29,0.08836126837665867,0.11507018915021344,0.11507018915021344,0.9985,0.0005,0.8055,0.499,0.0005,0.499
rff64,nonlinear_square,29,0.08836126837665867,0.07206682025953728,0.08836126837665867,0.9985,0.0005,0.9985,0.499,0.0005,0.499
rff128,nonlinear_square,29,0.08836126837665867,0.10320040164475433,0.10320040164475433,0.9985,0.0005,0.953,0.499,0.0005,0.499
ensemble4x32,nonlinear_square,29,0.08836126837665867,0.11010334671030052,0.11010334671030052,0.9985,0.0005,0.882,0.499,0.0005,0.499
rff24,nonlinear_square,30,0.06024937789548167,0.1240511495477766,0.1240511495477766,1.0,0.0005,0.6445,0.3535,0.0005,0.3535
rff64,nonlinear_square,30,0.06024937789548167,0.06551093001883838,0.06551093001883838,1.0,0.0005,1.0,0.3535,0.0005,0.3535
rff128,nonlinear_square,30,0.06024937789548167,0.08355408389540467,0.08355408389540467,1.0,0.0005,0.9995,0.3535,0.0005,0.3535
ensemble4x32,nonlinear_square,30,0.06024937789548167,0.09974833702288065,0.09974833702288065,1.0,0.0005,0.97,0.3535,0.0005,0.3535
rff24,nonlinear_square,31,0.07133899307819024,0.1078329821346666,0.1078329821346666,1.0,0.0005,0.9075,0.15,0.0005,0.15
rff64,nonlinear_square,31,0.07133899307819024,0.06458767251731488,0.07133899307819024,1.0,0.0005,1.0,0.15,0.0005,0.15
rff128,nonlinear_square,31,0.07133899307819024,0.07787238213045083,0.07787238213045083,1.0,0.0005,1.0,0.15,0.0005,0.15
ensemble4x32,nonlinear_square,31,0.07133899307819024,0.08941852051904275,0.08941852051904275,1.0,0.0005,0.9985,0.15,0.0005,0.15
rff24,nonlinear_square,32,0.07772247086903934,0.11822109918101688,0.11822109918101688,1.0,0.0005,0.7605,0.5635,0.0005,0.5635
rff64,nonlinear_square,32,0.07772247086903934,0.07051564763747568,0.07772247086903934,1.0,0.0005,1.0,0.5635,0.0005,0.5635
rff128,nonlinear_square,32,0.07772247086903934,0.09472281596076311,0.09472281596076311,1.0,0.0005,0.9885,0.5635,0.0005,0.5635
ensemble4x32,nonlinear_square,32,0.07772247086903934,0.10770226570699884,0.10770226570699884,1.0,0.0005,0.9095,0.5635,0.0005,0.5635
rff24,nonlinear_square,33,0.21498404719445205,0.11825488216057772,0.21498404719445205,0.0025,0.0005,0.0025,0.0025,0.0005,0.0025
rff64,nonlinear_square,33,0.21498404719445205,0.07562636020397008,0.21498404719445205,0.0025,0.0005,0.0025,0.0025,0.0005,0.0025
rff128,nonlinear_square,33,0.21498404719445205,0.10176708918475226,0.21498404719445205,0.0025,0.0005,0.0025,0.0025,0.0005,0.0025
ensemble4x32,nonlinear_square,33,0.21498404719445205,0.11787630170662475,0.21498404719445205,0.0025,0.0005,0.0025,0.0025,0.0005,0.0025
rff24,nonlinear_square,34,0.09892952869237719,0.10035236703741246,0.10035236703741246,0.974,0.0005,0.968,0.3795,0.0005,0.3795
rff64,nonlinear_square,34,0.09892952869237719,0.05770608635300344,0.09892952869237719,0.974,0.0005,0.974,0.3795,0.0005,0.3795
rff128,nonlinear_square,34,0.09892952869237719,0.07804730592891655,0.09892952869237719,0.974,0.0005,0.974,0.3795,0.0005,0.3795
ensemble4x32,nonlinear_square,34,0.09892952869237719,0.08868877840848073,0.09892952869237719,0.974,0.0005,0.974,0.3795,0.0005,0.3795
rff24,nonlinear_square,35,0.07629544345564164,0.1489723339316135,0.1489723339316135,1.0,0.0005,0.2095,0.588,0.0005,0.2095
rff64,nonlinear_square,35,0.07629544345564164,0.08938993905167507,0.08938993905167507,1.0,0.0005,0.9985,0.588,0.0005,0.588
rff128,nonlinear_square,35,0.07629544345564164,0.1103630563346896,0.1103630563346896,1.0,0.0005,0.8775,0.588,0.0005,0.588
ensemble4x32,nonlinear_square,35,0.07629544345564164,0.1309609379797439,0.1309609379797439,1.0,0.0005,0.5155,0.588,0.0005,0.5155
rff24,nonlinear_square,36,0.14309426177316992,0.10835799701801156,0.14309426177316992,0.292,0.0005,0.292,0.0215,0.0005,0.0215
rff64,nonlinear_square,36,0.14309426177316992,0.05977160566196452,0.14309426177316992,0.292,0.0005,0.292,0.0215,0.0005,0.0215
rff128,nonlinear_square,36,0.14309426177316992,0.0774850114093255,0.14309426177316992,0.292,0.0005,0.292,0.0215,0.0005,0.0215
ensemble4x32,nonlinear_square,36,0.14309426177316992,0.09146259779896797,0.14309426177316992,0.292,0.0005,0.292,0.0215,0.0005,0.0215
rff24,nonlinear_square,37,0.1244280386912691,0.08674935259357436,0.1244280386912691,0.638,0.0005,0.638,0.63,0.0005,0.63
rff64,nonlinear_square,37,0.1244280386912691,0.051706060134460885,0.1244280386912691,0.638,0.0005,0.638,0.63,0.0005,0.63
rff128,nonlinear_square,37,0.1244280386912691,0.061342011150954584,0.1244280386912691,0.638,0.0005,0.638,0.63,0.0005,0.63
ensemble4x32,nonlinear_square,37,0.1244280386912691,0.07040441685832645,0.1244280386912691,0.638,0.0005,0.638,0.63,0.0005,0.63
rff24,nonlinear_square,38,0.0988893535220627,0.11511185087625737,0.11511185087625737,0.974,0.0005,0.805,0.855,0.0005,0.805
rff64,nonlinear_square,38,0.0988893535220627,0.07064610075761761,0.0988893535220627,0.974,0.0005,0.974,0.855,0.0005,0.855
rff128,nonlinear_square,38,0.0988893535220627,0.08499308020847002,0.0988893535220627,0.974,0.0005,0.974,0.855,0.0005,0.855
ensemble4x32,nonlinear_square,38,0.0988893535220627,0.10032785471172906,0.10032785471172906,0.974,0.0005,0.968,0.855,0.0005,0.855
rff24,nonlinear_square,39,0.06564831783988792,0.06691790393721342,0.06691790393721342,1.0,0.0005,1.0,0.263,0.0005,0.263
rff64,nonlinear_square,39,0.06564831783988792,0.044934625562981625,0.06564831783988792,1.0,0.0005,1.0,0.263,0.0005,0.263
rff128,nonlinear_square,39,0.06564831783988792,0.06155811445827003,0.06564831783988792,1.0,0.0005,1.0,0.263,0.0005,0.263
ensemble4x32,nonlinear_square,39,0.06564831783988792,0.0649788352036941,0.06564831783988792,1.0,0.0005,1.0,0.263,0.0005,0.263
rff24,nonlinear_square,40,0.05197148633417535,0.12633256574214533,0.12633256574214533,1.0,0.0005,0.605,0.285,0.0005,0.285
rff64,nonlinear_square,40,0.05197148633417535,0.074941949061261,0.074941949061261,1.0,0.0005,1.0,0.285,0.0005,0.285
rff128,nonlinear_square,40,0.05197148633417535,0.09701509109552944,0.09701509109552944,1.0,0.0005,0.9835,0.285,0.0005,0.285
ensemble4x32,nonlinear_square,40,0.05197148633417535,0.11199918580647945,0.11199918580647945,1.0,0.0005,0.853,0.285,0.0005,0.285
rff24,nonlinear_square,41,0.15533898541514518,0.10809161888959613,0.15533898541514518,0.141,0.0005,0.141,0.141,0.0005,0.141
rff64,nonlinear_square,41,0.15533898541514518,0.07286782605858332,0.15533898541514518,0.141,0.0005,0.141,0.141,0.0005,0.141
rff128,nonlinear_square,41,0.15533898541514518,0.09640179069528712,0.15533898541514518,0.141,0.0005,0.141,0.141,0.0005,0.141
ensemble4x32,nonlinear_square,41,0.15533898541514518,0.10681645884349185,0.15533898541514518,0.141,0.0005,0.141,0.141,0.0005,0.141
rff24,nonlinear_square,42,0.1424502262714683,0.18057509040018116,0.18057509040018116,0.3025,0.0005,0.028,0.1875,0.0005,0.028
rff64,nonlinear_square,42,0.1424502262714683,0.10251540557981058,0.1424502262714683,0.3025,0.0005,0.3025,0.1875,0.0005,0.1875
rff128,nonlinear_square,42,0.1424502262714683,0.12396694734487144,0.1424502262714683,0.3025,0.0005,0.3025,0.1875,0.0005,0.1875
ensemble4x32,nonlinear_square,42,0.1424502262714683,0.14579822618188365,0.14579822618188365,0.3025,0.0005,0.2505,0.1875,0.0005,0.1875
rff24,nonlinear_square,43,0.06071831177321955,0.11098275510921306,0.11098275510921306,1.0,0.0005,0.8695,0.712,0.0005,0.712
rff64,nonlinear_square,43,0.06071831177321955,0.06454988599678753,0.06454988599678753,1.0,0.0005,1.0,0.712,0.0005,0.712
rff128,nonlinear_square,43,0.06071831177321955,0.07535279015885779,0.07535279015885779,1.0,0.0005,1.0,0.712,0.0005,0.712
ensemble4x32,nonlinear_square,43,0.06071831177321955,0.08903558930518479,0.08903558930518479,1.0,0.0005,0.9985,0.712,0.0005,0.712
rff24,nonlinear_square,44,0.03846875956830777,0.1120700520303999,0.1120700520303999,1.0,0.0005,0.852,0.373,0.0005,0.373
rff64,nonlinear_square,44,0.03846875956830777,0.0669926425947777,0.0669926425947777,1.0,0.0005,1.0,0.373,0.0005,0.373
rff128,nonlinear_square,44,0.03846875956830777,0.08359489275787804,0.08359489275787804,1.0,0.0005,0.9995,0.373,0.0005,0.373
ensemble4x32,nonlinear_square,44,0.03846875956830777,0.0973539371348976,0.0973539371348976,1.0,0.0005,0.983,0.373,0.0005,0.373
rff24,nonlinear_square,45,0.05497991157913778,0.12148878727431549,0.12148878727431549,1.0,0.0005,0.7,0.5995,0.0005,0.5995
rff64,nonlinear_square,45,0.05497991157913778,0.07302425447616136,0.07302425447616136,1.0,0.0005,1.0,0.5995,0.0005,0.5995
rff128,nonlinear_square,45,0.05497991157913778,0.0953234950308076,0.0953234950308076,1.0,0.0005,0.9875,0.5995,0.0005,0.5995
ensemble4x32,nonlinear_square,45,0.05497991157913778,0.10944915813384991,0.10944915813384991,1.0,0.0005,0.8905,0.5995,0.0005,0.5995
rff24,nonlinear_square,46,0.10702411556986359,0.09124024859699628,0.10702411556986359,0.9125,0.0005,0.9125,0.138,0.0005,0.138
rff64,nonlinear_square,46,0.10702411556986359,0.05343312331561573,0.10702411556986359,0.9125,0.0005,0.9125,0.138,0.0005,0.138
rff128,nonlinear_square,46,0.10702411556986359,0.06339567734068344,0.10702411556986359,0.9125,0.0005,0.9125,0.138,0.0005,0.138
ensemble4x32,nonlinear_square,46,0.10702411556986359,0.07076962712952774,0.10702411556986359,0.9125,0.0005,0.9125,0.138,0.0005,0.138
rff24,nonlinear_square,47,0.10652423476840989,0.10691271128543582,0.10691271128543582,0.9195,0.0005,0.9135,0.1475,0.0005,0.1475
rff64,nonlinear_square,47,0.10652423476840989,0.061745337642525905,0.10652423476840989,0.9195,0.0005,0.9195,0.1475,0.0005,0.1475
rff128,nonlinear_square,47,0.10652423476840989,0.08415766253264315,0.10652423476840989,0.9195,0.0005,0.9195,0.1475,0.0005,0.1475
ensemble4x32,nonlinear_square,47,0.10652423476840989,0.09452122050358067,0.10652423476840989,0.9195,0.0005,0.9195,0.1475,0.0005,0.1475
rff24,nonlinear_square,48,0.07562708010651674,0.09410177232149333,0.09410177232149333,1.0,0.0005,0.991,0.583,0.0005,0.583
rff64,nonlinear_square,48,0.07562708010651674,0.05785723984819668,0.07562708010651674,1.0,0.0005,1.0,0.583,0.0005,0.583
rff128,nonlinear_square,48,0.07562708010651674,0.06942083476132772,0.07562708010651674,1.0,0.0005,1.0,0.583,0.0005,0.583
ensemble4x32,nonlinear_square,48,0.07562708010651674,0.0813766343295505,0.0813766343295505,1.0,0.0005,1.0,0.583,0.0005,0.583
rff24,nonlinear_square,49,0.03358852201175457,0.10912490746304104,0.10912490746304104,1.0,0.0005,0.891,0.1405,0.0005,0.1405
rff64,nonlinear_square,49,0.03358852201175457,0.059881254447005254,0.059881254447005254,1.0,0.0005,1.0,0.1405,0.0005,0.1405
rff128,nonlinear_square,49,0.03358852201175457,0.08132037343701032,0.08132037343701032,1.0,0.0005,1.0,0.1405,0.0005,0.1405
ensemble4x32,nonlinear_square,49,0.03358852201175457,0.09347637925799639,0.09347637925799639,1.0,0.0005,0.993,0.1405,0.0005,0.1405
rff24,nonlinear_square,50,0.07044928050046965,0.11609547842517728,0.11609547842517728,1.0,0.0005,0.7915,0.516,0.0005,0.516
rff64,nonlinear_square,50,0.07044928050046965,0.06874443209765492,0.07044928050046965,1.0,0.0005,1.0,0.516,0.0005,0.516
rff128,nonlinear_square,50,0.07044928050046965,0.08789328843487915,0.08789328843487915,1.0,0.0005,0.999,0.516,0.0005,0.516
ensemble4x32,nonlinear_square,50,0.07044928050046965,0.09936363494601913,0.09936363494601913,1.0,0.0005,0.9725,0.516,0.0005,0.516
rff24,nonlinear_square,51,0.1031691867919318,0.12927799384062252,0.12927799384062252,0.953,0.0005,0.545,0.2075,0.0005,0.2075
rff64,nonlinear_square,51,0.1031691867919318,0.07885147312673772,0.1031691867919318,0.953,0.0005,0.953,0.2075,0.0005,0.2075
rff128,nonlinear_square,51,0.1031691867919318,0.09886141774954794,0.1031691867919318,0.953,0.0005,0.953,0.2075,0.0005,0.2075
ensemble4x32,nonlinear_square,51,0.1031691867919318,0.11330218766646274,0.11330218766646274,0.953,0.0005,0.834,0.2075,0.0005,0.2075
rff24,nonlinear_square,52,0.17175137763164963,0.09262374940595458,0.17175137763164963,0.047,0.0005,0.047,0.047,0.0005,0.047
rff64,nonlinear_square,52,0.17175137763164963,0.0619905488714341,0.17175137763164963,0.047,0.0005,0.047,0.047,0.0005,0.047
rff128,nonlinear_square,52,0.17175137763164963,0.08154021923392203,0.17175137763164963,0.047,0.0005,0.047,0.047,0.0005,0.047
ensemble4x32,nonlinear_square,52,0.17175137763164963,0.09120272865905397,0.17175137763164963,0.047,0.0005,0.047,0.047,0.0005,0.047
rff24,nonlinear_square,53,0.11971142728679246,0.11181619206508014,0.11971142728679246,0.7295,0.0005,0.7295,0.1945,0.0005,0.1945
rff64,nonlinear_square,53,0.11971142728679246,0.06569835778102787,0.11971142728679246,0.7295,0.0005,0.7295,0.1945,0.0005,0.1945
rff128,nonlinear_square,53,0.11971142728679246,0.07787693637938299,0.11971142728679246,0.7295,0.0005,0.7295,0.1945,0.0005,0.1945
ensemble4x32,nonlinear_square,53,0.11971142728679246,0.08822322895143711,0.11971142728679246,0.7295,0.0005,0.7295,0.1945,0.0005,0.1945
rff24,nonlinear_square,54,0.06742604813174333,0.11786597025286948,0.11786597025286948,1.0,0.0005,0.7685,0.365,0.0005,0.365
rff64,nonlinear_square,54,0.06742604813174333,0.06810854973926263,0.06810854973926263,1.0,0.0005,1.0,0.365,0.0005,0.365
rff128,nonlinear_square,54,0.06742604813174333,0.09196408160204504,0.09196408160204504,1.0,0.0005,0.996,0.365,0.0005,0.365
ensemble4x32,nonlinear_square,54,0.06742604813174333,0.10832066354885364,0.10832066354885364,1.0,0.0005,0.9015,0.365,0.0005,0.365
rff24,nonlinear_square,55,0.10000388970578866,0.08572434906975429,0.10000388970578866,0.9685,0.0005,0.9685,0.198,0.0005,0.198
rff64,nonlinear_square,55,0.10000388970578866,0.05205362597183935,0.10000388970578866,0.9685,0.0005,0.9685,0.198,0.0005,0.198
rff128,nonlinear_square,55,0.10000388970578866,0.06473903192768757,0.10000388970578866,0.9685,0.0005,0.9685,0.198,0.0005,0.198
ensemble4x32,nonlinear_square,55,0.10000388970578866,0.07279331971687367,0.10000388970578866,0.9685,0.0005,0.9685,0.198,0.0005,0.198
rff24,nonlinear_square,56,0.02961346402581694,0.09996385950981262,0.09996385950981262,1.0,0.0005,0.969,0.6445,0.0005,0.6445
rff64,nonlinear_square,56,0.02961346402581694,0.05479631757900012,0.05479631757900012,1.0,0.0005,1.0,0.6445,0.0005,0.6445
rff128,nonlinear_square,56,0.02961346402581694,0.07025170137122973,0.07025170137122973,1.0,0.0005,1.0,0.6445,0.0005,0.6445
ensemble4x32,nonlinear_square,56,0.02961346402581694,0.0800654494025599,0.0800654494025599,1.0,0.0005,1.0,0.6445,0.0005,0.6445
rff24,nonlinear_square,57,0.07821227926137417,0.09158304621856395,0.09158304621856395,1.0,0.0005,0.997,0.9685,0.0005,0.9685
rff64,nonlinear_square,57,0.07821227926137417,0.057313948042450866,0.07821227926137417,1.0,0.0005,1.0,0.9685,0.0005,0.9685
rff128,nonlinear_square,57,0.07821227926137417,0.07032236151350213,0.07821227926137417,1.0,0.0005,1.0,0.9685,0.0005,0.9685
ensemble4x32,nonlinear_square,57,0.07821227926137417,0.07662931428080785,0.07821227926137417,1.0,0.0005,1.0,0.9685,0.0005,0.9685
rff24,nonlinear_square,58,0.10000326837310948,0.0858839907346147,0.10000326837310948,0.9685,0.0005,0.9685,0.9685,0.0005,0.9685
rff64,nonlinear_square,58,0.10000326837310948,0.04706843393090348,0.10000326837310948,0.9685,0.0005,0.9685,0.9685,0.0005,0.9685
rff128,nonlinear_square,58,0.10000326837310948,0.061980978075351356,0.10000326837310948,0.9685,0.0005,0.9685,0.9685,0.0005,0.9685
ensemble4x32,nonlinear_square,58,0.10000326837310948,0.0694263986537461,0.10000326837310948,0.9685,0.0005,0.9685,0.9685,0.0005,0.9685
rff24,nonlinear_square,59,0.14937118427530263,0.112680568142216,0.14937118427530263,0.2035,0.0005,0.2035,0.2035,0.0005,0.2035
rff64,nonlinear_square,59,0.14937118427530263,0.07096440595790375,0.14937118427530263,0.2035,0.0005,0.2035,0.2035,0.0005,0.2035
rff128,nonlinear_square,59,0.14937118427530263,0.09895682996248299,0.14937118427530263,0.2035,0.0005,0.2035,0.2035,0.0005,0.2035
ensemble4x32,nonlinear_square,59,0.14937118427530263,0.10579971685578812,0.14937118427530263,0.2035,0.0005,0.2035,0.2035,0.0005,0.2035
rff24,nonlinear_square,60,0.09093962279564775,0.10752044669064104,0.10752044669064104,0.998,0.0005,0.9105,0.104,0.0005,0.104
rff64,nonlinear_square,60,0.09093962279564775,0.06620019359043607,0.09093962279564775,0.998,0.0005,0.998,0.104,0.0005,0.104
rff128,nonlinear_square,60,0.09093962279564775,0.08036033642595566,0.09093962279564775,0.998,0.0005,0.998,0.104,0.0005,0.104
ensemble4x32,nonlinear_square,60,0.09093962279564775,0.09254421157007475,0.09254421157007475,0.998,0.0005,0.9945,0.104,0.0005,0.104
rff24,nonlinear_square,61,0.03149734306687098,0.14888754275481134,0.14888754275481134,1.0,0.0005,0.2105,0.7355,0.0005,0.2105
rff64,nonlinear_square,61,0.03149734306687098,0.08563503605507009,0.08563503605507009,1.0,0.0005,0.999,0.7355,0.0005,0.7355
rff128,nonlinear_square,61,0.03149734306687098,0.10615526877678778,0.10615526877678778,1.0,0.0005,0.9235,0.7355,0.0005,0.7355
ensemble4x32,nonlinear_square,61,0.03149734306687098,0.12307388889713157,0.12307388889713157,1.0,0.0005,0.661,0.7355,0.0005,0.661
rff24,nonlinear_square,62,0.1349474175559582,0.0809635060170978,0.1349474175559582,0.4315,0.0005,0.4315,0.4315,0.0005,0.4315
rff64,nonlinear_square,62,0.1349474175559582,0.05146949160876814,0.1349474175559582,0.4315,0.0005,0.4315,0.4315,0.0005,0.4315
rff128,nonlinear_square,62,0.1349474175559582,0.07419486983815562,0.1349474175559582,0.4315,0.0005,0.4315,0.4315,0.0005,0.4315
ensemble4x32,nonlinear_square,62,0.1349474175559582,0.07908371751783283,0.1349474175559582,0.4315,0.0005,0.4315,0.4315,0.0005,0.4315
rff24,nonlinear_square,63,0.051411036042475364,0.07843589270120228,0.07843589270120228,1.0,0.0005,1.0,0.906,0.0005,0.906
rff64,nonlinear_square,63,0.051411036042475364,0.04932176318853474,0.051411036042475364,1.0,0.0005,1.0,0.906,0.0005,0.906
rff128,nonlinear_square,63,0.051411036042475364,0.05524167741495998,0.05524167741495998,1.0,0.0005,1.0,0.906,0.0005,0.906
ensemble4x32,nonlinear_square,63,0.051411036042475364,0.06265463008536222,0.06265463008536222,1.0,0.0005,1.0,0.906,0.0005,0.906
rff24,nonlinear_square,64,0.06999416408013838,0.08966654807820007,0.08966654807820007,1.0,0.0005,0.9985,0.7335,0.0005,0.7335
rff64,nonlinear_square,64,0.06999416408013838,0.052928202981680855,0.06999416408013838,1.0,0.0005,1.0,0.7335,0.0005,0.7335
rff128,nonlinear_square,64,0.06999416408013838,0.06871128484133344,0.06999416408013838,1.0,0.0005,1.0,0.7335,0.0005,0.7335
ensemble4x32,nonlinear_square,64,0.06999416408013838,0.07636037770180426,0.07636037770180426,1.0,0.0005,1.0,0.7335,0.0005,0.7335
rff24,nonlinear_square,65,0.07743814808429975,0.10487624511721677,0.10487624511721677,1.0,0.0005,0.938,0.0395,0.0005,0.0395
rff64,nonlinear_square,65,0.07743814808429975,0.06368125042114815,0.07743814808429975,1.0,0.0005,1.0,0.0395,0.0005,0.0395
rff128,nonlinear_square,65,0.07743814808429975,0.08462374679129123,0.08462374679129123,1.0,0.0005,0.999,0.0395,0.0005,0.0395
ensemble4x32,nonlinear_square,65,0.07743814808429975,0.09775047295160663,0.09775047295160663,1.0,0.0005,0.9825,0.0395,0.0005,0.0395
rff24,nonlinear_square,66,0.10197287282255578,0.14155349623253125,0.14155349623253125,0.96,0.0005,0.3145,0.4445,0.0005,0.3145
rff64,nonlinear_square,66,0.10197287282255578,0.08312323695309067,0.10197287282255578,0.96,0.0005,0.96,0.4445,0.0005,0.4445
rff128,nonlinear_square,66,0.10197287282255578,0.09843156911636221,0.10197287282255578,0.96,0.0005,0.96,0.4445,0.0005,0.4445
ensemble4x32,nonlinear_square,66,0.10197287282255578,0.11721445010164287,0.11721445010164287,0.96,0.0005,0.777,0.4445,0.0005,0.4445
rff24,nonlinear_square,67,0.07874487986766655,0.08875472916539244,0.08875472916539244,1.0,0.0005,0.9985,0.7865,0.0005,0.7865
rff64,nonlinear_square,67,0.07874487986766655,0.05929995694428614,0.07874487986766655,1.0,0.0005,1.0,0.7865,0.0005,0.7865
rff128,nonlinear_square,67,0.07874487986766655,0.0718016984548625,0.07874487986766655,1.0,0.0005,1.0,0.7865,0.0005,0.7865
ensemble4x32,nonlinear_square,67,0.07874487986766655,0.08053443116439882,0.08053443116439882,1.0,0.0005,1.0,0.7865,0.0005,0.7865
rff24,nonlinear_square,68,0.07146888729674436,0.10280369103087832,0.10280369103087832,1.0,0.0005,0.956,0.201,0.0005,0.201
rff64,nonlinear_square,68,0.07146888729674436,0.06235105082772569,0.07146888729674436,1.0,0.0005,1.0,0.201,0.0005,0.201
rff128,nonlinear_square,68,0.07146888729674436,0.08002562794770328,0.08002562794770328,1.0,0.0005,1.0,0.201,0.0005,0.201
ensemble4x32,nonlinear_square,68,0.07146888729674436,0.09028009023725515,0.09028009023725515,1.0,0.0005,0.9985,0.201,0.0005,0.201
rff24,nonlinear_square,69,0.06085197142702652,0.12667922373292578,0.12667922373292578,1.0,0.0005,0.5975,0.0245,0.0005,0.0245
rff64,nonlinear_square,69,0.06085197142702652,0.07639564404768695,0.07639564404768695,1.0,0.0005,1.0,0.0245,0.0005,0.0245
rff128,nonlinear_square,69,0.06085197142702652,0.09731350197287546,0.09731350197287546,1.0,0.0005,0.9835,0.0245,0.0005,0.0245
ensemble4x32,nonlinear_square,69,0.06085197142702652,0.11055231386097855,0.11055231386097855,1.0,0.0005,0.875,0.0245,0.0005,0.0245
rff24,nonlinear_square,70,0.17669464219897313,0.09837194200615905,0.17669464219897313,0.0335,0.0005,0.0335,0.0335,0.0005,0.0335
rff64,nonlinear_square,70,0.17669464219897313,0.06704397475935073,0.17669464219897313,0.0335,0.0005,0.0335,0.0335,0.0005,0.0335
rff128,nonlinear_square,70,0.17669464219897313,0.08765797040996769,0.17669464219897313,0.0335,0.0005,0.0335,0.0335,0.0005,0.0335
ensemble4x32,nonlinear_square,70,0.17669464219897313,0.09700018138455277,0.17669464219897313,0.0335,0.0005,0.0335,0.0335,0.0005,0.0335
rff24,nonlinear_square,71,0.055350399114505684,0.08537789211027369,0.08537789211027369,1.0,0.0005,0.999,0.9885,0.0005,0.9885
rff64,nonlinear_square,71,0.055350399114505684,0.04899506050110903,0.055350399114505684,1.0,0.0005,1.0,0.9885,0.0005,0.9885
rff128,nonlinear_square,71,0.055350399114505684,0.06755130162766167,0.06755130162766167,1.0,0.0005,1.0,0.9885,0.0005,0.9885
ensemble4x32,nonlinear_square,71,0.055350399114505684,0.07752886001538142,0.07752886001538142,1.0,0.0005,1.0,0.9885,0.0005,0.9885
rff24,nonlinear_square,72,0.061959613699979196,0.12391463793311461,0.12391463793311461,1.0,0.0005,0.6475,0.5995,0.0005,0.5995
rff64,nonlinear_square,72,0.061959613699979196,0.07483661372487133,0.07483661372487133,1.0,0.0005,1.0,0.5995,0.0005,0.5995
rff128,nonlinear_square,72,0.061959613699979196,0.09319759628824366,0.09319759628824366,1.0,0.0005,0.994,0.5995,0.0005,0.5995
ensemble4x32,nonlinear_square,72,0.061959613699979196,0.10620321772979015,0.10620321772979015,1.0,0.0005,0.923,0.5995,0.0005,0.5995
rff24,nonlinear_square,73,0.15060167970914004,0.06995473249368742,0.15060167970914004,0.191,0.0005,0.191,0.191,0.0005,0.191
rff64,nonlinear_square,73,0.15060167970914004,0.041236312688185554,0.15060167970914004,0.191,0.0005,0.191,0.191,0.0005,0.191
rff128,nonlinear_square,73,0.15060167970914004,0.050137214054286255,0.15060167970914004,0.191,0.0005,0.191,0.191,0.0005,0.191
ensemble4x32,nonlinear_square,73,0.15060167970914004,0.05840872900230268,0.15060167970914004,0.191,0.0005,0.191,0.191,0.0005,0.191
rff24,nonlinear_square,74,0.10417685789040422,0.11571586991335484,0.11571586991335484,0.945,0.0005,0.795,0.669,0.0005,0.669
rff64,nonlinear_square,74,0.10417685789040422,0.06867709691431577,0.10417685789040422,0.945,0.0005,0.945,0.669,0.0005,0.669
rff128,nonlinear_square,74,0.10417685789040422,0.08446332145173042,0.10417685789040422,0.945,0.0005,0.945,0.669,0.0005,0.669
ensemble4x32,nonlinear_square,74,0.10417685789040422,0.0969072929366957,0.10417685789040422,0.945,0.0005,0.945,0.669,0.0005,0.669
rff24,nonlinear_square,75,0.10055224505224564,0.12564446750513103,0.12564446750513103,0.9665,0.0005,0.616,0.7065,0.0005,0.616
rff64,nonlinear_square,75,0.10055224505224564,0.07232381268541056,0.10055224505224564,0.9665,0.0005,0.9665,0.7065,0.0005,0.7065
rff128,nonlinear_square,75,0.10055224505224564,0.08591171930993452,0.10055224505224564,0.9665,0.0005,0.9665,0.7065,0.0005,0.7065
ensemble4x32,nonlinear_square,75,0.10055224505224564,0.09932700130802628,0.10055224505224564,0.9665,0.0005,0.9665,0.7065,0.0005,0.7065
rff24,nonlinear_square,76,0.10584966858049955,0.1063030515259776,0.1063030515259776,0.9275,0.0005,0.9215,0.331,0.0005,0.331
rff64,nonlinear_square,76,0.10584966858049955,0.06685675183762443,0.10584966858049955,0.9275,0.0005,0.9275,0.331,0.0005,0.331
rff128,nonlinear_square,76,0.10584966858049955,0.09657131909221915,0.10584966858049955,0.9275,0.0005,0.9275,0.331,0.0005,0.331
ensemble4x32,nonlinear_square,76,0.10584966858049955,0.10511002412277295,0.10584966858049955,0.9275,0.0005,0.9275,0.331,0.0005,0.331
rff24,nonlinear_square,77,0.06175901161724262,0.13503380388830946,0.13503380388830946,1.0,0.0005,0.4305,0.0495,0.0005,0.0495
rff64,nonlinear_square,77,0.06175901161724262,0.07628267515152921,0.07628267515152921,1.0,0.0005,1.0,0.0495,0.0005,0.0495
rff128,nonlinear_square,77,0.06175901161724262,0.0954480607118398,0.0954480607118398,1.0,0.0005,0.987,0.0495,0.0005,0.0495
ensemble4x32,nonlinear_square,77,0.06175901161724262,0.11149350970295326,0.11149350970295326,1.0,0.0005,0.861,0.0495,0.0005,0.0495
rff24,nonlinear_square,78,0.06419054612920787,0.09925043481121007,0.09925043481121007,1.0,0.0005,0.9735,0.606,0.0005,0.606
rff64,nonlinear_square,78,0.06419054612920787,0.060661117766953265,0.06419054612920787,1.0,0.0005,1.0,0.606,0.0005,0.606
rff128,nonlinear_square,78,0.06419054612920787,0.07541691775899774,0.07541691775899774,1.0,0.0005,1.0,0.606,0.0005,0.606
ensemble4x32,nonlinear_square,78,0.06419054612920787,0.08616168768669533,0.08616168768669533,1.0,0.0005,0.999,0.606,0.0005,0.606
rff24,nonlinear_square,79,0.13137165431858727,0.10832320175375797,0.13137165431858727,0.5065,0.0005,0.5065,0.4755,0.0005,0.4755
rff64,nonlinear_square,79,0.13137165431858727,0.059922177166445365,0.13137165431858727,0.5065,0.0005,0.5065,0.4755,0.0005,0.4755
rff128,nonlinear_square,79,0.13137165431858727,0.08090213683547849,0.13137165431858727,0.5065,0.0005,0.5065,0.4755,0.0005,0.4755
ensemble4x32,nonlinear_square,79,0.13137165431858727,0.0925476690677704,0.13137165431858727,0.5065,0.0005,0.5065,0.4755,0.0005,0.4755
rff24,nonlinear_square,80,0.038140456468261384,0.09353508074986873,0.09353508074986873,1.0,0.0005,0.993,0.9885,0.0005,0.9885
rff64,nonlinear_square,80,0.038140456468261384,0.056353152224533264,0.056353152224533264,1.0,0.0005,1.0,0.9885,0.0005,0.9885
rff128,nonlinear_square,80,0.038140456468261384,0.07292171521301365,0.07292171521301365,1.0,0.0005,1.0,0.9885,0.0005,0.9885
ensemble4x32,nonlinear_square,80,0.038140456468261384,0.08109379125437564,0.08109379125437564,1.0,0.0005,1.0,0.9885,0.0005,0.9885
rff24,nonlinear_square,81,0.053060631741061196,0.1139522784506107,0.1139522784506107,1.0,0.0005,0.8235,0.3755,0.0005,0.3755
rff64,nonlinear_square,81,0.053060631741061196,0.07485964772180746,0.07485964772180746,1.0,0.0005,1.0,0.3755,0.0005,0.3755
rff128,nonlinear_square,81,0.053060631741061196,0.08627169965335085,0.08627169965335085,1.0,0.0005,0.999,0.3755,0.0005,0.3755
ensemble4x32,nonlinear_square,81,0.053060631741061196,0.09683538758559448,0.09683538758559448,1.0,0.0005,0.984,0.3755,0.0005,0.3755
rff24,nonlinear_square,82,0.07875659434972282,0.07626193258972647,0.07875659434972282,1.0,0.0005,1.0,0.481,0.0005,0.481
rff64,nonlinear_square,82,0.07875659434972282,0.04901249383253528,0.07875659434972282,1.0,0.0005,1.0,0.481,0.0005,0.481
rff128,nonlinear_square,82,0.07875659434972282,0.0629949143464102,0.07875659434972282,1.0,0.0005,1.0,0.481,0.0005,0.481
ensemble4x32,nonlinear_square,82,0.07875659434972282,0.07283818635098604,0.07875659434972282,1.0,0.0005,1.0,0.481,0.0005,0.481
rff24,nonlinear_square,83,0.08229748982805235,0.1367274596861106,0.1367274596861106,0.9995,0.0005,0.3945,0.3965,0.0005,0.3945
rff64,nonlinear_square,83,0.08229748982805235,0.07988118538187183,0.08229748982805235,0.9995,0.0005,0.9995,0.3965,0.0005,0.3965
rff128,nonlinear_square,83,0.08229748982805235,0.11321278637383085,0.11321278637383085,0.9995,0.0005,0.835,0.3965,0.0005,0.3965
ensemble4x32,nonlinear_square,83,0.08229748982805235,0.12465874950274497,0.12465874950274497,0.9995,0.0005,0.6335,0.3965,0.0005,0.3965
rff24,nonlinear_square,84,0.09745353039854622,0.07340466980321551,0.09745353039854622,0.983,0.0005,0.983,0.735,0.0005,0.735
rff64,nonlinear_square,84,0.09745353039854622,0.044592796938463866,0.09745353039854622,0.983,0.0005,0.983,0.735,0.0005,0.735
rff128,nonlinear_square,84,0.09745353039854622,0.05211926053114457,0.09745353039854622,0.983,0.0005,0.983,0.735,0.0005,0.735
ensemble4x32,nonlinear_square,84,0.09745353039854622,0.057697521951428424,0.09745353039854622,0.983,0.0005,0.983,0.735,0.0005,0.735
rff24,nonlinear_square,85,0.07818727086043852,0.11387926022021767,0.11387926022021767,1.0,0.0005,0.8245,0.0875,0.0005,0.0875
rff64,nonlinear_square,85,0.07818727086043852,0.06533071469519687,0.07818727086043852,1.0,0.0005,1.0,0.0875,0.0005,0.0875
rff128,nonlinear_square,85,0.07818727086043852,0.0845677064796042,0.0845677064796042,1.0,0.0005,0.999,0.0875,0.0005,0.0875
ensemble4x32,nonlinear_square,85,0.07818727086043852,0.09634511126563174,0.09634511126563174,1.0,0.0005,0.985,0.0875,0.0005,0.0875
rff24,nonlinear_square,86,0.07742818907598215,0.12029663514784814,0.12029663514784814,1.0,0.0005,0.7215,0.4775,0.0005,0.4775
rff64,nonlinear_square,86,0.07742818907598215,0.07149889827470102,0.07742818907598215,1.0,0.0005,1.0,0.4775,0.0005,0.4775
rff128,nonlinear_square,86,0.07742818907598215,0.09076003683591954,0.09076003683591954,1.0,0.0005,0.998,0.4775,0.0005,0.4775
ensemble4x32,nonlinear_square,86,0.07742818907598215,0.10500268331339868,0.10500268331339868,1.0,0.0005,0.9365,0.4775,0.0005,0.4775
rff24,nonlinear_square,87,0.11383092558470922,0.12325950188064724,0.12325950188064724,0.8255,0.0005,0.6575,0.8255,0.0005,0.6575
rff64,nonlinear_square,87,0.11383092558470922,0.07351274095526446,0.11383092558470922,0.8255,0.0005,0.8255,0.8255,0.0005,0.8255
rff128,nonlinear_square,87,0.11383092558470922,0.08438066660205212,0.11383092558470922,0.8255,0.0005,0.8255,0.8255,0.0005,0.8255
ensemble4x32,nonlinear_square,87,0.11383092558470922,0.09488289932315246,0.11383092558470922,0.8255,0.0005,0.8255,0.8255,0.0005,0.8255
rff24,nonlinear_square,88,0.055603816217619326,0.1002664619368074,0.1002664619368074,1.0,0.0005,0.9685,0.153,0.0005,0.153
rff64,nonlinear_square,88,0.055603816217619326,0.06563341332731454,0.06563341332731454,1.0,0.0005,1.0,0.153,0.0005,0.153
rff128,nonlinear_square,88,0.055603816217619326,0.07934728638592489,0.07934728638592489,1.0,0.0005,1.0,0.153,0.0005,0.153
ensemble4x32,nonlinear_square,88,0.055603816217619326,0.08757428510484236,0.08757428510484236,1.0,0.0005,0.999,0.153,0.0005,0.153
rff24,nonlinear_square,89,0.03870048638707293,0.08797350003999367,0.08797350003999367,1.0,0.0005,0.9985,0.514,0.0005,0.514
rff64,nonlinear_square,89,0.03870048638707293,0.05093295819461272,0.05093295819461272,1.0,0.0005,1.0,0.514,0.0005,0.514
rff128,nonlinear_square,89,0.03870048638707293,0.0702067106566034,0.0702067106566034,1.0,0.0005,1.0,0.514,0.0005,0.514
ensemble4x32,nonlinear_square,89,0.03870048638707293,0.08107627555458322,0.08107627555458322,1.0,0.0005,1.0,0.514,0.0005,0.514
rff24,nonlinear_square,90,0.11799807296895645,0.09265082481097256,0.11799807296895645,0.764,0.0005,0.764,0.528,0.0005,0.528
rff64,nonlinear_square,90,0.11799807296895645,0.05584340579320312,0.11799807296895645,0.764,0.0005,0.764,0.528,0.0005,0.528
rff128,nonlinear_square,90,0.11799807296895645,0.06376890782251167,0.11799807296895645,0.764,0.0005,0.764,0.528,0.0005,0.528
ensemble4x32,nonlinear_square,90,0.11799807296895645,0.07444087944106331,0.11799807296895645,0.764,0.0005,0.764,0.528,0.0005,0.528
rff24,nonlinear_square,91,0.04767234236957131,0.10496942286831745,0.10496942286831745,1.0,0.0005,0.937,0.5235,0.0005,0.5235
rff64,nonlinear_square,91,0.04767234236957131,0.06441364285888208,0.06441364285888208,1.0,0.0005,1.0,0.5235,0.0005,0.5235
rff128,nonlinear_square,91,0.04767234236957131,0.07816197046240325,0.07816197046240325,1.0,0.0005,1.0,0.5235,0.0005,0.5235
ensemble4x32,nonlinear_square,91,0.04767234236957131,0.08910459272623658,0.08910459272623658,1.0,0.0005,0.9985,0.5235,0.0005,0.5235
rff24,nonlinear_square,92,0.09554329975722332,0.07783184246294736,0.09554329975722332,0.987,0.0005,0.987,0.039,0.0005,0.039
rff64,nonlinear_square,92,0.09554329975722332,0.0447381661601519,0.09554329975722332,0.987,0.0005,0.987,0.039,0.0005,0.039
rff128,nonlinear_square,92,0.09554329975722332,0.055220768611344326,0.09554329975722332,0.987,0.0005,0.987,0.039,0.0005,0.039
ensemble4x32,nonlinear_square,92,0.09554329975722332,0.06616466840502208,0.09554329975722332,0.987,0.0005,0.987,0.039,0.0005,0.039
rff24,nonlinear_square,93,0.19429119341154275,0.12442144570748392,0.19429119341154275,0.012,0.0005,0.012,0.012,0.0005,0.012
rff64,nonlinear_square,93,0.19429119341154275,0.07356732458244986,0.19429119341154275,0.012,0.0005,0.012,0.012,0.0005,0.012
rff128,nonlinear_square,93,0.19429119341154275,0.08488096681462445,0.19429119341154275,0.012,0.0005,0.012,0.012,0.0005,0.012
ensemble4x32,nonlinear_square,93,0.19429119341154275,0.10125018796252046,0.19429119341154275,0.012,0.0005,0.012,0.012,0.0005,0.012
rff24,nonlinear_square,94,0.0848274740303076,0.11806088137042703,0.11806088137042703,0.999,0.0005,0.7625,0.8355,0.0005,0.7625
rff64,nonlinear_square,94,0.0848274740303076,0.06946567772743127,0.0848274740303076,0.999,0.0005,0.999,0.8355,0.0005,0.8355
rff128,nonlinear_square,94,0.0848274740303076,0.08296908252447847,0.0848274740303076,0.999,0.0005,0.999,0.8355,0.0005,0.8355
ensemble4x32,nonlinear_square,94,0.0848274740303076,0.09237334444681564,0.09237334444681564,0.999,0.0005,0.995,0.8355,0.0005,0.8355
rff24,nonlinear_square,95,0.12493031023941438,0.08592779686448807,0.12493031023941438,0.6295,0.0005,0.6295,0.6295,0.0005,0.6295
rff64,nonlinear_square,95,0.12493031023941438,0.05460226591168956,0.12493031023941438,0.6295,0.0005,0.6295,0.6295,0.0005,0.6295
rff128,nonlinear_square,95,0.12493031023941438,0.07508317551716337,0.12493031023941438,0.6295,0.0005,0.6295,0.6295,0.0005,0.6295
ensemble4x32,nonlinear_square,95,0.12493031023941438,0.08471177525586027,0.12493031023941438,0.6295,0.0005,0.6295,0.6295,0.0005,0.6295
rff24,nonlinear_square,96,0.19972038526600644,0.11179581063911671,0.19972038526600644,0.008,0.0005,0.008,0.008,0.0005,0.008
rff64,nonlinear_square,96,0.19972038526600644,0.06937831895155469,0.19972038526600644,0.008,0.0005,0.008,0.008,0.0005,0.008
rff128,nonlinear_square,96,0.19972038526600644,0.07525267625015163,0.19972038526600644,0.008,0.0005,0.008,0.008,0.0005,0.008
ensemble4x32,nonlinear_square,96,0.19972038526600644,0.08847813290061735,0.19972038526600644,0.008,0.0005,0.008,0.008,0.0005,0.008
rff24,nonlinear_square,97,0.030371089976575286,0.09717622380070015,0.09717622380070015,1.0,0.0005,0.9835,0.2735,0.0005,0.2735
rff64,nonlinear_square,97,0.030371089976575286,0.06297735124942903,0.06297735124942903,1.0,0.0005,1.0,0.2735,0.0005,0.2735
rff128,nonlinear_square,97,0.030371089976575286,0.08697213514739703,0.08697213514739703,1.0,0.0005,0.999,0.2735,0.0005,0.2735
ensemble4x32,nonlinear_square,97,0.030371089976575286,0.09295267276457045,0.09295267276457045,1.0,0.0005,0.994,0.2735,0.0005,0.2735
rff24,nonlinear_square,98,0.1946023567939063,0.08006886504251497,0.1946023567939063,0.012,0.0005,0.012,0.012,0.0005,0.012
rff64,nonlinear_square,98,0.1946023567939063,0.059496759017629366,0.1946023567939063,0.012,0.0005,0.012,0.012,0.0005,0.012
rff128,nonlinear_square,98,0.1946023567939063,0.07556646027782675,0.1946023567939063,0.012,0.0005,0.012,0.012,0.0005,0.012
ensemble4x32,nonlinear_square,98,0.1946023567939063,0.08547495696111096,0.1946023567939063,0.012,0.0005,0.012,0.012,0.0005,0.012
rff24,nonlinear_square,99,0.0519672944942517,0.15598574792784659,0.15598574792784659,1.0,0.0005,0.1365,0.6255,0.0005,0.1365
rff64,nonlinear_square,99,0.0519672944942517,0.0921759396343797,0.0921759396343797,1.0,0.0005,0.995,0.6255,0.0005,0.6255
rff128,nonlinear_square,99,0.0519672944942517,0.11970684385170574,0.11970684385170574,1.0,0.0005,0.7295,0.6255,0.0005,0.6255
ensemble4x32,nonlinear_square,99,0.0519672944942517,0.13379245462667233,0.13379245462667233,1.0,0.0005,0.4565,0.6255,0.0005,0.4565
rff24,nonlinear_square,100,0.09645628262357743,0.10752238939817406,0.10752238939817406,0.985,0.0005,0.9105,0.136,0.0005,0.136
rff64,nonlinear_square,100,0.09645628262357743,0.06327664248517957,0.09645628262357743,0.985,0.0005,0.985,0.136,0.0005,0.136
rff128,nonlinear_square,100,0.09645628262357743,0.07760992348097846,0.09645628262357743,0.985,0.0005,0.985,0.136,0.0005,0.136
ensemble4x32,nonlinear_square,100,0.09645628262357743,0.08508836260855722,0.09645628262357743,0.985,0.0005,0.985,0.136,0.0005,0.136
rff24,null,1,0.07687981319640803,0.011297854766767616,0.07687981319640803,1.0,0.941,1.0,0.2225,0.867,0.2225
rff64,null,1,0.07687981319640803,0.011520223109882802,0.07687981319640803,1.0,0.9445,1.0,0.2225,0.6575,0.2225
rff128,null,1,0.07687981319640803,0.013099636585507913,0.07687981319640803,1.0,0.8275,1.0,0.2225,0.8275,0.2225
ensemble4x32,null,1,0.07687981319640803,0.011389716614720682,0.07687981319640803,1.0,0.9195,1.0,0.2225,0.846,0.2225
rff24,null,2,0.057055328556946235,0.006587893825720099,0.057055328556946235,1.0,1.0,1.0,0.5785,0.8025,0.5785
rff64,null,2,0.057055328556946235,0.007985904978729991,0.057055328556946235,1.0,1.0,1.0,0.5785,0.912,0.5785
rff128,null,2,0.057055328556946235,0.006713462264873562,0.057055328556946235,1.0,1.0,1.0,0.5785,0.475,0.5785
ensemble4x32,null,2,0.057055328556946235,0.007877184657945624,0.057055328556946235,1.0,1.0,1.0,0.5785,0.454,0.5785
rff24,null,3,0.10759040046004864,0.014717111490203912,0.10759040046004864,0.91,0.589,0.91,0.529,0.1585,0.529
rff64,null,3,0.10759040046004864,0.012163955206217578,0.10759040046004864,0.91,0.903,0.91,0.529,0.094,0.529
rff128,null,3,0.10759040046004864,0.011509599096402314,0.10759040046004864,0.91,0.952,0.91,0.529,0.145,0.529
ensemble4x32,null,3,0.10759040046004864,0.012134895486288095,0.10759040046004864,0.91,0.849,0.91,0.529,0.1385,0.529
rff24,null,4,0.028838214986114274,0.003678008480947935,0.028838214986114274,1.0,1.0,1.0,0.9635,0.3215,0.9635
rff64,null,4,0.028838214986114274,0.006164212823308941,0.028838214986114274,1.0,1.0,1.0,0.9635,0.169,0.9635
rff128,null,4,0.028838214986114274,0.004795066120845879,0.028838214986114274,1.0,1.0,1.0,0.9635,0.662,0.9635
ensemble4x32,null,4,0.028838214986114274,0.004537160294391502,0.028838214986114274,1.0,1.0,1.0,0.9635,0.3935,0.9635
rff24,null,5,0.07787936418780166,0.010438844167040854,0.07787936418780166,1.0,0.977,1.0,0.974,0.977,0.974
rff64,null,5,0.07787936418780166,0.01015832002375565,0.07787936418780166,1.0,0.9895,1.0,0.974,0.672,0.974
rff128,null,5,0.07787936418780166,0.008263160183790278,0.07787936418780166,1.0,1.0,1.0,0.974,0.876,0.974
ensemble4x32,null,5,0.07787936418780166,0.009208892855784552,0.07787936418780166,1.0,0.9965,1.0,0.974,0.7575,0.974
rff24,null,6,0.07972104130959233,0.005461871045260804,0.07972104130959233,1.0,1.0,1.0,0.303,0.881,0.303
rff64,null,6,0.07972104130959233,0.005737209633837836,0.07972104130959233,1.0,1.0,1.0,0.303,0.8095,0.303
rff128,null,6,0.07972104130959233,0.005184636918931928,0.07972104130959233,1.0,1.0,1.0,0.303,0.9165,0.303
ensemble4x32,null,6,0.07972104130959233,0.005866553357972219,0.07972104130959233,1.0,1.0,1.0,0.303,0.8765,0.303
rff24,null,7,0.0907919441875429,0.006940473663967529,0.0907919441875429,0.998,1.0,0.998,0.862,0.3695,0.862
rff64,null,7,0.0907919441875429,0.008358297111221467,0.0907919441875429,0.998,1.0,0.998,0.862,0.82,0.862
rff128,null,7,0.0907919441875429,0.007118735042643578,0.0907919441875429,0.998,1.0,0.998,0.862,0.4805,0.862
ensemble4x32,null,7,0.0907919441875429,0.008524772578882527,0.0907919441875429,0.998,0.9995,0.998,0.862,0.65,0.862
rff24,null,8,0.05734580371765166,0.006403201782919277,0.05734580371765166,1.0,1.0,1.0,0.497,0.5695,0.497
rff64,null,8,0.05734580371765166,0.007166694119807543,0.05734580371765166,1.0,1.0,1.0,0.497,0.609,0.497
rff128,null,8,0.05734580371765166,0.006063317692383552,0.05734580371765166,1.0,1.0,1.0,0.497,0.8825,0.497
ensemble4x32,null,8,0.05734580371765166,0.005929454356617915,0.05734580371765166,1.0,1.0,1.0,0.497,0.6625,0.497
rff24,null,9,0.0976752867726884,0.01143588836963019,0.0976752867726884,0.983,0.932,0.983,0.9635,0.6555,0.9635
rff64,null,9,0.0976752867726884,0.011371425064265202,0.0976752867726884,0.983,0.9515,0.983,0.9635,0.494,0.9635
rff128,null,9,0.0976752867726884,0.010351927951442443,0.0976752867726884,0.983,0.9885,0.983,0.9635,0.4445,0.9635
ensemble4x32,null,9,0.0976752867726884,0.011121414689481201,0.0976752867726884,0.983,0.9345,0.983,0.9635,0.5965,0.9635
rff24,null,10,0.044120572684920215,0.005259339158061546,0.044120572684920215,1.0,1.0,1.0,0.1455,0.391,0.1455
rff64,null,10,0.044120572684920215,0.00842496808186911,0.044120572684920215,1.0,1.0,1.0,0.1455,0.072,0.1455
rff128,null,10,0.044120572684920215,0.007645786202129384,0.044120572684920215,1.0,1.0,1.0,0.1455,0.1425,0.1455
ensemble4x32,null,10,0.044120572684920215,0.007132027047379853,0.044120572684920215,1.0,1.0,1.0,0.1455,0.025,0.1455
rff24,null,11,0.10140180409470764,0.008943217572373874,0.10140180409470764,0.9635,0.999,0.9635,0.2225,0.2865,0.2225
rff64,null,11,0.10140180409470764,0.0106157775142727,0.10140180409470764,0.9635,0.979,0.9635,0.2225,0.9355,0.2225
rff128,null,11,0.10140180409470764,0.008147432463836157,0.10140180409470764,0.9635,1.0,0.9635,0.2225,0.653,0.2225
ensemble4x32,null,11,0.10140180409470764,0.0083876374095209,0.10140180409470764,0.9635,0.9995,0.9635,0.2225,0.7705,0.2225
rff24,null,12,0.041041107903967276,0.005469058338053967,0.041041107903967276,1.0,1.0,1.0,0.7225,0.8415,0.7225
rff64,null,12,0.041041107903967276,0.006755416105175646,0.041041107903967276,1.0,1.0,1.0,0.7225,0.946,0.7225
rff128,null,12,0.041041107903967276,0.007815255416230571,0.041041107903967276,1.0,1.0,1.0,0.7225,0.998,0.7225
ensemble4x32,null,12,0.041041107903967276,0.006314229760247953,0.041041107903967276,1.0,1.0,1.0,0.7225,0.9555,0.7225
rff24,null,13,0.07836834389336597,0.01132506086672545,0.07836834389336597,1.0,0.939,1.0,0.807,0.2035,0.807
rff64,null,13,0.07836834389336597,0.01639377688407796,0.07836834389336597,1.0,0.4185,1.0,0.807,0.146,0.807
rff128,null,13,0.07836834389336597,0.016705977539793262,0.07836834389336597,1.0,0.403,1.0,0.807,0.203,0.807
ensemble4x32,null,13,0.07836834389336597,0.014256993269753233,0.07836834389336597,1.0,0.59,1.0,0.807,0.1785,0.807
rff24,null,14,0.05681062653951904,0.010314936032013574,0.05681062653951904,1.0,0.982,1.0,0.966,0.982,0.966
rff64,null,14,0.05681062653951904,0.01198125140812429,0.05681062653951904,1.0,0.9145,1.0,0.966,0.9145,0.966
rff128,null,14,0.05681062653951904,0.008737931333305861,0.05681062653951904,1.0,1.0,1.0,0.966,0.9885,0.966
ensemble4x32,null,14,0.05681062653951904,0.008481924616247506,0.05681062653951904,1.0,0.9995,1.0,0.966,0.9855,0.966
rff24,null,15,0.1302332706214336,0.013765917407049775,0.1302332706214336,0.527,0.7125,0.527,0.512,0.7125,0.512
rff64,null,15,0.1302332706214336,0.017061520077481324,0.1302332706214336,0.527,0.353,0.527,0.512,0.353,0.512
rff128,null,15,0.1302332706214336,0.01811213760110029,0.1302332706214336,0.527,0.2725,0.527,0.512,0.2725,0.512
ensemble4x32,null,15,0.1302332706214336,0.016076419992672012,0.1302332706214336,0.527,0.378,0.527,0.512,0.378,0.512
rff24,null,16,0.09689330714496543,0.009301184484661454,0.09689330714496543,0.9835,0.9975,0.9835,0.9835,0.9975,0.9835
rff64,null,16,0.09689330714496543,0.009905135707420359,0.09689330714496543,0.9835,0.993,0.9835,0.9835,0.7855,0.9835
rff128,null,16,0.09689330714496543,0.012903796818038164,0.09689330714496543,0.9835,0.8505,0.9835,0.9835,0.7185,0.9835
ensemble4x32,null,16,0.09689330714496543,0.010637358241301641,0.09689330714496543,0.9835,0.9605,0.9835,0.9835,0.887,0.9835
rff24,null,17,0.04503887475648666,0.006692079689390628,0.04503887475648666,1.0,1.0,1.0,0.9665,0.1275,0.9665
rff64,null,17,0.04503887475648666,0.006541020770644446,0.04503887475648666,1.0,1.0,1.0,0.9665,0.6535,0.9665
rff128,null,17,0.04503887475648666,0.008797144609827789,0.04503887475648666,1.0,1.0,1.0,0.9665,0.6045,0.9665
ensemble4x32,null,17,0.04503887475648666,0.006365275408760954,0.04503887475648666,1.0,1.0,1.0,0.9665,0.464,0.9665
rff24,null,18,0.11170876929668411,0.009320154538968568,0.11170876929668411,0.857,0.9975,0.857,0.7555,0.854,0.7555
rff64,null,18,0.11170876929668411,0.009511429531960753,0.11170876929668411,0.857,0.996,0.857,0.7555,0.839,0.7555
rff128,null,18,0.11170876929668411,0.01084765634716029,0.11170876929668411,0.857,0.978,0.857,0.7555,0.9065,0.7555
ensemble4x32,null,18,0.11170876929668411,0.010459199109175178,0.11170876929668411,0.857,0.971,0.857,0.7555,0.776,0.7555
rff24,null,19,0.09857955611917067,0.005565572642508667,0.09857955611917067,0.977,1.0,0.977,0.153,0.4735,0.153
rff64,null,19,0.09857955611917067,0.005187679315720988,0.09857955611917067,0.977,1.0,0.977,0.153,0.8845,0.153
rff128,null,19,0.09857955611917067,0.00497606722896947,0.09857955611917067,0.977,1.0,0.977,0.153,0.786,0.153
ensemble4x32,null,19,0.09857955611917067,0.0062842698734252925,0.09857955611917067,0.977,1.0,0.977,0.153,0.9225,0.153
rff24,null,20,0.07543179306741236,0.008498478094291361,0.07543179306741236,1.0,1.0,1.0,0.311,0.851,0.311
rff64,null,20,0.07543179306741236,0.008388505986938214,0.07543179306741236,1.0,1.0,1.0,0.311,0.5345,0.311
rff128,null,20,0.07543179306741236,0.009350733899226684,0.07543179306741236,1.0,0.9995,1.0,0.311,0.9625,0.311
ensemble4x32,null,20,0.07543179306741236,0.008484412321780408,0.07543179306741236,1.0,0.9995,1.0,0.311,0.8285,0.311
rff24,null,21,0.054639938757940945,0.007863517548514602,0.054639938757940945,1.0,1.0,1.0,0.75,0.9475,0.75
rff64,null,21,0.054639938757940945,0.006702427806395659,0.054639938757940945,1.0,1.0,1.0,0.75,0.7235,0.75
rff128,null,21,0.054639938757940945,0.00710738182801768,0.054639938757940945,1.0,1.0,1.0,0.75,0.5065,0.75
ensemble4x32,null,21,0.054639938757940945,0.006322698978243159,0.054639938757940945,1.0,1.0,1.0,0.75,0.7035,0.75
rff24,null,22,0.07934819197861251,0.005395334615167515,0.07934819197861251,1.0,1.0,1.0,0.497,0.399,0.497
rff64,null,22,0.07934819197861251,0.006124401187087142,0.07934819197861251,1.0,1.0,1.0,0.497,0.2815,0.497
rff128,null,22,0.07934819197861251,0.005754136416358836,0.07934819197861251,1.0,1.0,1.0,0.497,0.281,0.497
ensemble4x32,null,22,0.07934819197861251,0.005393110641226125,0.07934819197861251,1.0,1.0,1.0,0.497,0.3865,0.497
rff24,null,23,0.07235487364376832,0.011632962446057202,0.07235487364376832,1.0,0.927,1.0,0.4225,0.014,0.4225
rff64,null,23,0.07235487364376832,0.010510590631376686,0.07235487364376832,1.0,0.9805,1.0,0.4225,0.5075,0.4225
rff128,null,23,0.07235487364376832,0.01027674384640126,0.07235487364376832,1.0,0.99,1.0,0.4225,0.119,0.4225
ensemble4x32,null,23,0.07235487364376832,0.010150468091868536,0.07235487364376832,1.0,0.982,1.0,0.4225,0.243,0.4225
rff24,null,24,0.07507295490719255,0.010871040956139395,0.07507295490719255,1.0,0.961,1.0,0.185,0.8735,0.185
rff64,null,24,0.07507295490719255,0.009249436178626511,0.07507295490719255,1.0,0.9965,1.0,0.185,0.4005,0.185
rff128,null,24,0.07507295490719255,0.011867771276157268,0.07507295490719255,1.0,0.9295,1.0,0.185,0.9295,0.185
ensemble4x32,null,24,0.07507295490719255,0.010288133158329379,0.07507295490719255,1.0,0.9795,1.0,0.185,0.893,0.185
rff24,null,25,0.08777505104130949,0.012757650797793382,0.08777505104130949,0.999,0.8375,0.999,0.4315,0.115,0.4315
rff64,null,25,0.08777505104130949,0.011610048775992055,0.08777505104130949,0.999,0.9395,0.999,0.4315,0.249,0.4315
rff128,null,25,0.08777505104130949,0.012777498374328391,0.08777505104130949,0.999,0.859,0.999,0.4315,0.166,0.4315
ensemble4x32,null,25,0.08777505104130949,0.012062811946627481,0.08777505104130949,0.999,0.8615,0.999,0.4315,0.1295,0.4315
rff24,null,26,0.11045707750882017,0.008547680399856088,0.11045707750882017,0.876,1.0,0.876,0.774,0.621,0.774
rff64,null,26,0.11045707750882017,0.010695264182761812,0.11045707750882017,0.876,0.9765,0.876,0.774,0.7035,0.774
rff128,null,26,0.11045707750882017,0.009600513157882577,0.11045707750882017,0.876,0.999,0.876,0.774,0.43,0.774
ensemble4x32,null,26,0.11045707750882017,0.00854854975257365,0.11045707750882017,0.876,0.9995,0.876,0.774,0.8015,0.774
rff24,null,27,0.10819814107242748,0.010820958564524653,0.10819814107242748,0.9045,0.963,0.9045,0.266,0.5595,0.266
rff64,null,27,0.10819814107242748,0.015594991401233216,0.10819814107242748,0.9045,0.5165,0.9045,0.266,0.5165,0.266
rff128,null,27,0.10819814107242748,0.012831608143874226,0.10819814107242748,0.9045,0.8565,0.9045,0.266,0.6545,0.266
ensemble4x32,null,27,0.10819814107242748,0.011559061086919889,0.10819814107242748,0.9045,0.908,0.9045,0.266,0.736,0.266
rff24,null,28,0.07766726883731519,0.006419701739823573,0.07766726883731519,1.0,1.0,1.0,0.991,0.544,0.991
rff64,null,28,0.07766726883731519,0.007521394027324199,0.07766726883731519,1.0,1.0,1.0,0.991,0.46,0.991
rff128,null,28,0.07766726883731519,0.006526941990958098,0.07766726883731519,1.0,1.0,1.0,0.991,0.8795,0.991
ensemble4x32,null,28,0.07766726883731519,0.0060348717071476935,0.07766726883731519,1.0,1.0,1.0,0.991,0.7325,0.991
rff24,null,29,0.12851281043653556,0.008879085562110756,0.12851281043653556,0.563,0.999,0.563,0.4395,0.961,0.4395
rff64,null,29,0.12851281043653556,0.008990119981350495,0.12851281043653556,0.563,0.998,0.563,0.4395,0.827,0.4395
rff128,null,29,0.12851281043653556,0.00922319056764615,0.12851281043653556,0.563,0.9995,0.563,0.4395,0.8795,0.4395
ensemble4x32,null,29,0.12851281043653556,0.009797776397349588,0.12851281043653556,0.563,0.9915,0.563,0.4395,0.9455,0.4395
rff24,null,30,0.14215529245807715,0.009322339055717777,0.14215529245807715,0.3055,0.9975,0.3055,0.3055,0.3315,0.3055
rff64,null,30,0.14215529245807715,0.009814952273116058,0.14215529245807715,0.3055,0.994,0.3055,0.3055,0.4955,0.3055
rff128,null,30,0.14215529245807715,0.009751915817180188,0.14215529245807715,0.3055,0.998,0.3055,0.3055,0.252,0.3055
ensemble4x32,null,30,0.14215529245807715,0.009700651231230019,0.14215529245807715,0.3055,0.9935,0.3055,0.3055,0.2925,0.3055
rff24,null,31,0.10822984234623677,0.014171156741545116,0.10822984234623677,0.904,0.6625,0.904,0.655,0.6625,0.655
rff64,null,31,0.10822984234623677,0.012544287168297462,0.10822984234623677,0.904,0.866,0.904,0.655,0.866,0.655
rff128,null,31,0.10822984234623677,0.013061253785750656,0.10822984234623677,0.904,0.8335,0.904,0.655,0.8335,0.655
ensemble4x32,null,31,0.10822984234623677,0.013115464388848572,0.10822984234623677,0.904,0.728,0.904,0.655,0.728,0.655
rff24,null,32,0.08077599380910955,0.00645316799886041,0.08077599380910955,1.0,1.0,1.0,0.432,0.8285,0.432
rff64,null,32,0.08077599380910955,0.006572439423352716,0.08077599380910955,1.0,1.0,1.0,0.432,0.2825,0.432
rff128,null,32,0.08077599380910955,0.0068962564217017516,0.08077599380910955,1.0,1.0,1.0,0.432,0.547,0.432
ensemble4x32,null,32,0.08077599380910955,0.006136829973142778,0.08077599380910955,1.0,1.0,1.0,0.432,0.223,0.432
rff24,null,33,0.05856015574405398,0.007705071662346394,0.05856015574405398,1.0,1.0,1.0,0.336,0.064,0.336
rff64,null,33,0.05856015574405398,0.006153736525328755,0.05856015574405398,1.0,1.0,1.0,0.336,0.1105,0.336
rff128,null,33,0.05856015574405398,0.006744558371335823,0.05856015574405398,1.0,1.0,1.0,0.336,0.02,0.336
ensemble4x32,null,33,0.05856015574405398,0.006347947913198431,0.05856015574405398,1.0,1.0,1.0,0.336,0.0385,0.336
rff24,null,34,0.09858034234704868,0.005550769974123159,0.09858034234704868,0.977,1.0,0.977,0.966,0.1735,0.966
rff64,null,34,0.09858034234704868,0.004362709751433892,0.09858034234704868,0.977,1.0,0.977,0.966,0.3435,0.966
rff128,null,34,0.09858034234704868,0.004281893228038412,0.09858034234704868,0.977,1.0,0.977,0.966,0.2385,0.966
ensemble4x32,null,34,0.09858034234704868,0.00392383796860674,0.09858034234704868,0.977,1.0,0.977,0.966,0.28,0.966
rff24,null,35,0.08928068333957002,0.005907761768106635,0.08928068333957002,0.9985,1.0,0.9985,0.795,0.675,0.795
rff64,null,35,0.08928068333957002,0.005912687612714142,0.08928068333957002,0.9985,1.0,0.9985,0.795,0.923,0.795
rff128,null,35,0.08928068333957002,0.006263485186392114,0.08928068333957002,0.9985,1.0,0.9985,0.795,0.897,0.795
ensemble4x32,null,35,0.08928068333957002,0.006112389064830951,0.08928068333957002,0.9985,1.0,0.9985,0.795,0.9445,0.795
rff24,null,36,0.015012735396894277,0.005564756588425926,0.015012735396894277,1.0,1.0,1.0,0.7155,0.441,0.7155
rff64,null,36,0.015012735396894277,0.005264083534627592,0.015012735396894277,1.0,1.0,1.0,0.7155,0.2365,0.7155
rff128,null,36,0.015012735396894277,0.005344248744586242,0.015012735396894277,1.0,1.0,1.0,0.7155,0.236,0.7155
ensemble4x32,null,36,0.015012735396894277,0.0045898828518333495,0.015012735396894277,1.0,1.0,1.0,0.7155,0.2445,0.7155
rff24,null,37,0.0598447371163309,0.005266705223595496,0.0598447371163309,1.0,1.0,1.0,0.68,0.573,0.68
rff64,null,37,0.0598447371163309,0.006078680647705078,0.0598447371163309,1.0,1.0,1.0,0.68,0.802,0.68
rff128,null,37,0.0598447371163309,0.006497364322055702,0.0598447371163309,1.0,1.0,1.0,0.68,0.8905,0.68
ensemble4x32,null,37,0.0598447371163309,0.006635538739910892,0.0598447371163309,1.0,1.0,1.0,0.68,0.7245,0.68
rff24,null,38,0.07615465153512198,0.008108234179260855,0.07615465153512198,1.0,1.0,1.0,0.9455,0.912,0.9455
rff64,null,38,0.07615465153512198,0.0075317228990223195,0.07615465153512198,1.0,1.0,1.0,0.9455,0.743,0.9455
rff128,null,38,0.07615465153512198,0.008962243684543408,0.07615465153512198,1.0,1.0,1.0,0.9455,0.795,0.9455
ensemble4x32,null,38,0.07615465153512198,0.008369577017697536,0.07615465153512198,1.0,0.9995,1.0,0.9455,0.629,0.9455
rff24,null,39,0.046446276026340313,0.005521354026879876,0.046446276026340313,1.0,1.0,1.0,0.5035,0.8255,0.5035
rff64,null,39,0.046446276026340313,0.005050735256190947,0.046446276026340313,1.0,1.0,1.0,0.5035,0.491,0.5035
rff128,null,39,0.046446276026340313,0.005195807242961244,0.046446276026340313,1.0,1.0,1.0,0.5035,0.6245,0.5035
ensemble4x32,null,39,0.046446276026340313,0.004217183238471521,0.046446276026340313,1.0,1.0,1.0,0.5035,0.755,0.5035
rff24,null,40,0.09760991751026254,0.0099188860609299,0.09760991751026254,0.983,0.9905,0.983,0.305,0.275,0.305
rff64,null,40,0.09760991751026254,0.007907654645572446,0.09760991751026254,0.983,1.0,0.983,0.305,0.0785,0.305
rff128,null,40,0.09760991751026254,0.007577149636845129,0.09760991751026254,0.983,1.0,0.983,0.305,0.4765,0.305
ensemble4x32,null,40,0.09760991751026254,0.007537307157267529,0.09760991751026254,0.983,1.0,0.983,0.305,0.391,0.305
rff24,null,41,0.109772129429725,0.013365774494441433,0.109772129429725,0.884,0.76,0.884,0.1515,0.403,0.1515
rff64,null,41,0.109772129429725,0.015633999154877253,0.109772129429725,0.884,0.514,0.884,0.1515,0.514,0.1515
rff128,null,41,0.109772129429725,0.01170380170130557,0.109772129429725,0.884,0.9385,0.884,0.1515,0.452,0.1515
ensemble4x32,null,41,0.109772129429725,0.01117583917101301,0.109772129429725,0.884,0.9325,0.884,0.1515,0.4805,0.1515
rff24,null,42,0.08845693875444109,0.012668941235789358,0.08845693875444109,0.9985,0.8485,0.9985,0.3955,0.8485,0.3955
rff64,null,42,0.08845693875444109,0.01433558475524028,0.08845693875444109,0.9985,0.6595,0.9985,0.3955,0.6595,0.3955
rff128,null,42,0.08845693875444109,0.012543306579641875,0.08845693875444109,0.9985,0.881,0.9985,0.3955,0.881,0.3955
ensemble4x32,null,42,0.08845693875444109,0.012211240128448365,0.08845693875444109,0.9985,0.839,0.9985,0.3955,0.839,0.3955
rff24,null,43,0.1948446259494801,0.012306077834537082,0.1948446259494801,0.012,0.879,0.012,0.012,0.879,0.012
rff64,null,43,0.1948446259494801,0.016961206698237245,0.1948446259494801,0.012,0.3645,0.012,0.012,0.3645,0.012
rff128,null,43,0.1948446259494801,0.015907238525233566,0.1948446259494801,0.012,0.4885,0.012,0.012,0.4885,0.012
ensemble4x32,null,43,0.1948446259494801,0.012348611028282129,0.1948446259494801,0.012,0.824,0.012,0.012,0.6795,0.012
rff24,null,44,0.09109542413212861,0.009088997754511666,0.09109542413212861,0.998,0.998,0.998,0.183,0.696,0.183
rff64,null,44,0.09109542413212861,0.01786220324005449,0.09109542413212861,0.998,0.29,0.998,0.183,0.29,0.183
rff128,null,44,0.09109542413212861,0.014000819582075294,0.09109542413212861,0.998,0.7245,0.998,0.183,0.7245,0.183
ensemble4x32,null,44,0.09109542413212861,0.012532018461862384,0.09109542413212861,0.998,0.8015,0.998,0.183,0.8015,0.183
rff24,null,45,0.060958949687717826,0.004146581995007527,0.060958949687717826,1.0,1.0,1.0,0.847,0.323,0.847
rff64,null,45,0.060958949687717826,0.005914959324611985,0.060958949687717826,1.0,1.0,1.0,0.847,0.4,0.847
rff128,null,45,0.060958949687717826,0.005434839049146618,0.060958949687717826,1.0,1.0,1.0,0.847,0.687,0.847
ensemble4x32,null,45,0.060958949687717826,0.0045163869452543755,0.060958949687717826,1.0,1.0,1.0,0.847,0.7955,0.847
rff24,null,46,0.10221327564399775,0.013632649997233067,0.10221327564399775,0.9595,0.7305,0.9595,0.2225,0.2565,0.2225
rff64,null,46,0.10221327564399775,0.012354373725097593,0.10221327564399775,0.9595,0.886,0.9595,0.2225,0.2615,0.2225
rff128,null,46,0.10221327564399775,0.01405325879732141,0.10221327564399775,0.9595,0.7165,0.9595,0.2225,0.3015,0.2225
ensemble4x32,null,46,0.10221327564399775,0.011775529785305005,0.10221327564399775,0.9595,0.888,0.9595,0.2225,0.19,0.2225
rff24,null,47,0.07023696336092468,0.006107147367872931,0.07023696336092468,1.0,1.0,1.0,0.104,0.778,0.104
rff64,null,47,0.07023696336092468,0.00707157611805442,0.07023696336092468,1.0,1.0,1.0,0.104,0.3925,0.104
rff128,null,47,0.07023696336092468,0.007887924141568428,0.07023696336092468,1.0,1.0,1.0,0.104,0.284,0.104
ensemble4x32,null,47,0.07023696336092468,0.006866861665144917,0.07023696336092468,1.0,1.0,1.0,0.104,0.3865,0.104
rff24,null,48,0.07327629849177003,0.0072854102621426955,0.07327629849177003,1.0,1.0,1.0,0.24,0.6575,0.24
rff64,null,48,0.07327629849177003,0.008467601697366479,0.07327629849177003,1.0,1.0,1.0,0.24,0.677,0.24
rff128,null,48,0.07327629849177003,0.006458633849767939,0.07327629849177003,1.0,1.0,1.0,0.24,0.385,0.24
ensemble4x32,null,48,0.07327629849177003,0.006524063965445299,0.07327629849177003,1.0,1.0,1.0,0.24,0.611,0.24
rff24,null,49,0.05801403398871371,0.004887704659891698,0.05801403398871371,1.0,1.0,1.0,0.527,0.3785,0.527
rff64,null,49,0.05801403398871371,0.007836549927807723,0.05801403398871371,1.0,1.0,1.0,0.527,0.3455,0.527
rff128,null,49,0.05801403398871371,0.007308153875819056,0.05801403398871371,1.0,1.0,1.0,0.527,0.32,0.527
ensemble4x32,null,49,0.05801403398871371,0.00684110571840002,0.05801403398871371,1.0,1.0,1.0,0.527,0.4585,0.527
rff24,null,50,0.08904383854944244,0.005377448105632098,0.08904383854944244,0.9985,1.0,0.9985,0.0655,0.403,0.0655
rff64,null,50,0.08904383854944244,0.006942382265652228,0.08904383854944244,0.9985,1.0,0.9985,0.0655,0.1015,0.0655
rff128,null,50,0.08904383854944244,0.006960535311430798,0.08904383854944244,0.9985,1.0,0.9985,0.0655,0.1725,0.0655
ensemble4x32,null,50,0.08904383854944244,0.0061251347778911915,0.08904383854944244,0.9985,1.0,0.9985,0.0655,0.2495,0.0655
rff24,null,51,0.08391421651154372,0.0047560631208113545,0.08391421651154372,0.999,1.0,0.999,0.587,0.5755,0.587
rff64,null,51,0.08391421651154372,0.005683259485550546,0.08391421651154372,0.999,1.0,0.999,0.587,0.135,0.587
rff128,null,51,0.08391421651154372,0.005671448174513414,0.08391421651154372,0.999,1.0,0.999,0.587,0.319,0.587
ensemble4x32,null,51,0.08391421651154372,0.005068891418490897,0.08391421651154372,0.999,1.0,0.999,0.587,0.1,0.587
rff24,null,52,0.04101643377670931,0.004873093033069912,0.04101643377670931,1.0,1.0,1.0,0.101,0.058,0.101
rff64,null,52,0.04101643377670931,0.005309053375831281,0.04101643377670931,1.0,1.0,1.0,0.101,0.1405,0.101
rff128,null,52,0.04101643377670931,0.00480697460634475,0.04101643377670931,1.0,1.0,1.0,0.101,0.239,0.101
ensemble4x32,null,52,0.04101643377670931,0.0050538671444399375,0.04101643377670931,1.0,1.0,1.0,0.101,0.1015,0.101
rff24,null,53,0.05837491206595751,0.005905989336847089,0.05837491206595751,1.0,1.0,1.0,0.589,0.3825,0.589
rff64,null,53,0.05837491206595751,0.0066157304783812645,0.05837491206595751,1.0,1.0,1.0,0.589,0.57,0.589
rff128,null,53,0.05837491206595751,0.006506944401139748,0.05837491206595751,1.0,1.0,1.0,0.589,0.381,0.589
ensemble4x32,null,53,0.05837491206595751,0.005695410245195576,0.05837491206595751,1.0,1.0,1.0,0.589,0.397,0.589
rff24,null,54,0.07474985227773182,0.0064046386466334,0.07474985227773182,1.0,1.0,1.0,0.3565,0.3245,0.3565
rff64,null,54,0.07474985227773182,0.005901712329059458,0.07474985227773182,1.0,1.0,1.0,0.3565,0.1795,0.3565
rff128,null,54,0.07474985227773182,0.005362449835051326,0.07474985227773182,1.0,1.0,1.0,0.3565,0.241,0.3565
ensemble4x32,null,54,0.07474985227773182,0.00544225662223863,0.07474985227773182,1.0,1.0,1.0,0.3565,0.118,0.3565
rff24,null,55,0.11177939448439494,0.01051945954102619,0.11177939448439494,0.8555,0.9755,0.8555,0.187,0.7,0.187
rff64,null,55,0.11177939448439494,0.014981951982264867,0.11177939448439494,0.8555,0.579,0.8555,0.187,0.47,0.187
rff128,null,55,0.11177939448439494,0.014199659617560742,0.11177939448439494,0.8555,0.6985,0.8555,0.187,0.354,0.187
ensemble4x32,null,55,0.11177939448439494,0.011789035741381635,0.11177939448439494,0.8555,0.887,0.8555,0.187,0.571,0.187
rff24,null,56,0.06824456672361306,0.009133567437503206,0.06824456672361306,1.0,0.998,1.0,0.2885,0.218,0.2885
rff64,null,56,0.06824456672361306,0.00946401141135346,0.06824456672361306,1.0,0.9965,1.0,0.2885,0.2545,0.2885
rff128,null,56,0.06824456672361306,0.009085597219183617,0.06824456672361306,1.0,1.0,1.0,0.2885,0.247,0.2885
ensemble4x32,null,56,0.06824456672361306,0.008803500263124157,0.06824456672361306,1.0,0.9995,1.0,0.2885,0.347,0.2885
rff24,null,57,0.0974846386442987,0.009751752369942095,0.0974846386442987,0.983,0.993,0.983,0.0495,0.041,0.0495
rff64,null,57,0.0974846386442987,0.008973219913622694,0.0974846386442987,0.983,0.998,0.983,0.0495,0.01,0.0495
rff128,null,57,0.0974846386442987,0.00983852054195565,0.0974846386442987,0.983,0.9975,0.983,0.0495,0.0405,0.0495
ensemble4x32,null,57,0.0974846386442987,0.00782115287395134,0.0974846386442987,0.983,1.0,0.983,0.0495,0.033,0.0495
rff24,null,58,0.0659796049072955,0.008467158662988602,0.0659796049072955,1.0,1.0,1.0,0.4725,0.724,0.4725
rff64,null,58,0.0659796049072955,0.010627047876534054,0.0659796049072955,1.0,0.9785,1.0,0.4725,0.7675,0.4725
rff128,null,58,0.0659796049072955,0.00970282755501379,0.0659796049072955,1.0,0.998,1.0,0.4725,0.7855,0.4725
ensemble4x32,null,58,0.0659796049072955,0.009638955202026858,0.0659796049072955,1.0,0.9945,1.0,0.4725,0.44,0.4725
rff24,null,59,0.05953322414548752,0.006184352066483281,0.05953322414548752,1.0,1.0,1.0,0.929,0.5475,0.929
rff64,null,59,0.05953322414548752,0.00538595204356143,0.05953322414548752,1.0,1.0,1.0,0.929,0.904,0.929
rff128,null,59,0.05953322414548752,0.005389657942243678,0.05953322414548752,1.0,1.0,1.0,0.929,0.885,0.929
ensemble4x32,null,59,0.05953322414548752,0.006058130122263127,0.05953322414548752,1.0,1.0,1.0,0.929,0.9345,0.929
rff24,null,60,0.0798994871297245,0.005112685920390431,0.0798994871297245,1.0,1.0,1.0,0.3325,0.94,0.3325
rff64,null,60,0.0798994871297245,0.005123946393902385,0.0798994871297245,1.0,1.0,1.0,0.3325,0.8065,0.3325
rff128,null,60,0.0798994871297245,0.0059800566092681326,0.0798994871297245,1.0,1.0,1.0,0.3325,0.9685,0.3325
ensemble4x32,null,60,0.0798994871297245,0.00506321385851947,0.0798994871297245,1.0,1.0,1.0,0.3325,0.941,0.3325
rff24,null,61,0.07981351627547792,0.012829105274882386,0.07981351627547792,1.0,0.8275,1.0,0.092,0.6575,0.092
rff64,null,61,0.07981351627547792,0.010857358880691134,0.07981351627547792,1.0,0.9705,1.0,0.092,0.227,0.092
rff128,null,61,0.07981351627547792,0.011115367280560428,0.07981351627547792,1.0,0.968,1.0,0.092,0.2015,0.092
ensemble4x32,null,61,0.07981351627547792,0.01028163658815033,0.07981351627547792,1.0,0.9795,1.0,0.092,0.164,0.092
rff24,null,62,0.10038995035178713,0.010661569825928497,0.10038995035178713,0.968,0.969,0.968,0.2035,0.422,0.2035
rff64,null,62,0.10038995035178713,0.011075211773715623,0.10038995035178713,0.968,0.962,0.968,0.2035,0.332,0.2035
rff128,null,62,0.10038995035178713,0.007928791716700558,0.10038995035178713,0.968,1.0,0.968,0.2035,0.2565,0.2035
ensemble4x32,null,62,0.10038995035178713,0.008634626586776072,0.10038995035178713,0.968,0.9995,0.968,0.2035,0.4045,0.2035
rff24,null,63,0.07955273457770717,0.00718633855359821,0.07955273457770717,1.0,1.0,1.0,0.8695,0.578,0.8695
rff64,null,63,0.07955273457770717,0.007420886825265645,0.07955273457770717,1.0,1.0,1.0,0.8695,0.2675,0.8695
rff128,null,63,0.07955273457770717,0.006943090599747099,0.07955273457770717,1.0,1.0,1.0,0.8695,0.2895,0.8695
ensemble4x32,null,63,0.07955273457770717,0.006491028596930074,0.07955273457770717,1.0,1.0,1.0,0.8695,0.369,0.8695
rff24,null,64,0.049253483037430185,0.007934106788827548,0.049253483037430185,1.0,1.0,1.0,0.8485,0.8505,0.8485
rff64,null,64,0.049253483037430185,0.009838751545834324,0.049253483037430185,1.0,0.994,1.0,0.8485,0.9475,0.8485
rff128,null,64,0.049253483037430185,0.009100527583060177,0.049253483037430185,1.0,1.0,1.0,0.8485,0.9715,0.8485
ensemble4x32,null,64,0.049253483037430185,0.009635981679955897,0.049253483037430185,1.0,0.9945,1.0,0.8485,0.9255,0.8485
rff24,null,65,0.058540028352700994,0.005240216443651952,0.058540028352700994,1.0,1.0,1.0,0.2565,0.7685,0.2565
rff64,null,65,0.058540028352700994,0.004280301398962654,0.058540028352700994,1.0,1.0,1.0,0.2565,0.396,0.2565
rff128,null,65,0.058540028352700994,0.004588976317184018,0.058540028352700994,1.0,1.0,1.0,0.2565,0.5315,0.2565
ensemble4x32,null,65,0.058540028352700994,0.00405582558352002,0.058540028352700994,1.0,1.0,1.0,0.2565,0.58,0.2565
rff24,null,66,0.07932000866126374,0.006087494617909417,0.07932000866126374,1.0,1.0,1.0,0.1455,0.238,0.1455
rff64,null,66,0.07932000866126374,0.007591138440066455,0.07932000866126374,1.0,1.0,1.0,0.1455,0.5315,0.1455
rff128,null,66,0.07932000866126374,0.007484285396557515,0.07932000866126374,1.0,1.0,1.0,0.1455,0.4105,0.1455
ensemble4x32,null,66,0.07932000866126374,0.005965452406421631,0.07932000866126374,1.0,1.0,1.0,0.1455,0.327,0.1455
rff24,null,67,0.06355109237232111,0.007174551775352841,0.06355109237232111,1.0,1.0,1.0,0.292,0.603,0.292
rff64,null,67,0.06355109237232111,0.011149692777555783,0.06355109237232111,1.0,0.9575,1.0,0.292,0.423,0.292
rff128,null,67,0.06355109237232111,0.010010921864268382,0.06355109237232111,1.0,0.996,1.0,0.292,0.5225,0.292
ensemble4x32,null,67,0.06355109237232111,0.01118214099166697,0.06355109237232111,1.0,0.9325,1.0,0.292,0.585,0.292
rff24,null,68,0.05806904344546808,0.004013798561173003,0.05806904344546808,1.0,1.0,1.0,0.497,0.1685,0.497
rff64,null,68,0.05806904344546808,0.004004401556100165,0.05806904344546808,1.0,1.0,1.0,0.497,0.284,0.497
rff128,null,68,0.05806904344546808,0.003879972806536757,0.05806904344546808,1.0,1.0,1.0,0.497,0.288,0.497
ensemble4x32,null,68,0.05806904344546808,0.0037556652566433507,0.05806904344546808,1.0,1.0,1.0,0.497,0.2535,0.497
rff24,null,69,0.09710432308377044,0.010400504738421601,0.09710432308377044,0.9835,0.9795,0.9835,0.5395,0.9795,0.5395
rff64,null,69,0.09710432308377044,0.01021930125180431,0.09710432308377044,0.9835,0.989,0.9835,0.5395,0.5385,0.5395
rff128,null,69,0.09710432308377044,0.008930571098455997,0.09710432308377044,0.9835,1.0,0.9835,0.5395,0.35,0.5395
ensemble4x32,null,69,0.09710432308377044,0.009033692263533392,0.09710432308377044,0.9835,0.9975,0.9835,0.5395,0.435,0.5395
rff24,null,70,0.03160566315366094,0.0051104090524392186,0.03160566315366094,1.0,1.0,1.0,0.177,0.1675,0.177
rff64,null,70,0.03160566315366094,0.006596387991856771,0.03160566315366094,1.0,1.0,1.0,0.177,0.243,0.177
rff128,null,70,0.03160566315366094,0.006301383557251475,0.03160566315366094,1.0,1.0,1.0,0.177,0.2315,0.177
ensemble4x32,null,70,0.03160566315366094,0.0059224612151189925,0.03160566315366094,1.0,1.0,1.0,0.177,0.325,0.177
rff24,null,71,0.10452672429500326,0.009572743637812383,0.10452672429500326,0.9405,0.995,0.9405,0.9365,0.665,0.9365
rff64,null,71,0.10452672429500326,0.008625143568635977,0.10452672429500326,0.9405,1.0,0.9405,0.9365,0.7265,0.9365
rff128,null,71,0.10452672429500326,0.00951574912652025,0.10452672429500326,0.9405,0.999,0.9405,0.9365,0.7855,0.9365
ensemble4x32,null,71,0.10452672429500326,0.008045057648257452,0.10452672429500326,0.9405,1.0,0.9405,0.9365,0.8025,0.9365
rff24,null,72,0.06656206497480557,0.007123256601315591,0.06656206497480557,1.0,1.0,1.0,0.4725,0.9295,0.4725
rff64,null,72,0.06656206497480557,0.009803406035126196,0.06656206497480557,1.0,0.9945,1.0,0.4725,0.951,0.4725
rff128,null,72,0.06656206497480557,0.006986538175948747,0.06656206497480557,1.0,1.0,1.0,0.4725,0.95,0.4725
ensemble4x32,null,72,0.06656206497480557,0.006655429416045692,0.06656206497480557,1.0,1.0,1.0,0.4725,0.9175,0.4725
rff24,null,73,0.06163670312589533,0.003240275733464448,0.06163670312589533,1.0,1.0,1.0,0.6345,0.3745,0.6345
rff64,null,73,0.06163670312589533,0.004107000751008333,0.06163670312589533,1.0,1.0,1.0,0.6345,0.5265,0.6345
rff128,null,73,0.06163670312589533,0.0036764697349078476,0.06163670312589533,1.0,1.0,1.0,0.6345,0.319,0.6345
ensemble4x32,null,73,0.06163670312589533,0.0038409499988801034,0.06163670312589533,1.0,1.0,1.0,0.6345,0.369,0.6345
rff24,null,74,0.06276451835226382,0.011435509960909132,0.06276451835226382,1.0,0.932,1.0,0.94,0.8105,0.94
rff64,null,74,0.06276451835226382,0.010699064697924901,0.06276451835226382,1.0,0.9765,1.0,0.94,0.9485,0.94
rff128,null,74,0.06276451835226382,0.008386468881846522,0.06276451835226382,1.0,1.0,1.0,0.94,0.9885,0.94
ensemble4x32,null,74,0.06276451835226382,0.008560210571607548,0.06276451835226382,1.0,0.9995,1.0,0.94,0.9065,0.94
rff24,null,75,0.06551001818688507,0.008585712106057655,0.06551001818688507,1.0,1.0,1.0,0.65,0.554,0.65
rff64,null,75,0.06551001818688507,0.008034025234812003,0.06551001818688507,1.0,1.0,1.0,0.65,0.708,0.65
rff128,null,75,0.06551001818688507,0.006488218348583045,0.06551001818688507,1.0,1.0,1.0,0.65,0.535,0.65
ensemble4x32,null,75,0.06551001818688507,0.006268009564561296,0.06551001818688507,1.0,1.0,1.0,0.65,0.6155,0.65
rff24,null,76,0.054333043910850004,0.007327269861689293,0.054333043910850004,1.0,1.0,1.0,0.79,0.655,0.79
rff64,null,76,0.054333043910850004,0.006092197946076146,0.054333043910850004,1.0,1.0,1.0,0.79,0.6525,0.79
rff128,null,76,0.054333043910850004,0.006453001588828253,0.054333043910850004,1.0,1.0,1.0,0.79,0.6475,0.79
ensemble4x32,null,76,0.054333043910850004,0.0068520613252893445,0.054333043910850004,1.0,1.0,1.0,0.79,0.611,0.79
rff24,null,77,0.07113968280985329,0.007665777407080927,0.07113968280985329,1.0,1.0,1.0,0.882,0.8035,0.882
rff64,null,77,0.07113968280985329,0.005620390732562338,0.07113968280985329,1.0,1.0,1.0,0.882,0.5445,0.882
rff128,null,77,0.07113968280985329,0.005710044374757067,0.07113968280985329,1.0,1.0,1.0,0.882,0.6225,0.882
ensemble4x32,null,77,0.07113968280985329,0.006511191766726783,0.07113968280985329,1.0,1.0,1.0,0.882,0.4895,0.882
rff24,null,78,0.08946072925861003,0.01125226830713104,0.08946072925861003,0.9985,0.9435,0.9985,0.8225,0.056,0.8225
rff64,null,78,0.08946072925861003,0.009583897289897217,0.08946072925861003,0.9985,0.996,0.9985,0.8225,0.0905,0.8225
rff128,null,78,0.08946072925861003,0.009693963678055174,0.08946072925861003,0.9985,0.998,0.9985,0.8225,0.0685,0.8225
ensemble4x32,null,78,0.08946072925861003,0.009384049881508646,0.08946072925861003,0.9985,0.9955,0.9985,0.8225,0.084,0.8225
rff24,null,79,0.054601330445226796,0.006263491713983652,0.054601330445226796,1.0,1.0,1.0,0.8695,0.9995,0.8695
rff64,null,79,0.054601330445226796,0.007636538276781756,0.054601330445226796,1.0,1.0,1.0,0.8695,0.964,0.8695
rff128,null,79,0.054601330445226796,0.007559058025962951,0.054601330445226796,1.0,1.0,1.0,0.8695,0.9835,0.8695
ensemble4x32,null,79,0.054601330445226796,0.007591012152597864,0.054601330445226796,1.0,1.0,1.0,0.8695,0.988,0.8695
rff24,null,80,0.11853865683384347,0.00716178733070489,0.11853865683384347,0.7555,1.0,0.7555,0.545,0.675,0.545
rff64,null,80,0.11853865683384347,0.011353966542105494,0.11853865683384347,0.7555,0.952,0.7555,0.545,0.269,0.545
rff128,null,80,0.11853865683384347,0.010315579583293972,0.11853865683384347,0.7555,0.9885,0.7555,0.545,0.646,0.545
ensemble4x32,null,80,0.11853865683384347,0.008631957674605043,0.11853865683384347,0.7555,0.9995,0.7555,0.545,0.5615,0.545
rff24,null,81,0.07333504623896617,0.005731085439046532,0.07333504623896617,1.0,1.0,1.0,0.338,0.782,0.338
rff64,null,81,0.07333504623896617,0.004874172443362406,0.07333504623896617,1.0,1.0,1.0,0.338,0.5605,0.338
rff128,null,81,0.07333504623896617,0.005931705375656949,0.07333504623896617,1.0,1.0,1.0,0.338,0.7995,0.338
ensemble4x32,null,81,0.07333504623896617,0.004508050405332224,0.07333504623896617,1.0,1.0,1.0,0.338,0.815,0.338
rff24,null,82,0.06719675276941543,0.00447397171621694,0.06719675276941543,1.0,1.0,1.0,0.762,0.4785,0.762
rff64,null,82,0.06719675276941543,0.005025156988123721,0.06719675276941543,1.0,1.0,1.0,0.762,0.7195,0.762
rff128,null,82,0.06719675276941543,0.004994251512595382,0.06719675276941543,1.0,1.0,1.0,0.762,0.911,0.762
ensemble4x32,null,82,0.06719675276941543,0.0050091432413018454,0.06719675276941543,1.0,1.0,1.0,0.762,0.9105,0.762
rff24,null,83,0.10986886681075651,0.01751502974533024,0.10986886681075651,0.8835,0.3095,0.8835,0.8835,0.3095,0.8835
rff64,null,83,0.10986886681075651,0.012254667525284861,0.10986886681075651,0.8835,0.8965,0.8835,0.8835,0.47,0.8835
rff128,null,83,0.10986886681075651,0.01730228285342301,0.10986886681075651,0.8835,0.3455,0.8835,0.8835,0.3455,0.8835
ensemble4x32,null,83,0.10986886681075651,0.01445872287714503,0.10986886681075651,0.8835,0.566,0.8835,0.8835,0.566,0.8835
rff24,null,84,0.053923209255438094,0.005253282961262844,0.053923209255438094,1.0,1.0,1.0,0.409,0.4375,0.409
rff64,null,84,0.053923209255438094,0.005646765504573104,0.053923209255438094,1.0,1.0,1.0,0.409,0.3685,0.409
rff128,null,84,0.053923209255438094,0.006643249468137519,0.053923209255438094,1.0,1.0,1.0,0.409,0.546,0.409
ensemble4x32,null,84,0.053923209255438094,0.006317153688532256,0.053923209255438094,1.0,1.0,1.0,0.409,0.582,0.409
rff24,null,85,0.08555126052747468,0.011189858223074684,0.08555126052747468,0.999,0.948,0.999,0.2865,0.852,0.2865
rff64,null,85,0.08555126052747468,0.009778385959556999,0.08555126052747468,0.999,0.9945,0.999,0.2865,0.718,0.2865
rff128,null,85,0.08555126052747468,0.009804925558019381,0.08555126052747468,0.999,0.9975,0.999,0.2865,0.481,0.2865
ensemble4x32,null,85,0.08555126052747468,0.008893285038428449,0.08555126052747468,0.999,0.999,0.999,0.2865,0.647,0.2865
rff24,null,86,0.07223042066335675,0.005177693917454009,0.07223042066335675,1.0,1.0,1.0,0.9225,0.5805,0.9225
rff64,null,86,0.07223042066335675,0.005154007762459939,0.07223042066335675,1.0,1.0,1.0,0.9225,0.134,0.9225
rff128,null,86,0.07223042066335675,0.0062585543364462246,0.07223042066335675,1.0,1.0,1.0,0.9225,0.151,0.9225
ensemble4x32,null,86,0.07223042066335675,0.006455092477720961,0.07223042066335675,1.0,1.0,1.0,0.9225,0.173,0.9225
rff24,null,87,0.09494279729938035,0.015772278587425963,0.09494279729938035,0.9885,0.469,0.9885,0.4245,0.089,0.4245
rff64,null,87,0.09494279729938035,0.011746910597510575,0.09494279729938035,0.9885,0.9275,0.9885,0.4245,0.3,0.4245
rff128,null,87,0.09494279729938035,0.014389097966926502,0.09494279729938035,0.9885,0.678,0.9885,0.4245,0.2915,0.4245
ensemble4x32,null,87,0.09494279729938035,0.011312461056737368,0.09494279729938035,0.9885,0.9245,0.9885,0.4245,0.288,0.4245
rff24,null,88,0.07246750372506011,0.005692548601675335,0.07246750372506011,1.0,1.0,1.0,0.012,0.034,0.012
rff64,null,88,0.07246750372506011,0.004488952654157189,0.07246750372506011,1.0,1.0,1.0,0.012,0.0865,0.012
rff128,null,88,0.07246750372506011,0.005323464309487335,0.07246750372506011,1.0,1.0,1.0,0.012,0.0445,0.012
ensemble4x32,null,88,0.07246750372506011,0.005687588629580232,0.07246750372506011,1.0,1.0,1.0,0.012,0.051,0.012
rff24,null,89,0.06772960144554716,0.005112913445998724,0.06772960144554716,1.0,1.0,1.0,0.377,0.8135,0.377
rff64,null,89,0.06772960144554716,0.004754039200218149,0.06772960144554716,1.0,1.0,1.0,0.377,0.7675,0.377
rff128,null,89,0.06772960144554716,0.004913108750063415,0.06772960144554716,1.0,1.0,1.0,0.377,0.481,0.377
ensemble4x32,null,89,0.06772960144554716,0.00492139526191757,0.06772960144554716,1.0,1.0,1.0,0.377,0.7915,0.377
rff24,null,90,0.06947967570761282,0.003554970062266007,0.06947967570761282,1.0,1.0,1.0,0.2905,0.5945,0.2905
rff64,null,90,0.06947967570761282,0.0036084135912652017,0.06947967570761282,1.0,1.0,1.0,0.2905,0.338,0.2905
rff128,null,90,0.06947967570761282,0.0038241421087949748,0.06947967570761282,1.0,1.0,1.0,0.2905,0.3815,0.2905
ensemble4x32,null,90,0.06947967570761282,0.00303728302752936,0.06947967570761282,1.0,1.0,1.0,0.2905,0.36,0.2905
rff24,null,91,0.08789244248844098,0.013176428923884072,0.08789244248844098,0.999,0.7865,0.999,0.106,0.456,0.106
rff64,null,91,0.08789244248844098,0.015465130126036055,0.08789244248844098,0.999,0.5285,0.999,0.106,0.5285,0.106
rff128,null,91,0.08789244248844098,0.0159281899966938,0.08789244248844098,0.999,0.486,0.999,0.106,0.473,0.106
ensemble4x32,null,91,0.08789244248844098,0.014654145377581973,0.08789244248844098,0.999,0.534,0.999,0.106,0.534,0.106
rff24,null,92,0.040291178514718036,0.00428743431554345,0.040291178514718036,1.0,1.0,1.0,0.1775,0.4915,0.1775
rff64,null,92,0.040291178514718036,0.005544601884662942,0.040291178514718036,1.0,1.0,1.0,0.1775,0.6845,0.1775
rff128,null,92,0.040291178514718036,0.00368288199747615,0.040291178514718036,1.0,1.0,1.0,0.1775,0.7565,0.1775
ensemble4x32,null,92,0.040291178514718036,0.003521885134951374,0.040291178514718036,1.0,1.0,1.0,0.1775,0.5335,0.1775
rff24,null,93,0.05817479734280737,0.010411154118693563,0.05817479734280737,1.0,0.9795,1.0,0.6515,0.743,0.6515
rff64,null,93,0.05817479734280737,0.010969242951789027,0.05817479734280737,1.0,0.966,1.0,0.6515,0.8855,0.6515
rff128,null,93,0.05817479734280737,0.007535932893764083,0.05817479734280737,1.0,1.0,1.0,0.6515,0.669,0.6515
ensemble4x32,null,93,0.05817479734280737,0.008173752540019799,0.05817479734280737,1.0,1.0,1.0,0.6515,0.5495,0.6515
rff24,null,94,0.06350588232719964,0.003953093492444182,0.06350588232719964,1.0,1.0,1.0,0.874,0.737,0.874
rff64,null,94,0.06350588232719964,0.004673076024676352,0.06350588232719964,1.0,1.0,1.0,0.874,0.8095,0.874
rff128,null,94,0.06350588232719964,0.003833194602969876,0.06350588232719964,1.0,1.0,1.0,0.874,0.716,0.874
ensemble4x32,null,94,0.06350588232719964,0.004807710424641339,0.06350588232719964,1.0,1.0,1.0,0.874,0.585,0.874
rff24,null,95,0.0909124099273608,0.009774756881035788,0.0909124099273608,0.998,0.993,0.998,0.03,0.1175,0.03
rff64,null,95,0.0909124099273608,0.009627095035839256,0.0909124099273608,0.998,0.996,0.998,0.03,0.206,0.03
rff128,null,95,0.0909124099273608,0.009035887086667426,0.0909124099273608,0.998,1.0,0.998,0.03,0.092,0.03
ensemble4x32,null,95,0.0909124099273608,0.007080655693056092,0.0909124099273608,0.998,1.0,0.998,0.03,0.144,0.03
rff24,null,96,0.03966836442697019,0.008618725245353282,0.03966836442697019,1.0,1.0,1.0,0.9985,0.9275,0.9985
rff64,null,96,0.03966836442697019,0.010058238679000877,0.03966836442697019,1.0,0.9915,1.0,0.9985,0.711,0.9985
rff128,null,96,0.03966836442697019,0.008017838102923768,0.03966836442697019,1.0,1.0,1.0,0.9985,0.7405,0.9985
ensemble4x32,null,96,0.03966836442697019,0.007702223907591475,0.03966836442697019,1.0,1.0,1.0,0.9985,0.926,0.9985
rff24,null,97,0.12046703245974065,0.013700842388514517,0.12046703245974065,0.7185,0.7215,0.7185,0.7185,0.7215,0.7185
rff64,null,97,0.12046703245974065,0.011949291560743166,0.12046703245974065,0.7185,0.915,0.7185,0.7185,0.915,0.7185
rff128,null,97,0.12046703245974065,0.011349334662757286,0.12046703245974065,0.7185,0.959,0.7185,0.7185,0.7725,0.7185
ensemble4x32,null,97,0.12046703245974065,0.010753088191899832,0.12046703245974065,0.7185,0.955,0.7185,0.7185,0.9215,0.7185
rff24,null,98,0.11005558237884218,0.009396490692291566,0.11005558237884218,0.882,0.997,0.882,0.6145,0.1275,0.6145
rff64,null,98,0.11005558237884218,0.010161346944152423,0.11005558237884218,0.882,0.989,0.882,0.6145,0.212,0.6145
rff128,null,98,0.11005558237884218,0.009254805316623297,0.11005558237884218,0.882,0.9995,0.882,0.6145,0.2775,0.6145
ensemble4x32,null,98,0.11005558237884218,0.008812198664706623,0.11005558237884218,0.882,0.9995,0.882,0.6145,0.441,0.6145
rff24,null,99,0.07749695483898104,0.0089995965171707,0.07749695483898104,1.0,0.9985,1.0,0.6695,0.7755,0.6695
rff64,null,99,0.07749695483898104,0.007930974962733326,0.07749695483898104,1.0,1.0,1.0,0.6695,0.8095,0.6695
rff128,null,99,0.07749695483898104,0.009238303523912242,0.07749695483898104,1.0,0.9995,1.0,0.6695,0.949,0.6695
ensemble4x32,null,99,0.07749695483898104,0.008610477617893577,0.07749695483898104,1.0,0.9995,1.0,0.6695,0.824,0.6695
rff24,null,100,0.04224660958373712,0.003473300117624173,0.04224660958373712,1.0,1.0,1.0,0.974,0.949,0.974
rff64,null,100,0.04224660958373712,0.0042259794159174285,0.04224660958373712,1.0,1.0,1.0,0.974,0.955,0.974
rff128,null,100,0.04224660958373712,0.004682752082312753,0.04224660958373712,1.0,1.0,1.0,0.974,0.969,0.974
ensemble4x32,null,100,0.04224660958373712,0.004242714097408266,0.04224660958373712,1.0,1.0,1.0,0.974,0.997,0.974
rff24,direct_linear,1,0.6109513089362834,0.19812285218049921,0.6109513089362834,0.0005,0.0005,0.0005,0.0005,0.0005,0.0005
rff64,direct_linear,1,0.6109513089362834,0.251715683070544,0.6109513089362834,0.0005,0.0005,0.0005,0.0005,0.0005,0.0005
rff128,direct_linear,1,0.6109513089362834,0.26340476872248453,0.6109513089362834,0.0005,0.0005,0.0005,0.0005,0.0005,0.0005
ensemble4x32,direct_linear,1,0.6109513089362834,0.2393508089262691,0.6109513089362834,0.0005,0.0005,0.0005,0.0005,0.0005,0.0005
rff24,direct_linear,2,0.5710319909099124,0.16266910577746038,0.5710319909099124,0.0005,0.0005,0.0005,0.0005,0.0005,0.0005
rff64,direct_linear,2,0.5710319909099124,0.1999023622421147,0.5710319909099124,0.0005,0.0005,0.0005,0.0005,0.0005,0.0005
rff128,direct_linear,2,0.5710319909099124,0.1992013043688755,0.5710319909099124,0.0005,0.0005,0.0005,0.0005,0.0005,0.0005
ensemble4x32,direct_linear,2,0.5710319909099124,0.18433319503953746,0.5710319909099124,0.0005,0.0005,0.0005,0.0005,0.0005,0.0005
rff24,direct_linear,3,0.64440056166618,0.20974496462304398,0.64440056166618,0.0005,0.0005,0.0005,0.0005,0.0005,0.0005
rff64,direct_linear,3,0.64440056166618,0.2768174297339498,0.64440056166618,0.0005,0.0005,0.0005,0.0005,0.0005,0.0005
rff128,direct_linear,3,0.64440056166618,0.28951628793219686,0.64440056166618,0.0005,0.0005,0.0005,0.0005,0.0005,0.0005
ensemble4x32,direct_linear,3,0.64440056166618,0.25959085119170244,0.64440056166618,0.0005,0.0005,0.0005,0.0005,0.0005,0.0005
rff24,direct_linear,4,0.5974379775947996,0.17862184624885089,0.5974379775947996,0.0005,0.0005,0.0005,0.0005,0.0005,0.0005
rff64,direct_linear,4,0.5974379775947996,0.21699493449563134,0.5974379775947996,0.0005,0.0005,0.0005,0.0005,0.0005,0.0005
rff128,direct_linear,4,0.5974379775947996,0.2157937276001841,0.5974379775947996,0.0005,0.0005,0.0005,0.0005,0.0005,0.0005
ensemble4x32,direct_linear,4,0.5974379775947996,0.20411055625901361,0.5974379775947996,0.0005,0.0005,0.0005,0.0005,0.0005,0.0005
rff24,direct_linear,5,0.661737652737448,0.23148906347520373,0.661737652737448,0.0005,0.0005,0.0005,0.0005,0.0005,0.0005
rff64,direct_linear,5,0.661737652737448,0.29076086171275034,0.661737652737448,0.0005,0.0005,0.0005,0.0005,0.0005,0.0005
rff128,direct_linear,5,0.661737652737448,0.2959193312113927,0.661737652737448,0.0005,0.0005,0.0005,0.0005,0.0005,0.0005
ensemble4x32,direct_linear,5,0.661737652737448,0.2695613060204862,0.661737652737448,0.0005,0.0005,0.0005,0.0005,0.0005,0.0005
rff24,direct_linear,6,0.5538922055123755,0.14735877743581857,0.5538922055123755,0.0005,0.0005,0.0005,0.0005,0.0005,0.0005
rff64,direct_linear,6,0.5538922055123755,0.19986324472047345,0.5538922055123755,0.0005,0.0005,0.0005,0.0005,0.0005,0.0005
rff128,direct_linear,6,0.5538922055123755,0.19653924786429655,0.5538922055123755,0.0005,0.0005,0.0005,0.0005,0.0005,0.0005
ensemble4x32,direct_linear,6,0.5538922055123755,0.1777230394414973,0.5538922055123755,0.0005,0.0005,0.0005,0.0005,0.0005,0.0005
rff24,direct_linear,7,0.5925534644989511,0.17308931865199287,0.5925534644989511,0.0005,0.0005,0.0005,0.0005,0.0005,0.0005
rff64,direct_linear,7,0.5925534644989511,0.219831425648871,0.5925534644989511,0.0005,0.0005,0.0005,0.0005,0.0005,0.0005
rff128,direct_linear,7,0.5925534644989511,0.22300814157467297,0.5925534644989511,0.0005,0.0005,0.0005,0.0005,0.0005,0.0005
ensemble4x32,direct_linear,7,0.5925534644989511,0.2076504886618026,0.5925534644989511,0.0005,0.0005,0.0005,0.0005,0.0005,0.0005
rff24,direct_linear,8,0.676312730311485,0.24206675584657208,0.676312730311485,0.0005,0.0005,0.0005,0.0005,0.0005,0.0005
rff64,direct_linear,8,0.676312730311485,0.2891207659756978,0.676312730311485,0.0005,0.0005,0.0005,0.0005,0.0005,0.0005
rff128,direct_linear,8,0.676312730311485,0.2856077313185834,0.676312730311485,0.0005,0.0005,0.0005,0.0005,0.0005,0.0005
ensemble4x32,direct_linear,8,0.676312730311485,0.2709422775199768,0.676312730311485,0.0005,0.0005,0.0005,0.0005,0.0005,0.0005
rff24,direct_linear,9,0.5847966190848388,0.1823767825576378,0.5847966190848388,0.0005,0.0005,0.0005,0.0005,0.0005,0.0005
rff64,direct_linear,9,0.5847966190848388,0.223512594430698,0.5847966190848388,0.0005,0.0005,0.0005,0.0005,0.0005,0.0005
rff128,direct_linear,9,0.5847966190848388,0.22338181919683855,0.5847966190848388,0.0005,0.0005,0.0005,0.0005,0.0005,0.0005
ensemble4x32,direct_linear,9,0.5847966190848388,0.20590207449550693,0.5847966190848388,0.0005,0.0005,0.0005,0.0005,0.0005,0.0005
rff24,direct_linear,10,0.6209029343791046,0.18787637687933803,0.6209029343791046,0.0005,0.0005,0.0005,0.0005,0.0005,0.0005
rff64,direct_linear,10,0.6209029343791046,0.24476749066914985,0.6209029343791046,0.0005,0.0005,0.0005,0.0005,0.0005,0.0005
rff128,direct_linear,10,0.6209029343791046,0.24369460738485108,0.6209029343791046,0.0005,0.0005,0.0005,0.0005,0.0005,0.0005
ensemble4x32,direct_linear,10,0.6209029343791046,0.2208383812556714,0.6209029343791046,0.0005,0.0005,0.0005,0.0005,0.0005,0.0005
rff24,direct_linear,11,0.6121911381272278,0.20829124451109848,0.6121911381272278,0.0005,0.0005,0.0005,0.0005,0.0005,0.0005
rff64,direct_linear,11,0.6121911381272278,0.2571089995622462,0.6121911381272278,0.0005,0.0005,0.0005,0.0005,0.0005,0.0005
rff128,direct_linear,11,0.6121911381272278,0.2530276853240088,0.6121911381272278,0.0005,0.0005,0.0005,0.0005,0.0005,0.0005
ensemble4x32,direct_linear,11,0.6121911381272278,0.23697133642205148,0.6121911381272278,0.0005,0.0005,0.0005,0.0005,0.0005,0.0005
rff24,direct_linear,12,0.6308795632831171,0.2157651734582117,0.6308795632831171,0.0005,0.0005,0.0005,0.0005,0.0005,0.0005
rff64,direct_linear,12,0.6308795632831171,0.26100231062512136,0.6308795632831171,0.0005,0.0005,0.0005,0.0005,0.0005,0.0005
rff128,direct_linear,12,0.6308795632831171,0.264921114279154,0.6308795632831171,0.0005,0.0005,0.0005,0.0005,0.0005,0.0005
ensemble4x32,direct_linear,12,0.6308795632831171,0.24558684724763585,0.6308795632831171,0.0005,0.0005,0.0005,0.0005,0.0005,0.0005
rff24,direct_linear,13,0.5858298480916545,0.1641642096835456,0.5858298480916545,0.0005,0.0005,0.0005,0.0005,0.0005,0.0005
rff64,direct_linear,13,0.5858298480916545,0.21782961623632607,0.5858298480916545,0.0005,0.0005,0.0005,0.0005,0.0005,0.0005
rff128,direct_linear,13,0.5858298480916545,0.21882915300393732,0.5858298480916545,0.0005,0.0005,0.0005,0.0005,0.0005,0.0005
ensemble4x32,direct_linear,13,0.5858298480916545,0.19492676727943076,0.5858298480916545,0.0005,0.0005,0.0005,0.0005,0.0005,0.0005
rff24,direct_linear,14,0.6289613570974101,0.19107515493605476,0.6289613570974101,0.0005,0.0005,0.0005,0.0005,0.0005,0.0005
rff64,direct_linear,14,0.6289613570974101,0.2270042128267586,0.6289613570974101,0.0005,0.0005,0.0005,0.0005,0.0005,0.0005
rff128,direct_linear,14,0.6289613570974101,0.22667798027356242,0.6289613570974101,0.0005,0.0005,0.0005,0.0005,0.0005,0.0005
ensemble4x32,direct_linear,14,0.6289613570974101,0.21597818064154514,0.6289613570974101,0.0005,0.0005,0.0005,0.0005,0.0005,0.0005
rff24,direct_linear,15,0.6380543609971074,0.22675276807725242,0.6380543609971074,0.0005,0.0005,0.0005,0.0005,0.0005,0.0005
rff64,direct_linear,15,0.6380543609971074,0.27599904340826026,0.6380543609971074,0.0005,0.0005,0.0005,0.0005,0.0005,0.0005
rff128,direct_linear,15,0.6380543609971074,0.2850226785843488,0.6380543609971074,0.0005,0.0005,0.0005,0.0005,0.0005,0.0005
ensemble4x32,direct_linear,15,0.6380543609971074,0.2587148574160199,0.6380543609971074,0.0005,0.0005,0.0005,0.0005,0.0005,0.0005
rff24,direct_linear,16,0.5583223944522893,0.16484479803795418,0.5583223944522893,0.0005,0.0005,0.0005,0.0005,0.0005,0.0005
rff64,direct_linear,16,0.5583223944522893,0.20141874993697967,0.5583223944522893,0.0005,0.0005,0.0005,0.0005,0.0005,0.0005
rff128,direct_linear,16,0.5583223944522893,0.20120877150836394,0.5583223944522893,0.0005,0.0005,0.0005,0.0005,0.0005,0.0005
ensemble4x32,direct_linear,16,0.5583223944522893,0.1836916734806469,0.5583223944522893,0.0005,0.0005,0.0005,0.0005,0.0005,0.0005
rff24,direct_linear,17,0.5485324674414522,0.16455704918193886,0.5485324674414522,0.0005,0.0005,0.0005,0.0005,0.0005,0.0005
rff64,direct_linear,17,0.5485324674414522,0.22062340135649328,0.5485324674414522,0.0005,0.0005,0.0005,0.0005,0.0005,0.0005
rff128,direct_linear,17,0.5485324674414522,0.21985272599352465,0.5485324674414522,0.0005,0.0005,0.0005,0.0005,0.0005,0.0005
ensemble4x32,direct_linear,17,0.5485324674414522,0.1935718651294798,0.5485324674414522,0.0005,0.0005,0.0005,0.0005,0.0005,0.0005
rff24,direct_linear,18,0.5968056669631555,0.1772623307040731,0.5968056669631555,0.0005,0.0005,0.0005,0.0005,0.0005,0.0005
rff64,direct_linear,18,0.5968056669631555,0.2120173151292502,0.5968056669631555,0.0005,0.0005,0.0005,0.0005,0.0005,0.0005
rff128,direct_linear,18,0.5968056669631555,0.2127644927936704,0.5968056669631555,0.0005,0.0005,0.0005,0.0005,0.0005,0.0005
ensemble4x32,direct_linear,18,0.5968056669631555,0.20476704740462734,0.5968056669631555,0.0005,0.0005,0.0005,0.0005,0.0005,0.0005
rff24,direct_linear,19,0.5775989745684378,0.1627953058489579,0.5775989745684378,0.0005,0.0005,0.0005,0.0005,0.0005,0.0005
rff64,direct_linear,19,0.5775989745684378,0.2103901419318359,0.5775989745684378,0.0005,0.0005,0.0005,0.0005,0.0005,0.0005
rff128,direct_linear,19,0.5775989745684378,0.20922812680414635,0.5775989745684378,0.0005,0.0005,0.0005,0.0005,0.0005,0.0005
ensemble4x32,direct_linear,19,0.5775989745684378,0.19012811379287653,0.5775989745684378,0.0005,0.0005,0.0005,0.0005,0.0005,0.0005
rff24,direct_linear,20,0.5856873199771814,0.15369763045184673,0.5856873199771814,0.0005,0.0005,0.0005,0.0005,0.0005,0.0005
rff64,direct_linear,20,0.5856873199771814,0.195810018529242,0.5856873199771814,0.0005,0.0005,0.0005,0.0005,0.0005,0.0005
rff128,direct_linear,20,0.5856873199771814,0.19704611463657404,0.5856873199771814,0.0005,0.0005,0.0005,0.0005,0.0005,0.0005
ensemble4x32,direct_linear,20,0.5856873199771814,0.18466180941040938,0.5856873199771814,0.0005,0.0005,0.0005,0.0005,0.0005,0.0005
rff24,direct_linear,21,0.6020469257743507,0.19893344642343833,0.6020469257743507,0.0005,0.0005,0.0005,0.0005,0.0005,0.0005
rff64,direct_linear,21,0.6020469257743507,0.2335572363218539,0.6020469257743507,0.0005,0.0005,0.0005,0.0005,0.0005,0.0005
rff128,direct_linear,21,0.6020469257743507,0.22829431252356658,0.6020469257743507,0.0005,0.0005,0.0005,0.0005,0.0005,0.0005
ensemble4x32,direct_linear,21,0.6020469257743507,0.21757561269930772,0.6020469257743507,0.0005,0.0005,0.0005,0.0005,0.0005,0.0005
rff24,direct_linear,22,0.6104289831776504,0.21321848347317263,0.6104289831776504,0.0005,0.0005,0.0005,0.0005,0.0005,0.0005
rff64,direct_linear,22,0.6104289831776504,0.24872166682936553,0.6104289831776504,0.0005,0.0005,0.0005,0.0005,0.0005,0.0005
rff128,direct_linear,22,0.6104289831776504,0.25155376516837863,0.6104289831776504,0.0005,0.0005,0.0005,0.0005,0.0005,0.0005
ensemble4x32,direct_linear,22,0.6104289831776504,0.236698596255134,0.6104289831776504,0.0005,0.0005,0.0005,0.0005,0.0005,0.0005
rff24,direct_linear,23,0.6053767939734893,0.18731204705586627,0.6053767939734893,0.0005,0.0005,0.0005,0.0005,0.0005,0.0005
rff64,direct_linear,23,0.6053767939734893,0.2411944909760888,0.6053767939734893,0.0005,0.0005,0.0005,0.0005,0.0005,0.0005
rff128,direct_linear,23,0.6053767939734893,0.2408252016494312,0.6053767939734893,0.0005,0.0005,0.0005,0.0005,0.0005,0.0005
ensemble4x32,direct_linear,23,0.6053767939734893,0.21905726799081093,0.6053767939734893,0.0005,0.0005,0.0005,0.0005,0.0005,0.0005
rff24,direct_linear,24,0.5874094635738326,0.17077465185631052,0.5874094635738326,0.0005,0.0005,0.0005,0.0005,0.0005,0.0005
rff64,direct_linear,24,0.5874094635738326,0.22612305420680778,0.5874094635738326,0.0005,0.0005,0.0005,0.0005,0.0005,0.0005
rff128,direct_linear,24,0.5874094635738326,0.23040890177804435,0.5874094635738326,0.0005,0.0005,0.0005,0.0005,0.0005,0.0005
ensemble4x32,direct_linear,24,0.5874094635738326,0.2052353581521107,0.5874094635738326,0.0005,0.0005,0.0005,0.0005,0.0005,0.0005
rff24,direct_linear,25,0.586470499443603,0.1918084104965517,0.586470499443603,0.0005,0.0005,0.0005,0.0005,0.0005,0.0005
rff64,direct_linear,25,0.586470499443603,0.2426984434787903,0.586470499443603,0.0005,0.0005,0.0005,0.0005,0.0005,0.0005
rff128,direct_linear,25,0.586470499443603,0.2496619361360182,0.586470499443603,0.0005,0.0005,0.0005,0.0005,0.0005,0.0005
ensemble4x32,direct_linear,25,0.586470499443603,0.22592533730817105,0.586470499443603,0.0005,0.0005,0.0005,0.0005,0.0005,0.0005
rff24,direct_linear,26,0.588138631585542,0.17069781122491767,0.588138631585542,0.0005,0.0005,0.0005,0.0005,0.0005,0.0005
rff64,direct_linear,26,0.588138631585542,0.2219611042478262,0.588138631585542,0.0005,0.0005,0.0005,0.0005,0.0005,0.0005
rff128,direct_linear,26,0.588138631585542,0.2245721073252024,0.588138631585542,0.0005,0.0005,0.0005,0.0005,0.0005,0.0005
ensemble4x32,direct_linear,26,0.588138631585542,0.20471399066137264,0.588138631585542,0.0005,0.0005,0.0005,0.0005,0.0005,0.0005
rff24,direct_linear,27,0.5863172569345625,0.1820143643788346,0.5863172569345625,0.0005,0.0005,0.0005,0.0005,0.0005,0.0005
rff64,direct_linear,27,0.5863172569345625,0.22062138792983618,0.5863172569345625,0.0005,0.0005,0.0005,0.0005,0.0005,0.0005
rff128,direct_linear,27,0.5863172569345625,0.22147743581344292,0.5863172569345625,0.0005,0.0005,0.0005,0.0005,0.0005,0.0005
ensemble4x32,direct_linear,27,0.5863172569345625,0.20402566965071423,0.5863172569345625,0.0005,0.0005,0.0005,0.0005,0.0005,0.0005
rff24,direct_linear,28,0.6010274960845488,0.20055544671023384,0.6010274960845488,0.0005,0.0005,0.0005,0.0005,0.0005,0.0005
rff64,direct_linear,28,0.6010274960845488,0.24292057595473057,0.6010274960845488,0.0005,0.0005,0.0005,0.0005,0.0005,0.0005
rff128,direct_linear,28,0.6010274960845488,0.24495001357083548,0.6010274960845488,0.0005,0.0005,0.0005,0.0005,0.0005,0.0005
ensemble4x32,direct_linear,28,0.6010274960845488,0.22248675546413885,0.6010274960845488,0.0005,0.0005,0.0005,0.0005,0.0005,0.0005
rff24,direct_linear,29,0.6518586899890785,0.23008437460500153,0.6518586899890785,0.0005,0.0005,0.0005,0.0005,0.0005,0.0005
rff64,direct_linear,29,0.6518586899890785,0.282464779298832,0.6518586899890785,0.0005,0.0005,0.0005,0.0005,0.0005,0.0005
rff128,direct_linear,29,0.6518586899890785,0.28750785848935534,0.6518586899890785,0.0005,0.0005,0.0005,0.0005,0.0005,0.0005
ensemble4x32,direct_linear,29,0.6518586899890785,0.2662616097598012,0.6518586899890785,0.0005,0.0005,0.0005,0.0005,0.0005,0.0005
rff24,direct_linear,30,0.6419289582959437,0.21360918543640445,0.6419289582959437,0.0005,0.0005,0.0005,0.0005,0.0005,0.0005
rff64,direct_linear,30,0.6419289582959437,0.26526167746234464,0.6419289582959437,0.0005,0.0005,0.0005,0.0005,0.0005,0.0005
rff128,direct_linear,30,0.6419289582959437,0.27253387707798943,0.6419289582959437,0.0005,0.0005,0.0005,0.0005,0.0005,0.0005
ensemble4x32,direct_linear,30,0.6419289582959437,0.2490668360651897,0.6419289582959437,0.0005,0.0005,0.0005,0.0005,0.0005,0.0005
rff24,direct_linear,31,0.6079148024007623,0.16923498506999526,0.6079148024007623,0.0005,0.0005,0.0005,0.0005,0.0005,0.0005
rff64,direct_linear,31,0.6079148024007623,0.21000787260066997,0.6079148024007623,0.0005,0.0005,0.0005,0.0005,0.0005,0.0005
rff128,direct_linear,31,0.6079148024007623,0.2118673023953687,0.6079148024007623,0.0005,0.0005,0.0005,0.0005,0.0005,0.0005
ensemble4x32,direct_linear,31,0.6079148024007623,0.20085784613127763,0.6079148024007623,0.0005,0.0005,0.0005,0.0005,0.0005,0.0005
rff24,direct_linear,32,0.6677795031497933,0.24324095623213804,0.6677795031497933,0.0005,0.0005,0.0005,0.0005,0.0005,0.0005
rff64,direct_linear,32,0.6677795031497933,0.30850175255892137,0.6677795031497933,0.0005,0.0005,0.0005,0.0005,0.0005,0.0005
rff128,direct_linear,32,0.6677795031497933,0.31262983211880185,0.6677795031497933,0.0005,0.0005,0.0005,0.0005,0.0005,0.0005
ensemble4x32,direct_linear,32,0.6677795031497933,0.2891211572360364,0.6677795031497933,0.0005,0.0005,0.0005,0.0005,0.0005,0.0005
rff24,direct_linear,33,0.5854879650920746,0.17691467695826024,0.5854879650920746,0.0005,0.0005,0.0005,0.0005,0.0005,0.0005
rff64,direct_linear,33,0.5854879650920746,0.22072414747340996,0.5854879650920746,0.0005,0.0005,0.0005,0.0005,0.0005,0.0005
rff128,direct_linear,33,0.5854879650920746,0.22669332024484767,0.5854879650920746,0.0005,0.0005,0.0005,0.0005,0.0005,0.0005
ensemble4x32,direct_linear,33,0.5854879650920746,0.20802175913409932,0.5854879650920746,0.0005,0.0005,0.0005,0.0005,0.0005,0.0005
rff24,direct_linear,34,0.6162799426276601,0.20826554865607927,0.6162799426276601,0.0005,0.0005,0.0005,0.0005,0.0005,0.0005
rff64,direct_linear,34,0.6162799426276601,0.24067657377895896,0.6162799426276601,0.0005,0.0005,0.0005,0.0005,0.0005,0.0005
rff128,direct_linear,34,0.6162799426276601,0.23929484214288102,0.6162799426276601,0.0005,0.0005,0.0005,0.0005,0.0005,0.0005
ensemble4x32,direct_linear,34,0.6162799426276601,0.22357168080543754,0.6162799426276601,0.0005,0.0005,0.0005,0.0005,0.0005,0.0005
rff24,direct_linear,35,0.5936254528811437,0.17021700272102416,0.5936254528811437,0.0005,0.0005,0.0005,0.0005,0.0005,0.0005
rff64,direct_linear,35,0.5936254528811437,0.21776193040332045,0.5936254528811437,0.0005,0.0005,0.0005,0.0005,0.0005,0.0005
rff128,direct_linear,35,0.5936254528811437,0.2207667258049906,0.5936254528811437,0.0005,0.0005,0.0005,0.0005,0.0005,0.0005
ensemble4x32,direct_linear,35,0.5936254528811437,0.20269638163052053,0.5936254528811437,0.0005,0.0005,0.0005,0.0005,0.0005,0.0005
rff24,direct_linear,36,0.6460251239288919,0.22157279661557627,0.6460251239288919,0.0005,0.0005,0.0005,0.0005,0.0005,0.0005
rff64,direct_linear,36,0.6460251239288919,0.27989240637328033,0.6460251239288919,0.0005,0.0005,0.0005,0.0005,0.0005,0.0005
rff128,direct_linear,36,0.6460251239288919,0.288698761259673,0.6460251239288919,0.0005,0.0005,0.0005,0.0005,0.0005,0.0005
ensemble4x32,direct_linear,36,0.6460251239288919,0.2634927217011963,0.6460251239288919,0.0005,0.0005,0.0005,0.0005,0.0005,0.0005
rff24,direct_linear,37,0.6125354351481147,0.16150925464068125,0.6125354351481147,0.0005,0.0005,0.0005,0.0005,0.0005,0.0005
rff64,direct_linear,37,0.6125354351481147,0.20049567167025148,0.6125354351481147,0.0005,0.0005,0.0005,0.0005,0.0005,0.0005
rff128,direct_linear,37,0.6125354351481147,0.20253112910363344,0.6125354351481147,0.0005,0.0005,0.0005,0.0005,0.0005,0.0005
ensemble4x32,direct_linear,37,0.6125354351481147,0.19057365723500222,0.6125354351481147,0.0005,0.0005,0.0005,0.0005,0.0005,0.0005
rff24,direct_linear,38,0.6073376663776071,0.18971663291496563,0.6073376663776071,0.0005,0.0005,0.0005,0.0005,0.0005,0.0005
rff64,direct_linear,38,0.6073376663776071,0.2352484877715329,0.6073376663776071,0.0005,0.0005,0.0005,0.0005,0.0005,0.0005
rff128,direct_linear,38,0.6073376663776071,0.23653899906234552,0.6073376663776071,0.0005,0.0005,0.0005,0.0005,0.0005,0.0005
ensemble4x32,direct_linear,38,0.6073376663776071,0.22002408012265814,0.6073376663776071,0.0005,0.0005,0.0005,0.0005,0.0005,0.0005
rff24,direct_linear,39,0.5532971236807036,0.16017649818248042,0.5532971236807036,0.0005,0.0005,0.0005,0.0005,0.0005,0.0005
rff64,direct_linear,39,0.5532971236807036,0.20142555848807633,0.5532971236807036,0.0005,0.0005,0.0005,0.0005,0.0005,0.0005
rff128,direct_linear,39,0.5532971236807036,0.2020175185602635,0.5532971236807036,0.0005,0.0005,0.0005,0.0005,0.0005,0.0005
ensemble4x32,direct_linear,39,0.5532971236807036,0.18967250991641982,0.5532971236807036,0.0005,0.0005,0.0005,0.0005,0.0005,0.0005
rff24,direct_linear,40,0.6246645063447209,0.20000800450003292,0.6246645063447209,0.0005,0.0005,0.0005,0.0005,0.0005,0.0005
rff64,direct_linear,40,0.6246645063447209,0.2582858566673393,0.6246645063447209,0.0005,0.0005,0.0005,0.0005,0.0005,0.0005
rff128,direct_linear,40,0.6246645063447209,0.2620124480217794,0.6246645063447209,0.0005,0.0005,0.0005,0.0005,0.0005,0.0005
ensemble4x32,direct_linear,40,0.6246645063447209,0.2394357491897525,0.6246645063447209,0.0005,0.0005,0.0005,0.0005,0.0005,0.0005
rff24,direct_linear,41,0.6339167815591967,0.19621254771790153,0.6339167815591967,0.0005,0.0005,0.0005,0.0005,0.0005,0.0005
rff64,direct_linear,41,0.6339167815591967,0.25962066254788,0.6339167815591967,0.0005,0.0005,0.0005,0.0005,0.0005,0.0005
rff128,direct_linear,41,0.6339167815591967,0.2625533921622297,0.6339167815591967,0.0005,0.0005,0.0005,0.0005,0.0005,0.0005
ensemble4x32,direct_linear,41,0.6339167815591967,0.2386033652513391,0.6339167815591967,0.0005,0.0005,0.0005,0.0005,0.0005,0.0005
rff24,direct_linear,42,0.5920590535708964,0.19344336863937533,0.5920590535708964,0.0005,0.0005,0.0005,0.0005,0.0005,0.0005
rff64,direct_linear,42,0.5920590535708964,0.23444122027212572,0.5920590535708964,0.0005,0.0005,0.0005,0.0005,0.0005,0.0005
rff128,direct_linear,42,0.5920590535708964,0.2372142555400016,0.5920590535708964,0.0005,0.0005,0.0005,0.0005,0.0005,0.0005
ensemble4x32,direct_linear,42,0.5920590535708964,0.22002473219558297,0.5920590535708964,0.0005,0.0005,0.0005,0.0005,0.0005,0.0005
rff24,direct_linear,43,0.5834903962695794,0.17038477498224083,0.5834903962695794,0.0005,0.0005,0.0005,0.0005,0.0005,0.0005
rff64,direct_linear,43,0.5834903962695794,0.21950940309163447,0.5834903962695794,0.0005,0.0005,0.0005,0.0005,0.0005,0.0005
rff128,direct_linear,43,0.5834903962695794,0.2164852501169199,0.5834903962695794,0.0005,0.0005,0.0005,0.0005,0.0005,0.0005
ensemble4x32,direct_linear,43,0.5834903962695794,0.1943218162424002,0.5834903962695794,0.0005,0.0005,0.0005,0.0005,0.0005,0.0005
rff24,direct_linear,44,0.685629215967339,0.25107854857585166,0.685629215967339,0.0005,0.0005,0.0005,0.0005,0.0005,0.0005
rff64,direct_linear,44,0.685629215967339,0.3028024145891093,0.685629215967339,0.0005,0.0005,0.0005,0.0005,0.0005,0.0005
rff128,direct_linear,44,0.685629215967339,0.3093667441157847,0.685629215967339,0.0005,0.0005,0.0005,0.0005,0.0005,0.0005
ensemble4x32,direct_linear,44,0.685629215967339,0.2908646352822394,0.685629215967339,0.0005,0.0005,0.0005,0.0005,0.0005,0.0005
rff24,direct_linear,45,0.6001516668348724,0.17715550884523068,0.6001516668348724,0.0005,0.0005,0.0005,0.0005,0.0005,0.0005
rff64,direct_linear,45,0.6001516668348724,0.22161831165666177,0.6001516668348724,0.0005,0.0005,0.0005,0.0005,0.0005,0.0005
rff128,direct_linear,45,0.6001516668348724,0.22571463692407917,0.6001516668348724,0.0005,0.0005,0.0005,0.0005,0.0005,0.0005
ensemble4x32,direct_linear,45,0.6001516668348724,0.20841765333436602,0.6001516668348724,0.0005,0.0005,0.0005,0.0005,0.0005,0.0005
rff24,direct_linear,46,0.6090410324031668,0.17742004740417308,0.6090410324031668,0.0005,0.0005,0.0005,0.0005,0.0005,0.0005
rff64,direct_linear,46,0.6090410324031668,0.23651861903304608,0.6090410324031668,0.0005,0.0005,0.0005,0.0005,0.0005,0.0005
rff128,direct_linear,46,0.6090410324031668,0.23823437700779299,0.6090410324031668,0.0005,0.0005,0.0005,0.0005,0.0005,0.0005
ensemble4x32,direct_linear,46,0.6090410324031668,0.21557472421758989,0.6090410324031668,0.0005,0.0005,0.0005,0.0005,0.0005,0.0005
rff24,direct_linear,47,0.6196125440951957,0.21114437223079838,0.6196125440951957,0.0005,0.0005,0.0005,0.0005,0.0005,0.0005
rff64,direct_linear,47,0.6196125440951957,0.25753207226690344,0.6196125440951957,0.0005,0.0005,0.0005,0.0005,0.0005,0.0005
rff128,direct_linear,47,0.6196125440951957,0.2569702058545708,0.6196125440951957,0.0005,0.0005,0.0005,0.0005,0.0005,0.0005
ensemble4x32,direct_linear,47,0.6196125440951957,0.23575747319740134,0.6196125440951957,0.0005,0.0005,0.0005,0.0005,0.0005,0.0005
rff24,direct_linear,48,0.6398900366796946,0.2220489189065367,0.6398900366796946,0.0005,0.0005,0.0005,0.0005,0.0005,0.0005
rff64,direct_linear,48,0.6398900366796946,0.27917941199849655,0.6398900366796946,0.0005,0.0005,0.0005,0.0005,0.0005,0.0005
rff128,direct_linear,48,0.6398900366796946,0.28421055785746513,0.6398900366796946,0.0005,0.0005,0.0005,0.0005,0.0005,0.0005
ensemble4x32,direct_linear,48,0.6398900366796946,0.25976791019677914,0.6398900366796946,0.0005,0.0005,0.0005,0.0005,0.0005,0.0005
rff24,direct_linear,49,0.6083392543766115,0.2029970454962073,0.6083392543766115,0.0005,0.0005,0.0005,0.0005,0.0005,0.0005
rff64,direct_linear,49,0.6083392543766115,0.2601254827079805,0.6083392543766115,0.0005,0.0005,0.0005,0.0005,0.0005,0.0005
rff128,direct_linear,49,0.6083392543766115,0.26462788988299607,0.6083392543766115,0.0005,0.0005,0.0005,0.0005,0.0005,0.0005
ensemble4x32,direct_linear,49,0.6083392543766115,0.2380661105357936,0.6083392543766115,0.0005,0.0005,0.0005,0.0005,0.0005,0.0005
rff24,direct_linear,50,0.5802821650060164,0.15529926380384726,0.5802821650060164,0.0005,0.0005,0.0005,0.0005,0.0005,0.0005
rff64,direct_linear,50,0.5802821650060164,0.20338567575868746,0.5802821650060164,0.0005,0.0005,0.0005,0.0005,0.0005,0.0005
rff128,direct_linear,50,0.5802821650060164,0.20330546468325458,0.5802821650060164,0.0005,0.0005,0.0005,0.0005,0.0005,0.0005
ensemble4x32,direct_linear,50,0.5802821650060164,0.18586734623490694,0.5802821650060164,0.0005,0.0005,0.0005,0.0005,0.0005,0.0005
rff24,direct_linear,51,0.6122389450747014,0.21107729051648136,0.6122389450747014,0.0005,0.0005,0.0005,0.0005,0.0005,0.0005
rff64,direct_linear,51,0.6122389450747014,0.25299505627874186,0.6122389450747014,0.0005,0.0005,0.0005,0.0005,0.0005,0.0005
rff128,direct_linear,51,0.6122389450747014,0.25817836363343344,0.6122389450747014,0.0005,0.0005,0.0005,0.0005,0.0005,0.0005
ensemble4x32,direct_linear,51,0.6122389450747014,0.24090992011340065,0.6122389450747014,0.0005,0.0005,0.0005,0.0005,0.0005,0.0005
rff24,direct_linear,52,0.5900046750887321,0.19079212399547718,0.5900046750887321,0.0005,0.0005,0.0005,0.0005,0.0005,0.0005
rff64,direct_linear,52,0.5900046750887321,0.2281202152111524,0.5900046750887321,0.0005,0.0005,0.0005,0.0005,0.0005,0.0005
rff128,direct_linear,52,0.5900046750887321,0.22517570680848473,0.5900046750887321,0.0005,0.0005,0.0005,0.0005,0.0005,0.0005
ensemble4x32,direct_linear,52,0.5900046750887321,0.2132490361081324,0.5900046750887321,0.0005,0.0005,0.0005,0.0005,0.0005,0.0005
rff24,direct_linear,53,0.6538856638139331,0.22066105421153082,0.6538856638139331,0.0005,0.0005,0.0005,0.0005,0.0005,0.0005
rff64,direct_linear,53,0.6538856638139331,0.2739530762987229,0.6538856638139331,0.0005,0.0005,0.0005,0.0005,0.0005,0.0005
rff128,direct_linear,53,0.6538856638139331,0.27886233602746563,0.6538856638139331,0.0005,0.0005,0.0005,0.0005,0.0005,0.0005
ensemble4x32,direct_linear,53,0.6538856638139331,0.2603946657740255,0.6538856638139331,0.0005,0.0005,0.0005,0.0005,0.0005,0.0005
rff24,direct_linear,54,0.6214227706684317,0.1998307847129837,0.6214227706684317,0.0005,0.0005,0.0005,0.0005,0.0005,0.0005
rff64,direct_linear,54,0.6214227706684317,0.2506649886802884,0.6214227706684317,0.0005,0.0005,0.0005,0.0005,0.0005,0.0005
rff128,direct_linear,54,0.6214227706684317,0.25575713076045253,0.6214227706684317,0.0005,0.0005,0.0005,0.0005,0.0005,0.0005
ensemble4x32,direct_linear,54,0.6214227706684317,0.23310879568052884,0.6214227706684317,0.0005,0.0005,0.0005,0.0005,0.0005,0.0005
rff24,direct_linear,55,0.5904710376986393,0.17959306772546726,0.5904710376986393,0.0005,0.0005,0.0005,0.0005,0.0005,0.0005
rff64,direct_linear,55,0.5904710376986393,0.23118531360508046,0.5904710376986393,0.0005,0.0005,0.0005,0.0005,0.0005,0.0005
rff128,direct_linear,55,0.5904710376986393,0.23764627179038644,0.5904710376986393,0.0005,0.0005,0.0005,0.0005,0.0005,0.0005
ensemble4x32,direct_linear,55,0.5904710376986393,0.21541842274216852,0.5904710376986393,0.0005,0.0005,0.0005,0.0005,0.0005,0.0005
rff24,direct_linear,56,0.6401762466084406,0.2091347410806381,0.6401762466084406,0.0005,0.0005,0.0005,0.0005,0.0005,0.0005
rff64,direct_linear,56,0.6401762466084406,0.2635849111363167,0.6401762466084406,0.0005,0.0005,0.0005,0.0005,0.0005,0.0005
rff128,direct_linear,56,0.6401762466084406,0.2659322880584121,0.6401762466084406,0.0005,0.0005,0.0005,0.0005,0.0005,0.0005
ensemble4x32,direct_linear,56,0.6401762466084406,0.24939813321034088,0.6401762466084406,0.0005,0.0005,0.0005,0.0005,0.0005,0.0005
rff24,direct_linear,57,0.5626028289139328,0.16273199430135013,0.5626028289139328,0.0005,0.0005,0.0005,0.0005,0.0005,0.0005
rff64,direct_linear,57,0.5626028289139328,0.20625948218139467,0.5626028289139328,0.0005,0.0005,0.0005,0.0005,0.0005,0.0005
rff128,direct_linear,57,0.5626028289139328,0.20156182498854572,0.5626028289139328,0.0005,0.0005,0.0005,0.0005,0.0005,0.0005
ensemble4x32,direct_linear,57,0.5626028289139328,0.18705522029824462,0.5626028289139328,0.0005,0.0005,0.0005,0.0005,0.0005,0.0005
rff24,direct_linear,58,0.5343928240898282,0.1462936417024455,0.5343928240898282,0.0005,0.0005,0.0005,0.0005,0.0005,0.0005
rff64,direct_linear,58,0.5343928240898282,0.17822594885768686,0.5343928240898282,0.0005,0.0005,0.0005,0.0005,0.0005,0.0005
rff128,direct_linear,58,0.5343928240898282,0.17702881295680256,0.5343928240898282,0.0005,0.0005,0.0005,0.0005,0.0005,0.0005
ensemble4x32,direct_linear,58,0.5343928240898282,0.1668838150465053,0.5343928240898282,0.0005,0.0005,0.0005,0.0005,0.0005,0.0005
rff24,direct_linear,59,0.5953300607397208,0.16777930251287734,0.5953300607397208,0.0005,0.0005,0.0005,0.0005,0.0005,0.0005
rff64,direct_linear,59,0.5953300607397208,0.2008996394297088,0.5953300607397208,0.0005,0.0005,0.0005,0.0005,0.0005,0.0005
rff128,direct_linear,59,0.5953300607397208,0.20119030001929256,0.5953300607397208,0.0005,0.0005,0.0005,0.0005,0.0005,0.0005
ensemble4x32,direct_linear,59,0.5953300607397208,0.19148543160148151,0.5953300607397208,0.0005,0.0005,0.0005,0.0005,0.0005,0.0005
rff24,direct_linear,60,0.5633509798391138,0.15067025519487146,0.5633509798391138,0.0005,0.0005,0.0005,0.0005,0.0005,0.0005
rff64,direct_linear,60,0.5633509798391138,0.20033508008128018,0.5633509798391138,0.0005,0.0005,0.0005,0.0005,0.0005,0.0005
rff128,direct_linear,60,0.5633509798391138,0.20558324600294386,0.5633509798391138,0.0005,0.0005,0.0005,0.0005,0.0005,0.0005
ensemble4x32,direct_linear,60,0.5633509798391138,0.18442693051137365,0.5633509798391138,0.0005,0.0005,0.0005,0.0005,0.0005,0.0005
rff24,direct_linear,61,0.6150220922169055,0.1894471349333709,0.6150220922169055,0.0005,0.0005,0.0005,0.0005,0.0005,0.0005
rff64,direct_linear,61,0.6150220922169055,0.2426778753857782,0.6150220922169055,0.0005,0.0005,0.0005,0.0005,0.0005,0.0005
rff128,direct_linear,61,0.6150220922169055,0.24360113328669783,0.6150220922169055,0.0005,0.0005,0.0005,0.0005,0.0005,0.0005
ensemble4x32,direct_linear,61,0.6150220922169055,0.22418431532480518,0.6150220922169055,0.0005,0.0005,0.0005,0.0005,0.0005,0.0005
rff24,direct_linear,62,0.6200030652301247,0.19880322921097293,0.6200030652301247,0.0005,0.0005,0.0005,0.0005,0.0005,0.0005
rff64,direct_linear,62,0.6200030652301247,0.25603445756087767,0.6200030652301247,0.0005,0.0005,0.0005,0.0005,0.0005,0.0005
rff128,direct_linear,62,0.6200030652301247,0.2584315788619915,0.6200030652301247,0.0005,0.0005,0.0005,0.0005,0.0005,0.0005
ensemble4x32,direct_linear,62,0.6200030652301247,0.23338021939241882,0.6200030652301247,0.0005,0.0005,0.0005,0.0005,0.0005,0.0005
rff24,direct_linear,63,0.6103630970556564,0.1846081215537086,0.6103630970556564,0.0005,0.0005,0.0005,0.0005,0.0005,0.0005
rff64,direct_linear,63,0.6103630970556564,0.2367194672202623,0.6103630970556564,0.0005,0.0005,0.0005,0.0005,0.0005,0.0005
rff128,direct_linear,63,0.6103630970556564,0.23959886734580357,0.6103630970556564,0.0005,0.0005,0.0005,0.0005,0.0005,0.0005
ensemble4x32,direct_linear,63,0.6103630970556564,0.2185581789641771,0.6103630970556564,0.0005,0.0005,0.0005,0.0005,0.0005,0.0005
rff24,direct_linear,64,0.6670980328900289,0.2634348574544306,0.6670980328900289,0.0005,0.0005,0.0005,0.0005,0.0005,0.0005
rff64,direct_linear,64,0.6670980328900289,0.29608009358398196,0.6670980328900289,0.0005,0.0005,0.0005,0.0005,0.0005,0.0005
rff128,direct_linear,64,0.6670980328900289,0.2974911250415177,0.6670980328900289,0.0005,0.0005,0.0005,0.0005,0.0005,0.0005
ensemble4x32,direct_linear,64,0.6670980328900289,0.2824868468586915,0.6670980328900289,0.0005,0.0005,0.0005,0.0005,0.0005,0.0005
rff24,direct_linear,65,0.534050156538706,0.11873672096705638,0.534050156538706,0.0005,0.0005,0.0005,0.0005,0.0005,0.0005
rff64,direct_linear,65,0.534050156538706,0.14650155583410415,0.534050156538706,0.0005,0.0005,0.0005,0.0005,0.0005,0.0005
rff128,direct_linear,65,0.534050156538706,0.14597000166666457,0.534050156538706,0.0005,0.0005,0.0005,0.0005,0.0005,0.0005
ensemble4x32,direct_linear,65,0.534050156538706,0.13994914173186557,0.534050156538706,0.0005,0.0005,0.0005,0.0005,0.0005,0.0005
rff24,direct_linear,66,0.625034324724267,0.20872522720918135,0.625034324724267,0.0005,0.0005,0.0005,0.0005,0.0005,0.0005
rff64,direct_linear,66,0.625034324724267,0.2580340445342525,0.625034324724267,0.0005,0.0005,0.0005,0.0005,0.0005,0.0005
rff128,direct_linear,66,0.625034324724267,0.2683591716043643,0.625034324724267,0.0005,0.0005,0.0005,0.0005,0.0005,0.0005
ensemble4x32,direct_linear,66,0.625034324724267,0.24885574349257306,0.625034324724267,0.0005,0.0005,0.0005,0.0005,0.0005,0.0005
rff24,direct_linear,67,0.6553151496918772,0.23558919786209187,0.6553151496918772,0.0005,0.0005,0.0005,0.0005,0.0005,0.0005
rff64,direct_linear,67,0.6553151496918772,0.29523687769273566,0.6553151496918772,0.0005,0.0005,0.0005,0.0005,0.0005,0.0005
rff128,direct_linear,67,0.6553151496918772,0.30392224560049347,0.6553151496918772,0.0005,0.0005,0.0005,0.0005,0.0005,0.0005
ensemble4x32,direct_linear,67,0.6553151496918772,0.27626793780187925,0.6553151496918772,0.0005,0.0005,0.0005,0.0005,0.0005,0.0005
rff24,direct_linear,68,0.6283303815721414,0.19451892344472588,0.6283303815721414,0.0005,0.0005,0.0005,0.0005,0.0005,0.0005
rff64,direct_linear,68,0.6283303815721414,0.25384852975273237,0.6283303815721414,0.0005,0.0005,0.0005,0.0005,0.0005,0.0005
rff128,direct_linear,68,0.6283303815721414,0.26262320042118015,0.6283303815721414,0.0005,0.0005,0.0005,0.0005,0.0005,0.0005
ensemble4x32,direct_linear,68,0.6283303815721414,0.23380669758957168,0.6283303815721414,0.0005,0.0005,0.0005,0.0005,0.0005,0.0005
rff24,direct_linear,69,0.5591570975048831,0.14709024926333775,0.5591570975048831,0.0005,0.0005,0.0005,0.0005,0.0005,0.0005
rff64,direct_linear,69,0.5591570975048831,0.18763007719209537,0.5591570975048831,0.0005,0.0005,0.0005,0.0005,0.0005,0.0005
rff128,direct_linear,69,0.5591570975048831,0.18471162329880517,0.5591570975048831,0.0005,0.0005,0.0005,0.0005,0.0005,0.0005
ensemble4x32,direct_linear,69,0.5591570975048831,0.17062323367912557,0.5591570975048831,0.0005,0.0005,0.0005,0.0005,0.0005,0.0005
rff24,direct_linear,70,0.6442531110005129,0.21154705626116965,0.6442531110005129,0.0005,0.0005,0.0005,0.0005,0.0005,0.0005
rff64,direct_linear,70,0.6442531110005129,0.2648685440889252,0.6442531110005129,0.0005,0.0005,0.0005,0.0005,0.0005,0.0005
rff128,direct_linear,70,0.6442531110005129,0.2739819164081046,0.6442531110005129,0.0005,0.0005,0.0005,0.0005,0.0005,0.0005
ensemble4x32,direct_linear,70,0.6442531110005129,0.25085030562459537,0.6442531110005129,0.0005,0.0005,0.0005,0.0005,0.0005,0.0005
rff24,direct_linear,71,0.6234995025188048,0.20824749928285574,0.6234995025188048,0.0005,0.0005,0.0005,0.0005,0.0005,0.0005
rff64,direct_linear,71,0.6234995025188048,0.26138176619931963,0.6234995025188048,0.0005,0.0005,0.0005,0.0005,0.0005,0.0005
rff128,direct_linear,71,0.6234995025188048,0.2663015764884661,0.6234995025188048,0.0005,0.0005,0.0005,0.0005,0.0005,0.0005
ensemble4x32,direct_linear,71,0.6234995025188048,0.2437474274668891,0.6234995025188048,0.0005,0.0005,0.0005,0.0005,0.0005,0.0005
rff24,direct_linear,72,0.5697375227163587,0.1561441786119852,0.5697375227163587,0.0005,0.0005,0.0005,0.0005,0.0005,0.0005
rff64,direct_linear,72,0.5697375227163587,0.1996444096162155,0.5697375227163587,0.0005,0.0005,0.0005,0.0005,0.0005,0.0005
rff128,direct_linear,72,0.5697375227163587,0.20478164044879293,0.5697375227163587,0.0005,0.0005,0.0005,0.0005,0.0005,0.0005
ensemble4x32,direct_linear,72,0.5697375227163587,0.1895407856389039,0.5697375227163587,0.0005,0.0005,0.0005,0.0005,0.0005,0.0005
rff24,direct_linear,73,0.6241360459983633,0.1952085888907984,0.6241360459983633,0.0005,0.0005,0.0005,0.0005,0.0005,0.0005
rff64,direct_linear,73,0.6241360459983633,0.25921933440566103,0.6241360459983633,0.0005,0.0005,0.0005,0.0005,0.0005,0.0005
rff128,direct_linear,73,0.6241360459983633,0.2609858783082732,0.6241360459983633,0.0005,0.0005,0.0005,0.0005,0.0005,0.0005
ensemble4x32,direct_linear,73,0.6241360459983633,0.23429739876925754,0.6241360459983633,0.0005,0.0005,0.0005,0.0005,0.0005,0.0005
rff24,direct_linear,74,0.6090051353247836,0.1870687513028683,0.6090051353247836,0.0005,0.0005,0.0005,0.0005,0.0005,0.0005
rff64,direct_linear,74,0.6090051353247836,0.2549488799870912,0.6090051353247836,0.0005,0.0005,0.0005,0.0005,0.0005,0.0005
rff128,direct_linear,74,0.6090051353247836,0.25735348492760735,0.6090051353247836,0.0005,0.0005,0.0005,0.0005,0.0005,0.0005
ensemble4x32,direct_linear,74,0.6090051353247836,0.23099375683962298,0.6090051353247836,0.0005,0.0005,0.0005,0.0005,0.0005,0.0005
rff24,direct_linear,75,0.5845243194507688,0.18537573933691848,0.5845243194507688,0.0005,0.0005,0.0005,0.0005,0.0005,0.0005
rff64,direct_linear,75,0.5845243194507688,0.2243168929923944,0.5845243194507688,0.0005,0.0005,0.0005,0.0005,0.0005,0.0005
rff128,direct_linear,75,0.5845243194507688,0.22818889382892393,0.5845243194507688,0.0005,0.0005,0.0005,0.0005,0.0005,0.0005
ensemble4x32,direct_linear,75,0.5845243194507688,0.2079148465706977,0.5845243194507688,0.0005,0.0005,0.0005,0.0005,0.0005,0.0005
rff24,direct_linear,76,0.6889506270870858,0.2780065074721732,0.6889506270870858,0.0005,0.0005,0.0005,0.0005,0.0005,0.0005
rff64,direct_linear,76,0.6889506270870858,0.33186111746979347,0.6889506270870858,0.0005,0.0005,0.0005,0.0005,0.0005,0.0005
rff128,direct_linear,76,0.6889506270870858,0.33298133768924215,0.6889506270870858,0.0005,0.0005,0.0005,0.0005,0.0005,0.0005
ensemble4x32,direct_linear,76,0.6889506270870858,0.3105313302666704,0.6889506270870858,0.0005,0.0005,0.0005,0.0005,0.0005,0.0005
rff24,direct_linear,77,0.602532876083321,0.1868485471909023,0.602532876083321,0.0005,0.0005,0.0005,0.0005,0.0005,0.0005
rff64,direct_linear,77,0.602532876083321,0.23603304672962916,0.602532876083321,0.0005,0.0005,0.0005,0.0005,0.0005,0.0005
rff128,direct_linear,77,0.602532876083321,0.2445981462200618,0.602532876083321,0.0005,0.0005,0.0005,0.0005,0.0005,0.0005
ensemble4x32,direct_linear,77,0.602532876083321,0.2238646118763801,0.602532876083321,0.0005,0.0005,0.0005,0.0005,0.0005,0.0005
rff24,direct_linear,78,0.6604332321172851,0.24626747970400892,0.6604332321172851,0.0005,0.0005,0.0005,0.0005,0.0005,0.0005
rff64,direct_linear,78,0.6604332321172851,0.3059870807842047,0.6604332321172851,0.0005,0.0005,0.0005,0.0005,0.0005,0.0005
rff128,direct_linear,78,0.6604332321172851,0.31104150025416333,0.6604332321172851,0.0005,0.0005,0.0005,0.0005,0.0005,0.0005
ensemble4x32,direct_linear,78,0.6604332321172851,0.29026235572858095,0.6604332321172851,0.0005,0.0005,0.0005,0.0005,0.0005,0.0005
rff24,direct_linear,79,0.6283240259491263,0.22331631723739578,0.6283240259491263,0.0005,0.0005,0.0005,0.0005,0.0005,0.0005
rff64,direct_linear,79,0.6283240259491263,0.2748306384893436,0.6283240259491263,0.0005,0.0005,0.0005,0.0005,0.0005,0.0005
rff128,direct_linear,79,0.6283240259491263,0.27725886855961973,0.6283240259491263,0.0005,0.0005,0.0005,0.0005,0.0005,0.0005
ensemble4x32,direct_linear,79,0.6283240259491263,0.25550225039191976,0.6283240259491263,0.0005,0.0005,0.0005,0.0005,0.0005,0.0005
rff24,direct_linear,80,0.6403462005292165,0.22449740497038284,0.6403462005292165,0.0005,0.0005,0.0005,0.0005,0.0005,0.0005
rff64,direct_linear,80,0.6403462005292165,0.2670917191175543,0.6403462005292165,0.0005,0.0005,0.0005,0.0005,0.0005,0.0005
rff128,direct_linear,80,0.6403462005292165,0.2696418495410419,0.6403462005292165,0.0005,0.0005,0.0005,0.0005,0.0005,0.0005
ensemble4x32,direct_linear,80,0.6403462005292165,0.25322567283505243,0.6403462005292165,0.0005,0.0005,0.0005,0.0005,0.0005,0.0005
rff24,direct_linear,81,0.6203944969681964,0.20392756975273163,0.6203944969681964,0.0005,0.0005,0.0005,0.0005,0.0005,0.0005
rff64,direct_linear,81,0.6203944969681964,0.24320636296480128,0.6203944969681964,0.0005,0.0005,0.0005,0.0005,0.0005,0.0005
rff128,direct_linear,81,0.6203944969681964,0.2428114908666445,0.6203944969681964,0.0005,0.0005,0.0005,0.0005,0.0005,0.0005
ensemble4x32,direct_linear,81,0.6203944969681964,0.23020459177492733,0.6203944969681964,0.0005,0.0005,0.0005,0.0005,0.0005,0.0005
rff24,direct_linear,82,0.6331902904569533,0.22308708920869755,0.6331902904569533,0.0005,0.0005,0.0005,0.0005,0.0005,0.0005
rff64,direct_linear,82,0.6331902904569533,0.2768728609690956,0.6331902904569533,0.0005,0.0005,0.0005,0.0005,0.0005,0.0005
rff128,direct_linear,82,0.6331902904569533,0.2784467308901774,0.6331902904569533,0.0005,0.0005,0.0005,0.0005,0.0005,0.0005
ensemble4x32,direct_linear,82,0.6331902904569533,0.25519556655946596,0.6331902904569533,0.0005,0.0005,0.0005,0.0005,0.0005,0.0005
rff24,direct_linear,83,0.6345618938916594,0.2101293825561198,0.6345618938916594,0.0005,0.0005,0.0005,0.0005,0.0005,0.0005
rff64,direct_linear,83,0.6345618938916594,0.2718114749450934,0.6345618938916594,0.0005,0.0005,0.0005,0.0005,0.0005,0.0005
rff128,direct_linear,83,0.6345618938916594,0.2750744709887102,0.6345618938916594,0.0005,0.0005,0.0005,0.0005,0.0005,0.0005
ensemble4x32,direct_linear,83,0.6345618938916594,0.24831909307480696,0.6345618938916594,0.0005,0.0005,0.0005,0.0005,0.0005,0.0005
rff24,direct_linear,84,0.559813894466575,0.1525666197165372,0.559813894466575,0.0005,0.0005,0.0005,0.0005,0.0005,0.0005
rff64,direct_linear,84,0.559813894466575,0.2034681473423828,0.559813894466575,0.0005,0.0005,0.0005,0.0005,0.0005,0.0005
rff128,direct_linear,84,0.559813894466575,0.20323435742697657,0.559813894466575,0.0005,0.0005,0.0005,0.0005,0.0005,0.0005
ensemble4x32,direct_linear,84,0.559813894466575,0.1829716524586827,0.559813894466575,0.0005,0.0005,0.0005,0.0005,0.0005,0.0005
rff24,direct_linear,85,0.6119934493000139,0.1957074984600203,0.6119934493000139,0.0005,0.0005,0.0005,0.0005,0.0005,0.0005
rff64,direct_linear,85,0.6119934493000139,0.2470309650924496,0.6119934493000139,0.0005,0.0005,0.0005,0.0005,0.0005,0.0005
rff128,direct_linear,85,0.6119934493000139,0.24688716715224843,0.6119934493000139,0.0005,0.0005,0.0005,0.0005,0.0005,0.0005
ensemble4x32,direct_linear,85,0.6119934493000139,0.22724647170130005,0.6119934493000139,0.0005,0.0005,0.0005,0.0005,0.0005,0.0005
rff24,direct_linear,86,0.5868274224078434,0.2030499346006311,0.5868274224078434,0.0005,0.0005,0.0005,0.0005,0.0005,0.0005
rff64,direct_linear,86,0.5868274224078434,0.2556452203364957,0.5868274224078434,0.0005,0.0005,0.0005,0.0005,0.0005,0.0005
rff128,direct_linear,86,0.5868274224078434,0.2564452343787601,0.5868274224078434,0.0005,0.0005,0.0005,0.0005,0.0005,0.0005
ensemble4x32,direct_linear,86,0.5868274224078434,0.23354195401714312,0.5868274224078434,0.0005,0.0005,0.0005,0.0005,0.0005,0.0005
rff24,direct_linear,87,0.5645761144262823,0.15038735271974618,0.5645761144262823,0.0005,0.0005,0.0005,0.0005,0.0005,0.0005
rff64,direct_linear,87,0.5645761144262823,0.1856149663961974,0.5645761144262823,0.0005,0.0005,0.0005,0.0005,0.0005,0.0005
rff128,direct_linear,87,0.5645761144262823,0.18642038649752243,0.5645761144262823,0.0005,0.0005,0.0005,0.0005,0.0005,0.0005
ensemble4x32,direct_linear,87,0.5645761144262823,0.17673622334994618,0.5645761144262823,0.0005,0.0005,0.0005,0.0005,0.0005,0.0005
rff24,direct_linear,88,0.601420503667767,0.181336580776899,0.601420503667767,0.0005,0.0005,0.0005,0.0005,0.0005,0.0005
rff64,direct_linear,88,0.601420503667767,0.21214693230958928,0.601420503667767,0.0005,0.0005,0.0005,0.0005,0.0005,0.0005
rff128,direct_linear,88,0.601420503667767,0.21181632989042642,0.601420503667767,0.0005,0.0005,0.0005,0.0005,0.0005,0.0005
ensemble4x32,direct_linear,88,0.601420503667767,0.1992786864443866,0.601420503667767,0.0005,0.0005,0.0005,0.0005,0.0005,0.0005
rff24,direct_linear,89,0.5898597652626152,0.16368770895012638,0.5898597652626152,0.0005,0.0005,0.0005,0.0005,0.0005,0.0005
rff64,direct_linear,89,0.5898597652626152,0.2029795820804478,0.5898597652626152,0.0005,0.0005,0.0005,0.0005,0.0005,0.0005
rff128,direct_linear,89,0.5898597652626152,0.2024576354128708,0.5898597652626152,0.0005,0.0005,0.0005,0.0005,0.0005,0.0005
ensemble4x32,direct_linear,89,0.5898597652626152,0.1900171415790676,0.5898597652626152,0.0005,0.0005,0.0005,0.0005,0.0005,0.0005
rff24,direct_linear,90,0.5918677942609579,0.1613533207118818,0.5918677942609579,0.0005,0.0005,0.0005,0.0005,0.0005,0.0005
rff64,direct_linear,90,0.5918677942609579,0.217016499527634,0.5918677942609579,0.0005,0.0005,0.0005,0.0005,0.0005,0.0005
rff128,direct_linear,90,0.5918677942609579,0.21912599074308967,0.5918677942609579,0.0005,0.0005,0.0005,0.0005,0.0005,0.0005
ensemble4x32,direct_linear,90,0.5918677942609579,0.19866678690200149,0.5918677942609579,0.0005,0.0005,0.0005,0.0005,0.0005,0.0005
rff24,direct_linear,91,0.5715514651230121,0.15837629379481444,0.5715514651230121,0.0005,0.0005,0.0005,0.0005,0.0005,0.0005
rff64,direct_linear,91,0.5715514651230121,0.20119694073224267,0.5715514651230121,0.0005,0.0005,0.0005,0.0005,0.0005,0.0005
rff128,direct_linear,91,0.5715514651230121,0.2002431733332733,0.5715514651230121,0.0005,0.0005,0.0005,0.0005,0.0005,0.0005
ensemble4x32,direct_linear,91,0.5715514651230121,0.18325794672192358,0.5715514651230121,0.0005,0.0005,0.0005,0.0005,0.0005,0.0005
rff24,direct_linear,92,0.638626704738261,0.21467243488010282,0.638626704738261,0.0005,0.0005,0.0005,0.0005,0.0005,0.0005
rff64,direct_linear,92,0.638626704738261,0.26590532938580896,0.638626704738261,0.0005,0.0005,0.0005,0.0005,0.0005,0.0005
rff128,direct_linear,92,0.638626704738261,0.2663882872698779,0.638626704738261,0.0005,0.0005,0.0005,0.0005,0.0005,0.0005
ensemble4x32,direct_linear,92,0.638626704738261,0.24918102680431425,0.638626704738261,0.0005,0.0005,0.0005,0.0005,0.0005,0.0005
rff24,direct_linear,93,0.6407490886283177,0.21842758973952894,0.6407490886283177,0.0005,0.0005,0.0005,0.0005,0.0005,0.0005
rff64,direct_linear,93,0.6407490886283177,0.2732271022614713,0.6407490886283177,0.0005,0.0005,0.0005,0.0005,0.0005,0.0005
rff128,direct_linear,93,0.6407490886283177,0.284017216682717,0.6407490886283177,0.0005,0.0005,0.0005,0.0005,0.0005,0.0005
ensemble4x32,direct_linear,93,0.6407490886283177,0.25764144738479866,0.6407490886283177,0.0005,0.0005,0.0005,0.0005,0.0005,0.0005
rff24,direct_linear,94,0.6357860939290694,0.2204162169396065,0.6357860939290694,0.0005,0.0005,0.0005,0.0005,0.0005,0.0005
rff64,direct_linear,94,0.6357860939290694,0.27181788672796825,0.6357860939290694,0.0005,0.0005,0.0005,0.0005,0.0005,0.0005
rff128,direct_linear,94,0.6357860939290694,0.27329876433504985,0.6357860939290694,0.0005,0.0005,0.0005,0.0005,0.0005,0.0005
ensemble4x32,direct_linear,94,0.6357860939290694,0.25393982499014,0.6357860939290694,0.0005,0.0005,0.0005,0.0005,0.0005,0.0005
rff24,direct_linear,95,0.6086292380014435,0.21414997290307114,0.6086292380014435,0.0005,0.0005,0.0005,0.0005,0.0005,0.0005
rff64,direct_linear,95,0.6086292380014435,0.2597472175341711,0.6086292380014435,0.0005,0.0005,0.0005,0.0005,0.0005,0.0005
rff128,direct_linear,95,0.6086292380014435,0.2687284160888854,0.6086292380014435,0.0005,0.0005,0.0005,0.0005,0.0005,0.0005
ensemble4x32,direct_linear,95,0.6086292380014435,0.24707840634271427,0.6086292380014435,0.0005,0.0005,0.0005,0.0005,0.0005,0.0005
rff24,direct_linear,96,0.6418285042434564,0.23424373229637502,0.6418285042434564,0.0005,0.0005,0.0005,0.0005,0.0005,0.0005
rff64,direct_linear,96,0.6418285042434564,0.28627823307076516,0.6418285042434564,0.0005,0.0005,0.0005,0.0005,0.0005,0.0005
rff128,direct_linear,96,0.6418285042434564,0.2967042623577809,0.6418285042434564,0.0005,0.0005,0.0005,0.0005,0.0005,0.0005
ensemble4x32,direct_linear,96,0.6418285042434564,0.2717836738822841,0.6418285042434564,0.0005,0.0005,0.0005,0.0005,0.0005,0.0005
rff24,direct_linear,97,0.6087005284048109,0.19367795994145265,0.6087005284048109,0.0005,0.0005,0.0005,0.0005,0.0005,0.0005
rff64,direct_linear,97,0.6087005284048109,0.2358603649719334,0.6087005284048109,0.0005,0.0005,0.0005,0.0005,0.0005,0.0005
rff128,direct_linear,97,0.6087005284048109,0.2358383788910384,0.6087005284048109,0.0005,0.0005,0.0005,0.0005,0.0005,0.0005
ensemble4x32,direct_linear,97,0.6087005284048109,0.22086105481621332,0.6087005284048109,0.0005,0.0005,0.0005,0.0005,0.0005,0.0005
rff24,direct_linear,98,0.6321584622608556,0.21055941092696592,0.6321584622608556,0.0005,0.0005,0.0005,0.0005,0.0005,0.0005
rff64,direct_linear,98,0.6321584622608556,0.262493759131624,0.6321584622608556,0.0005,0.0005,0.0005,0.0005,0.0005,0.0005
rff128,direct_linear,98,0.6321584622608556,0.2640227377775341,0.6321584622608556,0.0005,0.0005,0.0005,0.0005,0.0005,0.0005
ensemble4x32,direct_linear,98,0.6321584622608556,0.24861585894628832,0.6321584622608556,0.0005,0.0005,0.0005,0.0005,0.0005,0.0005
rff24,direct_linear,99,0.6454233969571402,0.2171191444684166,0.6454233969571402,0.0005,0.0005,0.0005,0.0005,0.0005,0.0005
rff64,direct_linear,99,0.6454233969571402,0.27829314141378153,0.6454233969571402,0.0005,0.0005,0.0005,0.0005,0.0005,0.0005
rff128,direct_linear,99,0.6454233969571402,0.2830811254861739,0.6454233969571402,0.0005,0.0005,0.0005,0.0005,0.0005,0.0005
ensemble4x32,direct_linear,99,0.6454233969571402,0.25728855594353184,0.6454233969571402,0.0005,0.0005,0.0005,0.0005,0.0005,0.0005
rff24,direct_linear,100,0.6380783794148976,0.20733834937732304,0.6380783794148976,0.0005,0.0005,0.0005,0.0005,0.0005,0.0005
rff64,direct_linear,100,0.6380783794148976,0.23604787519222192,0.6380783794148976,0.0005,0.0005,0.0005,0.0005,0.0005,0.0005
rff128,direct_linear,100,0.6380783794148976,0.2398755228842441,0.6380783794148976,0.0005,0.0005,0.0005,0.0005,0.0005,0.0005
ensemble4x32,direct_linear,100,0.6380783794148976,0.22335062817569634,0.6380783794148976,0.0005,0.0005,0.0005,0.0005,0.0005,0.0005
